DATETIME,CARRY,CARRY_CONTRACT,PRICE,PRICE_CONTRACT,FORWARD,FORWARD_CONTRACT
2020-01-02 23:00:00,51.55575180053711,20991200,51.55575180053711,20991200,51.55575180053711,20991200
2020-01-03 23:00:00,51.732948303222656,20991200,51.732948303222656,20991200,51.732948303222656,20991200
2020-01-06 23:00:00,51.91014862060547,20991200,51.91014862060547,20991200,51.91014862060547,20991200
2020-01-07 23:00:00,51.98263168334961,20991200,51.98263168334961,20991200,51.98263168334961,20991200
2020-01-08 23:00:00,51.958457946777344,20991200,51.958457946777344,20991200,51.958457946777344,20991200
2020-01-09 23:00:00,52.03095626831055,20991200,52.03095626831055,20991200,52.03095626831055,20991200
2020-01-10 23:00:00,52.063175201416016,20991200,52.063175201416016,20991200,52.063175201416016,20991200
2020-01-13 23:00:00,52.103450775146484,20991200,52.103450775146484,20991200,52.103450775146484,20991200
2020-01-14 23:00:00,52.143714904785156,20991200,52.143714904785156,20991200,52.143714904785156,20991200
2020-01-15 23:00:00,52.151771545410156,20991200,52.151771545410156,20991200,52.151771545410156,20991200
2020-01-16 23:00:00,52.20009231567383,20991200,52.20009231567383,20991200,52.20009231567383,20991200
2020-01-17 23:00:00,52.192054748535156,20991200,52.192054748535156,20991200,52.192054748535156,20991200
2020-01-21 23:00:00,52.25649642944336,20991200,52.25649642944336,20991200,52.25649642944336,20991200
2020-01-22 23:00:00,52.27260208129883,20991200,52.27260208129883,20991200,52.27260208129883,20991200
2020-01-23 23:00:00,52.33704376220703,20991200,52.33704376220703,20991200,52.33704376220703,20991200
2020-01-24 23:00:00,52.41754913330078,20991200,52.41754913330078,20991200,52.41754913330078,20991200
2020-01-27 23:00:00,52.530338287353516,20991200,52.530338287353516,20991200,52.530338287353516,20991200
2020-01-28 23:00:00,52.56254196166992,20991200,52.56254196166992,20991200,52.56254196166992,20991200
2020-01-29 23:00:00,52.60279846191406,20991200,52.60279846191406,20991200,52.60279846191406,20991200
2020-01-30 23:00:00,52.594764709472656,20991200,52.594764709472656,20991200,52.594764709472656,20991200
2020-01-31 23:00:00,52.594764709472656,20991200,52.594764709472656,20991200,52.594764709472656,20991200
2020-02-03 23:00:00,52.704654693603516,20991200,52.704654693603516,20991200,52.704654693603516,20991200
2020-02-04 23:00:00,52.6076774597168,20991200,52.6076774597168,20991200,52.6076774597168,20991200
2020-02-05 23:00:00,52.55921936035156,20991200,52.55921936035156,20991200,52.55921936035156,20991200
2020-02-06 23:00:00,52.6076774597168,20991200,52.6076774597168,20991200,52.6076774597168,20991200
2020-02-07 23:00:00,52.68849563598633,20991200,52.68849563598633,20991200,52.68849563598633,20991200
2020-02-10 23:00:00,52.72888946533203,20991200,52.72888946533203,20991200,52.72888946533203,20991200
2020-02-11 23:00:00,52.720802307128906,20991200,52.720802307128906,20991200,52.720802307128906,20991200
2020-02-12 23:00:00,52.720802307128906,20991200,52.720802307128906,20991200,52.720802307128906,20991200
2020-02-13 23:00:00,52.75312805175781,20991200,52.75312805175781,20991200,52.75312805175781,20991200
2020-02-14 23:00:00,52.793521881103516,20991200,52.793521881103516,20991200,52.793521881103516,20991200
2020-02-18 23:00:00,52.874324798583984,20991200,52.874324798583984,20991200,52.874324798583984,20991200
2020-02-19 23:00:00,52.93088912963867,20991200,52.93088912963867,20991200,52.93088912963867,20991200
2020-02-20 23:00:00,53.01974868774414,20991200,53.01974868774414,20991200,53.01974868774414,20991200
2020-02-21 23:00:00,53.10865020751953,20991200,53.10865020751953,20991200,53.10865020751953,20991200
2020-02-24 23:00:00,53.22983932495117,20991200,53.22983932495117,20991200,53.22983932495117,20991200
2020-02-25 23:00:00,53.41569519042969,20991200,53.41569519042969,20991200,53.41569519042969,20991200
2020-02-26 23:00:00,53.43991470336914,20991200,53.43991470336914,20991200,53.43991470336914,20991200
2020-02-27 23:00:00,53.38335037231445,20991200,53.38335037231445,20991200,53.38335037231445,20991200
2020-02-28 23:00:00,53.01974868774414,20991200,53.01974868774414,20991200,53.01974868774414,20991200
2020-03-02 23:00:00,53.2645263671875,20991200,53.2645263671875,20991200,53.2645263671875,20991200
2020-03-03 23:00:00,53.19157791137695,20991200,53.19157791137695,20991200,53.19157791137695,20991200
2020-03-04 23:00:00,53.10243225097656,20991200,53.10243225097656,20991200,53.10243225097656,20991200
2020-03-05 23:00:00,53.215904235839844,20991200,53.215904235839844,20991200,53.215904235839844,20991200
2020-03-06 23:00:00,52.65665817260742,20991200,52.65665817260742,20991200,52.65665817260742,20991200
2020-03-09 23:00:00,49.97399139404297,20991200,49.97399139404297,20991200,49.97399139404297,20991200
2020-03-10 23:00:00,48.271976470947266,20991200,48.271976470947266,20991200,48.271976470947266,20991200
2020-03-11 23:00:00,47.16973876953125,20991200,47.16973876953125,20991200,47.16973876953125,20991200
2020-03-12 23:00:00,39.79439163208008,20991200,39.79439163208008,20991200,39.79439163208008,20991200
2020-03-13 23:00:00,43.35240173339844,20991200,43.35240173339844,20991200,43.35240173339844,20991200
2020-03-16 23:00:00,40.848018646240234,20991200,40.848018646240234,20991200,40.848018646240234,20991200
2020-03-17 23:00:00,42.104251861572266,20991200,42.104251861572266,20991200,42.104251861572266,20991200
2020-03-18 23:00:00,34.412841796875,20991200,34.412841796875,20991200,34.412841796875,20991200
2020-03-19 23:00:00,36.4714469909668,20991200,36.4714469909668,20991200,36.4714469909668,20991200
2020-03-20 23:00:00,37.679073333740234,20991200,37.679073333740234,20991200,37.679073333740234,20991200
2020-03-23 23:00:00,35.304359436035156,20991200,35.304359436035156,20991200,35.304359436035156,20991200
2020-03-24 23:00:00,40.74266815185547,20991200,40.74266815185547,20991200,40.74266815185547,20991200
2020-03-25 23:00:00,43.141666412353516,20991200,43.141666412353516,20991200,43.141666412353516,20991200
2020-03-26 23:00:00,46.39168167114258,20991200,46.39168167114258,20991200,46.39168167114258,20991200
2020-03-27 23:00:00,44.58432388305664,20991200,44.58432388305664,20991200,44.58432388305664,20991200
2020-03-30 23:00:00,44.80314254760742,20991200,44.80314254760742,20991200,44.80314254760742,20991200
2020-03-31 23:00:00,42.35551071166992,20991200,42.35551071166992,20991200,42.35551071166992,20991200
2020-04-01 23:00:00,41.330387115478516,20991200,41.330387115478516,20991200,41.330387115478516,20991200
2020-04-02 23:00:00,43.15426254272461,20991200,43.15426254272461,20991200,43.15426254272461,20991200
2020-04-03 23:00:00,43.479957580566406,20991200,43.479957580566406,20991200,43.479957580566406,20991200
2020-04-06 23:00:00,43.235694885253906,20991200,43.235694885253906,20991200,43.235694885253906,20991200
2020-04-07 23:00:00,43.83823013305664,20991200,43.83823013305664,20991200,43.83823013305664,20991200
2020-04-08 23:00:00,44.172054290771484,20991200,44.172054290771484,20991200,44.172054290771484,20991200
2020-04-09 23:00:00,46.403045654296875,20991200,46.403045654296875,20991200,46.403045654296875,20991200
2020-04-13 23:00:00,44.880462646484375,20991200,44.880462646484375,20991200,44.880462646484375,20991200
2020-04-14 23:00:00,44.6524658203125,20991200,44.6524658203125,20991200,44.6524658203125,20991200
2020-04-15 23:00:00,45.43410110473633,20991200,45.43410110473633,20991200,45.43410110473633,20991200
2020-04-16 23:00:00,44.294189453125,20991200,44.294189453125,20991200,44.294189453125,20991200
2020-04-17 23:00:00,44.5710334777832,20991200,44.5710334777832,20991200,44.5710334777832,20991200
2020-04-20 23:00:00,44.42445755004883,20991200,44.42445755004883,20991200,44.42445755004883,20991200
2020-04-21 23:00:00,44.50590133666992,20991200,44.50590133666992,20991200,44.50590133666992,20991200
2020-04-22 23:00:00,44.6524658203125,20991200,44.6524658203125,20991200,44.6524658203125,20991200
2020-04-23 23:00:00,44.2127685546875,20991200,44.2127685546875,20991200,44.2127685546875,20991200
2020-04-24 23:00:00,44.30234146118164,20991200,44.30234146118164,20991200,44.30234146118164,20991200
2020-04-27 23:00:00,44.37561798095703,20991200,44.37561798095703,20991200,44.37561798095703,20991200
2020-04-28 23:00:00,43.63465881347656,20991200,43.63465881347656,20991200,43.63465881347656,20991200
2020-04-29 23:00:00,43.903358459472656,20991200,43.903358459472656,20991200,43.903358459472656,20991200
2020-04-30 23:00:00,44.57917785644531,20991200,44.57917785644531,20991200,44.57917785644531,20991200
2020-05-01 23:00:00,44.40507507324219,20991200,44.40507507324219,20991200,44.40507507324219,20991200
2020-05-04 23:00:00,44.838253021240234,20991200,44.838253021240234,20991200,44.838253021240234,20991200
2020-05-05 23:00:00,44.617576599121094,20991200,44.617576599121094,20991200,44.617576599121094,20991200
2020-05-06 23:00:00,44.4622917175293,20991200,44.4622917175293,20991200,44.4622917175293,20991200
2020-05-07 23:00:00,45.23058319091797,20991200,45.23058319091797,20991200,45.23058319091797,20991200
2020-05-08 23:00:00,44.879119873046875,20991200,44.879119873046875,20991200,44.879119873046875,20991200
2020-05-11 23:00:00,45.50029754638672,20991200,45.50029754638672,20991200,45.50029754638672,20991200
2020-05-12 23:00:00,45.73732376098633,20991200,45.73732376098633,20991200,45.73732376098633,20991200
2020-05-13 23:00:00,45.492122650146484,20991200,45.492122650146484,20991200,45.492122650146484,20991200
2020-05-14 23:00:00,45.459449768066406,20991200,45.459449768066406,20991200,45.459449768066406,20991200
2020-05-15 23:00:00,45.9498291015625,20991200,45.9498291015625,20991200,45.9498291015625,20991200
2020-05-18 23:00:00,45.770015716552734,20991200,45.770015716552734,20991200,45.770015716552734,20991200
2020-05-19 23:00:00,46.301292419433594,20991200,46.301292419433594,20991200,46.301292419433594,20991200
2020-05-20 23:00:00,46.39935302734375,20991200,46.39935302734375,20991200,46.39935302734375,20991200
2020-05-21 23:00:00,46.55464172363281,20991200,46.55464172363281,20991200,46.55464172363281,20991200
2020-05-22 23:00:00,46.669063568115234,20991200,46.669063568115234,20991200,46.669063568115234,20991200
2020-05-26 23:00:00,46.709922790527344,20991200,46.709922790527344,20991200,46.709922790527344,20991200
2020-05-27 23:00:00,46.8570671081543,20991200,46.8570671081543,20991200,46.8570671081543,20991200
2020-05-28 23:00:00,46.92244338989258,20991200,46.92244338989258,20991200,46.92244338989258,20991200
2020-05-29 23:00:00,47.22484588623047,20991200,47.22484588623047,20991200,47.22484588623047,20991200
2020-06-01 23:00:00,47.330684661865234,20991200,47.330684661865234,20991200,47.330684661865234,20991200
2020-06-02 23:00:00,47.2568473815918,20991200,47.2568473815918,20991200,47.2568473815918,20991200
2020-06-03 23:00:00,47.42913055419922,20991200,47.42913055419922,20991200,47.42913055419922,20991200
2020-06-04 23:00:00,47.79832458496094,20991200,47.79832458496094,20991200,47.79832458496094,20991200
2020-06-05 23:00:00,48.2741813659668,20991200,48.2741813659668,20991200,48.2741813659668,20991200
2020-06-08 23:00:00,48.29878234863281,20991200,48.29878234863281,20991200,48.29878234863281,20991200
2020-06-09 23:00:00,48.22496032714844,20991200,48.22496032714844,20991200,48.22496032714844,20991200
2020-06-10 23:00:00,48.430084228515625,20991200,48.430084228515625,20991200,48.430084228515625,20991200
2020-06-11 23:00:00,48.04446792602539,20991200,48.04446792602539,20991200,48.04446792602539,20991200
2020-06-12 23:00:00,48.12650680541992,20991200,48.12650680541992,20991200,48.12650680541992,20991200
2020-06-15 23:00:00,47.83935546875,20991200,47.83935546875,20991200,47.83935546875,20991200
2020-06-16 23:00:00,48.01164245605469,20991200,48.01164245605469,20991200,48.01164245605469,20991200
2020-06-17 23:00:00,47.75730514526367,20991200,47.75730514526367,20991200,47.75730514526367,20991200
2020-06-18 23:00:00,47.658851623535156,20991200,47.658851623535156,20991200,47.658851623535156,20991200
2020-06-19 23:00:00,47.72449493408203,20991200,47.72449493408203,20991200,47.72449493408203,20991200
2020-06-22 23:00:00,48.339813232421875,20991200,48.339813232421875,20991200,48.339813232421875,20991200
2020-06-23 23:00:00,48.37262725830078,20991200,48.37262725830078,20991200,48.37262725830078,20991200
2020-06-24 23:00:00,48.36442184448242,20991200,48.36442184448242,20991200,48.36442184448242,20991200
2020-06-25 23:00:00,48.348018646240234,20991200,48.348018646240234,20991200,48.348018646240234,20991200
2020-06-26 23:00:00,48.47928237915039,20991200,48.47928237915039,20991200,48.47928237915039,20991200
2020-06-29 23:00:00,48.53672790527344,20991200,48.53672790527344,20991200,48.53672790527344,20991200
2020-06-30 23:00:00,48.635154724121094,20991200,48.635154724121094,20991200,48.635154724121094,20991200
2020-07-01 23:00:00,48.64175033569336,20991200,48.64175033569336,20991200,48.64175033569336,20991200
2020-07-02 23:00:00,48.64999008178711,20991200,48.64999008178711,20991200,48.64999008178711,20991200
2020-07-06 23:00:00,48.674678802490234,20991200,48.674678802490234,20991200,48.674678802490234,20991200
2020-07-07 23:00:00,48.65821075439453,20991200,48.65821075439453,20991200,48.65821075439453,20991200
2020-07-08 23:00:00,48.66644287109375,20991200,48.66644287109375,20991200,48.66644287109375,20991200
2020-07-09 23:00:00,48.69938278198242,20991200,48.69938278198242,20991200,48.69938278198242,20991200
2020-07-10 23:00:00,48.60060119628906,20991200,48.60060119628906,20991200,48.60060119628906,20991200
2020-07-13 23:00:00,48.56768035888672,20991200,48.56768035888672,20991200,48.56768035888672,20991200
2020-07-14 23:00:00,48.64999008178711,20991200,48.64999008178711,20991200,48.64999008178711,20991200
2020-07-15 23:00:00,48.72407150268555,20991200,48.72407150268555,20991200,48.72407150268555,20991200
2020-07-16 23:00:00,48.88864517211914,20991200,48.88864517211914,20991200,48.88864517211914,20991200
2020-07-17 23:00:00,49.04502868652344,20991200,49.04502868652344,20991200,49.04502868652344,20991200
2020-07-20 23:00:00,49.17672348022461,20991200,49.17672348022461,20991200,49.17672348022461,20991200
2020-07-21 23:00:00,49.37427520751953,20991200,49.37427520751953,20991200,49.37427520751953,20991200
2020-07-22 23:00:00,49.46480941772461,20991200,49.46480941772461,20991200,49.46480941772461,20991200
2020-07-23 23:00:00,49.52241134643555,20991200,49.52241134643555,20991200,49.52241134643555,20991200
2020-07-24 23:00:00,49.547096252441406,20991200,49.547096252441406,20991200,49.547096252441406,20991200
2020-07-27 23:00:00,49.571800231933594,20991200,49.571800231933594,20991200,49.571800231933594,20991200
2020-07-28 23:00:00,49.65408706665039,20991200,49.65408706665039,20991200,49.65408706665039,20991200
2020-07-29 23:00:00,49.687015533447266,20991200,49.687015533447266,20991200,49.687015533447266,20991200
2020-07-30 23:00:00,49.76932907104492,20991200,49.76932907104492,20991200,49.76932907104492,20991200
2020-07-31 23:00:00,49.80223846435547,20991200,49.80223846435547,20991200,49.80223846435547,20991200
2020-08-03 23:00:00,49.82041549682617,20991200,49.82041549682617,20991200,49.82041549682617,20991200
2020-08-04 23:00:00,49.96075439453125,20991200,49.96075439453125,20991200,49.96075439453125,20991200
2020-08-05 23:00:00,49.87820816040039,20991200,49.87820816040039,20991200,49.87820816040039,20991200
2020-08-06 23:00:00,49.9525146484375,20991200,49.9525146484375,20991200,49.9525146484375,20991200
2020-08-07 23:00:00,50.05986404418945,20991200,50.05986404418945,20991200,50.05986404418945,20991200
2020-08-10 23:00:00,50.07636260986328,20991200,50.07636260986328,20991200,50.07636260986328,20991200
2020-08-11 23:00:00,50.043338775634766,20991200,50.043338775634766,20991200,50.043338775634766,20991200
2020-08-12 23:00:00,49.86168670654297,20991200,49.86168670654297,20991200,49.86168670654297,20991200
2020-08-13 23:00:00,49.9029655456543,20991200,49.9029655456543,20991200,49.9029655456543,20991200
2020-08-14 23:00:00,49.93599319458008,20991200,49.93599319458008,20991200,49.93599319458008,20991200
2020-08-17 23:00:00,49.91947555541992,20991200,49.91947555541992,20991200,49.91947555541992,20991200
2020-08-18 23:00:00,49.91123962402344,20991200,49.91123962402344,20991200,49.91123962402344,20991200
2020-08-19 23:00:00,49.7956428527832,20991200,49.7956428527832,20991200,49.7956428527832,20991200
2020-08-20 23:00:00,49.63876724243164,20991200,49.63876724243164,20991200,49.63876724243164,20991200
2020-08-21 23:00:00,49.48188400268555,20991200,49.48188400268555,20991200,49.48188400268555,20991200
2020-08-24 23:00:00,49.5396842956543,20991200,49.5396842956543,20991200,49.5396842956543,20991200
2020-08-25 23:00:00,49.68004608154297,20991200,49.68004608154297,20991200,49.68004608154297,20991200
2020-08-26 23:00:00,49.589229583740234,20991200,49.589229583740234,20991200,49.589229583740234,20991200
2020-08-27 23:00:00,49.55619430541992,20991200,49.55619430541992,20991200,49.55619430541992,20991200
2020-08-28 23:00:00,49.6140022277832,20991200,49.6140022277832,20991200,49.6140022277832,20991200
2020-08-31 23:00:00,49.68830490112305,20991200,49.68830490112305,20991200,49.68830490112305,20991200
2020-09-01 23:00:00,49.59965133666992,20991200,49.59965133666992,20991200,49.59965133666992,20991200
2020-09-02 23:00:00,49.6162223815918,20991200,49.6162223815918,20991200,49.6162223815918,20991200
2020-09-03 23:00:00,49.6245002746582,20991200,49.6245002746582,20991200,49.6245002746582,20991200
2020-09-04 23:00:00,49.46708297729492,20991200,49.46708297729492,20991200,49.46708297729492,20991200
2020-09-08 23:00:00,49.392494201660156,20991200,49.392494201660156,20991200,49.392494201660156,20991200
2020-09-09 23:00:00,49.45050048828125,20991200,49.45050048828125,20991200,49.45050048828125,20991200
2020-09-10 23:00:00,49.45050048828125,20991200,49.45050048828125,20991200,49.45050048828125,20991200
2020-09-11 23:00:00,49.31792449951172,20991200,49.31792449951172,20991200,49.31792449951172,20991200
2020-09-14 23:00:00,49.417335510253906,20991200,49.417335510253906,20991200,49.417335510253906,20991200
2020-09-15 23:00:00,49.500221252441406,20991200,49.500221252441406,20991200,49.500221252441406,20991200
2020-09-16 23:00:00,49.30134963989258,20991200,49.30134963989258,20991200,49.30134963989258,20991200
2020-09-17 23:00:00,49.392494201660156,20991200,49.392494201660156,20991200,49.392494201660156,20991200
2020-09-18 23:00:00,49.47534942626953,20991200,49.47534942626953,20991200,49.47534942626953,20991200
2020-09-21 23:00:00,49.35935592651367,20991200,49.35935592651367,20991200,49.35935592651367,20991200
2020-09-22 23:00:00,49.47534942626953,20991200,49.47534942626953,20991200,49.47534942626953,20991200
2020-09-23 23:00:00,49.392494201660156,20991200,49.392494201660156,20991200,49.392494201660156,20991200
2020-09-24 23:00:00,49.4090690612793,20991200,49.4090690612793,20991200,49.4090690612793,20991200
2020-09-25 23:00:00,49.4090690612793,20991200,49.4090690612793,20991200,49.4090690612793,20991200
2020-09-28 23:00:00,49.458778381347656,20991200,49.458778381347656,20991200,49.458778381347656,20991200
2020-09-29 23:00:00,49.47534942626953,20991200,49.47534942626953,20991200,49.47534942626953,20991200
2020-09-30 23:00:00,49.549922943115234,20991200,49.549922943115234,20991200,49.549922943115234,20991200
2020-10-01 23:00:00,49.68212890625,20991200,49.68212890625,20991200,49.68212890625,20991200
2020-10-02 23:00:00,49.55740737915039,20991200,49.55740737915039,20991200,49.55740737915039,20991200
2020-10-05 23:00:00,49.41604995727539,20991200,49.41604995727539,20991200,49.41604995727539,20991200
2020-10-06 23:00:00,49.47425842285156,20991200,49.47425842285156,20991200,49.47425842285156,20991200
2020-10-07 23:00:00,49.407745361328125,20991200,49.407745361328125,20991200,49.407745361328125,20991200
2020-10-08 23:00:00,49.41604995727539,20991200,49.41604995727539,20991200,49.41604995727539,20991200
2020-10-09 23:00:00,49.49089813232422,20991200,49.49089813232422,20991200,49.49089813232422,20991200
2020-10-12 23:00:00,49.49089813232422,20991200,49.49089813232422,20991200,49.49089813232422,20991200
2020-10-13 23:00:00,49.59066390991211,20991200,49.59066390991211,20991200,49.59066390991211,20991200
2020-10-14 23:00:00,49.598976135253906,20991200,49.598976135253906,20991200,49.598976135253906,20991200
2020-10-15 23:00:00,49.59066390991211,20991200,49.59066390991211,20991200,49.59066390991211,20991200
2020-10-16 23:00:00,49.59066390991211,20991200,49.59066390991211,20991200,49.59066390991211,20991200
2020-10-19 23:00:00,49.532474517822266,20991200,49.532474517822266,20991200,49.532474517822266,20991200
2020-10-20 23:00:00,49.59066390991211,20991200,49.59066390991211,20991200,49.59066390991211,20991200
2020-10-21 23:00:00,49.607303619384766,20991200,49.607303619384766,20991200,49.607303619384766,20991200
2020-10-22 23:00:00,49.607303619384766,20991200,49.607303619384766,20991200,49.607303619384766,20991200
2020-10-23 23:00:00,49.54078674316406,20991200,49.54078674316406,20991200,49.54078674316406,20991200
2020-10-26 23:00:00,49.61561965942383,20991200,49.61561965942383,20991200,49.61561965942383,20991200
2020-10-27 23:00:00,49.58237075805664,20991200,49.58237075805664,20991200,49.58237075805664,20991200
2020-10-28 23:00:00,49.515830993652344,20991200,49.515830993652344,20991200,49.515830993652344,20991200
2020-10-29 23:00:00,49.47425842285156,20991200,49.47425842285156,20991200,49.47425842285156,20991200
2020-10-30 23:00:00,49.43268585205078,20991200,49.43268585205078,20991200,49.43268585205078,20991200
2020-11-02 23:00:00,49.489410400390625,20991200,49.489410400390625,20991200,49.489410400390625,20991200
2020-11-03 23:00:00,49.58118438720703,20991200,49.58118438720703,20991200,49.58118438720703,20991200
2020-11-04 23:00:00,49.98998260498047,20991200,49.98998260498047,20991200,49.98998260498047,20991200
2020-11-05 23:00:00,49.78142547607422,20991200,49.78142547607422,20991200,49.78142547607422,20991200
2020-11-06 23:00:00,49.798099517822266,20991200,49.798099517822266,20991200,49.798099517822266,20991200
2020-11-09 23:00:00,49.95661544799805,20991200,49.95661544799805,20991200,49.95661544799805,20991200
2020-11-10 23:00:00,49.98998260498047,20991200,49.98998260498047,20991200,49.98998260498047,20991200
2020-11-11 23:00:00,50.048377990722656,20991200,50.048377990722656,20991200,50.048377990722656,20991200
2020-11-12 23:00:00,50.048377990722656,20991200,50.048377990722656,20991200,50.048377990722656,20991200
2020-11-13 23:00:00,50.106788635253906,20991200,50.106788635253906,20991200,50.106788635253906,20991200
2020-11-16 23:00:00,50.09843444824219,20991200,50.09843444824219,20991200,50.09843444824219,20991200
2020-11-17 23:00:00,50.231937408447266,20991200,50.231937408447266,20991200,50.231937408447266,20991200
2020-11-18 23:00:00,50.30699157714844,20991200,50.30699157714844,20991200,50.30699157714844,20991200
2020-11-19 23:00:00,50.54893493652344,20991200,50.54893493652344,20991200,50.54893493652344,20991200
2020-11-20 23:00:00,50.565635681152344,20991200,50.565635681152344,20991200,50.565635681152344,20991200
2020-11-23 23:00:00,50.632381439208984,20991200,50.632381439208984,20991200,50.632381439208984,20991200
2020-11-24 23:00:00,50.65739822387695,20991200,50.65739822387695,20991200,50.65739822387695,20991200
2020-11-25 23:00:00,50.72414016723633,20991200,50.72414016723633,20991200,50.72414016723633,20991200
2020-11-27 23:00:00,50.77421951293945,20991200,50.77421951293945,20991200,50.77421951293945,20991200
2020-11-30 23:00:00,50.80756378173828,20991200,50.80756378173828,20991200,50.80756378173828,20991200
2020-12-01 23:00:00,50.738121032714844,20991200,50.738121032714844,20991200,50.738121032714844,20991200
2020-12-02 23:00:00,50.788330078125,20991200,50.788330078125,20991200,50.788330078125,20991200
2020-12-03 23:00:00,50.972434997558594,20991200,50.972434997558594,20991200,50.972434997558594,20991200
2020-12-04 23:00:00,51.11469268798828,20991200,51.11469268798828,20991200,51.11469268798828,20991200
2020-12-07 23:00:00,51.24022674560547,20991200,51.24022674560547,20991200,51.24022674560547,20991200
2020-12-08 23:00:00,51.298797607421875,20991200,51.298797607421875,20991200,51.298797607421875,20991200
2020-12-09 23:00:00,51.3155403137207,20991200,51.3155403137207,20991200,51.3155403137207,20991200
2020-12-10 23:00:00,51.36575698852539,20991200,51.36575698852539,20991200,51.36575698852539,20991200
2020-12-11 23:00:00,51.42435073852539,20991200,51.42435073852539,20991200,51.42435073852539,20991200
2020-12-14 23:00:00,51.466182708740234,20991200,51.466182708740234,20991200,51.466182708740234,20991200
2020-12-15 23:00:00,51.549861907958984,20991200,51.549861907958984,20991200,51.549861907958984,20991200
2020-12-16 23:00:00,51.50800704956055,20991200,51.50800704956055,20991200,51.50800704956055,20991200
2020-12-17 23:00:00,51.48291015625,20991200,51.48291015625,20991200,51.48291015625,20991200
2020-12-18 23:00:00,51.60007858276367,20991200,51.60007858276367,20991200,51.60007858276367,20991200
2020-12-21 23:00:00,51.625179290771484,20991200,51.625179290771484,20991200,51.625179290771484,20991200
2020-12-22 23:00:00,51.57498550415039,20991200,51.57498550415039,20991200,51.57498550415039,20991200
2020-12-23 23:00:00,51.52473831176758,20991200,51.52473831176758,20991200,51.52473831176758,20991200
2020-12-24 23:00:00,51.50800704956055,20991200,51.50800704956055,20991200,51.50800704956055,20991200
2020-12-28 23:00:00,51.58332443237305,20991200,51.58332443237305,20991200,51.58332443237305,20991200
2020-12-29 23:00:00,51.60600662231445,20991200,51.60600662231445,20991200,51.60600662231445,20991200
2020-12-30 23:00:00,51.56401443481445,20991200,51.56401443481445,20991200,51.56401443481445,20991200
2020-12-31 23:00:00,51.67317199707031,20991200,51.67317199707031,20991200,51.67317199707031,20991200
2021-01-04 23:00:00,51.52204513549805,20991200,51.52204513549805,20991200,51.52204513549805,20991200
2021-01-05 23:00:00,51.66478729248047,20991200,51.66478729248047,20991200,51.66478729248047,20991200
2021-01-06 23:00:00,52.0090446472168,20991200,52.0090446472168,20991200,52.0090446472168,20991200
2021-01-07 23:00:00,52.07621383666992,20991200,52.07621383666992,20991200,52.07621383666992,20991200
2021-01-08 23:00:00,52.051025390625,20991200,52.051025390625,20991200,52.051025390625,20991200
2021-01-11 23:00:00,51.983863830566406,20991200,51.983863830566406,20991200,51.983863830566406,20991200
2021-01-12 23:00:00,52.134986877441406,20991200,52.134986877441406,20991200,52.134986877441406,20991200
2021-01-13 23:00:00,52.160179138183594,20991200,52.160179138183594,20991200,52.160179138183594,20991200
2021-01-14 23:00:00,52.2105598449707,20991200,52.2105598449707,20991200,52.2105598449707,20991200
2021-01-15 23:00:00,52.202171325683594,20991200,52.202171325683594,20991200,52.202171325683594,20991200
2021-01-19 23:00:00,52.28614044189453,20991200,52.28614044189453,20991200,52.28614044189453,20991200
2021-01-20 23:00:00,52.353302001953125,20991200,52.353302001953125,20991200,52.353302001953125,20991200
2021-01-21 23:00:00,52.38690185546875,20991200,52.38690185546875,20991200,52.38690185546875,20991200
2021-01-22 23:00:00,52.445674896240234,20991200,52.445674896240234,20991200,52.445674896240234,20991200
2021-01-25 23:00:00,52.50444412231445,20991200,52.50444412231445,20991200,52.50444412231445,20991200
2021-01-26 23:00:00,52.54642105102539,20991200,52.54642105102539,20991200,52.54642105102539,20991200
2021-01-27 23:00:00,52.58000183105469,20991200,52.58000183105469,20991200,52.58000183105469,20991200
2021-01-28 23:00:00,52.61361312866211,20991200,52.61361312866211,20991200,52.61361312866211,20991200
2021-01-29 23:00:00,52.73115921020508,20991200,52.73115921020508,20991200,52.73115921020508,20991200
2021-02-01 23:00:00,52.74462127685547,20991200,52.74462127685547,20991200,52.74462127685547,20991200
2021-02-02 23:00:00,52.76149368286133,20991200,52.76149368286133,20991200,52.76149368286133,20991200
2021-02-03 23:00:00,52.69409942626953,20991200,52.69409942626953,20991200,52.69409942626953,20991200
2021-02-04 23:00:00,52.81201934814453,20991200,52.81201934814453,20991200,52.81201934814453,20991200
2021-02-05 23:00:00,52.803592681884766,20991200,52.803592681884766,20991200,52.803592681884766,20991200
2021-02-08 23:00:00,52.94679641723633,20991200,52.94679641723633,20991200,52.94679641723633,20991200
2021-02-09 23:00:00,52.9973258972168,20991200,52.9973258972168,20991200,52.9973258972168,20991200
2021-02-10 23:00:00,53.01416778564453,20991200,53.01416778564453,20991200,53.01416778564453,20991200
2021-02-11 23:00:00,53.03103256225586,20991200,53.03103256225586,20991200,53.03103256225586,20991200
2021-02-12 23:00:00,52.9973258972168,20991200,52.9973258972168,20991200,52.9973258972168,20991200
2021-02-16 23:00:00,52.72780227661133,20991200,52.72780227661133,20991200,52.72780227661133,20991200
2021-02-17 23:00:00,52.84572219848633,20991200,52.84572219848633,20991200,52.84572219848633,20991200
2021-02-18 23:00:00,52.65199279785156,20991200,52.65199279785156,20991200,52.65199279785156,20991200
2021-02-19 23:00:00,52.42456817626953,20991200,52.42456817626953,20991200,52.42456817626953,20991200
2021-02-22 23:00:00,51.868648529052734,20991200,51.868648529052734,20991200,51.868648529052734,20991200
2021-02-23 23:00:00,52.08763885498047,20991200,52.08763885498047,20991200,52.08763885498047,20991200
2021-02-24 23:00:00,51.7423210144043,20991200,51.7423210144043,20991200,51.7423210144043,20991200
2021-02-25 23:00:00,51.784423828125,20991200,51.784423828125,20991200,51.784423828125,20991200
2021-02-26 23:00:00,51.85179901123047,20991200,51.85179901123047,20991200,51.85179901123047,20991200
2021-03-01 23:00:00,51.90416717529297,20991200,51.90416717529297,20991200,51.90416717529297,20991200
2021-03-02 23:00:00,51.912628173828125,20991200,51.912628173828125,20991200,51.912628173828125,20991200
2021-03-03 23:00:00,51.99710464477539,20991200,51.99710464477539,20991200,51.99710464477539,20991200
2021-03-04 23:00:00,51.93797302246094,20991200,51.93797302246094,20991200,51.93797302246094,20991200
2021-03-05 23:00:00,52.05624008178711,20991200,52.05624008178711,20991200,52.05624008178711,20991200
2021-03-08 23:00:00,52.01399230957031,20991200,52.01399230957031,20991200,52.01399230957031,20991200
2021-03-09 23:00:00,52.18296813964844,20991200,52.18296813964844,20991200,52.18296813964844,20991200
2021-03-10 23:00:00,52.40260314941406,20991200,52.40260314941406,20991200,52.40260314941406,20991200
2021-03-11 23:00:00,52.41950225830078,20991200,52.41950225830078,20991200,52.41950225830078,20991200
2021-03-12 23:00:00,52.3181266784668,20991200,52.3181266784668,20991200,52.3181266784668,20991200
2021-03-15 23:00:00,52.32658004760742,20991200,52.32658004760742,20991200,52.32658004760742,20991200
2021-03-16 23:00:00,52.30124282836914,20991200,52.30124282836914,20991200,52.30124282836914,20991200
2021-03-17 23:00:00,52.2843132019043,20991200,52.2843132019043,20991200,52.2843132019043,20991200
2021-03-18 23:00:00,51.92952346801758,20991200,51.92952346801758,20991200,51.92952346801758,20991200
2021-03-19 23:00:00,52.030906677246094,20991200,52.030906677246094,20991200,52.030906677246094,20991200
2021-03-22 23:00:00,52.064693450927734,20991200,52.064693450927734,20991200,52.064693450927734,20991200
2021-03-23 23:00:00,52.106929779052734,20991200,52.106929779052734,20991200,52.106929779052734,20991200
2021-03-24 23:00:00,52.33502960205078,20991200,52.33502960205078,20991200,52.33502960205078,20991200
2021-03-25 23:00:00,52.30124282836914,20991200,52.30124282836914,20991200,52.30124282836914,20991200
2021-03-26 23:00:00,52.3181266784668,20991200,52.3181266784668,20991200,52.3181266784668,20991200
2021-03-29 23:00:00,52.309688568115234,20991200,52.309688568115234,20991200,52.309688568115234,20991200
2021-03-30 23:00:00,52.411048889160156,20991200,52.411048889160156,20991200,52.411048889160156,20991200
2021-03-31 23:00:00,52.50398635864258,20991200,52.50398635864258,20991200,52.50398635864258,20991200
2021-04-01 23:00:00,52.54127883911133,20991200,52.54127883911133,20991200,52.54127883911133,20991200
2021-04-05 23:00:00,52.45652389526367,20991200,52.45652389526367,20991200,52.45652389526367,20991200
2021-04-06 23:00:00,52.41415023803711,20991200,52.41415023803711,20991200,52.41415023803711,20991200
2021-04-07 23:00:00,52.49041748046875,20991200,52.49041748046875,20991200,52.49041748046875,20991200
2021-04-08 23:00:00,52.67685317993164,20991200,52.67685317993164,20991200,52.67685317993164,20991200
2021-04-09 23:00:00,52.668373107910156,20991200,52.668373107910156,20991200,52.668373107910156,20991200
2021-04-12 23:00:00,52.668373107910156,20991200,52.668373107910156,20991200,52.668373107910156,20991200
2021-04-13 23:00:00,52.803977966308594,20991200,52.803977966308594,20991200,52.803977966308594,20991200
2021-04-14 23:00:00,52.77007293701172,20991200,52.77007293701172,20991200,52.77007293701172,20991200
2021-04-15 23:00:00,52.99041748046875,20991200,52.99041748046875,20991200,52.99041748046875,20991200
2021-04-16 23:00:00,52.98193359375,20991200,52.98193359375,20991200,52.98193359375,20991200
2021-04-19 23:00:00,52.888736724853516,20991200,52.888736724853516,20991200,52.888736724853516,20991200
2021-04-20 23:00:00,52.83787536621094,20991200,52.83787536621094,20991200,52.83787536621094,20991200
2021-04-21 23:00:00,52.9395751953125,20991200,52.9395751953125,20991200,52.9395751953125,20991200
2021-04-22 23:00:00,53.10904312133789,20991200,53.10904312133789,20991200,53.10904312133789,20991200
2021-04-23 23:00:00,53.092098236083984,20991200,53.092098236083984,20991200,53.092098236083984,20991200
2021-04-26 23:00:00,53.07516098022461,20991200,53.07516098022461,20991200,53.07516098022461,20991200
2021-04-27 23:00:00,53.07516098022461,20991200,53.07516098022461,20991200,53.07516098022461,20991200
2021-04-28 23:00:00,53.06668472290039,20991200,53.06668472290039,20991200,53.06668472290039,20991200
2021-04-29 23:00:00,52.99041748046875,20991200,52.99041748046875,20991200,52.99041748046875,20991200
2021-04-30 23:00:00,53.117530822753906,20991200,53.117530822753906,20991200,53.117530822753906,20991200
2021-05-03 23:00:00,53.06992721557617,20991200,53.06992721557617,20991200,53.06992721557617,20991200
2021-05-04 23:00:00,53.08693313598633,20991200,53.08693313598633,20991200,53.08693313598633,20991200
2021-05-05 23:00:00,53.112422943115234,20991200,53.112422943115234,20991200,53.112422943115234,20991200
2021-05-06 23:00:00,53.18042755126953,20991200,53.18042755126953,20991200,53.18042755126953,20991200
2021-05-07 23:00:00,53.19742965698242,20991200,53.19742965698242,20991200,53.19742965698242,20991200
2021-05-10 23:00:00,53.248409271240234,20991200,53.248409271240234,20991200,53.248409271240234,20991200
2021-05-11 23:00:00,53.2739143371582,20991200,53.2739143371582,20991200,53.2739143371582,20991200
2021-05-12 23:00:00,53.20592498779297,20991200,53.20592498779297,20991200,53.20592498779297,20991200
2021-05-13 23:00:00,53.256919860839844,20991200,53.256919860839844,20991200,53.256919860839844,20991200
2021-05-14 23:00:00,53.26540756225586,20991200,53.26540756225586,20991200,53.26540756225586,20991200
2021-05-17 23:00:00,53.30792236328125,20991200,53.30792236328125,20991200,53.30792236328125,20991200
2021-05-18 23:00:00,53.350406646728516,20991200,53.350406646728516,20991200,53.350406646728516,20991200
2021-05-19 23:00:00,53.324928283691406,20991200,53.324928283691406,20991200,53.324928283691406,20991200
2021-05-20 23:00:00,53.33340835571289,20991200,53.33340835571289,20991200,53.33340835571289,20991200
2021-05-21 23:00:00,53.426902770996094,20991200,53.426902770996094,20991200,53.426902770996094,20991200
2021-05-24 23:00:00,53.477901458740234,20991200,53.477901458740234,20991200,53.477901458740234,20991200
2021-05-25 23:00:00,53.486392974853516,20991200,53.486392974853516,20991200,53.486392974853516,20991200
2021-05-26 23:00:00,53.596885681152344,20991200,53.596885681152344,20991200,53.596885681152344,20991200
2021-05-27 23:00:00,53.579891204833984,20991200,53.579891204833984,20991200,53.579891204833984,20991200
2021-05-28 23:00:00,53.66489028930664,20991200,53.66489028930664,20991200,53.66489028930664,20991200
2021-06-01 23:00:00,53.67256164550781,20991200,53.67256164550781,20991200,53.67256164550781,20991200
2021-06-02 23:00:00,53.71518325805664,20991200,53.71518325805664,20991200,53.71518325805664,20991200
2021-06-03 23:00:00,53.749290466308594,20991200,53.749290466308594,20991200,53.749290466308594,20991200
2021-06-04 23:00:00,53.8089485168457,20991200,53.8089485168457,20991200,53.8089485168457,20991200
2021-06-07 23:00:00,53.82601547241211,20991200,53.82601547241211,20991200,53.82601547241211,20991200
2021-06-08 23:00:00,53.945343017578125,20991200,53.945343017578125,20991200,53.945343017578125,20991200
2021-06-09 23:00:00,54.03059387207031,20991200,54.03059387207031,20991200,54.03059387207031,20991200
2021-06-10 23:00:00,54.14142990112305,20991200,54.14142990112305,20991200,54.14142990112305,20991200
2021-06-11 23:00:00,54.1243896484375,20991200,54.1243896484375,20991200,54.1243896484375,20991200
2021-06-14 23:00:00,54.056175231933594,20991200,54.056175231933594,20991200,54.056175231933594,20991200
2021-06-15 23:00:00,54.07322692871094,20991200,54.07322692871094,20991200,54.07322692871094,20991200
2021-06-16 23:00:00,53.92829132080078,20991200,53.92829132080078,20991200,53.92829132080078,20991200
2021-06-17 23:00:00,54.064693450927734,20991200,54.064693450927734,20991200,54.064693450927734,20991200
2021-06-18 23:00:00,54.13288497924805,20991200,54.13288497924805,20991200,54.13288497924805,20991200
2021-06-21 23:00:00,54.04765319824219,20991200,54.04765319824219,20991200,54.04765319824219,20991200
2021-06-22 23:00:00,54.04765319824219,20991200,54.04765319824219,20991200,54.04765319824219,20991200
2021-06-23 23:00:00,53.9709358215332,20991200,53.9709358215332,20991200,53.9709358215332,20991200
2021-06-24 23:00:00,54.013553619384766,20991200,54.013553619384766,20991200,54.013553619384766,20991200
2021-06-25 23:00:00,54.04765319824219,20991200,54.04765319824219,20991200,54.04765319824219,20991200
2021-06-28 23:00:00,54.08175277709961,20991200,54.08175277709961,20991200,54.08175277709961,20991200
2021-06-29 23:00:00,54.08175277709961,20991200,54.08175277709961,20991200,54.08175277709961,20991200
2021-06-30 23:00:00,54.22667694091797,20991200,54.22667694091797,20991200,54.22667694091797,20991200
2021-07-01 23:00:00,54.206153869628906,20991200,54.206153869628906,20991200,54.206153869628906,20991200
2021-07-02 23:00:00,54.2489013671875,20991200,54.2489013671875,20991200,54.2489013671875,20991200
2021-07-06 23:00:00,54.29163360595703,20991200,54.29163360595703,20991200,54.29163360595703,20991200
2021-07-07 23:00:00,54.385650634765625,20991200,54.385650634765625,20991200,54.385650634765625,20991200
2021-07-08 23:00:00,54.51385498046875,20991200,54.51385498046875,20991200,54.51385498046875,20991200
2021-07-09 23:00:00,54.47112274169922,20991200,54.47112274169922,20991200,54.47112274169922,20991200
2021-07-12 23:00:00,54.60787582397461,20991200,54.60787582397461,20991200,54.60787582397461,20991200
2021-07-13 23:00:00,54.548057556152344,20991200,54.548057556152344,20991200,54.548057556152344,20991200
2021-07-14 23:00:00,54.52241134643555,20991200,54.52241134643555,20991200,54.52241134643555,20991200
2021-07-15 23:00:00,54.53096008300781,20991200,54.53096008300781,20991200,54.53096008300781,20991200
2021-07-16 23:00:00,54.59934616088867,20991200,54.59934616088867,20991200,54.59934616088867,20991200
2021-07-19 23:00:00,54.56513595581055,20991200,54.56513595581055,20991200,54.56513595581055,20991200
2021-07-20 23:00:00,54.53950881958008,20991200,54.53950881958008,20991200,54.53950881958008,20991200
2021-07-21 23:00:00,54.53950881958008,20991200,54.53950881958008,20991200,54.53950881958008,20991200
2021-07-22 23:00:00,54.62498092651367,20991200,54.62498092651367,20991200,54.62498092651367,20991200
2021-07-23 23:00:00,54.61643600463867,20991200,54.61643600463867,20991200,54.61643600463867,20991200
2021-07-26 23:00:00,54.59934616088867,20991200,54.59934616088867,20991200,54.59934616088867,20991200
2021-07-27 23:00:00,54.60787582397461,20991200,54.60787582397461,20991200,54.60787582397461,20991200
2021-07-28 23:00:00,54.60787582397461,20991200,54.60787582397461,20991200,54.60787582397461,20991200
2021-07-29 23:00:00,54.61643600463867,20991200,54.61643600463867,20991200,54.61643600463867,20991200
2021-07-30 23:00:00,54.59078598022461,20991200,54.59078598022461,20991200,54.59078598022461,20991200
2021-08-02 23:00:00,54.63364028930664,20991200,54.63364028930664,20991200,54.63364028930664,20991200
2021-08-03 23:00:00,54.65935516357422,20991200,54.65935516357422,20991200,54.65935516357422,20991200
2021-08-04 23:00:00,54.599365234375,20991200,54.599365234375,20991200,54.599365234375,20991200
2021-08-05 23:00:00,54.590789794921875,20991200,54.590789794921875,20991200,54.590789794921875,20991200
2021-08-06 23:00:00,54.522216796875,20991200,54.522216796875,20991200,54.522216796875,20991200
2021-08-09 23:00:00,54.522216796875,20991200,54.522216796875,20991200,54.522216796875,20991200
2021-08-10 23:00:00,54.522216796875,20991200,54.522216796875,20991200,54.522216796875,20991200
2021-08-11 23:00:00,54.470794677734375,20991200,54.470794677734375,20991200,54.470794677734375,20991200
2021-08-12 23:00:00,54.453643798828125,20991200,54.453643798828125,20991200,54.453643798828125,20991200
2021-08-13 23:00:00,54.513641357421875,20991200,54.513641357421875,20991200,54.513641357421875,20991200
2021-08-16 23:00:00,54.43651580810547,20991200,54.43651580810547,20991200,54.43651580810547,20991200
2021-08-17 23:00:00,54.462215423583984,20991200,54.462215423583984,20991200,54.462215423583984,20991200
2021-08-18 23:00:00,54.453643798828125,20991200,54.453643798828125,20991200,54.453643798828125,20991200
2021-08-19 23:00:00,54.376502990722656,20991200,54.376502990722656,20991200,54.376502990722656,20991200
2021-08-20 23:00:00,54.38507080078125,20991200,54.38507080078125,20991200,54.38507080078125,20991200
2021-08-23 23:00:00,54.419368743896484,20991200,54.419368743896484,20991200,54.419368743896484,20991200
2021-08-24 23:00:00,54.41078186035156,20991200,54.41078186035156,20991200,54.41078186035156,20991200
2021-08-25 23:00:00,54.3593635559082,20991200,54.3593635559082,20991200,54.3593635559082,20991200
2021-08-26 23:00:00,54.38507080078125,20991200,54.38507080078125,20991200,54.38507080078125,20991200
2021-08-27 23:00:00,54.42792510986328,20991200,54.42792510986328,20991200,54.42792510986328,20991200
2021-08-30 23:00:00,54.44507598876953,20991200,54.44507598876953,20991200,54.44507598876953,20991200
2021-08-31 23:00:00,54.43651580810547,20991200,54.43651580810547,20991200,54.43651580810547,20991200
2021-09-01 23:00:00,54.459716796875,20991200,54.459716796875,20991200,54.459716796875,20991200
2021-09-02 23:00:00,54.44252014160156,20991200,54.44252014160156,20991200,54.44252014160156,20991200
2021-09-03 23:00:00,54.36513900756836,20991200,54.36513900756836,20991200,54.36513900756836,20991200
2021-09-07 23:00:00,54.13304138183594,20991200,54.13304138183594,20991200,54.13304138183594,20991200
2021-09-08 23:00:00,54.30496597290039,20991200,54.30496597290039,20991200,54.30496597290039,20991200
2021-09-09 23:00:00,54.2534065246582,20991200,54.2534065246582,20991200,54.2534065246582,20991200
2021-09-10 23:00:00,54.261985778808594,20991200,54.261985778808594,20991200,54.261985778808594,20991200
2021-09-13 23:00:00,54.27058410644531,20991200,54.27058410644531,20991200,54.27058410644531,20991200
2021-09-14 23:00:00,54.27058410644531,20991200,54.27058410644531,20991200,54.27058410644531,20991200
2021-09-15 23:00:00,54.27058410644531,20991200,54.27058410644531,20991200,54.27058410644531,20991200
2021-09-16 23:00:00,54.236202239990234,20991200,54.236202239990234,20991200,54.236202239990234,20991200
2021-09-17 23:00:00,54.236202239990234,20991200,54.236202239990234,20991200,54.236202239990234,20991200
2021-09-20 23:00:00,54.236202239990234,20991200,54.236202239990234,20991200,54.236202239990234,20991200
2021-09-21 23:00:00,54.24480056762695,20991200,54.24480056762695,20991200,54.24480056762695,20991200
2021-09-22 23:00:00,54.236202239990234,20991200,54.236202239990234,20991200,54.236202239990234,20991200
2021-09-23 23:00:00,54.124454498291016,20991200,54.124454498291016,20991200,54.124454498291016,20991200
2021-09-24 23:00:00,54.072872161865234,20991200,54.072872161865234,20991200,54.072872161865234,20991200
2021-09-27 23:00:00,53.98687744140625,20991200,53.98687744140625,20991200,53.98687744140625,20991200
2021-09-28 23:00:00,53.72900390625,20991200,53.72900390625,20991200,53.72900390625,20991200
2021-09-29 23:00:00,53.67741394042969,20991200,53.67741394042969,20991200,53.67741394042969,20991200
2021-09-30 23:00:00,53.711788177490234,20991200,53.711788177490234,20991200,53.711788177490234,20991200
2021-10-01 23:00:00,53.8074951171875,20991200,53.8074951171875,20991200,53.8074951171875,20991200
2021-10-04 23:00:00,53.66094207763672,20991200,53.66094207763672,20991200,53.66094207763672,20991200
2021-10-05 23:00:00,53.652305603027344,20991200,53.652305603027344,20991200,53.652305603027344,20991200
2021-10-06 23:00:00,53.6436882019043,20991200,53.6436882019043,20991200,53.6436882019043,20991200
2021-10-07 23:00:00,53.617828369140625,20991200,53.617828369140625,20991200,53.617828369140625,20991200
2021-10-08 23:00:00,53.488502502441406,20991200,53.488502502441406,20991200,53.488502502441406,20991200
2021-10-11 23:00:00,53.359188079833984,20991200,53.359188079833984,20991200,53.359188079833984,20991200
2021-10-12 23:00:00,53.428157806396484,20991200,53.428157806396484,20991200,53.428157806396484,20991200
2021-10-13 23:00:00,53.43678283691406,20991200,53.43678283691406,20991200,53.43678283691406,20991200
2021-10-14 23:00:00,53.445396423339844,20991200,53.445396423339844,20991200,53.445396423339844,20991200
2021-10-15 23:00:00,53.385047912597656,20991200,53.385047912597656,20991200,53.385047912597656,20991200
2021-10-18 23:00:00,53.402286529541016,20991200,53.402286529541016,20991200,53.402286529541016,20991200
2021-10-19 23:00:00,53.37642288208008,20991200,53.37642288208008,20991200,53.37642288208008,20991200
2021-10-20 23:00:00,53.36779022216797,20991200,53.36779022216797,20991200,53.36779022216797,20991200
2021-10-21 23:00:00,53.24708557128906,20991200,53.24708557128906,20991200,53.24708557128906,20991200
2021-10-22 23:00:00,53.27296829223633,20991200,53.27296829223633,20991200,53.27296829223633,20991200
2021-10-25 23:00:00,53.27296829223633,20991200,53.27296829223633,20991200,53.27296829223633,20991200
2021-10-26 23:00:00,53.33330535888672,20991200,53.33330535888672,20991200,53.33330535888672,20991200
2021-10-27 23:00:00,53.445396423339844,20991200,53.445396423339844,20991200,53.445396423339844,20991200
2021-10-28 23:00:00,53.410911560058594,20991200,53.410911560058594,20991200,53.410911560058594,20991200
2021-10-29 23:00:00,53.531612396240234,20991200,53.531612396240234,20991200,53.531612396240234,20991200
2021-11-01 23:00:00,53.48317337036133,20991200,53.48317337036133,20991200,53.48317337036133,20991200
2021-11-02 23:00:00,53.491825103759766,20991200,53.491825103759766,20991200,53.491825103759766,20991200
2021-11-03 23:00:00,53.59560775756836,20991200,53.59560775756836,20991200,53.59560775756836,20991200
2021-11-04 23:00:00,53.638851165771484,20991200,53.638851165771484,20991200,53.638851165771484,20991200
2021-11-05 23:00:00,53.78582763671875,20991200,53.78582763671875,20991200,53.78582763671875,20991200
2021-11-08 23:00:00,53.733951568603516,20991200,53.733951568603516,20991200,53.733951568603516,20991200
2021-11-09 23:00:00,53.99337387084961,20991200,53.99337387084961,20991200,53.99337387084961,20991200
2021-11-10 23:00:00,53.898258209228516,20991200,53.898258209228516,20991200,53.898258209228516,20991200
2021-11-11 23:00:00,53.9242057800293,20991200,53.9242057800293,20991200,53.9242057800293,20991200
2021-11-12 23:00:00,53.93284225463867,20991200,53.93284225463867,20991200,53.93284225463867,20991200
2021-11-15 23:00:00,53.9242057800293,20991200,53.9242057800293,20991200,53.9242057800293,20991200
2021-11-16 23:00:00,53.880958557128906,20991200,53.880958557128906,20991200,53.880958557128906,20991200
2021-11-17 23:00:00,53.811771392822266,20991200,53.811771392822266,20991200,53.811771392822266,20991200
2021-11-18 23:00:00,53.84635925292969,20991200,53.84635925292969,20991200,53.84635925292969,20991200
2021-11-19 23:00:00,53.84635925292969,20991200,53.84635925292969,20991200,53.84635925292969,20991200
2021-11-22 23:00:00,53.86366653442383,20991200,53.86366653442383,20991200,53.86366653442383,20991200
2021-11-23 23:00:00,53.82907485961914,20991200,53.82907485961914,20991200,53.82907485961914,20991200
2021-11-24 23:00:00,53.84635925292969,20991200,53.84635925292969,20991200,53.84635925292969,20991200
2021-11-26 23:00:00,53.99337387084961,20991200,53.99337387084961,20991200,53.99337387084961,20991200
2021-11-29 23:00:00,53.95879364013672,20991200,53.95879364013672,20991200,53.95879364013672,20991200
2021-11-30 23:00:00,53.96742248535156,20991200,53.96742248535156,20991200,53.96742248535156,20991200
2021-12-01 23:00:00,54.07148742675781,20991200,54.07148742675781,20991200,54.07148742675781,20991200
2021-12-02 23:00:00,54.1755256652832,20991200,54.1755256652832,20991200,54.1755256652832,20991200
2021-12-03 23:00:00,54.13218307495117,20991200,54.13218307495117,20991200,54.13218307495117,20991200
2021-12-06 23:00:00,54.10617446899414,20991200,54.10617446899414,20991200,54.10617446899414,20991200
2021-12-07 23:00:00,54.114830017089844,20991200,54.114830017089844,20991200,54.114830017089844,20991200
2021-12-08 23:00:00,54.13218307495117,20991200,54.13218307495117,20991200,54.13218307495117,20991200
2021-12-09 23:00:00,54.114830017089844,20991200,54.114830017089844,20991200,54.114830017089844,20991200
2021-12-10 23:00:00,54.184200286865234,20991200,54.184200286865234,20991200,54.184200286865234,20991200
2021-12-13 23:00:00,54.244911193847656,20991200,54.244911193847656,20991200,54.244911193847656,20991200
2021-12-14 23:00:00,54.12350082397461,20991200,54.12350082397461,20991200,54.12350082397461,20991200
2021-12-15 23:00:00,54.158199310302734,20991200,54.158199310302734,20991200,54.158199310302734,20991200
2021-12-16 23:00:00,54.140846252441406,20991200,54.140846252441406,20991200,54.140846252441406,20991200
2021-12-17 23:00:00,54.140846252441406,20991200,54.140846252441406,20991200,54.140846252441406,20991200
2021-12-20 23:00:00,54.07148742675781,20991200,54.07148742675781,20991200,54.07148742675781,20991200
2021-12-21 23:00:00,54.1495246887207,20991200,54.1495246887207,20991200,54.1495246887207,20991200
2021-12-22 23:00:00,54.270912170410156,20991200,54.270912170410156,20991200,54.270912170410156,20991200
2021-12-23 23:00:00,54.26224136352539,20991200,54.26224136352539,20991200,54.26224136352539,20991200
2021-12-27 23:00:00,54.23622131347656,20991200,54.23622131347656,20991200,54.23622131347656,20991200
2021-12-28 23:00:00,54.253578186035156,20991200,54.253578186035156,20991200,54.253578186035156,20991200
2021-12-29 23:00:00,54.274436950683594,20991200,54.274436950683594,20991200,54.274436950683594,20991200
2021-12-30 23:00:00,54.30052947998047,20991200,54.30052947998047,20991200,54.30052947998047,20991200
2021-12-31 23:00:00,54.28314208984375,20991200,54.28314208984375,20991200,54.28314208984375,20991200
2022-01-03 23:00:00,54.15270233154297,20991200,54.15270233154297,20991200,54.15270233154297,20991200
2022-01-04 23:00:00,54.09184265136719,20991200,54.09184265136719,20991200,54.09184265136719,20991200
2022-01-05 23:00:00,53.97880935668945,20991200,53.97880935668945,20991200,53.97880935668945,20991200
2022-01-06 23:00:00,54.03097152709961,20991200,54.03097152709961,20991200,54.03097152709961,20991200
2022-01-07 23:00:00,53.92664337158203,20991200,53.92664337158203,20991200,53.92664337158203,20991200
2022-01-10 23:00:00,53.778812408447266,20991200,53.778812408447266,20991200,53.778812408447266,20991200
2022-01-11 23:00:00,53.700557708740234,20991200,53.700557708740234,20991200,53.700557708740234,20991200
2022-01-12 23:00:00,53.717960357666016,20991200,53.717960357666016,20991200,53.717960357666016,20991200
2022-01-13 23:00:00,53.75273132324219,20991200,53.75273132324219,20991200,53.75273132324219,20991200
2022-01-14 23:00:00,53.68318557739258,20991200,53.68318557739258,20991200,53.68318557739258,20991200
2022-01-18 23:00:00,53.422332763671875,20991200,53.422332763671875,20991200,53.422332763671875,20991200
2022-01-19 23:00:00,53.45710372924805,20991200,53.45710372924805,20991200,53.45710372924805,20991200
2022-01-20 23:00:00,53.45710372924805,20991200,53.45710372924805,20991200,53.45710372924805,20991200
2022-01-21 23:00:00,53.32669448852539,20991200,53.32669448852539,20991200,53.32669448852539,20991200
2022-01-24 23:00:00,53.274513244628906,20991200,53.274513244628906,20991200,53.274513244628906,20991200
2022-01-25 23:00:00,53.0919189453125,20991200,53.0919189453125,20991200,53.0919189453125,20991200
2022-01-26 23:00:00,52.883235931396484,20991200,52.883235931396484,20991200,52.883235931396484,20991200
2022-01-27 23:00:00,52.77018737792969,20991200,52.77018737792969,20991200,52.77018737792969,20991200
2022-01-28 23:00:00,52.4832649230957,20991200,52.4832649230957,20991200,52.4832649230957,20991200
2022-01-31 23:00:00,52.59629440307617,20991200,52.59629440307617,20991200,52.59629440307617,20991200
2022-02-01 23:00:00,52.645118713378906,20991200,52.645118713378906,20991200,52.645118713378906,20991200
2022-02-02 23:00:00,52.82825469970703,20991200,52.82825469970703,20991200,52.82825469970703,20991200
2022-02-03 23:00:00,52.95906448364258,20991200,52.95906448364258,20991200,52.95906448364258,20991200
2022-02-04 23:00:00,52.758506774902344,20991200,52.758506774902344,20991200,52.758506774902344,20991200
2022-02-07 23:00:00,52.775936126708984,20991200,52.775936126708984,20991200,52.775936126708984,20991200
2022-02-08 23:00:00,52.636417388916016,20991200,52.636417388916016,20991200,52.636417388916016,20991200
2022-02-09 23:00:00,52.65385818481445,20991200,52.65385818481445,20991200,52.65385818481445,20991200
2022-02-10 23:00:00,52.32246780395508,20991200,52.32246780395508,20991200,52.32246780395508,20991200
2022-02-11 23:00:00,51.93878173828125,20991200,51.93878173828125,20991200,51.93878173828125,20991200
2022-02-14 23:00:00,51.76436233520508,20991200,51.76436233520508,20991200,51.76436233520508,20991200
2022-02-15 23:00:00,51.86900329589844,20991200,51.86900329589844,20991200,51.86900329589844,20991200
2022-02-16 23:00:00,51.94749069213867,20991200,51.94749069213867,20991200,51.94749069213867,20991200
2022-02-17 23:00:00,51.96493911743164,20991200,51.96493911743164,20991200,51.96493911743164,20991200
2022-02-18 23:00:00,51.991092681884766,20991200,51.991092681884766,20991200,51.991092681884766,20991200
2022-02-22 23:00:00,52.02599334716797,20991200,52.02599334716797,20991200,52.02599334716797,20991200
2022-02-23 23:00:00,51.98237991333008,20991200,51.98237991333008,20991200,51.98237991333008,20991200
2022-02-24 23:00:00,52.0085334777832,20991200,52.0085334777832,20991200,52.0085334777832,20991200
2022-02-25 23:00:00,51.9300537109375,20991200,51.9300537109375,20991200,51.9300537109375,20991200
2022-02-28 23:00:00,51.88645553588867,20991200,51.88645553588867,20991200,51.88645553588867,20991200
2022-03-01 23:00:00,51.922306060791016,20991200,51.922306060791016,20991200,51.922306060791016,20991200
2022-03-02 23:00:00,51.974761962890625,20991200,51.974761962890625,20991200,51.974761962890625,20991200
2022-03-03 23:00:00,52.02724075317383,20991200,52.02724075317383,20991200,52.02724075317383,20991200
2022-03-04 23:00:00,51.843605041503906,20991200,51.843605041503906,20991200,51.843605041503906,20991200
2022-03-07 23:00:00,51.58129119873047,20991200,51.58129119873047,20991200,51.58129119873047,20991200
2022-03-08 23:00:00,51.34519577026367,20991200,51.34519577026367,20991200,51.34519577026367,20991200
2022-03-09 23:00:00,51.45012664794922,20991200,51.45012664794922,20991200,51.45012664794922,20991200
2022-03-10 23:00:00,51.32770919799805,20991200,51.32770919799805,20991200,51.32770919799805,20991200
2022-03-11 23:00:00,51.266502380371094,20991200,51.266502380371094,20991200,51.266502380371094,20991200
2022-03-14 23:00:00,50.610694885253906,20991200,50.610694885253906,20991200,50.610694885253906,20991200
2022-03-15 23:00:00,50.654415130615234,20991200,50.654415130615234,20991200,50.654415130615234,20991200
2022-03-16 23:00:00,50.820552825927734,20991200,50.820552825927734,20991200,50.820552825927734,20991200
2022-03-17 23:00:00,51.03041458129883,20991200,51.03041458129883,20991200,51.03041458129883,20991200
2022-03-18 23:00:00,51.14408874511719,20991200,51.14408874511719,20991200,51.14408874511719,20991200
2022-03-21 23:00:00,50.79433059692383,20991200,50.79433059692383,20991200,50.79433059692383,20991200
2022-03-22 23:00:00,50.654415130615234,20991200,50.654415130615234,20991200,50.654415130615234,20991200
2022-03-23 23:00:00,50.54949188232422,20991200,50.54949188232422,20991200,50.54949188232422,20991200
2022-03-24 23:00:00,50.278419494628906,20991200,50.278419494628906,20991200,50.278419494628906,20991200
2022-03-25 23:00:00,50.12977600097656,20991200,50.12977600097656,20991200,50.12977600097656,20991200
2022-03-28 23:00:00,50.0860481262207,20991200,50.0860481262207,20991200,50.0860481262207,20991200
2022-03-29 23:00:00,50.112274169921875,20991200,50.112274169921875,20991200,50.112274169921875,20991200
2022-03-30 23:00:00,50.1822395324707,20991200,50.1822395324707,20991200,50.1822395324707,20991200
2022-03-31 23:00:00,50.19097900390625,20991200,50.19097900390625,20991200,50.19097900390625,20991200
2022-04-01 23:00:00,50.26991271972656,20991200,50.26991271972656,20991200,50.26991271972656,20991200
2022-04-04 23:00:00,50.25236892700195,20991200,50.25236892700195,20991200,50.25236892700195,20991200
2022-04-05 23:00:00,50.12082290649414,20991200,50.12082290649414,20991200,50.12082290649414,20991200
2022-04-06 23:00:00,50.09451675415039,20991200,50.09451675415039,20991200,50.09451675415039,20991200
2022-04-07 23:00:00,49.73493957519531,20991200,49.73493957519531,20991200,49.73493957519531,20991200
2022-04-08 23:00:00,49.699851989746094,20991200,49.699851989746094,20991200,49.699851989746094,20991200
2022-04-11 23:00:00,49.235042572021484,20991200,49.235042572021484,20991200,49.235042572021484,20991200
2022-04-12 23:00:00,49.18242645263672,20991200,49.18242645263672,20991200,49.18242645263672,20991200
2022-04-13 23:00:00,49.305206298828125,20991200,49.305206298828125,20991200,49.305206298828125,20991200
2022-04-14 23:00:00,48.98072814941406,20991200,48.98072814941406,20991200,48.98072814941406,20991200
2022-04-18 23:00:00,48.884254455566406,20991200,48.884254455566406,20991200,48.884254455566406,20991200
2022-04-19 23:00:00,48.5948371887207,20991200,48.5948371887207,20991200,48.5948371887207,20991200
2022-04-20 23:00:00,48.57728958129883,20991200,48.57728958129883,20991200,48.57728958129883,20991200
2022-04-21 23:00:00,48.445743560791016,20991200,48.445743560791016,20991200,48.445743560791016,20991200
2022-04-22 23:00:00,48.40188217163086,20991200,48.40188217163086,20991200,48.40188217163086,20991200
2022-04-25 23:00:00,48.37558364868164,20991200,48.37558364868164,20991200,48.37558364868164,20991200
2022-04-26 23:00:00,48.445743560791016,20991200,48.445743560791016,20991200,48.445743560791016,20991200
2022-04-27 23:00:00,48.2001838684082,20991200,48.2001838684082,20991200,48.2001838684082,20991200
2022-04-28 23:00:00,48.40188217163086,20991200,48.40188217163086,20991200,48.40188217163086,20991200
2022-04-29 23:00:00,48.2001838684082,20991200,48.2001838684082,20991200,48.2001838684082,20991200
2022-05-02 23:00:00,48.265281677246094,20991200,48.265281677246094,20991200,48.265281677246094,20991200
2022-05-03 23:00:00,48.05414581298828,20991200,48.05414581298828,20991200,48.05414581298828,20991200
2022-05-04 23:00:00,48.2564811706543,20991200,48.2564811706543,20991200,48.2564811706543,20991200
2022-05-05 23:00:00,48.06294250488281,20991200,48.06294250488281,20991200,48.06294250488281,20991200
2022-05-06 23:00:00,47.89576721191406,20991200,47.89576721191406,20991200,47.89576721191406,20991200
2022-05-09 23:00:00,47.543853759765625,20991200,47.543853759765625,20991200,47.543853759765625,20991200
2022-05-10 23:00:00,47.394290924072266,20991200,47.394290924072266,20991200,47.394290924072266,20991200
2022-05-11 23:00:00,47.376705169677734,20991200,47.376705169677734,20991200,47.376705169677734,20991200
2022-05-12 23:00:00,47.28871154785156,20991200,47.28871154785156,20991200,47.28871154785156,20991200
2022-05-13 23:00:00,47.13916015625,20991200,47.13916015625,20991200,47.13916015625,20991200
2022-05-16 23:00:00,47.04239273071289,20991200,47.04239273071289,20991200,47.04239273071289,20991200
2022-05-17 23:00:00,46.83123016357422,20991200,46.83123016357422,20991200,46.83123016357422,20991200
2022-05-18 23:00:00,46.4353141784668,20991200,46.4353141784668,20991200,46.4353141784668,20991200
2022-05-19 23:00:00,46.769649505615234,20991200,46.769649505615234,20991200,46.769649505615234,20991200
2022-05-20 23:00:00,47.13035583496094,20991200,47.13035583496094,20991200,47.13035583496094,20991200
2022-05-23 23:00:00,47.19194030761719,20991200,47.19194030761719,20991200,47.19194030761719,20991200
2022-05-24 23:00:00,47.869384765625,20991200,47.869384765625,20991200,47.869384765625,20991200
2022-05-25 23:00:00,48.37966537475586,20991200,48.37966537475586,20991200,48.37966537475586,20991200
2022-05-26 23:00:00,49.11868667602539,20991200,49.11868667602539,20991200,49.11868667602539,20991200
2022-05-27 23:00:00,49.162662506103516,20991200,49.162662506103516,20991200,49.162662506103516,20991200
2022-05-31 23:00:00,49.004310607910156,20991200,49.004310607910156,20991200,49.004310607910156,20991200
2022-06-01 23:00:00,49.025489807128906,20991200,49.025489807128906,20991200,49.025489807128906,20991200
2022-06-02 23:00:00,49.07842254638672,20991200,49.07842254638672,20991200,49.07842254638672,20991200
2022-06-03 23:00:00,48.990196228027344,20991200,48.990196228027344,20991200,48.990196228027344,20991200
2022-06-06 23:00:00,48.67259216308594,20991200,48.67259216308594,20991200,48.67259216308594,20991200
2022-06-07 23:00:00,48.716705322265625,20991200,48.716705322265625,20991200,48.716705322265625,20991200
2022-06-08 23:00:00,48.47850036621094,20991200,48.47850036621094,20991200,48.47850036621094,20991200
2022-06-09 23:00:00,48.11678695678711,20991200,48.11678695678711,20991200,48.11678695678711,20991200
2022-06-10 23:00:00,47.4463005065918,20991200,47.4463005065918,20991200,47.4463005065918,20991200
2022-06-13 23:00:00,45.205440521240234,20991200,45.205440521240234,20991200,45.205440521240234,20991200
2022-06-14 23:00:00,46.317039489746094,20991200,46.317039489746094,20991200,46.317039489746094,20991200
2022-06-15 23:00:00,46.38761520385742,20991200,46.38761520385742,20991200,46.38761520385742,20991200
2022-06-16 23:00:00,46.34349822998047,20991200,46.34349822998047,20991200,46.34349822998047,20991200
2022-06-17 23:00:00,46.47583770751953,20991200,46.47583770751953,20991200,46.47583770751953,20991200
2022-06-21 23:00:00,46.22880935668945,20991200,46.22880935668945,20991200,46.22880935668945,20991200
2022-06-22 23:00:00,46.546417236328125,20991200,46.546417236328125,20991200,46.546417236328125,20991200
2022-06-23 23:00:00,46.62582778930664,20991200,46.62582778930664,20991200,46.62582778930664,20991200
2022-06-24 23:00:00,46.758155822753906,20991200,46.758155822753906,20991200,46.758155822753906,20991200
2022-06-27 23:00:00,46.87284469604492,20991200,46.87284469604492,20991200,46.87284469604492,20991200
2022-06-28 23:00:00,46.802268981933594,20991200,46.802268981933594,20991200,46.802268981933594,20991200
2022-06-29 23:00:00,47.031646728515625,20991200,47.031646728515625,20991200,47.031646728515625,20991200
2022-06-30 23:00:00,47.508056640625,20991200,47.508056640625,20991200,47.508056640625,20991200
2022-07-01 23:00:00,47.84091567993164,20991200,47.84091567993164,20991200,47.84091567993164,20991200
2022-07-05 23:00:00,47.867488861083984,20991200,47.867488861083984,20991200,47.867488861083984,20991200
2022-07-06 23:00:00,47.637298583984375,20991200,47.637298583984375,20991200,47.637298583984375,20991200
2022-07-07 23:00:00,47.68156051635742,20991200,47.68156051635742,20991200,47.68156051635742,20991200
2022-07-08 23:00:00,47.60188674926758,20991200,47.60188674926758,20991200,47.60188674926758,20991200
2022-07-11 23:00:00,47.699275970458984,20991200,47.699275970458984,20991200,47.699275970458984,20991200
2022-07-12 23:00:00,47.6904182434082,20991200,47.6904182434082,20991200,47.6904182434082,20991200
2022-07-13 23:00:00,47.67272186279297,20991200,47.67272186279297,20991200,47.67272186279297,20991200
2022-07-14 23:00:00,47.84091567993164,20991200,47.84091567993164,20991200,47.84091567993164,20991200
2022-07-15 23:00:00,47.92059326171875,20991200,47.92059326171875,20991200,47.92059326171875,20991200
2022-07-18 23:00:00,47.7435302734375,20991200,47.7435302734375,20991200,47.7435302734375,20991200
2022-07-19 23:00:00,47.814353942871094,20991200,47.814353942871094,20991200,47.814353942871094,20991200
2022-07-20 23:00:00,47.867488861083984,20991200,47.867488861083984,20991200,47.867488861083984,20991200
2022-07-21 23:00:00,47.95600128173828,20991200,47.95600128173828,20991200,47.95600128173828,20991200
2022-07-22 23:00:00,48.2835578918457,20991200,48.2835578918457,20991200,48.2835578918457,20991200
2022-07-25 23:00:00,48.195030212402344,20991200,48.195030212402344,20991200,48.195030212402344,20991200
2022-07-26 23:00:00,48.159610748291016,20991200,48.159610748291016,20991200,48.159610748291016,20991200
2022-07-27 23:00:00,48.336669921875,20991200,48.336669921875,20991200,48.336669921875,20991200
2022-07-28 23:00:00,48.60226058959961,20991200,48.60226058959961,20991200,48.60226058959961,20991200
2022-07-29 23:00:00,48.81473159790039,20991200,48.81473159790039,20991200,48.81473159790039,20991200
2022-08-01 23:00:00,48.802310943603516,20991200,48.802310943603516,20991200,48.802310943603516,20991200
2022-08-02 23:00:00,48.757904052734375,20991200,48.757904052734375,20991200,48.757904052734375,20991200
2022-08-03 23:00:00,48.76677703857422,20991200,48.76677703857422,20991200,48.76677703857422,20991200
2022-08-04 23:00:00,48.86444854736328,20991200,48.86444854736328,20991200,48.86444854736328,20991200
2022-08-05 23:00:00,48.44712829589844,20991200,48.44712829589844,20991200,48.44712829589844,20991200
2022-08-08 23:00:00,48.59807205200195,20991200,48.59807205200195,20991200,48.59807205200195,20991200
2022-08-09 23:00:00,48.50040054321289,20991200,48.50040054321289,20991200,48.50040054321289,20991200
2022-08-10 23:00:00,48.50040054321289,20991200,48.50040054321289,20991200,48.50040054321289,20991200
2022-08-11 23:00:00,48.48262405395508,20991200,48.48262405395508,20991200,48.48262405395508,20991200
2022-08-12 23:00:00,48.651344299316406,20991200,48.651344299316406,20991200,48.651344299316406,20991200
2022-08-15 23:00:00,48.72237777709961,20991200,48.72237777709961,20991200,48.72237777709961,20991200
2022-08-16 23:00:00,48.71350860595703,20991200,48.71350860595703,20991200,48.71350860595703,20991200
2022-08-17 23:00:00,48.29616928100586,20991200,48.29616928100586,20991200,48.29616928100586,20991200
2022-08-18 23:00:00,48.35832214355469,20991200,48.35832214355469,20991200,48.35832214355469,20991200
2022-08-19 23:00:00,47.940982818603516,20991200,47.940982818603516,20991200,47.940982818603516,20991200
2022-08-22 23:00:00,47.9232292175293,20991200,47.9232292175293,20991200,47.9232292175293,20991200
2022-08-23 23:00:00,47.914337158203125,20991200,47.914337158203125,20991200,47.914337158203125,20991200
2022-08-24 23:00:00,47.84330749511719,20991200,47.84330749511719,20991200,47.84330749511719,20991200
2022-08-25 23:00:00,47.78114700317383,20991200,47.78114700317383,20991200,47.78114700317383,20991200
2022-08-26 23:00:00,47.665714263916016,20991200,47.665714263916016,20991200,47.665714263916016,20991200
2022-08-29 23:00:00,47.425960540771484,20991200,47.425960540771484,20991200,47.425960540771484,20991200
2022-08-30 23:00:00,47.50586700439453,20991200,47.50586700439453,20991200,47.50586700439453,20991200
2022-08-31 23:00:00,47.34603500366211,20991200,47.34603500366211,20991200,47.34603500366211,20991200
2022-09-01 23:00:00,46.765384674072266,20991200,46.765384674072266,20991200,46.765384674072266,20991200
2022-09-02 23:00:00,46.952388763427734,20991200,46.952388763427734,20991200,46.952388763427734,20991200
2022-09-06 23:00:00,46.42695999145508,20991200,46.42695999145508,20991200,46.42695999145508,20991200
2022-09-07 23:00:00,46.489288330078125,20991200,46.489288330078125,20991200,46.489288330078125,20991200
2022-09-08 23:00:00,46.46257400512695,20991200,46.46257400512695,20991200,46.46257400512695,20991200
2022-09-09 23:00:00,46.43584442138672,20991200,46.43584442138672,20991200,46.43584442138672,20991200
2022-09-12 23:00:00,46.48038864135742,20991200,46.48038864135742,20991200,46.48038864135742,20991200
2022-09-13 23:00:00,46.27553939819336,20991200,46.27553939819336,20991200,46.27553939819336,20991200
2022-09-14 23:00:00,46.195396423339844,20991200,46.195396423339844,20991200,46.195396423339844,20991200
2022-09-15 23:00:00,45.99946594238281,20991200,45.99946594238281,20991200,45.99946594238281,20991200
2022-09-16 23:00:00,45.99946594238281,20991200,45.99946594238281,20991200,45.99946594238281,20991200
2022-09-19 23:00:00,45.89259719848633,20991200,45.89259719848633,20991200,45.89259719848633,20991200
2022-09-20 23:00:00,45.61650466918945,20991200,45.61650466918945,20991200,45.61650466918945,20991200
2022-09-21 23:00:00,45.625404357910156,20991200,45.625404357910156,20991200,45.625404357910156,20991200
2022-09-22 23:00:00,45.35822677612305,20991200,45.35822677612305,20991200,45.35822677612305,20991200
2022-09-23 23:00:00,45.144500732421875,20991200,45.144500732421875,20991200,45.144500732421875,20991200
2022-09-26 23:00:00,44.87730407714844,20991200,44.87730407714844,20991200,44.87730407714844,20991200
2022-09-27 23:00:00,44.76152801513672,20991200,44.76152801513672,20991200,44.76152801513672,20991200
2022-09-28 23:00:00,44.79716110229492,20991200,44.79716110229492,20991200,44.79716110229492,20991200
2022-09-29 23:00:00,44.68136978149414,20991200,44.68136978149414,20991200,44.68136978149414,20991200
2022-09-30 23:00:00,44.46763229370117,20991200,44.46763229370117,20991200,44.46763229370117,20991200
2022-10-03 23:00:00,44.951904296875,20991200,44.951904296875,20991200,44.951904296875,20991200
2022-10-04 23:00:00,45.407596588134766,20991200,45.407596588134766,20991200,45.407596588134766,20991200
2022-10-05 23:00:00,45.103797912597656,20991200,45.103797912597656,20991200,45.103797912597656,20991200
2022-10-06 23:00:00,45.166343688964844,20991200,45.166343688964844,20991200,45.166343688964844,20991200
2022-10-07 23:00:00,45.12166976928711,20991200,45.12166976928711,20991200,45.12166976928711,20991200
2022-10-10 23:00:00,44.826805114746094,20991200,44.826805114746094,20991200,44.826805114746094,20991200
2022-10-11 23:00:00,44.826805114746094,20991200,44.826805114746094,20991200,44.826805114746094,20991200
2022-10-12 23:00:00,44.84468078613281,20991200,44.84468078613281,20991200,44.84468078613281,20991200
2022-10-13 23:00:00,44.45152282714844,20991200,44.45152282714844,20991200,44.45152282714844,20991200
2022-10-14 23:00:00,44.48728942871094,20991200,44.48728942871094,20991200,44.48728942871094,20991200
2022-10-17 23:00:00,44.46048355102539,20991200,44.46048355102539,20991200,44.46048355102539,20991200
2022-10-18 23:00:00,44.60343933105469,20991200,44.60343933105469,20991200,44.60343933105469,20991200
2022-10-19 23:00:00,44.362186431884766,20991200,44.362186431884766,20991200,44.362186431884766,20991200
2022-10-20 23:00:00,44.0852165222168,20991200,44.0852165222168,20991200,44.0852165222168,20991200
2022-10-21 23:00:00,43.79035949707031,20991200,43.79035949707031,20991200,43.79035949707031,20991200
2022-10-24 23:00:00,43.33467483520508,20991200,43.33467483520508,20991200,43.33467483520508,20991200
2022-10-25 23:00:00,43.34360122680664,20991200,43.34360122680664,20991200,43.34360122680664,20991200
2022-10-26 23:00:00,43.62952423095703,20991200,43.62952423095703,20991200,43.62952423095703,20991200
2022-10-27 23:00:00,43.78141784667969,20991200,43.78141784667969,20991200,43.78141784667969,20991200
2022-10-28 23:00:00,43.91543960571289,20991200,43.91543960571289,20991200,43.91543960571289,20991200
2022-10-31 23:00:00,43.754615783691406,20991200,43.754615783691406,20991200,43.754615783691406,20991200
2022-11-01 23:00:00,43.95817565917969,20991200,43.95817565917969,20991200,43.95817565917969,20991200
2022-11-02 23:00:00,44.08371353149414,20991200,44.08371353149414,20991200,44.08371353149414,20991200
2022-11-03 23:00:00,43.6981315612793,20991200,43.6981315612793,20991200,43.6981315612793,20991200
2022-11-04 23:00:00,43.778846740722656,20991200,43.778846740722656,20991200,43.778846740722656,20991200
2022-11-07 23:00:00,43.769859313964844,20991200,43.769859313964844,20991200,43.769859313964844,20991200
2022-11-08 23:00:00,43.90436935424805,20991200,43.90436935424805,20991200,43.90436935424805,20991200
2022-11-09 23:00:00,43.92230987548828,20991200,43.92230987548828,20991200,43.92230987548828,20991200
2022-11-10 23:00:00,45.17774200439453,20991200,45.17774200439453,20991200,45.17774200439453,20991200
2022-11-11 23:00:00,45.39296340942383,20991200,45.39296340942383,20991200,45.39296340942383,20991200
2022-11-14 23:00:00,44.899757385253906,20991200,44.899757385253906,20991200,44.899757385253906,20991200
2022-11-15 23:00:00,45.35710144042969,20991200,45.35710144042969,20991200,45.35710144042969,20991200
2022-11-16 23:00:00,45.90410614013672,20991200,45.90410614013672,20991200,45.90410614013672,20991200
2022-11-17 23:00:00,45.79648971557617,20991200,45.79648971557617,20991200,45.79648971557617,20991200
2022-11-18 23:00:00,45.6619758605957,20991200,45.6619758605957,20991200,45.6619758605957,20991200
2022-11-21 23:00:00,45.74268341064453,20991200,45.74268341064453,20991200,45.74268341064453,20991200
2022-11-22 23:00:00,45.94894027709961,20991200,45.94894027709961,20991200,45.94894027709961,20991200
2022-11-23 23:00:00,46.047569274902344,20991200,46.047569274902344,20991200,46.047569274902344,20991200
2022-11-25 23:00:00,45.9758415222168,20991200,45.9758415222168,20991200,45.9758415222168,20991200
2022-11-28 23:00:00,46.05655288696289,20991200,46.05655288696289,20991200,46.05655288696289,20991200
2022-11-29 23:00:00,46.271766662597656,20991200,46.271766662597656,20991200,46.271766662597656,20991200
2022-11-30 23:00:00,46.46009063720703,20991200,46.46009063720703,20991200,46.46009063720703,20991200
2022-12-01 23:00:00,46.64624786376953,20991200,46.64624786376953,20991200,46.64624786376953,20991200
2022-12-02 23:00:00,46.700191497802734,20991200,46.700191497802734,20991200,46.700191497802734,20991200
2022-12-05 23:00:00,46.48435974121094,20991200,46.48435974121094,20991200,46.48435974121094,20991200
2022-12-06 23:00:00,46.51133728027344,20991200,46.51133728027344,20991200,46.51133728027344,20991200
2022-12-07 23:00:00,46.547306060791016,20991200,46.547306060791016,20991200,46.547306060791016,20991200
2022-12-08 23:00:00,46.61925506591797,20991200,46.61925506591797,20991200,46.61925506591797,20991200
2022-12-09 23:00:00,46.64624786376953,20991200,46.64624786376953,20991200,46.64624786376953,20991200
2022-12-12 23:00:00,46.73616409301758,20991200,46.73616409301758,20991200,46.73616409301758,20991200
2022-12-13 23:00:00,47.21279525756836,20991200,47.21279525756836,20991200,47.21279525756836,20991200
2022-12-14 23:00:00,47.06888961791992,20991200,47.06888961791992,20991200,47.06888961791992,20991200
2022-12-15 23:00:00,46.89803695678711,20991200,46.89803695678711,20991200,46.89803695678711,20991200
2022-12-16 23:00:00,46.700191497802734,20991200,46.700191497802734,20991200,46.700191497802734,20991200
2022-12-19 23:00:00,46.37644958496094,20991200,46.37644958496094,20991200,46.37644958496094,20991200
2022-12-20 23:00:00,46.07069778442383,20991200,46.07069778442383,20991200,46.07069778442383,20991200
2022-12-21 23:00:00,46.304500579833984,20991200,46.304500579833984,20991200,46.304500579833984,20991200
2022-12-22 23:00:00,46.18760299682617,20991200,46.18760299682617,20991200,46.18760299682617,20991200
2022-12-23 23:00:00,46.07969284057617,20991200,46.07969284057617,20991200,46.07969284057617,20991200
2022-12-27 23:00:00,45.683982849121094,20991200,45.683982849121094,20991200,45.683982849121094,20991200
2022-12-28 23:00:00,45.66865921020508,20991200,45.66865921020508,20991200,45.66865921020508,20991200
2022-12-29 23:00:00,45.7408447265625,20991200,45.7408447265625,20991200,45.7408447265625,20991200
2022-12-30 23:00:00,45.61451721191406,20991200,45.61451721191406,20991200,45.61451721191406,20991200
2023-01-03 23:00:00,45.81303405761719,20991200,45.81303405761719,20991200,45.81303405761719,20991200
2023-01-04 23:00:00,46.20104217529297,20991200,46.20104217529297,20991200,46.20104217529297,20991200
2023-01-05 23:00:00,46.39054489135742,20991200,46.39054489135742,20991200,46.39054489135742,20991200
2023-01-06 23:00:00,46.67931365966797,20991200,46.67931365966797,20991200,46.67931365966797,20991200
2023-01-09 23:00:00,46.85074996948242,20991200,46.85074996948242,20991200,46.85074996948242,20991200
2023-01-10 23:00:00,46.80564498901367,20991200,46.80564498901367,20991200,46.80564498901367,20991200
2023-01-11 23:00:00,47.16657638549805,20991200,47.16657638549805,20991200,47.16657638549805,20991200
2023-01-12 23:00:00,47.40119934082031,20991200,47.40119934082031,20991200,47.40119934082031,20991200
2023-01-13 23:00:00,47.256813049316406,20991200,47.256813049316406,20991200,47.256813049316406,20991200
2023-01-17 23:00:00,47.09439468383789,20991200,47.09439468383789,20991200,47.09439468383789,20991200
2023-01-18 23:00:00,47.563629150390625,20991200,47.563629150390625,20991200,47.563629150390625,20991200
2023-01-19 23:00:00,47.70800018310547,20991200,47.70800018310547,20991200,47.70800018310547,20991200
2023-01-20 23:00:00,47.626773834228516,20991200,47.626773834228516,20991200,47.626773834228516,20991200
2023-01-23 23:00:00,47.41923141479492,20991200,47.41923141479492,20991200,47.41923141479492,20991200
2023-01-24 23:00:00,47.50946807861328,20991200,47.50946807861328,20991200,47.50946807861328,20991200
2023-01-25 23:00:00,47.33803176879883,20991200,47.33803176879883,20991200,47.33803176879883,20991200
2023-01-26 23:00:00,47.410221099853516,20991200,47.410221099853516,20991200,47.410221099853516,20991200
2023-01-27 23:00:00,47.37412643432617,20991200,47.37412643432617,20991200,47.37412643432617,20991200
2023-01-30 23:00:00,47.2477912902832,20991200,47.2477912902832,20991200,47.2477912902832,20991200
2023-01-31 23:00:00,47.319984436035156,20991200,47.319984436035156,20991200,47.319984436035156,20991200
2023-02-01 23:00:00,47.45489501953125,20991200,47.45489501953125,20991200,47.45489501953125,20991200
2023-02-02 23:00:00,47.75369644165039,20991200,47.75369644165039,20991200,47.75369644165039,20991200
2023-02-03 23:00:00,47.56355667114258,20991200,47.56355667114258,20991200,47.56355667114258,20991200
2023-02-06 23:00:00,47.355289459228516,20991200,47.355289459228516,20991200,47.355289459228516,20991200
2023-02-07 23:00:00,47.273799896240234,20991200,47.273799896240234,20991200,47.273799896240234,20991200
2023-02-08 23:00:00,47.39151382446289,20991200,47.39151382446289,20991200,47.39151382446289,20991200
2023-02-09 23:00:00,47.26474380493164,20991200,47.26474380493164,20991200,47.26474380493164,20991200
2023-02-10 23:00:00,47.210426330566406,20991200,47.210426330566406,20991200,47.210426330566406,20991200
2023-02-13 23:00:00,47.21946334838867,20991200,47.21946334838867,20991200,47.21946334838867,20991200
2023-02-14 23:00:00,47.19231414794922,20991200,47.19231414794922,20991200,47.19231414794922,20991200
2023-02-15 23:00:00,46.821075439453125,20991200,46.821075439453125,20991200,46.821075439453125,20991200
2023-02-16 23:00:00,46.540382385253906,20991200,46.540382385253906,20991200,46.540382385253906,20991200
2023-02-17 23:00:00,46.50416564941406,20991200,46.50416564941406,20991200,46.50416564941406,20991200
2023-02-21 23:00:00,46.13292694091797,20991200,46.13292694091797,20991200,46.13292694091797,20991200
2023-02-22 23:00:00,46.178199768066406,20991200,46.178199768066406,20991200,46.178199768066406,20991200
2023-02-23 23:00:00,46.35023880004883,20991200,46.35023880004883,20991200,46.35023880004883,20991200
2023-02-24 23:00:00,46.123878479003906,20991200,46.123878479003906,20991200,46.123878479003906,20991200
2023-02-27 23:00:00,46.223472595214844,20991200,46.223472595214844,20991200,46.223472595214844,20991200
2023-02-28 23:00:00,46.21442413330078,20991200,46.21442413330078,20991200,46.21442413330078,20991200
2023-03-01 23:00:00,46.004615783691406,20991200,46.004615783691406,20991200,46.004615783691406,20991200
2023-03-02 23:00:00,46.03185272216797,20991200,46.03185272216797,20991200,46.03185272216797,20991200
2023-03-03 23:00:00,46.16810607910156,20991200,46.16810607910156,20991200,46.16810607910156,20991200
2023-03-06 23:00:00,46.140846252441406,20991200,46.140846252441406,20991200,46.140846252441406,20991200
2023-03-07 23:00:00,46.095436096191406,20991200,46.095436096191406,20991200,46.095436096191406,20991200
2023-03-08 23:00:00,46.059104919433594,20991200,46.059104919433594,20991200,46.059104919433594,20991200
2023-03-09 23:00:00,46.15901184082031,20991200,46.15901184082031,20991200,46.15901184082031,20991200
2023-03-10 23:00:00,46.35884094238281,20991200,46.35884094238281,20991200,46.35884094238281,20991200
2023-03-13 23:00:00,46.45874786376953,20991200,46.45874786376953,20991200,46.45874786376953,20991200
2023-03-14 23:00:00,46.34067153930664,20991200,46.34067153930664,20991200,46.34067153930664,20991200
2023-03-15 23:00:00,46.21350860595703,20991200,46.21350860595703,20991200,46.21350860595703,20991200
2023-03-16 23:00:00,46.395164489746094,20991200,46.395164489746094,20991200,46.395164489746094,20991200
2023-03-17 23:00:00,46.37700653076172,20991200,46.37700653076172,20991200,46.37700653076172,20991200
2023-03-20 23:00:00,46.38608169555664,20991200,46.38608169555664,20991200,46.38608169555664,20991200
2023-03-21 23:00:00,46.20442581176758,20991200,46.20442581176758,20991200,46.20442581176758,20991200
2023-03-22 23:00:00,46.40425109863281,20991200,46.40425109863281,20991200,46.40425109863281,20991200
2023-03-23 23:00:00,46.48599624633789,20991200,46.48599624633789,20991200,46.48599624633789,20991200
2023-03-24 23:00:00,46.44966506958008,20991200,46.44966506958008,20991200,46.44966506958008,20991200
2023-03-27 23:00:00,46.4769172668457,20991200,46.4769172668457,20991200,46.4769172668457,20991200
2023-03-28 23:00:00,46.45874786376953,20991200,46.45874786376953,20991200,46.45874786376953,20991200
2023-03-29 23:00:00,46.53140640258789,20991200,46.53140640258789,20991200,46.53140640258789,20991200
2023-03-30 23:00:00,46.74940872192383,20991200,46.74940872192383,20991200,46.74940872192383,20991200
2023-03-31 23:00:00,46.9946403503418,20991200,46.9946403503418,20991200,46.9946403503418,20991200
2023-04-03 23:00:00,47.052982330322266,20991200,47.052982330322266,20991200,47.052982330322266,20991200
2023-04-04 23:00:00,47.15326690673828,20991200,47.15326690673828,20991200,47.15326690673828,20991200
2023-04-05 23:00:00,47.32648468017578,20991200,47.32648468017578,20991200,47.32648468017578,20991200
2023-04-06 23:00:00,47.36296081542969,20991200,47.36296081542969,20991200,47.36296081542969,20991200
2023-04-10 23:00:00,47.16238784790039,20991200,47.16238784790039,20991200,47.16238784790039,20991200
2023-04-11 23:00:00,47.2262077331543,20991200,47.2262077331543,20991200,47.2262077331543,20991200
2023-04-12 23:00:00,47.399436950683594,20991200,47.399436950683594,20991200,47.399436950683594,20991200
2023-04-13 23:00:00,47.399436950683594,20991200,47.399436950683594,20991200,47.399436950683594,20991200
2023-04-14 23:00:00,47.062095642089844,20991200,47.062095642089844,20991200,47.062095642089844,20991200
2023-04-17 23:00:00,46.916221618652344,20991200,46.916221618652344,20991200,46.916221618652344,20991200
2023-04-18 23:00:00,46.50596618652344,20991200,46.50596618652344,20991200,46.50596618652344,20991200
2023-04-19 23:00:00,46.259803771972656,20991200,46.259803771972656,20991200,46.259803771972656,20991200
2023-04-20 23:00:00,46.451271057128906,20991200,46.451271057128906,20991200,46.451271057128906,20991200
2023-04-21 23:00:00,46.451271057128906,20991200,46.451271057128906,20991200,46.451271057128906,20991200
2023-04-24 23:00:00,46.670074462890625,20991200,46.670074462890625,20991200,46.670074462890625,20991200
2023-04-25 23:00:00,46.870643615722656,20991200,46.870643615722656,20991200,46.870643615722656,20991200
2023-04-26 23:00:00,46.74301528930664,20991200,46.74301528930664,20991200,46.74301528930664,20991200
2023-04-27 23:00:00,46.78858947753906,20991200,46.78858947753906,20991200,46.78858947753906,20991200
2023-04-28 23:00:00,47.00739669799805,20991200,47.00739669799805,20991200,47.00739669799805,20991200
2023-05-01 23:00:00,46.72753143310547,20991200,46.72753143310547,20991200,46.72753143310547,20991200
2023-05-02 23:00:00,46.96532440185547,20991200,46.96532440185547,20991200,46.96532440185547,20991200
2023-05-03 23:00:00,47.08422088623047,20991200,47.08422088623047,20991200,47.08422088623047,20991200
2023-05-04 23:00:00,47.13908767700195,20991200,47.13908767700195,20991200,47.13908767700195,20991200
2023-05-05 23:00:00,47.15739059448242,20991200,47.15739059448242,20991200,47.15739059448242,20991200
2023-05-08 23:00:00,46.82814025878906,20991200,46.82814025878906,20991200,46.82814025878906,20991200
2023-05-09 23:00:00,46.80069351196289,20991200,46.80069351196289,20991200,46.80069351196289,20991200
2023-05-10 23:00:00,47.02020263671875,20991200,47.02020263671875,20991200,47.02020263671875,20991200
2023-05-11 23:00:00,47.03848648071289,20991200,47.03848648071289,20991200,47.03848648071289,20991200
2023-05-12 23:00:00,47.02020263671875,20991200,47.02020263671875,20991200,47.02020263671875,20991200
2023-05-15 23:00:00,46.928741455078125,20991200,46.928741455078125,20991200,46.928741455078125,20991200
2023-05-16 23:00:00,46.84642028808594,20991200,46.84642028808594,20991200,46.84642028808594,20991200
2023-05-17 23:00:00,46.94702911376953,20991200,46.94702911376953,20991200,46.94702911376953,20991200
2023-05-18 23:00:00,46.251922607421875,20991200,46.251922607421875,20991200,46.251922607421875,20991200
2023-05-19 23:00:00,46.1238899230957,20991200,46.1238899230957,20991200,46.1238899230957,20991200
2023-05-22 23:00:00,46.1238899230957,20991200,46.1238899230957,20991200,46.1238899230957,20991200
2023-05-23 23:00:00,45.986690521240234,20991200,45.986690521240234,20991200,45.986690521240234,20991200
2023-05-24 23:00:00,45.913516998291016,20991200,45.913516998291016,20991200,45.913516998291016,20991200
2023-05-25 23:00:00,46.05070114135742,20991200,46.05070114135742,20991200,46.05070114135742,20991200
2023-05-26 23:00:00,46.197052001953125,20991200,46.197052001953125,20991200,46.197052001953125,20991200
2023-05-30 23:00:00,46.55374526977539,20991200,46.55374526977539,20991200,46.55374526977539,20991200
2023-05-31 23:00:00,46.78240966796875,20991200,46.78240966796875,20991200,46.78240966796875,20991200
2023-06-01 23:00:00,46.83195495605469,20991200,46.83195495605469,20991200,46.83195495605469,20991200
2023-06-02 23:00:00,46.61170196533203,20991200,46.61170196533203,20991200,46.61170196533203,20991200
2023-06-05 23:00:00,46.66676330566406,20991200,46.66676330566406,20991200,46.66676330566406,20991200
2023-06-06 23:00:00,46.78607940673828,20991200,46.78607940673828,20991200,46.78607940673828,20991200
2023-06-07 23:00:00,46.556644439697266,20991200,46.556644439697266,20991200,46.556644439697266,20991200
2023-06-08 23:00:00,46.74936294555664,20991200,46.74936294555664,20991200,46.74936294555664,20991200
2023-06-09 23:00:00,46.813602447509766,20991200,46.813602447509766,20991200,46.813602447509766,20991200
2023-06-12 23:00:00,46.74018478393555,20991200,46.74018478393555,20991200,46.74018478393555,20991200
2023-06-13 23:00:00,46.822776794433594,20991200,46.822776794433594,20991200,46.822776794433594,20991200
2023-06-14 23:00:00,46.95126724243164,20991200,46.95126724243164,20991200,46.95126724243164,20991200
2023-06-15 23:00:00,47.23576354980469,20991200,47.23576354980469,20991200,47.23576354980469,20991200
2023-06-16 23:00:00,47.244937896728516,20991200,47.244937896728516,20991200,47.244937896728516,20991200
2023-06-20 23:00:00,47.23576354980469,20991200,47.23576354980469,20991200,47.23576354980469,20991200
2023-06-21 23:00:00,47.345890045166016,20991200,47.345890045166016,20991200,47.345890045166016,20991200
2023-06-22 23:00:00,47.290836334228516,20991200,47.290836334228516,20991200,47.290836334228516,20991200
2023-06-23 23:00:00,47.37342071533203,20991200,47.37342071533203,20991200,47.37342071533203,20991200
2023-06-26 23:00:00,47.37342071533203,20991200,47.37342071533203,20991200,47.37342071533203,20991200
2023-06-27 23:00:00,47.309181213378906,20991200,47.309181213378906,20991200,47.309181213378906,20991200
2023-06-28 23:00:00,47.3642463684082,20991200,47.3642463684082,20991200,47.3642463684082,20991200
2023-06-29 23:00:00,47.04304122924805,20991200,47.04304122924805,20991200,47.04304122924805,20991200
2023-06-30 23:00:00,47.116451263427734,20991200,47.116451263427734,20991200,47.116451263427734,20991200
2023-07-03 23:00:00,47.11185836791992,20991200,47.11185836791992,20991200,47.11185836791992,20991200
2023-07-05 23:00:00,47.06581497192383,20991200,47.06581497192383,20991200,47.06581497192383,20991200
2023-07-06 23:00:00,46.95530319213867,20991200,46.95530319213867,20991200,46.95530319213867,20991200
2023-07-07 23:00:00,47.01055908203125,20991200,47.01055908203125,20991200,47.01055908203125,20991200
2023-07-10 23:00:00,47.028968811035156,20991200,47.028968811035156,20991200,47.028968811035156,20991200
2023-07-11 23:00:00,47.09344482421875,20991200,47.09344482421875,20991200,47.09344482421875,20991200
2023-07-12 23:00:00,47.18552017211914,20991200,47.18552017211914,20991200,47.18552017211914,20991200
2023-07-13 23:00:00,47.378902435302734,20991200,47.378902435302734,20991200,47.378902435302734,20991200
2023-07-14 23:00:00,47.332862854003906,20991200,47.332862854003906,20991200,47.332862854003906,20991200
2023-07-17 23:00:00,47.38811111450195,20991200,47.38811111450195,20991200,47.38811111450195,20991200
2023-07-18 23:00:00,47.62754440307617,20991200,47.62754440307617,20991200,47.62754440307617,20991200
2023-07-19 23:00:00,47.7564697265625,20991200,47.7564697265625,20991200,47.7564697265625,20991200
2023-07-20 23:00:00,47.42495346069336,20991200,47.42495346069336,20991200,47.42495346069336,20991200
2023-07-21 23:00:00,47.47099685668945,20991200,47.47099685668945,20991200,47.47099685668945,20991200
2023-07-24 23:00:00,47.4433708190918,20991200,47.4433708190918,20991200,47.4433708190918,20991200
2023-07-25 23:00:00,47.40652847290039,20991200,47.40652847290039,20991200,47.40652847290039,20991200
2023-07-26 23:00:00,47.498619079589844,20991200,47.498619079589844,20991200,47.498619079589844,20991200
2023-07-27 23:00:00,47.1302604675293,20991200,47.1302604675293,20991200,47.1302604675293,20991200
2023-07-28 23:00:00,47.17631530761719,20991200,47.17631530761719,20991200,47.17631530761719,20991200
2023-07-31 23:00:00,47.16709899902344,20991200,47.16709899902344,20991200,47.16709899902344,20991200
2023-08-01 23:00:00,47.00908279418945,20991200,47.00908279418945,20991200,47.00908279418945,20991200
2023-08-02 23:00:00,46.77806854248047,20991200,46.77806854248047,20991200,46.77806854248047,20991200
2023-08-03 23:00:00,46.35297775268555,20991200,46.35297775268555,20991200,46.35297775268555,20991200
2023-08-04 23:00:00,46.694889068603516,20991200,46.694889068603516,20991200,46.694889068603516,20991200
2023-08-07 23:00:00,46.537803649902344,20991200,46.537803649902344,20991200,46.537803649902344,20991200
2023-08-08 23:00:00,46.87047576904297,20991200,46.87047576904297,20991200,46.87047576904297,20991200
2023-08-09 23:00:00,47.09225082397461,20991200,47.09225082397461,20991200,47.09225082397461,20991200
2023-08-10 23:00:00,47.02757263183594,20991200,47.02757263183594,20991200,47.02757263183594,20991200
2023-08-11 23:00:00,46.91667556762695,20991200,46.91667556762695,20991200,46.91667556762695,20991200
2023-08-14 23:00:00,46.87047576904297,20991200,46.87047576904297,20991200,46.87047576904297,20991200
2023-08-15 23:00:00,46.9259147644043,20991200,46.9259147644043,20991200,46.9259147644043,20991200
2023-08-16 23:00:00,46.88895034790039,20991200,46.88895034790039,20991200,46.88895034790039,20991200
2023-08-17 23:00:00,46.639442443847656,20991200,46.639442443847656,20991200,46.639442443847656,20991200
2023-08-18 23:00:00,46.68564987182617,20991200,46.68564987182617,20991200,46.68564987182617,20991200
2023-08-21 23:00:00,46.34372329711914,20991200,46.34372329711914,20991200,46.34372329711914,20991200
2023-08-22 23:00:00,46.37145233154297,20991200,46.37145233154297,20991200,46.37145233154297,20991200
2023-08-23 23:00:00,46.639442443847656,20991200,46.639442443847656,20991200,46.639442443847656,20991200
2023-08-24 23:00:00,46.65792465209961,20991200,46.65792465209961,20991200,46.65792465209961,20991200
2023-08-25 23:00:00,46.63019943237305,20991200,46.63019943237305,20991200,46.63019943237305,20991200
2023-08-28 23:00:00,46.68564987182617,20991200,46.68564987182617,20991200,46.68564987182617,20991200
2023-08-29 23:00:00,46.87971496582031,20991200,46.87971496582031,20991200,46.87971496582031,20991200
2023-08-30 23:00:00,46.93516159057617,20991200,46.93516159057617,20991200,46.93516159057617,20991200
2023-08-31 23:00:00,46.93516159057617,20991200,46.93516159057617,20991200,46.93516159057617,20991200
2023-09-01 23:00:00,46.80439376831055,20991200,46.80439376831055,20991200,46.80439376831055,20991200
2023-09-05 23:00:00,46.65602111816406,20991200,46.65602111816406,20991200,46.65602111816406,20991200
2023-09-06 23:00:00,46.665283203125,20991200,46.665283203125,20991200,46.665283203125,20991200
2023-09-07 23:00:00,46.600372314453125,20991200,46.600372314453125,20991200,46.600372314453125,20991200
2023-09-08 23:00:00,46.61891555786133,20991200,46.61891555786133,20991200,46.61891555786133,20991200
2023-09-11 23:00:00,46.58182907104492,20991200,46.58182907104492,20991200,46.58182907104492,20991200
2023-09-12 23:00:00,46.61891555786133,20991200,46.61891555786133,20991200,46.61891555786133,20991200
2023-09-13 23:00:00,46.785850524902344,20991200,46.785850524902344,20991200,46.785850524902344,20991200
2023-09-14 23:00:00,46.69309997558594,20991200,46.69309997558594,20991200,46.69309997558594,20991200
2023-09-15 23:00:00,46.52618408203125,20991200,46.52618408203125,20991200,46.52618408203125,20991200
2023-09-18 23:00:00,46.51691818237305,20991200,46.51691818237305,20991200,46.51691818237305,20991200
2023-09-19 23:00:00,46.44272232055664,20991200,46.44272232055664,20991200,46.44272232055664,20991200
2023-09-20 23:00:00,46.44272232055664,20991200,46.44272232055664,20991200,46.44272232055664,20991200
2023-09-21 23:00:00,46.02539825439453,20991200,46.02539825439453,20991200,46.02539825439453,20991200
2023-09-22 23:00:00,46.10887145996094,20991200,46.10887145996094,20991200,46.10887145996094,20991200
2023-09-25 23:00:00,45.71936798095703,20991200,45.71936798095703,20991200,45.71936798095703,20991200
2023-09-26 23:00:00,45.4689826965332,20991200,45.4689826965332,20991200,45.4689826965332,20991200
2023-09-27 23:00:00,45.30206298828125,20991200,45.30206298828125,20991200,45.30206298828125,20991200
2023-09-28 23:00:00,45.079490661621094,20991200,45.079490661621094,20991200,45.079490661621094,20991200
2023-09-29 23:00:00,45.506080627441406,20991200,45.506080627441406,20991200,45.506080627441406,20991200
2023-10-02 23:00:00,45.18109130859375,20991200,45.18109130859375,20991200,45.18109130859375,20991200
2023-10-03 23:00:00,44.71550750732422,20991200,44.71550750732422,20991200,44.71550750732422,20991200
2023-10-04 23:00:00,45.041412353515625,20991200,45.041412353515625,20991200,45.041412353515625,20991200
2023-10-05 23:00:00,45.09729766845703,20991200,45.09729766845703,20991200,45.09729766845703,20991200
2023-10-06 23:00:00,44.89243698120117,20991200,44.89243698120117,20991200,44.89243698120117,20991200
2023-10-09 23:00:00,45.26490783691406,20991200,45.26490783691406,20991200,45.26490783691406,20991200
2023-10-10 23:00:00,45.33938980102539,20991200,45.33938980102539,20991200,45.33938980102539,20991200
2023-10-11 23:00:00,45.804988861083984,20991200,45.804988861083984,20991200,45.804988861083984,20991200
2023-10-12 23:00:00,45.4976921081543,20991200,45.4976921081543,20991200,45.4976921081543,20991200
2023-10-13 23:00:00,45.71186828613281,20991200,45.71186828613281,20991200,45.71186828613281,20991200
2023-10-16 23:00:00,45.37664031982422,20991200,45.37664031982422,20991200,45.37664031982422,20991200
2023-10-17 23:00:00,44.69688415527344,20991200,44.69688415527344,20991200,44.69688415527344,20991200
2023-10-18 23:00:00,44.52927017211914,20991200,44.52927017211914,20991200,44.52927017211914,20991200
2023-10-19 23:00:00,44.305789947509766,20991200,44.305789947509766,20991200,44.305789947509766,20991200
2023-10-20 23:00:00,44.594444274902344,20991200,44.594444274902344,20991200,44.594444274902344,20991200
2023-10-23 23:00:00,44.603763580322266,20991200,44.603763580322266,20991200,44.603763580322266,20991200
2023-10-24 23:00:00,44.67824935913086,20991200,44.67824935913086,20991200,44.67824935913086,20991200
2023-10-25 23:00:00,44.54789352416992,20991200,44.54789352416992,20991200,44.54789352416992,20991200
2023-10-26 23:00:00,44.72481155395508,20991200,44.72481155395508,20991200,44.72481155395508,20991200
2023-10-27 23:00:00,44.659637451171875,20991200,44.659637451171875,20991200,44.659637451171875,20991200
2023-10-30 23:00:00,44.48270797729492,20991200,44.48270797729492,20991200,44.48270797729492,20991200
2023-10-31 23:00:00,44.51996612548828,20991200,44.51996612548828,20991200,44.51996612548828,20991200
2023-11-01 23:00:00,44.71253204345703,20991200,44.71253204345703,20991200,44.71253204345703,20991200
2023-11-02 23:00:00,45.08645248413086,20991200,45.08645248413086,20991200,45.08645248413086,20991200
2023-11-03 23:00:00,45.4697265625,20991200,45.4697265625,20991200,45.4697265625,20991200
2023-11-06 23:00:00,45.33884811401367,20991200,45.33884811401367,20991200,45.33884811401367,20991200
2023-11-07 23:00:00,45.65669250488281,20991200,45.65669250488281,20991200,45.65669250488281,20991200
2023-11-08 23:00:00,45.815608978271484,20991200,45.815608978271484,20991200,45.815608978271484,20991200
2023-11-09 23:00:00,45.5164680480957,20991200,45.5164680480957,20991200,45.5164680480957,20991200
2023-11-10 23:00:00,45.68474578857422,20991200,45.68474578857422,20991200,45.68474578857422,20991200
2023-11-13 23:00:00,45.694095611572266,20991200,45.694095611572266,20991200,45.694095611572266,20991200
2023-11-14 23:00:00,46.2082405090332,20991200,46.2082405090332,20991200,46.2082405090332,20991200
2023-11-15 23:00:00,46.021278381347656,20991200,46.021278381347656,20991200,46.021278381347656,20991200
2023-11-16 23:00:00,46.16150665283203,20991200,46.16150665283203,20991200,46.16150665283203,20991200
2023-11-17 23:00:00,46.43259811401367,20991200,46.43259811401367,20991200,46.43259811401367,20991200
2023-11-20 23:00:00,46.50737762451172,20991200,46.50737762451172,20991200,46.50737762451172,20991200
2023-11-21 23:00:00,46.62892150878906,20991200,46.62892150878906,20991200,46.62892150878906,20991200
2023-11-22 23:00:00,46.666297912597656,20991200,46.666297912597656,20991200,46.666297912597656,20991200
2023-11-24 23:00:00,46.600868225097656,20991200,46.600868225097656,20991200,46.600868225097656,20991200
2023-11-27 23:00:00,46.713050842285156,20991200,46.713050842285156,20991200,46.713050842285156,20991200
2023-11-28 23:00:00,46.77849578857422,20991200,46.77849578857422,20991200,46.77849578857422,20991200
2023-11-29 23:00:00,47.18045425415039,20991200,47.18045425415039,20991200,47.18045425415039,20991200
2023-11-30 23:00:00,47.20850372314453,20991200,47.20850372314453,20991200,47.20850372314453,20991200
2023-12-01 23:00:00,47.50110626220703,20991200,47.50110626220703,20991200,47.50110626220703,20991200
2023-12-04 23:00:00,47.37918472290039,20991200,47.37918472290039,20991200,47.37918472290039,20991200
2023-12-05 23:00:00,47.59489440917969,20991200,47.59489440917969,20991200,47.59489440917969,20991200
2023-12-06 23:00:00,47.651161193847656,20991200,47.651161193847656,20991200,47.651161193847656,20991200
2023-12-07 23:00:00,47.585514068603516,20991200,47.585514068603516,20991200,47.585514068603516,20991200
2023-12-08 23:00:00,47.48236083984375,20991200,47.48236083984375,20991200,47.48236083984375,20991200
2023-12-11 23:00:00,47.407325744628906,20991200,47.407325744628906,20991200,47.407325744628906,20991200
2023-12-12 23:00:00,47.60426330566406,20991200,47.60426330566406,20991200,47.60426330566406,20991200
2023-12-13 23:00:00,47.93250274658203,20991200,47.93250274658203,20991200,47.93250274658203,20991200
2023-12-14 23:00:00,48.3639030456543,20991200,48.3639030456543,20991200,48.3639030456543,20991200
2023-12-15 23:00:00,48.373291015625,20991200,48.373291015625,20991200,48.373291015625,20991200
2023-12-18 23:00:00,48.260746002197266,20991200,48.260746002197266,20991200,48.260746002197266,20991200
2023-12-19 23:00:00,48.33577346801758,20991200,48.33577346801758,20991200,48.33577346801758,20991200
2023-12-20 23:00:00,48.39204406738281,20991200,48.39204406738281,20991200,48.39204406738281,20991200
2023-12-21 23:00:00,48.40141677856445,20991200,48.40141677856445,20991200,48.40141677856445,20991200
2023-12-22 23:00:00,48.41080093383789,20991200,48.41080093383789,20991200,48.41080093383789,20991200
2023-12-26 23:00:00,48.52334213256836,20991200,48.52334213256836,20991200,48.52334213256836,20991200
2023-12-27 23:00:00,48.64662551879883,20991200,48.64662551879883,20991200,48.64662551879883,20991200
2023-12-28 23:00:00,48.59015655517578,20991200,48.59015655517578,20991200,48.59015655517578,20991200
2023-12-29 23:00:00,48.59015655517578,20991200,48.59015655517578,20991200,48.59015655517578,20991200
2024-01-02 23:00:00,48.317230224609375,20991200,48.317230224609375,20991200,48.317230224609375,20991200
2024-01-03 23:00:00,48.18547439575195,20991200,48.18547439575195,20991200,48.18547439575195,20991200
2024-01-04 23:00:00,48.20429611206055,20991200,48.20429611206055,20991200,48.20429611206055,20991200
2024-01-05 23:00:00,48.091365814208984,20991200,48.091365814208984,20991200,48.091365814208984,20991200
2024-01-08 23:00:00,48.270172119140625,20991200,48.270172119140625,20991200,48.270172119140625,20991200
2024-01-09 23:00:00,48.307823181152344,20991200,48.307823181152344,20991200,48.307823181152344,20991200
2024-01-10 23:00:00,48.37371063232422,20991200,48.37371063232422,20991200,48.37371063232422,20991200
2024-01-11 23:00:00,48.59015655517578,20991200,48.59015655517578,20991200,48.59015655517578,20991200
2024-01-12 23:00:00,48.58074951171875,20991200,48.58074951171875,20991200,48.58074951171875,20991200
2024-01-16 23:00:00,48.270172119140625,20991200,48.270172119140625,20991200,48.270172119140625,20991200
2024-01-17 23:00:00,48.091365814208984,20991200,48.091365814208984,20991200,48.091365814208984,20991200
2024-01-18 23:00:00,47.95960235595703,20991200,47.95960235595703,20991200,47.95960235595703,20991200
2024-01-19 23:00:00,47.846675872802734,20991200,47.846675872802734,20991200,47.846675872802734,20991200
2024-01-22 23:00:00,47.83726119995117,20991200,47.83726119995117,20991200,47.83726119995117,20991200
2024-01-23 23:00:00,47.83726119995117,20991200,47.83726119995117,20991200,47.83726119995117,20991200
2024-01-24 23:00:00,47.733734130859375,20991200,47.733734130859375,20991200,47.733734130859375,20991200
2024-01-25 23:00:00,48.119606018066406,20991200,48.119606018066406,20991200,48.119606018066406,20991200
2024-01-26 23:00:00,48.23253631591797,20991200,48.23253631591797,20991200,48.23253631591797,20991200
2024-01-29 23:00:00,48.45840072631836,20991200,48.45840072631836,20991200,48.45840072631836,20991200
2024-01-30 23:00:00,48.58074951171875,20991200,48.58074951171875,20991200,48.58074951171875,20991200
2024-01-31 23:00:00,48.76898193359375,20991200,48.76898193359375,20991200,48.76898193359375,20991200
2024-02-01 23:00:00,49.187442779541016,20991200,49.187442779541016,20991200,49.187442779541016,20991200
2024-02-02 23:00:00,48.696231842041016,20991200,48.696231842041016,20991200,48.696231842041016,20991200
2024-02-05 23:00:00,48.26169967651367,20991200,48.26169967651367,20991200,48.26169967651367,20991200
2024-02-06 23:00:00,48.47896957397461,20991200,48.47896957397461,20991200,48.47896957397461,20991200
2024-02-07 23:00:00,48.52619934082031,20991200,48.52619934082031,20991200,48.52619934082031,20991200
2024-02-08 23:00:00,48.50730514526367,20991200,48.50730514526367,20991200,48.50730514526367,20991200
2024-02-09 23:00:00,48.4600830078125,20991200,48.4600830078125,20991200,48.4600830078125,20991200
2024-02-12 23:00:00,48.55454635620117,20991200,48.55454635620117,20991200,48.55454635620117,20991200
2024-02-13 23:00:00,48.29003143310547,20991200,48.29003143310547,20991200,48.29003143310547,20991200
2024-02-14 23:00:00,48.450626373291016,20991200,48.450626373291016,20991200,48.450626373291016,20991200
2024-02-15 23:00:00,48.63010787963867,20991200,48.63010787963867,20991200,48.63010787963867,20991200
2024-02-16 23:00:00,48.76236343383789,20991200,48.76236343383789,20991200,48.76236343383789,20991200
2024-02-20 23:00:00,48.87571716308594,20991200,48.87571716308594,20991200,48.87571716308594,20991200
2024-02-21 23:00:00,48.81903076171875,20991200,48.81903076171875,20991200,48.81903076171875,20991200
2024-02-22 23:00:00,48.885169982910156,20991200,48.885169982910156,20991200,48.885169982910156,20991200
2024-02-23 23:00:00,49.06464767456055,20991200,49.06464767456055,20991200,49.06464767456055,20991200
2024-02-26 23:00:00,48.93239212036133,20991200,48.93239212036133,20991200,48.93239212036133,20991200
2024-02-27 23:00:00,48.97018814086914,20991200,48.97018814086914,20991200,48.97018814086914,20991200
2024-02-28 23:00:00,49.08353805541992,20991200,49.08353805541992,20991200,49.08353805541992,20991200
2024-02-29 23:00:00,49.08353805541992,20991200,49.08353805541992,20991200,49.08353805541992,20991200
2024-03-01 23:00:00,49.18874740600586,20991200,49.18874740600586,20991200,49.18874740600586,20991200
2024-03-04 23:00:00,48.99919128417969,20991200,48.99919128417969,20991200,48.99919128417969,20991200
2024-03-05 23:00:00,49.2171745300293,20991200,49.2171745300293,20991200,49.2171745300293,20991200
2024-03-06 23:00:00,49.226646423339844,20991200,49.226646423339844,20991200,49.226646423339844,20991200
2024-03-07 23:00:00,49.311954498291016,20991200,49.311954498291016,20991200,49.311954498291016,20991200
2024-03-08 23:00:00,49.33090591430664,20991200,49.33090591430664,20991200,49.33090591430664,20991200
2024-03-11 23:00:00,49.32142639160156,20991200,49.32142639160156,20991200,49.32142639160156,20991200
2024-03-12 23:00:00,49.302467346191406,20991200,49.302467346191406,20991200,49.302467346191406,20991200
2024-03-13 23:00:00,49.41619873046875,20991200,49.41619873046875,20991200,49.41619873046875,20991200
2024-03-14 23:00:00,49.20769500732422,20991200,49.20769500732422,20991200,49.20769500732422,20991200
2024-03-15 23:00:00,49.09395980834961,20991200,49.09395980834961,20991200,49.09395980834961,20991200
2024-03-18 23:00:00,49.179256439208984,20991200,49.179256439208984,20991200,49.179256439208984,20991200
2024-03-19 23:00:00,49.26456069946289,20991200,49.26456069946289,20991200,49.26456069946289,20991200
2024-03-20 23:00:00,49.4067268371582,20991200,49.4067268371582,20991200,49.4067268371582,20991200
2024-03-21 23:00:00,49.45410919189453,20991200,49.45410919189453,20991200,49.45410919189453,20991200
2024-03-22 23:00:00,49.52045822143555,20991200,49.52045822143555,20991200,49.52045822143555,20991200
2024-03-25 23:00:00,49.4067268371582,20991200,49.4067268371582,20991200,49.4067268371582,20991200
2024-03-26 23:00:00,49.4067268371582,20991200,49.4067268371582,20991200,49.4067268371582,20991200
2024-03-27 23:00:00,49.444637298583984,20991200,49.444637298583984,20991200,49.444637298583984,20991200
2024-03-28 23:00:00,49.529937744140625,20991200,49.529937744140625,20991200,49.529937744140625,20991200
2024-04-01 23:00:00,49.37202072143555,20991200,49.37202072143555,20991200,49.37202072143555,20991200
2024-04-02 23:00:00,49.17224884033203,20991200,49.17224884033203,20991200,49.17224884033203,20991200
2024-04-03 23:00:00,48.99150466918945,20991200,48.99150466918945,20991200,48.99150466918945,20991200
2024-04-04 23:00:00,49.0580940246582,20991200,49.0580940246582,20991200,49.0580940246582,20991200
2024-04-05 23:00:00,48.877349853515625,20991200,48.877349853515625,20991200,48.877349853515625,20991200
2024-04-08 23:00:00,49.001014709472656,20991200,49.001014709472656,20991200,49.001014709472656,20991200
2024-04-09 23:00:00,49.12468719482422,20991200,49.12468719482422,20991200,49.12468719482422,20991200
2024-04-10 23:00:00,48.782222747802734,20991200,48.782222747802734,20991200,48.782222747802734,20991200
2024-04-11 23:00:00,48.677574157714844,20991200,48.677574157714844,20991200,48.677574157714844,20991200
2024-04-12 23:00:00,48.92491912841797,20991200,48.92491912841797,20991200,48.92491912841797,20991200
2024-04-15 23:00:00,48.877349853515625,20991200,48.877349853515625,20991200,48.877349853515625,20991200
2024-04-16 23:00:00,48.73465347290039,20991200,48.73465347290039,20991200,48.73465347290039,20991200
2024-04-17 23:00:00,48.972476959228516,20991200,48.972476959228516,20991200,48.972476959228516,20991200
2024-04-18 23:00:00,48.92491912841797,20991200,48.92491912841797,20991200,48.92491912841797,20991200
2024-04-19 23:00:00,48.943946838378906,20991200,48.943946838378906,20991200,48.943946838378906,20991200
2024-04-22 23:00:00,48.95344161987305,20991200,48.95344161987305,20991200,48.95344161987305,20991200
2024-04-23 23:00:00,48.85832214355469,20991200,48.85832214355469,20991200,48.85832214355469,20991200
2024-04-24 23:00:00,48.877349853515625,20991200,48.877349853515625,20991200,48.877349853515625,20991200
2024-04-25 23:00:00,48.65855407714844,20991200,48.65855407714844,20991200,48.65855407714844,20991200
2024-04-26 23:00:00,48.65855407714844,20991200,48.65855407714844,20991200,48.65855407714844,20991200
2024-04-29 23:00:00,48.74417495727539,20991200,48.74417495727539,20991200,48.74417495727539,20991200
2024-04-30 23:00:00,48.69660568237305,20991200,48.69660568237305,20991200,48.69660568237305,20991200
2024-05-01 23:00:00,48.76633071899414,20991200,48.76633071899414,20991200,48.76633071899414,20991200
2024-05-02 23:00:00,48.85231018066406,20991200,48.85231018066406,20991200,48.85231018066406,20991200
2024-05-03 23:00:00,49.21531677246094,20991200,49.21531677246094,20991200,49.21531677246094,20991200
2024-05-06 23:00:00,49.30128860473633,20991200,49.30128860473633,20991200,49.30128860473633,20991200
2024-05-07 23:00:00,49.51144790649414,20991200,49.51144790649414,20991200,49.51144790649414,20991200
2024-05-08 23:00:00,49.50189208984375,20991200,49.50189208984375,20991200,49.50189208984375,20991200
2024-05-09 23:00:00,49.48278045654297,20991200,49.48278045654297,20991200,49.48278045654297,20991200
2024-05-10 23:00:00,49.46367645263672,20991200,49.46367645263672,20991200,49.46367645263672,20991200
2024-05-13 23:00:00,49.45412826538086,20991200,49.45412826538086,20991200,49.45412826538086,20991200
2024-05-14 23:00:00,49.492340087890625,20991200,49.492340087890625,20991200,49.492340087890625,20991200
2024-05-15 23:00:00,49.65473175048828,20991200,49.65473175048828,20991200,49.65473175048828,20991200
2024-05-16 23:00:00,49.61652374267578,20991200,49.61652374267578,20991200,49.61652374267578,20991200
2024-05-17 23:00:00,49.48278045654297,20991200,49.48278045654297,20991200,49.48278045654297,20991200
2024-05-20 23:00:00,49.35859680175781,20991200,49.35859680175781,20991200,49.35859680175781,20991200
2024-05-21 23:00:00,49.32994842529297,20991200,49.32994842529297,20991200,49.32994842529297,20991200
2024-05-22 23:00:00,49.1866569519043,20991200,49.1866569519043,20991200,49.1866569519043,20991200
2024-05-23 23:00:00,49.062469482421875,20991200,49.062469482421875,20991200,49.062469482421875,20991200
2024-05-24 23:00:00,49.09112548828125,20991200,49.09112548828125,20991200,49.09112548828125,20991200
2024-05-28 23:00:00,49.00515365600586,20991200,49.00515365600586,20991200,49.00515365600586,20991200
2024-05-29 23:00:00,48.9191780090332,20991200,48.9191780090332,20991200,48.9191780090332,20991200
2024-05-30 23:00:00,48.93828201293945,20991200,48.93828201293945,20991200,48.93828201293945,20991200
2024-05-31 23:00:00,49.04336929321289,20991200,49.04336929321289,20991200,49.04336929321289,20991200
2024-06-03 23:00:00,49.164161682128906,20991200,49.164161682128906,20991200,49.164161682128906,20991200
2024-06-04 23:00:00,49.35592269897461,20991200,49.35592269897461,20991200,49.35592269897461,20991200
2024-06-05 23:00:00,49.58600997924805,20991200,49.58600997924805,20991200,49.58600997924805,20991200
2024-06-06 23:00:00,49.77775192260742,20991200,49.77775192260742,20991200,49.77775192260742,20991200
2024-06-07 23:00:00,49.528480529785156,20991200,49.528480529785156,20991200,49.528480529785156,20991200
2024-06-10 23:00:00,49.499725341796875,20991200,49.499725341796875,20991200,49.499725341796875,20991200
2024-06-11 23:00:00,49.65312957763672,20991200,49.65312957763672,20991200,49.65312957763672,20991200
2024-06-12 23:00:00,49.77775192260742,20991200,49.77775192260742,20991200,49.77775192260742,20991200
2024-06-13 23:00:00,50.122901916503906,20991200,50.122901916503906,20991200,50.122901916503906,20991200
2024-06-14 23:00:00,50.161258697509766,20991200,50.161258697509766,20991200,50.161258697509766,20991200
2024-06-17 23:00:00,49.94074630737305,20991200,49.94074630737305,20991200,49.94074630737305,20991200
2024-06-18 23:00:00,50.084556579589844,20991200,50.084556579589844,20991200,50.084556579589844,20991200
2024-06-20 23:00:00,49.96950912475586,20991200,49.96950912475586,20991200,49.96950912475586,20991200
2024-06-21 23:00:00,49.92156982421875,20991200,49.92156982421875,20991200,49.92156982421875,20991200
2024-06-24 23:00:00,49.883216857910156,20991200,49.883216857910156,20991200,49.883216857910156,20991200
2024-06-25 23:00:00,49.93115997314453,20991200,49.93115997314453,20991200,49.93115997314453,20991200
2024-06-26 23:00:00,49.75858688354492,20991200,49.75858688354492,20991200,49.75858688354492,20991200
2024-06-27 23:00:00,49.71064758300781,20991200,49.71064758300781,20991200,49.71064758300781,20991200
2024-06-28 23:00:00,49.518898010253906,20991200,49.518898010253906,20991200,49.518898010253906,20991200
2024-07-01 23:00:00,49.5169677734375,20991200,49.5169677734375,20991200,49.5169677734375,20991200
2024-07-02 23:00:00,49.642066955566406,20991200,49.642066955566406,20991200,49.642066955566406,20991200
2024-07-03 23:00:00,49.87300491333008,20991200,49.87300491333008,20991200,49.87300491333008,20991200
2024-07-05 23:00:00,50.05582809448242,20991200,50.05582809448242,20991200,50.05582809448242,20991200
2024-07-08 23:00:00,50.026973724365234,20991200,50.026973724365234,20991200,50.026973724365234,20991200
2024-07-09 23:00:00,50.046207427978516,20991200,50.046207427978516,20991200,50.046207427978516,20991200
2024-07-10 23:00:00,50.065452575683594,20991200,50.065452575683594,20991200,50.065452575683594,20991200
2024-07-11 23:00:00,50.20979309082031,20991200,50.20979309082031,20991200,50.20979309082031,20991200
2024-07-12 23:00:00,50.363746643066406,20991200,50.363746643066406,20991200,50.363746643066406,20991200
2024-07-15 23:00:00,50.2482795715332,20991200,50.2482795715332,20991200,50.2482795715332,20991200
2024-07-16 23:00:00,50.40223693847656,20991200,50.40223693847656,20991200,50.40223693847656,20991200
2024-07-17 23:00:00,50.40223693847656,20991200,50.40223693847656,20991200,50.40223693847656,20991200
2024-07-18 23:00:00,50.32525634765625,20991200,50.32525634765625,20991200,50.32525634765625,20991200
2024-07-19 23:00:00,50.229034423828125,20991200,50.229034423828125,20991200,50.229034423828125,20991200
2024-07-22 23:00:00,50.1905403137207,20991200,50.1905403137207,20991200,50.1905403137207,20991200
2024-07-23 23:00:00,50.11356735229492,20991200,50.11356735229492,20991200,50.11356735229492,20991200
2024-07-24 23:00:00,50.007720947265625,20991200,50.007720947265625,20991200,50.007720947265625,20991200
2024-07-25 23:00:00,50.103946685791016,20991200,50.103946685791016,20991200,50.103946685791016,20991200
2024-07-26 23:00:00,50.28676986694336,20991200,50.28676986694336,20991200,50.28676986694336,20991200
2024-07-29 23:00:00,50.42147445678711,20991200,50.42147445678711,20991200,50.42147445678711,20991200
2024-07-30 23:00:00,50.41185760498047,20991200,50.41185760498047,20991200,50.41185760498047,20991200
2024-07-31 23:00:00,50.59468460083008,20991200,50.59468460083008,20991200,50.59468460083008,20991200
2024-08-01 23:00:00,50.01620101928711,20991200,50.01620101928711,20991200,50.01620101928711,20991200
2024-08-02 23:00:00,50.672916412353516,20991200,50.672916412353516,20991200,50.672916412353516,20991200
2024-08-05 23:00:00,50.75017166137695,20991200,50.75017166137695,20991200,50.75017166137695,20991200
2024-08-06 23:00:00,50.59564971923828,20991200,50.59564971923828,20991200,50.59564971923828,20991200
2024-08-07 23:00:00,50.267295837402344,20991200,50.267295837402344,20991200,50.267295837402344,20991200
2024-08-08 23:00:00,50.21900939941406,20991200,50.21900939941406,20991200,50.21900939941406,20991200
2024-08-09 23:00:00,50.33489990234375,20991200,50.33489990234375,20991200,50.33489990234375,20991200
2024-08-12 23:00:00,50.39284896850586,20991200,50.39284896850586,20991200,50.39284896850586,20991200
2024-08-13 23:00:00,50.53770065307617,20991200,50.53770065307617,20991200,50.53770065307617,20991200
2024-08-14 23:00:00,50.59564971923828,20991200,50.59564971923828,20991200,50.59564971923828,20991200
2024-08-15 23:00:00,50.40249252319336,20991200,50.40249252319336,20991200,50.40249252319336,20991200
2024-08-16 23:00:00,50.460445404052734,20991200,50.460445404052734,20991200,50.460445404052734,20991200
2024-08-19 23:00:00,50.479759216308594,20991200,50.479759216308594,20991200,50.479759216308594,20991200
2024-08-20 23:00:00,50.60530471801758,20991200,50.60530471801758,20991200,50.60530471801758,20991200
2024-08-21 23:00:00,50.634281158447266,20991200,50.634281158447266,20991200,50.634281158447266,20991200
2024-08-22 23:00:00,50.53770065307617,20991200,50.53770065307617,20991200,50.53770065307617,20991200
2024-08-23 23:00:00,50.798458099365234,20991200,50.798458099365234,20991200,50.798458099365234,20991200
2024-08-26 23:00:00,50.66324996948242,20991200,50.66324996948242,20991200,50.66324996948242,20991200
2024-08-27 23:00:00,50.653602600097656,20991200,50.653602600097656,20991200,50.653602600097656,20991200
2024-08-28 23:00:00,50.528045654296875,20991200,50.528045654296875,20991200,50.528045654296875,20991200
2024-08-29 23:00:00,50.54737091064453,20991200,50.54737091064453,20991200,50.54737091064453,20991200
2024-08-30 23:00:00,50.5570182800293,20991200,50.5570182800293,20991200,50.5570182800293,20991200
2024-09-03 23:00:00,50.799293518066406,20991200,50.799293518066406,20991200,50.799293518066406,20991200
2024-09-04 23:00:00,50.83805465698242,20991200,50.83805465698242,20991200,50.83805465698242,20991200
2024-09-05 23:00:00,50.88650131225586,20991200,50.88650131225586,20991200,50.88650131225586,20991200
2024-09-06 23:00:00,50.95435333251953,20991200,50.95435333251953,20991200,50.95435333251953,20991200
2024-09-09 23:00:00,50.96403121948242,20991200,50.96403121948242,20991200,50.96403121948242,20991200
2024-09-10 23:00:00,51.109405517578125,20991200,51.109405517578125,20991200,51.109405517578125,20991200
2024-09-11 23:00:00,51.09970474243164,20991200,51.09970474243164,20991200,51.09970474243164,20991200
2024-09-12 23:00:00,51.07063674926758,20991200,51.07063674926758,20991200,51.07063674926758,20991200
2024-09-13 23:00:00,51.13846969604492,20991200,51.13846969604492,20991200,51.13846969604492,20991200
2024-09-16 23:00:00,51.206302642822266,20991200,51.206302642822266,20991200,51.206302642822266,20991200
2024-09-17 23:00:00,51.16754913330078,20991200,51.16754913330078,20991200,51.16754913330078,20991200
2024-09-18 23:00:00,51.05125427246094,20991200,51.05125427246094,20991200,51.05125427246094,20991200
2024-09-19 23:00:00,51.09970474243164,20991200,51.09970474243164,20991200,51.09970474243164,20991200
2024-09-20 23:00:00,51.1772346496582,20991200,51.1772346496582,20991200,51.1772346496582,20991200
2024-09-23 23:00:00,51.15785217285156,20991200,51.15785217285156,20991200,51.15785217285156,20991200
2024-09-24 23:00:00,51.225685119628906,20991200,51.225685119628906,20991200,51.225685119628906,20991200
2024-09-25 23:00:00,51.196617126464844,20991200,51.196617126464844,20991200,51.196617126464844,20991200
2024-09-26 23:00:00,51.21599578857422,20991200,51.21599578857422,20991200,51.21599578857422,20991200
2024-09-27 23:00:00,51.409812927246094,20991200,51.409812927246094,20991200,51.409812927246094,20991200
2024-09-30 23:00:00,51.42919158935547,20991200,51.42919158935547,20991200,51.42919158935547,20991200
2024-10-01 23:00:00,51.5069694519043,20991200,51.5069694519043,20991200,51.5069694519043,20991200
2024-10-02 23:00:00,51.58474349975586,20991200,51.58474349975586,20991200,51.58474349975586,20991200
2024-10-03 23:00:00,51.42919158935547,20991200,51.42919158935547,20991200,51.42919158935547,20991200
2024-10-04 23:00:00,51.312530517578125,20991200,51.312530517578125,20991200,51.312530517578125,20991200
2024-10-07 23:00:00,51.06948471069336,20991200,51.06948471069336,20991200,51.06948471069336,20991200
2024-10-08 23:00:00,51.1861457824707,20991200,51.1861457824707,20991200,51.1861457824707,20991200
2024-10-09 23:00:00,51.05976104736328,20991200,51.05976104736328,20991200,51.05976104736328,20991200
2024-10-10 23:00:00,51.08892822265625,20991200,51.08892822265625,20991200,51.08892822265625,20991200
2024-10-11 23:00:00,51.19586944580078,20991200,51.19586944580078,20991200,51.19586944580078,20991200
2024-10-14 23:00:00,51.08892822265625,20991200,51.08892822265625,20991200,51.08892822265625,20991200
2024-10-15 23:00:00,51.25420379638672,20991200,51.25420379638672,20991200,51.25420379638672,20991200
2024-10-16 23:00:00,51.283363342285156,20991200,51.283363342285156,20991200,51.283363342285156,20991200
2024-10-17 23:00:00,51.23475646972656,20991200,51.23475646972656,20991200,51.23475646972656,20991200
2024-10-18 23:00:00,51.25420379638672,20991200,51.25420379638672,20991200,51.25420379638672,20991200
2024-10-21 23:00:00,51.07920455932617,20991200,51.07920455932617,20991200,51.07920455932617,20991200
2024-10-22 23:00:00,50.8556022644043,20991200,50.8556022644043,20991200,50.8556022644043,20991200
2024-10-23 23:00:00,50.505611419677734,20991200,50.505611419677734,20991200,50.505611419677734,20991200
2024-10-24 23:00:00,50.593109130859375,20991200,50.593109130859375,20991200,50.593109130859375,20991200
2024-10-25 23:00:00,50.7194938659668,20991200,50.7194938659668,20991200,50.7194938659668,20991200
2024-10-28 23:00:00,50.70977020263672,20991200,50.70977020263672,20991200,50.70977020263672,20991200
2024-10-29 23:00:00,50.748661041259766,20991200,50.748661041259766,20991200,50.748661041259766,20991200
2024-10-30 23:00:00,50.738929748535156,20991200,50.738929748535156,20991200,50.738929748535156,20991200
2024-10-31 23:00:00,50.7778205871582,20991200,50.7778205871582,20991200,50.7778205871582,20991200
2024-11-01 23:00:00,50.772945404052734,20991200,50.772945404052734,20991200,50.772945404052734,20991200
2024-11-04 23:00:00,50.96807861328125,20991200,50.96807861328125,20991200,50.96807861328125,20991200
2024-11-05 23:00:00,51.01686096191406,20991200,51.01686096191406,20991200,51.01686096191406,20991200
2024-11-06 23:00:00,50.28512191772461,20991200,50.28512191772461,20991200,50.28512191772461,20991200
2024-11-07 23:00:00,50.421714782714844,20991200,50.421714782714844,20991200,50.421714782714844,20991200
2024-11-08 23:00:00,50.94856262207031,20991200,50.94856262207031,20991200,50.94856262207031,20991200
2024-11-11 23:00:00,50.97783279418945,20991200,50.97783279418945,20991200,50.97783279418945,20991200
2024-11-12 23:00:00,50.84123992919922,20991200,50.84123992919922,20991200,50.84123992919922,20991200
2024-11-13 23:00:00,50.919288635253906,20991200,50.919288635253906,20991200,50.919288635253906,20991200
2024-11-14 23:00:00,50.870506286621094,20991200,50.870506286621094,20991200,50.870506286621094,20991200
2024-11-15 23:00:00,51.03636932373047,20991200,51.03636932373047,20991200,51.03636932373047,20991200
2024-11-18 23:00:00,51.06564712524414,20991200,51.06564712524414,20991200,51.06564712524414,20991200
2024-11-19 23:00:00,51.09490966796875,20991200,51.09490966796875,20991200,51.09490966796875,20991200
2024-11-20 23:00:00,51.08515548706055,20991200,51.08515548706055,20991200,51.08515548706055,20991200
2024-11-21 23:00:00,51.04612731933594,20991200,51.04612731933594,20991200,51.04612731933594,20991200
2024-11-22 23:00:00,51.11442184448242,20991200,51.11442184448242,20991200,51.11442184448242,20991200
2024-11-25 23:00:00,51.30955505371094,20991200,51.30955505371094,20991200,51.30955505371094,20991200
2024-11-26 23:00:00,51.31930923461914,20991200,51.31930923461914,20991200,51.31930923461914,20991200
2024-11-27 23:00:00,51.44615173339844,20991200,51.44615173339844,20991200,51.44615173339844,20991200
2024-11-29 23:00:00,51.5632209777832,20991200,51.5632209777832,20991200,51.5632209777832,20991200
2024-12-02 23:00:00,51.580841064453125,20991200,51.580841064453125,20991200,51.580841064453125,20991200
2024-12-03 23:00:00,51.53190612792969,20991200,51.53190612792969,20991200,51.53190612792969,20991200
2024-12-04 23:00:00,51.63957214355469,20991200,51.63957214355469,20991200,51.63957214355469,20991200
2024-12-05 23:00:00,51.53190612792969,20991200,51.53190612792969,20991200,51.53190612792969,20991200
2024-12-06 23:00:00,51.63957214355469,20991200,51.63957214355469,20991200,51.63957214355469,20991200
2024-12-09 23:00:00,51.54169464111328,20991200,51.54169464111328,20991200,51.54169464111328,20991200
2024-12-10 23:00:00,51.45360565185547,20991200,51.45360565185547,20991200,51.45360565185547,20991200
2024-12-11 23:00:00,51.33615493774414,20991200,51.33615493774414,20991200,51.33615493774414,20991200
2024-12-12 23:00:00,51.199127197265625,20991200,51.199127197265625,20991200,51.199127197265625,20991200
2024-12-13 23:00:00,51.00337219238281,20991200,51.00337219238281,20991200,51.00337219238281,20991200
2024-12-16 23:00:00,51.159976959228516,20991200,51.159976959228516,20991200,51.159976959228516,20991200
2024-12-17 23:00:00,51.00337219238281,20991200,51.00337219238281,20991200,51.00337219238281,20991200
2024-12-18 23:00:00,50.65101623535156,20991200,50.65101623535156,20991200,50.65101623535156,20991200
2024-12-19 23:00:00,50.00503921508789,20991200,50.00503921508789,20991200,50.00503921508789,20991200
2024-12-20 23:00:00,50.28887939453125,20991200,50.28887939453125,20991200,50.28887939453125,20991200
2024-12-23 23:00:00,50.357391357421875,20991200,50.357391357421875,20991200,50.357391357421875,20991200
2024-12-24 23:00:00,50.44548034667969,20991200,50.44548034667969,20991200,50.44548034667969,20991200
2024-12-26 23:00:00,50.73910903930664,20991200,50.73910903930664,20991200,50.73910903930664,20991200
2024-12-27 23:00:00,50.707672119140625,20991200,50.707672119140625,20991200,50.707672119140625,20991200
2024-12-30 23:00:00,50.884490966796875,20991200,50.884490966796875,20991200,50.884490966796875,20991200
2024-12-31 23:00:00,50.9925422668457,20991200,50.9925422668457,20991200,50.9925422668457,20991200
2025-01-02 23:00:00,50.894309997558594,20991200,50.894309997558594,20991200,50.894309997558594,20991200
2025-01-03 23:00:00,50.972896575927734,20991200,50.972896575927734,20991200,50.972896575927734,20991200
2025-01-06 23:00:00,50.982723236083984,20991200,50.982723236083984,20991200,50.982723236083984,20991200
2025-01-07 23:00:00,50.92377853393555,20991200,50.92377853393555,20991200,50.92377853393555,20991200
2025-01-08 23:00:00,50.874671936035156,20991200,50.874671936035156,20991200,50.874671936035156,20991200
2025-01-10 23:00:00,50.5799674987793,20991200,50.5799674987793,20991200,50.5799674987793,20991200
2025-01-13 23:00:00,50.46208953857422,20991200,50.46208953857422,20991200,50.46208953857422,20991200
2025-01-14 23:00:00,50.442440032958984,20991200,50.442440032958984,20991200,50.442440032958984,20991200
2025-01-15 23:00:00,50.66837692260742,20991200,50.66837692260742,20991200,50.66837692260742,20991200
2025-01-16 23:00:00,50.707672119140625,20991200,50.707672119140625,20991200,50.707672119140625,20991200
2025-01-17 23:00:00,50.776432037353516,20991200,50.776432037353516,20991200,50.776432037353516,20991200
2025-01-21 23:00:00,50.86484146118164,20991200,50.86484146118164,20991200,50.86484146118164,20991200
2025-01-22 23:00:00,50.884490966796875,20991200,50.884490966796875,20991200,50.884490966796875,20991200
2025-01-23 23:00:00,50.75678253173828,20991200,50.75678253173828,20991200,50.75678253173828,20991200
2025-01-24 23:00:00,50.855018615722656,20991200,50.855018615722656,20991200,50.855018615722656,20991200
2025-01-27 23:00:00,51.041664123535156,20991200,51.041664123535156,20991200,51.041664123535156,20991200
2025-01-28 23:00:00,50.94343185424805,20991200,50.94343185424805,20991200,50.94343185424805,20991200
2025-01-29 23:00:00,50.776432037353516,20991200,50.776432037353516,20991200,50.776432037353516,20991200
2025-01-30 23:00:00,50.894309997558594,20991200,50.894309997558594,20991200,50.894309997558594,20991200
2025-01-31 23:00:00,51.041664123535156,20991200,51.041664123535156,20991200,51.041664123535156,20991200
2025-02-03 23:00:00,51.147193908691406,20991200,51.147193908691406,20991200,51.147193908691406,20991200
2025-02-04 23:00:00,51.27540969848633,20991200,51.27540969848633,20991200,51.27540969848633,20991200
2025-02-05 23:00:00,51.45293045043945,20991200,51.45293045043945,20991200,51.45293045043945,20991200
2025-02-06 23:00:00,51.47265625,20991200,51.47265625,20991200,51.47265625,20991200
2025-02-07 23:00:00,51.27540969848633,20991200,51.27540969848633,20991200,51.27540969848633,20991200
2025-02-10 23:00:00,51.2852668762207,20991200,51.2852668762207,20991200,51.2852668762207,20991200
2025-02-11 23:00:00,51.245819091796875,20991200,51.245819091796875,20991200,51.245819091796875,20991200
2025-02-12 23:00:00,50.83159255981445,20991200,50.83159255981445,20991200,50.83159255981445,20991200
2025-02-13 23:00:00,51.127464294433594,20991200,51.127464294433594,20991200,51.127464294433594,20991200
2025-02-14 23:00:00,51.196502685546875,20991200,51.196502685546875,20991200,51.196502685546875,20991200
2025-02-18 23:00:00,51.07815933227539,20991200,51.07815933227539,20991200,51.07815933227539,20991200
2025-02-19 23:00:00,51.137332916259766,20991200,51.137332916259766,20991200,51.137332916259766,20991200
2025-02-20 23:00:00,51.16691970825195,20991200,51.16691970825195,20991200,51.16691970825195,20991200
2025-02-21 23:00:00,51.39375686645508,20991200,51.39375686645508,20991200,51.39375686645508,20991200
2025-02-24 23:00:00,51.423343658447266,20991200,51.423343658447266,20991200,51.423343658447266,20991200
2025-02-25 23:00:00,51.49238204956055,20991200,51.49238204956055,20991200,51.49238204956055,20991200
2025-02-26 23:00:00,51.70935821533203,20991200,51.70935821533203,20991200,51.70935821533203,20991200
2025-02-27 23:00:00,51.70935821533203,20991200,51.70935821533203,20991200,51.70935821533203,20991200
2025-02-28 23:00:00,51.8079833984375,20991200,51.8079833984375,20991200,51.8079833984375,20991200
2025-03-03 23:00:00,51.787208557128906,20991200,51.787208557128906,20991200,51.787208557128906,20991200
2025-03-04 23:00:00,51.43108367919922,20991200,51.43108367919922,20991200,51.43108367919922,20991200
2025-03-05 23:00:00,51.3618278503418,20991200,51.3618278503418,20991200,51.3618278503418,20991200
2025-03-06 23:00:00,51.262908935546875,20991200,51.262908935546875,20991200,51.262908935546875,20991200
2025-03-07 23:00:00,51.27280044555664,20991200,51.27280044555664,20991200,51.27280044555664,20991200
2025-03-10 23:00:00,51.3321533203125,20991200,51.3321533203125,20991200,51.3321533203125,20991200
2025-03-11 23:00:00,51.06505584716797,20991200,51.06505584716797,20991200,51.06505584716797,20991200
2025-03-12 23:00:00,51.02548599243164,20991200,51.02548599243164,20991200,51.02548599243164,20991200
2025-03-13 23:00:00,51.23323440551758,20991200,51.23323440551758,20991200,51.23323440551758,20991200
2025-03-14 23:00:00,51.18376922607422,20991200,51.18376922607422,20991200,51.18376922607422,20991200
2025-03-17 23:00:00,51.20355224609375,20991200,51.20355224609375,20991200,51.20355224609375,20991200
2025-03-18 23:00:00,51.213443756103516,20991200,51.213443756103516,20991200,51.213443756103516,20991200
2025-03-19 23:00:00,51.213443756103516,20991200,51.213443756103516,20991200,51.213443756103516,20991200
2025-03-20 23:00:00,51.24312210083008,20991200,51.24312210083008,20991200,51.24312210083008,20991200
2025-03-21 23:00:00,51.16398239135742,20991200,51.16398239135742,20991200,51.16398239135742,20991200
2025-03-24 23:00:00,51.06505584716797,20991200,51.06505584716797,20991200,51.06505584716797,20991200
2025-03-25 23:00:00,50.98591995239258,20991200,50.98591995239258,20991200,50.98591995239258,20991200
2025-03-26 23:00:00,50.451725006103516,20991200,50.451725006103516,20991200,50.451725006103516,20991200
2025-03-27 23:00:00,50.243980407714844,20991200,50.243980407714844,20991200,50.243980407714844,20991200
2025-03-28 23:00:00,50.491294860839844,20991200,50.491294860839844,20991200,50.491294860839844,20991200
2025-03-31 23:00:00,50.62978744506836,20991200,50.62978744506836,20991200,50.62978744506836,20991200
2025-04-01 23:00:00,50.8869514465332,20991200,50.8869514465332,20991200,50.8869514465332,20991200
2025-04-02 23:00:00,50.72808837890625,20991200,50.72808837890625,20991200,50.72808837890625,20991200
2025-04-03 23:00:00,50.986244201660156,20991200,50.986244201660156,20991200,50.986244201660156,20991200
2025-04-04 23:00:00,50.93659973144531,20991200,50.93659973144531,20991200,50.93659973144531,20991200
2025-04-07 23:00:00,49.16920852661133,20991200,49.16920852661133,20991200,49.16920852661133,20991200
2025-04-08 23:00:00,48.732330322265625,20991200,48.732330322265625,20991200,48.732330322265625,20991200
2025-04-09 23:00:00,49.208927154541016,20991200,49.208927154541016,20991200,49.208927154541016,20991200
2025-04-10 23:00:00,49.506797790527344,20991200,49.506797790527344,20991200,49.506797790527344,20991200
2025-04-11 23:00:00,48.911048889160156,20991200,48.911048889160156,20991200,48.911048889160156,20991200
2025-04-14 23:00:00,49.21885299682617,20991200,49.21885299682617,20991200,49.21885299682617,20991200
2025-04-15 23:00:00,49.318145751953125,20991200,49.318145751953125,20991200,49.318145751953125,20991200
2025-04-16 23:00:00,49.44722366333008,20991200,49.44722366333008,20991200,49.44722366333008,20991200
2025-04-17 23:00:00,49.56637191772461,20991200,49.56637191772461,20991200,49.56637191772461,20991200
2025-04-21 23:00:00,49.09970474243164,20991200,49.09970474243164,20991200,49.09970474243164,20991200
2025-04-22 23:00:00,49.04012680053711,20991200,49.04012680053711,20991200,49.04012680053711,20991200
2025-04-23 23:00:00,49.34793472290039,20991200,49.34793472290039,20991200,49.34793472290039,20991200
2025-04-24 23:00:00,49.69545364379883,20991200,49.69545364379883,20991200,49.69545364379883,20991200
2025-04-25 23:00:00,49.79474639892578,20991200,49.79474639892578,20991200,49.79474639892578,20991200
2025-04-28 23:00:00,49.844390869140625,20991200,49.844390869140625,20991200,49.844390869140625,20991200
2025-04-29 23:00:00,49.963539123535156,20991200,49.963539123535156,20991200,49.963539123535156,20991200
2025-04-30 23:00:00,50.04297637939453,20991200,50.04297637939453,20991200,50.04297637939453,20991200
2025-05-01 23:00:00,50.015079498291016,20991200,50.015079498291016,20991200,50.015079498291016,20991200
2025-05-02 23:00:00,49.96526336669922,20991200,49.96526336669922,20991200,49.96526336669922,20991200
2025-05-05 23:00:00,49.79589080810547,20991200,49.79589080810547,20991200,49.79589080810547,20991200
2025-05-06 23:00:00,49.955299377441406,20991200,49.955299377441406,20991200,49.955299377441406,20991200
2025-05-07 23:00:00,50.08481979370117,20991200,50.08481979370117,20991200,50.08481979370117,20991200
2025-05-08 23:00:00,49.845703125,20991200,49.845703125,20991200,49.845703125,20991200
2025-05-09 23:00:00,49.845703125,20991200,49.845703125,20991200,49.845703125,20991200
2025-05-12 23:00:00,49.81581497192383,20991200,49.81581497192383,20991200,49.81581497192383,20991200
2025-05-13 23:00:00,49.91544723510742,20991200,49.91544723510742,20991200,49.91544723510742,20991200
2025-05-14 23:00:00,49.636478424072266,20991200,49.636478424072266,20991200,49.636478424072266,20991200
2025-05-15 23:00:00,49.74607467651367,20991200,49.74607467651367,20991200,49.74607467651367,20991200
2025-05-16 23:00:00,49.74607467651367,20991200,49.74607467651367,20991200,49.74607467651367,20991200
2025-05-19 23:00:00,49.736106872558594,20991200,49.736106872558594,20991200,49.736106872558594,20991200
2025-05-20 23:00:00,49.58666229248047,20991200,49.58666229248047,20991200,49.58666229248047,20991200
2025-05-21 23:00:00,49.3475456237793,20991200,49.3475456237793,20991200,49.3475456237793,20991200
2025-05-22 23:00:00,49.36747360229492,20991200,49.36747360229492,20991200,49.36747360229492,20991200
2025-05-23 23:00:00,49.47706985473633,20991200,49.47706985473633,20991200,49.47706985473633,20991200
2025-05-27 23:00:00,49.736106872558594,20991200,49.736106872558594,20991200,49.736106872558594,20991200
2025-05-28 23:00:00,49.70621871948242,20991200,49.70621871948242,20991200,49.70621871948242,20991200
2025-05-29 23:00:00,49.76599884033203,20991200,49.76599884033203,20991200,49.76599884033203,20991200
2025-05-30 23:00:00,49.76599884033203,20991200,49.76599884033203,20991200,49.76599884033203,20991200
2025-06-02 23:00:00,49.560001373291016,20991200,49.560001373291016,20991200,49.560001373291016,20991200
2025-06-03 23:00:00,49.470001220703125,20991200,49.470001220703125,20991200,49.470001220703125,20991200
2025-06-04 23:00:00,49.619998931884766,20991200,49.619998931884766,20991200,49.619998931884766,20991200
2025-06-05 23:00:00,49.560001373291016,20991200,49.560001373291016,20991200,49.560001373291016,20991200
2025-06-06 23:00:00,49.380001068115234,20991200,49.380001068115234,20991200,49.380001068115234,20991200
2025-06-09 23:00:00,49.529998779296875,20991200,49.529998779296875,20991200,49.529998779296875,20991200
2025-06-10 23:00:00,49.5,20991200,49.5,20991200,49.5,20991200
2025-06-11 23:00:00,49.58000183105469,20991200,49.58000183105469,20991200,49.58000183105469,20991200
2025-06-12 23:00:00,49.81999969482422,20991200,49.81999969482422,20991200,49.81999969482422,20991200
2025-06-13 23:00:00,49.65999984741211,20991200,49.65999984741211,20991200,49.65999984741211,20991200
2025-06-16 23:00:00,49.77000045776367,20991200,49.77000045776367,20991200,49.77000045776367,20991200
2025-06-17 23:00:00,49.880001068115234,20991200,49.880001068115234,20991200,49.880001068115234,20991200
2025-06-18 23:00:00,49.849998474121094,20991200,49.849998474121094,20991200,49.849998474121094,20991200
2025-06-20 23:00:00,49.95000076293945,20991200,49.95000076293945,20991200,49.95000076293945,20991200
