DATETIME,CARRY,CARRY_CONTRACT,PRICE,PRICE_CONTRACT,FORWARD,FORWARD_CONTRACT
2020-01-02 23:00:00,299.9971008300781,20991200,299.9971008300781,20991200,299.9971008300781,20991200
2020-01-03 23:00:00,297.6896057128906,20991200,297.6896057128906,20991200,297.6896057128906,20991200
2020-01-06 23:00:00,298.8663024902344,20991200,298.8663024902344,20991200,298.8663024902344,20991200
2020-01-07 23:00:00,298.0481262207031,20991200,298.0481262207031,20991200,298.0481262207031,20991200
2020-01-08 23:00:00,299.5650329589844,20991200,299.5650329589844,20991200,299.5650329589844,20991200
2020-01-09 23:00:00,301.5875244140625,20991200,301.5875244140625,20991200,301.5875244140625,20991200
2020-01-10 23:00:00,300.7509765625,20991200,300.7509765625,20991200,300.7509765625,20991200
2020-01-13 23:00:00,302.856201171875,20991200,302.856201171875,20991200,302.856201171875,20991200
2020-01-14 23:00:00,302.38739013671875,20991200,302.38739013671875,20991200,302.38739013671875,20991200
2020-01-15 23:00:00,303.0676574707031,20991200,303.0676574707031,20991200,303.0676574707031,20991200
2020-01-16 23:00:00,305.5865783691406,20991200,305.5865783691406,20991200,305.5865783691406,20991200
2020-01-17 23:00:00,306.5978698730469,20991200,306.5978698730469,20991200,306.5978698730469,20991200
2020-01-21 23:00:00,305.9360046386719,20991200,305.9360046386719,20991200,305.9360046386719,20991200
2020-01-22 23:00:00,306.0003356933594,20991200,306.0003356933594,20991200,306.0003356933594,20991200
2020-01-23 23:00:00,306.3772888183594,20991200,306.3772888183594,20991200,306.3772888183594,20991200
2020-01-24 23:00:00,303.5917053222656,20991200,303.5917053222656,20991200,303.5917053222656,20991200
2020-01-27 23:00:00,298.6640625,20991200,298.6640625,20991200,298.6640625,20991200
2020-01-28 23:00:00,301.8449401855469,20991200,301.8449401855469,20991200,301.8449401855469,20991200
2020-01-29 23:00:00,301.6334533691406,20991200,301.6334533691406,20991200,301.6334533691406,20991200
2020-01-30 23:00:00,302.5436096191406,20991200,302.5436096191406,20991200,302.5436096191406,20991200
2020-01-31 23:00:00,297.16552734375,20991200,297.16552734375,20991200,297.16552734375,20991200
2020-02-03 23:00:00,299.2984313964844,20991200,299.2984313964844,20991200,299.2984313964844,20991200
2020-02-04 23:00:00,303.9410705566406,20991200,303.9410705566406,20991200,303.9410705566406,20991200
2020-02-05 23:00:00,307.32421875,20991200,307.32421875,20991200,307.32421875,20991200
2020-02-06 23:00:00,308.5009460449219,20991200,308.5009460449219,20991200,308.5009460449219,20991200
2020-02-07 23:00:00,306.8277282714844,20991200,306.8277282714844,20991200,306.8277282714844,20991200
2020-02-10 23:00:00,309.0985412597656,20991200,309.0985412597656,20991200,309.0985412597656,20991200
2020-02-11 23:00:00,309.6684265136719,20991200,309.6684265136719,20991200,309.6684265136719,20991200
2020-02-12 23:00:00,311.65423583984375,20991200,311.65423583984375,20991200,311.65423583984375,20991200
2020-02-13 23:00:00,311.26812744140625,20991200,311.26812744140625,20991200,311.26812744140625,20991200
2020-02-14 23:00:00,311.7186584472656,20991200,311.7186584472656,20991200,311.7186584472656,20991200
2020-02-18 23:00:00,310.9739990234375,20991200,310.9739990234375,20991200,310.9739990234375,20991200
2020-02-19 23:00:00,312.4633483886719,20991200,312.4633483886719,20991200,312.4633483886719,20991200
2020-02-20 23:00:00,311.1854248046875,20991200,311.1854248046875,20991200,311.1854248046875,20991200
2020-02-21 23:00:00,307.9860534667969,20991200,307.9860534667969,20991200,307.9860534667969,20991200
2020-02-24 23:00:00,297.7078857421875,20991200,297.7078857421875,20991200,297.7078857421875,20991200
2020-02-25 23:00:00,288.7812194824219,20991200,288.7812194824219,20991200,288.7812194824219,20991200
2020-02-26 23:00:00,287.66876220703125,20991200,287.66876220703125,20991200,287.66876220703125,20991200
2020-02-27 23:00:00,274.6142578125,20991200,274.6142578125,20991200,274.6142578125,20991200
2020-02-28 23:00:00,272.0401611328125,20991200,272.0401611328125,20991200,272.0401611328125,20991200
2020-03-02 23:00:00,285.36126708984375,20991200,285.36126708984375,20991200,285.36126708984375,20991200
2020-03-03 23:00:00,277.1792297363281,20991200,277.1792297363281,20991200,277.1792297363281,20991200
2020-03-04 23:00:00,289.3604736328125,20991200,289.3604736328125,20991200,289.3604736328125,20991200
2020-03-05 23:00:00,279.2568664550781,20991200,279.2568664550781,20991200,279.2568664550781,20991200
2020-03-06 23:00:00,274.6051025390625,20991200,274.6051025390625,20991200,274.6051025390625,20991200
2020-03-09 23:00:00,252.63304138183594,20991200,252.63304138183594,20991200,252.63304138183594,20991200
2020-03-10 23:00:00,266.1931457519531,20991200,266.1931457519531,20991200,266.1931457519531,20991200
2020-03-11 23:00:00,253.24900817871094,20991200,253.24900817871094,20991200,253.24900817871094,20991200
2020-03-12 23:00:00,228.87741088867188,20991200,228.87741088867188,20991200,228.87741088867188,20991200
2020-03-13 23:00:00,249.64512634277344,20991200,249.64512634277344,20991200,249.64512634277344,20991200
2020-03-16 23:00:00,220.75048828125,20991200,220.75048828125,20991200,220.75048828125,20991200
2020-03-17 23:00:00,234.78872680664062,20991200,234.78872680664062,20991200,234.78872680664062,20991200
2020-03-18 23:00:00,221.71575927734375,20991200,221.71575927734375,20991200,221.71575927734375,20991200
2020-03-19 23:00:00,222.53399658203125,20991200,222.53399658203125,20991200,222.53399658203125,20991200
2020-03-20 23:00:00,212.51324462890625,20991200,212.51324462890625,20991200,212.51324462890625,20991200
2020-03-23 23:00:00,206.52838134765625,20991200,206.52838134765625,20991200,206.52838134765625,20991200
2020-03-24 23:00:00,226.0458526611328,20991200,226.0458526611328,20991200,226.0458526611328,20991200
2020-03-25 23:00:00,228.93309020996094,20991200,228.93309020996094,20991200,228.93309020996094,20991200
2020-03-26 23:00:00,242.71694946289062,20991200,242.71694946289062,20991200,242.71694946289062,20991200
2020-03-27 23:00:00,235.19595336914062,20991200,235.19595336914062,20991200,235.19595336914062,20991200
2020-03-30 23:00:00,242.7076873779297,20991200,242.7076873779297,20991200,242.7076873779297,20991200
2020-03-31 23:00:00,239.0443572998047,20991200,239.0443572998047,20991200,239.0443572998047,20991200
2020-04-01 23:00:00,228.31329345703125,20991200,228.31329345703125,20991200,228.31329345703125,20991200
2020-04-02 23:00:00,233.66954040527344,20991200,233.66954040527344,20991200,233.66954040527344,20991200
2020-04-03 23:00:00,230.3669891357422,20991200,230.3669891357422,20991200,230.3669891357422,20991200
2020-04-06 23:00:00,245.8900146484375,20991200,245.8900146484375,20991200,245.8900146484375,20991200
2020-04-07 23:00:00,245.9917449951172,20991200,245.9917449951172,20991200,245.9917449951172,20991200
2020-04-08 23:00:00,254.40093994140625,20991200,254.40093994140625,20991200,254.40093994140625,20991200
2020-04-09 23:00:00,258.2123107910156,20991200,258.2123107910156,20991200,258.2123107910156,20991200
2020-04-13 23:00:00,255.73306274414062,20991200,255.73306274414062,20991200,255.73306274414062,20991200
2020-04-14 23:00:00,263.49462890625,20991200,263.49462890625,20991200,263.49462890625,20991200
2020-04-15 23:00:00,257.7035217285156,20991200,257.7035217285156,20991200,257.7035217285156,20991200
2020-04-16 23:00:00,259.0726013183594,20991200,259.0726013183594,20991200,259.0726013183594,20991200
2020-04-17 23:00:00,266.03857421875,20991200,266.03857421875,20991200,266.03857421875,20991200
2020-04-20 23:00:00,261.3020324707031,20991200,261.3020324707031,20991200,261.3020324707031,20991200
2020-04-21 23:00:00,253.34629821777344,20991200,253.34629821777344,20991200,253.34629821777344,20991200
2020-04-22 23:00:00,259.0819396972656,20991200,259.0819396972656,20991200,259.0819396972656,20991200
2020-04-23 23:00:00,259.00787353515625,20991200,259.00787353515625,20991200,259.00787353515625,20991200
2020-04-24 23:00:00,262.6341857910156,20991200,262.6341857910156,20991200,262.6341857910156,20991200
2020-04-27 23:00:00,266.6029357910156,20991200,266.6029357910156,20991200,266.6029357910156,20991200
2020-04-28 23:00:00,265.1689147949219,20991200,265.1689147949219,20991200,265.1689147949219,20991200
2020-04-29 23:00:00,272.09796142578125,20991200,272.09796142578125,20991200,272.09796142578125,20991200
2020-04-30 23:00:00,269.35040283203125,20991200,269.35040283203125,20991200,269.35040283203125,20991200
2020-05-01 23:00:00,262.2920227050781,20991200,262.2920227050781,20991200,262.2920227050781,20991200
2020-05-04 23:00:00,263.3095703125,20991200,263.3095703125,20991200,263.3095703125,20991200
2020-05-05 23:00:00,265.631591796875,20991200,265.631591796875,20991200,265.631591796875,20991200
2020-05-06 23:00:00,263.8830871582031,20991200,263.8830871582031,20991200,263.8830871582031,20991200
2020-05-07 23:00:00,267.0099182128906,20991200,267.0099182128906,20991200,267.0099182128906,20991200
2020-05-08 23:00:00,271.4781188964844,20991200,271.4781188964844,20991200,271.4781188964844,20991200
2020-05-11 23:00:00,271.4689025878906,20991200,271.4689025878906,20991200,271.4689025878906,20991200
2020-05-12 23:00:00,265.93682861328125,20991200,265.93682861328125,20991200,265.93682861328125,20991200
2020-05-13 23:00:00,261.37615966796875,20991200,261.37615966796875,20991200,261.37615966796875,20991200
2020-05-14 23:00:00,264.50299072265625,20991200,264.50299072265625,20991200,264.50299072265625,20991200
2020-05-15 23:00:00,265.6501159667969,20991200,265.6501159667969,20991200,265.6501159667969,20991200
2020-05-18 23:00:00,273.8648986816406,20991200,273.8648986816406,20991200,273.8648986816406,20991200
2020-05-19 23:00:00,271.04339599609375,20991200,271.04339599609375,20991200,271.04339599609375,20991200
2020-05-20 23:00:00,275.6688232421875,20991200,275.6688232421875,20991200,275.6688232421875,20991200
2020-05-21 23:00:00,273.6521301269531,20991200,273.6521301269531,20991200,273.6521301269531,20991200
2020-05-22 23:00:00,274.2071838378906,20991200,274.2071838378906,20991200,274.2071838378906,20991200
2020-05-26 23:00:00,277.68548583984375,20991200,277.68548583984375,20991200,277.68548583984375,20991200
2020-05-27 23:00:00,281.7374572753906,20991200,281.7374572753906,20991200,281.7374572753906,20991200
2020-05-28 23:00:00,281.1824035644531,20991200,281.1824035644531,20991200,281.1824035644531,20991200
2020-05-29 23:00:00,282.32025146484375,20991200,282.32025146484375,20991200,282.32025146484375,20991200
2020-06-01 23:00:00,283.7078552246094,20991200,283.7078552246094,20991200,283.7078552246094,20991200
2020-06-02 23:00:00,286.06689453125,20991200,286.06689453125,20991200,286.06689453125,20991200
2020-06-03 23:00:00,289.9153137207031,20991200,289.9153137207031,20991200,289.9153137207031,20991200
2020-06-04 23:00:00,288.9439697265625,20991200,288.9439697265625,20991200,288.9439697265625,20991200
2020-06-05 23:00:00,296.47418212890625,20991200,296.47418212890625,20991200,296.47418212890625,20991200
2020-06-08 23:00:00,300.1005554199219,20991200,300.1005554199219,20991200,300.1005554199219,20991200
2020-06-09 23:00:00,297.8896484375,20991200,297.8896484375,20991200,297.8896484375,20991200
2020-06-10 23:00:00,296.1319580078125,20991200,296.1319580078125,20991200,296.1319580078125,20991200
2020-06-11 23:00:00,278.9991149902344,20991200,278.9991149902344,20991200,278.9991149902344,20991200
2020-06-12 23:00:00,282.48681640625,20991200,282.48681640625,20991200,282.48681640625,20991200
2020-06-15 23:00:00,285.07940673828125,20991200,285.07940673828125,20991200,285.07940673828125,20991200
2020-06-16 23:00:00,290.5601806640625,20991200,290.5601806640625,20991200,290.5601806640625,20991200
2020-06-17 23:00:00,289.2503662109375,20991200,289.2503662109375,20991200,289.2503662109375,20991200
2020-06-18 23:00:00,289.4732360839844,20991200,289.4732360839844,20991200,289.4732360839844,20991200
2020-06-19 23:00:00,287.7082824707031,20991200,287.7082824707031,20991200,287.7082824707031,20991200
2020-06-22 23:00:00,289.7705078125,20991200,289.7705078125,20991200,289.7705078125,20991200
2020-06-23 23:00:00,290.9501953125,20991200,290.9501953125,20991200,290.9501953125,20991200
2020-06-24 23:00:00,283.6024169921875,20991200,283.6024169921875,20991200,283.6024169921875,20991200
2020-06-25 23:00:00,286.5749816894531,20991200,286.5749816894531,20991200,286.5749816894531,20991200
2020-06-26 23:00:00,279.73809814453125,20991200,279.73809814453125,20991200,279.73809814453125,20991200
2020-06-29 23:00:00,283.9368591308594,20991200,283.9368591308594,20991200,283.9368591308594,20991200
2020-06-30 23:00:00,287.6803894042969,20991200,287.6803894042969,20991200,287.6803894042969,20991200
2020-07-01 23:00:00,289.6498107910156,20991200,289.6498107910156,20991200,289.6498107910156,20991200
2020-07-02 23:00:00,291.1731872558594,20991200,291.1731872558594,20991200,291.1731872558594,20991200
2020-07-06 23:00:00,295.641357421875,20991200,295.641357421875,20991200,295.641357421875,20991200
2020-07-07 23:00:00,292.5945129394531,20991200,292.5945129394531,20991200,292.5945129394531,20991200
2020-07-08 23:00:00,294.7774353027344,20991200,294.7774353027344,20991200,294.7774353027344,20991200
2020-07-09 23:00:00,293.28192138671875,20991200,293.28192138671875,20991200,293.28192138671875,20991200
2020-07-10 23:00:00,296.23590087890625,20991200,296.23590087890625,20991200,296.23590087890625,20991200
2020-07-13 23:00:00,293.6070251464844,20991200,293.6070251464844,20991200,293.6070251464844,20991200
2020-07-14 23:00:00,297.4156494140625,20991200,297.4156494140625,20991200,297.4156494140625,20991200
2020-07-15 23:00:00,300.1930847167969,20991200,300.1930847167969,20991200,300.1930847167969,20991200
2020-07-16 23:00:00,299.1527404785156,20991200,299.1527404785156,20991200,299.1527404785156,20991200
2020-07-17 23:00:00,300.0351867675781,20991200,300.0351867675781,20991200,300.0351867675781,20991200
2020-07-20 23:00:00,302.5154724121094,20991200,302.5154724121094,20991200,302.5154724121094,20991200
2020-07-21 23:00:00,303.0635681152344,20991200,303.0635681152344,20991200,303.0635681152344,20991200
2020-07-22 23:00:00,304.8470764160156,20991200,304.8470764160156,20991200,304.8470764160156,20991200
2020-07-23 23:00:00,301.1592102050781,20991200,301.1592102050781,20991200,301.1592102050781,20991200
2020-07-24 23:00:00,299.236328125,20991200,299.236328125,20991200,299.236328125,20991200
2020-07-27 23:00:00,301.4378662109375,20991200,301.4378662109375,20991200,301.4378662109375,20991200
2020-07-28 23:00:00,299.58001708984375,20991200,299.58001708984375,20991200,299.58001708984375,20991200
2020-07-29 23:00:00,303.184326171875,20991200,303.184326171875,20991200,303.184326171875,20991200
2020-07-30 23:00:00,302.1438293457031,20991200,302.1438293457031,20991200,302.1438293457031,20991200
2020-07-31 23:00:00,304.5220031738281,20991200,304.5220031738281,20991200,304.5220031738281,20991200
2020-08-03 23:00:00,306.6492004394531,20991200,306.6492004394531,20991200,306.6492004394531,20991200
2020-08-04 23:00:00,307.754638671875,20991200,307.754638671875,20991200,307.754638671875,20991200
2020-08-05 23:00:00,309.7518005371094,20991200,309.7518005371094,20991200,309.7518005371094,20991200
2020-08-06 23:00:00,311.85113525390625,20991200,311.85113525390625,20991200,311.85113525390625,20991200
2020-08-07 23:00:00,312.0741271972656,20991200,312.0741271972656,20991200,312.0741271972656,20991200
2020-08-10 23:00:00,313.0122985839844,20991200,313.0122985839844,20991200,313.0122985839844,20991200
2020-08-11 23:00:00,310.392822265625,20991200,310.392822265625,20991200,310.392822265625,20991200
2020-08-12 23:00:00,314.7215576171875,20991200,314.7215576171875,20991200,314.7215576171875,20991200
2020-08-13 23:00:00,314.1827392578125,20991200,314.1827392578125,20991200,314.1827392578125,20991200
2020-08-14 23:00:00,314.1548767089844,20991200,314.1548767089844,20991200,314.1548767089844,20991200
2020-08-17 23:00:00,315.1674499511719,20991200,315.1674499511719,20991200,315.1674499511719,20991200
2020-08-18 23:00:00,315.8363342285156,20991200,315.8363342285156,20991200,315.8363342285156,20991200
2020-08-19 23:00:00,314.55438232421875,20991200,314.55438232421875,20991200,314.55438232421875,20991200
2020-08-20 23:00:00,315.5204772949219,20991200,315.5204772949219,20991200,315.5204772949219,20991200
2020-08-21 23:00:00,316.62591552734375,20991200,316.62591552734375,20991200,316.62591552734375,20991200
2020-08-24 23:00:00,319.8771057128906,20991200,319.8771057128906,20991200,319.8771057128906,20991200
2020-08-25 23:00:00,320.93609619140625,20991200,320.93609619140625,20991200,320.93609619140625,20991200
2020-08-26 23:00:00,324.1966857910156,20991200,324.1966857910156,20991200,324.1966857910156,20991200
2020-08-27 23:00:00,324.9026794433594,20991200,324.9026794433594,20991200,324.9026794433594,20991200
2020-08-28 23:00:00,326.9834289550781,20991200,326.9834289550781,20991200,326.9834289550781,20991200
2020-08-31 23:00:00,325.8409423828125,20991200,325.8409423828125,20991200,325.8409423828125,20991200
2020-09-01 23:00:00,328.8970642089844,20991200,328.8970642089844,20991200,328.8970642089844,20991200
2020-09-02 23:00:00,333.7088623046875,20991200,333.7088623046875,20991200,333.7088623046875,20991200
2020-09-03 23:00:00,322.171630859375,20991200,322.171630859375,20991200,322.171630859375,20991200
2020-09-04 23:00:00,319.5334167480469,20991200,319.5334167480469,20991200,319.5334167480469,20991200
2020-09-08 23:00:00,310.84796142578125,20991200,310.84796142578125,20991200,310.84796142578125,20991200
2020-09-09 23:00:00,316.9324035644531,20991200,316.9324035644531,20991200,316.9324035644531,20991200
2020-09-10 23:00:00,311.3961181640625,20991200,311.3961181640625,20991200,311.3961181640625,20991200
2020-09-11 23:00:00,311.5445861816406,20991200,311.5445861816406,20991200,311.5445861816406,20991200
2020-09-14 23:00:00,315.6876220703125,20991200,315.6876220703125,20991200,315.6876220703125,20991200
2020-09-15 23:00:00,317.29473876953125,20991200,317.29473876953125,20991200,317.29473876953125,20991200
2020-09-16 23:00:00,316.03143310546875,20991200,316.03143310546875,20991200,316.03143310546875,20991200
2020-09-17 23:00:00,313.3189392089844,20991200,313.3189392089844,20991200,313.3189392089844,20991200
2020-09-18 23:00:00,309.64959716796875,20991200,309.64959716796875,20991200,309.64959716796875,20991200
2020-09-21 23:00:00,306.2032165527344,20991200,306.2032165527344,20991200,306.2032165527344,20991200
2020-09-22 23:00:00,309.3059387207031,20991200,309.3059387207031,20991200,309.3059387207031,20991200
2020-09-23 23:00:00,302.10760498046875,20991200,302.10760498046875,20991200,302.10760498046875,20991200
2020-09-24 23:00:00,302.9007568359375,20991200,302.9007568359375,20991200,302.9007568359375,20991200
2020-09-25 23:00:00,307.827880859375,20991200,307.827880859375,20991200,307.827880859375,20991200
2020-09-28 23:00:00,312.94140625,20991200,312.94140625,20991200,312.94140625,20991200
2020-09-29 23:00:00,311.2151184082031,20991200,311.2151184082031,20991200,311.2151184082031,20991200
2020-09-30 23:00:00,313.5945739746094,20991200,313.5945739746094,20991200,313.5945739746094,20991200
2020-10-01 23:00:00,315.6288757324219,20991200,315.6288757324219,20991200,315.6288757324219,20991200
2020-10-02 23:00:00,312.6521301269531,20991200,312.6521301269531,20991200,312.6521301269531,20991200
2020-10-05 23:00:00,318.1111145019531,20991200,318.1111145019531,20991200,318.1111145019531,20991200
2020-10-06 23:00:00,313.5945739746094,20991200,313.5945739746094,20991200,313.5945739746094,20991200
2020-10-07 23:00:00,319.0442199707031,20991200,319.0442199707031,20991200,319.0442199707031,20991200
2020-10-08 23:00:00,321.9183654785156,20991200,321.9183654785156,20991200,321.9183654785156,20991200
2020-10-09 23:00:00,324.7458801269531,20991200,324.7458801269531,20991200,324.7458801269531,20991200
2020-10-12 23:00:00,330.046142578125,20991200,330.046142578125,20991200,330.046142578125,20991200
2020-10-13 23:00:00,327.8999328613281,20991200,327.8999328613281,20991200,327.8999328613281,20991200
2020-10-14 23:00:00,325.8469543457031,20991200,325.8469543457031,20991200,325.8469543457031,20991200
2020-10-15 23:00:00,325.44573974609375,20991200,325.44573974609375,20991200,325.44573974609375,20991200
2020-10-16 23:00:00,325.1564636230469,20991200,325.1564636230469,20991200,325.1564636230469,20991200
2020-10-19 23:00:00,320.2759704589844,20991200,320.2759704589844,20991200,320.2759704589844,20991200
2020-10-20 23:00:00,321.53582763671875,20991200,321.53582763671875,20991200,321.53582763671875,20991200
2020-10-21 23:00:00,320.9105529785156,20991200,320.9105529785156,20991200,320.9105529785156,20991200
2020-10-22 23:00:00,322.7395324707031,20991200,322.7395324707031,20991200,322.7395324707031,20991200
2020-10-23 23:00:00,323.7660217285156,20991200,323.7660217285156,20991200,323.7660217285156,20991200
2020-10-26 23:00:00,317.82177734375,20991200,317.82177734375,20991200,317.82177734375,20991200
2020-10-27 23:00:00,316.73931884765625,20991200,316.73931884765625,20991200,316.73931884765625,20991200
2020-10-28 23:00:00,305.9614562988281,20991200,305.9614562988281,20991200,305.9614562988281,20991200
2020-10-29 23:00:00,309.01287841796875,20991200,309.01287841796875,20991200,309.01287841796875,20991200
2020-10-30 23:00:00,305.71893310546875,20991200,305.71893310546875,20991200,305.71893310546875,20991200
2020-11-02 23:00:00,309.2088317871094,20991200,309.2088317871094,20991200,309.2088317871094,20991200
2020-11-03 23:00:00,314.7331237792969,20991200,314.7331237792969,20991200,314.7331237792969,20991200
2020-11-04 23:00:00,321.68511962890625,20991200,321.68511962890625,20991200,321.68511962890625,20991200
2020-11-05 23:00:00,327.97454833984375,20991200,327.97454833984375,20991200,327.97454833984375,20991200
2020-11-06 23:00:00,327.94659423828125,20991200,327.94659423828125,20991200,327.94659423828125,20991200
2020-11-09 23:00:00,332.0430603027344,20991200,332.0430603027344,20991200,332.0430603027344,20991200
2020-11-10 23:00:00,331.6138610839844,20991200,331.6138610839844,20991200,331.6138610839844,20991200
2020-11-11 23:00:00,334.002685546875,20991200,334.002685546875,20991200,334.002685546875,20991200
2020-11-12 23:00:00,330.8206481933594,20991200,330.8206481933594,20991200,330.8206481933594,20991200
2020-11-13 23:00:00,335.31842041015625,20991200,335.31842041015625,20991200,335.31842041015625,20991200
2020-11-16 23:00:00,339.4802551269531,20991200,339.4802551269531,20991200,339.4802551269531,20991200
2020-11-17 23:00:00,337.75396728515625,20991200,337.75396728515625,20991200,337.75396728515625,20991200
2020-11-18 23:00:00,333.6854553222656,20991200,333.6854553222656,20991200,333.6854553222656,20991200
2020-11-19 23:00:00,335.03857421875,20991200,335.03857421875,20991200,335.03857421875,20991200
2020-11-20 23:00:00,332.7895812988281,20991200,332.7895812988281,20991200,332.7895812988281,20991200
2020-11-23 23:00:00,334.7864990234375,20991200,334.7864990234375,20991200,334.7864990234375,20991200
2020-11-24 23:00:00,340.1428527832031,20991200,340.1428527832031,20991200,340.1428527832031,20991200
2020-11-25 23:00:00,339.6575927734375,20991200,339.6575927734375,20991200,339.6575927734375,20991200
2020-11-27 23:00:00,340.5814208984375,20991200,340.5814208984375,20991200,340.5814208984375,20991200
2020-11-30 23:00:00,339.0324401855469,20991200,339.0324401855469,20991200,339.0324401855469,20991200
2020-12-01 23:00:00,342.7650451660156,20991200,342.7650451660156,20991200,342.7650451660156,20991200
2020-12-02 23:00:00,343.4928283691406,20991200,343.4928283691406,20991200,343.4928283691406,20991200
2020-12-03 23:00:00,343.427490234375,20991200,343.427490234375,20991200,343.427490234375,20991200
2020-12-04 23:00:00,346.376220703125,20991200,346.376220703125,20991200,346.376220703125,20991200
2020-12-07 23:00:00,345.732421875,20991200,345.732421875,20991200,345.732421875,20991200
2020-12-08 23:00:00,346.6935119628906,20991200,346.6935119628906,20991200,346.6935119628906,20991200
2020-12-09 23:00:00,343.66070556640625,20991200,343.66070556640625,20991200,343.66070556640625,20991200
2020-12-10 23:00:00,343.47418212890625,20991200,343.47418212890625,20991200,343.47418212890625,20991200
2020-12-11 23:00:00,343.044921875,20991200,343.044921875,20991200,343.044921875,20991200
2020-12-14 23:00:00,341.4891052246094,20991200,341.4891052246094,20991200,341.4891052246094,20991200
2020-12-15 23:00:00,346.13787841796875,20991200,346.13787841796875,20991200,346.13787841796875,20991200
2020-12-16 23:00:00,346.69085693359375,20991200,346.69085693359375,20991200,346.69085693359375,20991200
2020-12-17 23:00:00,348.62152099609375,20991200,348.62152099609375,20991200,348.62152099609375,20991200
2020-12-18 23:00:00,347.24383544921875,20991200,347.24383544921875,20991200,347.24383544921875,20991200
2020-12-21 23:00:00,346.1003723144531,20991200,346.1003723144531,20991200,346.1003723144531,20991200
2020-12-22 23:00:00,345.4349060058594,20991200,345.4349060058594,20991200,345.4349060058594,20991200
2020-12-23 23:00:00,345.7348937988281,20991200,345.7348937988281,20991200,345.7348937988281,20991200
2020-12-24 23:00:00,347.0750732421875,20991200,347.0750732421875,20991200,347.0750732421875,20991200
2020-12-28 23:00:00,350.0930480957031,20991200,350.0930480957031,20991200,350.0930480957031,20991200
2020-12-29 23:00:00,349.4181823730469,20991200,349.4181823730469,20991200,349.4181823730469,20991200
2020-12-30 23:00:00,349.8774719238281,20991200,349.8774719238281,20991200,349.8774719238281,20991200
2020-12-31 23:00:00,351.8363342285156,20991200,351.8363342285156,20991200,351.8363342285156,20991200
2021-01-04 23:00:00,346.99078369140625,20991200,346.99078369140625,20991200,346.99078369140625,20991200
2021-01-05 23:00:00,349.2869873046875,20991200,349.2869873046875,20991200,349.2869873046875,20991200
2021-01-06 23:00:00,351.3959045410156,20991200,351.3959045410156,20991200,351.3959045410156,20991200
2021-01-07 23:00:00,356.59765625,20991200,356.59765625,20991200,356.59765625,20991200
2021-01-08 23:00:00,358.63140869140625,20991200,358.63140869140625,20991200,358.63140869140625,20991200
2021-01-11 23:00:00,356.2882995605469,20991200,356.2882995605469,20991200,356.2882995605469,20991200
2021-01-12 23:00:00,356.3446350097656,20991200,356.3446350097656,20991200,356.3446350097656,20991200
2021-01-13 23:00:00,357.24432373046875,20991200,357.24432373046875,20991200,357.24432373046875,20991200
2021-01-14 23:00:00,356.0072021484375,20991200,356.0072021484375,20991200,356.0072021484375,20991200
2021-01-15 23:00:00,353.4390563964844,20991200,353.4390563964844,20991200,353.4390563964844,20991200
2021-01-19 23:00:00,356.2040100097656,20991200,356.2040100097656,20991200,356.2040100097656,20991200
2021-01-20 23:00:00,361.1058349609375,20991200,361.1058349609375,20991200,361.1058349609375,20991200
2021-01-21 23:00:00,361.4244689941406,20991200,361.4244689941406,20991200,361.4244689941406,20991200
2021-01-22 23:00:00,360.1966857910156,20991200,360.1966857910156,20991200,360.1966857910156,20991200
2021-01-25 23:00:00,361.63067626953125,20991200,361.63067626953125,20991200,361.63067626953125,20991200
2021-01-26 23:00:00,361.096435546875,20991200,361.096435546875,20991200,361.096435546875,20991200
2021-01-27 23:00:00,352.2862548828125,20991200,352.2862548828125,20991200,352.2862548828125,20991200
2021-01-28 23:00:00,355.2666931152344,20991200,355.2666931152344,20991200,355.2666931152344,20991200
2021-01-29 23:00:00,348.20916748046875,20991200,348.20916748046875,20991200,348.20916748046875,20991200
2021-02-01 23:00:00,353.9077453613281,20991200,353.9077453613281,20991200,353.9077453613281,20991200
2021-02-02 23:00:00,358.931396484375,20991200,358.931396484375,20991200,358.931396484375,20991200
2021-02-03 23:00:00,359.2125244140625,20991200,359.2125244140625,20991200,359.2125244140625,20991200
2021-02-04 23:00:00,363.2802429199219,20991200,363.2802429199219,20991200,363.2802429199219,20991200
2021-02-05 23:00:00,364.7048645019531,20991200,364.7048645019531,20991200,364.7048645019531,20991200
2021-02-08 23:00:00,367.4510803222656,20991200,367.4510803222656,20991200,367.4510803222656,20991200
2021-02-09 23:00:00,367.14178466796875,20991200,367.14178466796875,20991200,367.14178466796875,20991200
2021-02-10 23:00:00,366.9918212890625,20991200,366.9918212890625,20991200,366.9918212890625,20991200
2021-02-11 23:00:00,367.61041259765625,20991200,367.61041259765625,20991200,367.61041259765625,20991200
2021-02-12 23:00:00,369.4474792480469,20991200,369.4474792480469,20991200,369.4474792480469,20991200
2021-02-16 23:00:00,369.1568603515625,20991200,369.1568603515625,20991200,369.1568603515625,20991200
2021-02-17 23:00:00,369.2037353515625,20991200,369.2037353515625,20991200,369.2037353515625,20991200
2021-02-18 23:00:00,367.63848876953125,20991200,367.63848876953125,20991200,367.63848876953125,20991200
2021-02-19 23:00:00,366.9449768066406,20991200,366.9449768066406,20991200,366.9449768066406,20991200
2021-02-22 23:00:00,364.1519470214844,20991200,364.1519470214844,20991200,364.1519470214844,20991200
2021-02-23 23:00:00,364.53619384765625,20991200,364.53619384765625,20991200,364.53619384765625,20991200
2021-02-24 23:00:00,368.5382995605469,20991200,368.5382995605469,20991200,368.5382995605469,20991200
2021-02-25 23:00:00,359.699951171875,20991200,359.699951171875,20991200,359.699951171875,20991200
2021-02-26 23:00:00,357.8160400390625,20991200,357.8160400390625,20991200,357.8160400390625,20991200
2021-03-01 23:00:00,366.4950866699219,20991200,366.4950866699219,20991200,366.4950866699219,20991200
2021-03-02 23:00:00,363.67388916015625,20991200,363.67388916015625,20991200,363.67388916015625,20991200
2021-03-03 23:00:00,358.81890869140625,20991200,358.81890869140625,20991200,358.81890869140625,20991200
2021-03-04 23:00:00,354.37628173828125,20991200,354.37628173828125,20991200,354.37628173828125,20991200
2021-03-05 23:00:00,360.9090576171875,20991200,360.9090576171875,20991200,360.9090576171875,20991200
2021-03-08 23:00:00,359.14697265625,20991200,359.14697265625,20991200,359.14697265625,20991200
2021-03-09 23:00:00,364.20819091796875,20991200,364.20819091796875,20991200,364.20819091796875,20991200
2021-03-10 23:00:00,366.4388732910156,20991200,366.4388732910156,20991200,366.4388732910156,20991200
2021-03-11 23:00:00,370.2065734863281,20991200,370.2065734863281,20991200,370.2065734863281,20991200
2021-03-12 23:00:00,370.78765869140625,20991200,370.78765869140625,20991200,370.78765869140625,20991200
2021-03-15 23:00:00,373.037109375,20991200,373.037109375,20991200,373.037109375,20991200
2021-03-16 23:00:00,372.5123291015625,20991200,372.5123291015625,20991200,372.5123291015625,20991200
2021-03-17 23:00:00,373.7306823730469,20991200,373.7306823730469,20991200,373.7306823730469,20991200
2021-03-18 23:00:00,368.2758483886719,20991200,368.2758483886719,20991200,368.2758483886719,20991200
2021-03-19 23:00:00,367.5916748046875,20991200,367.5916748046875,20991200,367.5916748046875,20991200
2021-03-22 23:00:00,370.49713134765625,20991200,370.49713134765625,20991200,370.49713134765625,20991200
2021-03-23 23:00:00,367.61041259765625,20991200,367.61041259765625,20991200,367.61041259765625,20991200
2021-03-24 23:00:00,365.7265930175781,20991200,365.7265930175781,20991200,365.7265930175781,20991200
2021-03-25 23:00:00,367.8150634765625,20991200,367.8150634765625,20991200,367.8150634765625,20991200
2021-03-26 23:00:00,373.7680358886719,20991200,373.7680358886719,20991200,373.7680358886719,20991200
2021-03-29 23:00:00,373.5799255371094,20991200,373.5799255371094,20991200,373.5799255371094,20991200
2021-03-30 23:00:00,372.6582946777344,20991200,372.6582946777344,20991200,372.6582946777344,20991200
2021-03-31 23:00:00,374.11590576171875,20991200,374.11590576171875,20991200,374.11590576171875,20991200
2021-04-01 23:00:00,378.1220703125,20991200,378.1220703125,20991200,378.1220703125,20991200
2021-04-05 23:00:00,383.5483703613281,20991200,383.5483703613281,20991200,383.5483703613281,20991200
2021-04-06 23:00:00,383.313232421875,20991200,383.313232421875,20991200,383.313232421875,20991200
2021-04-07 23:00:00,383.7928161621094,20991200,383.7928161621094,20991200,383.7928161621094,20991200
2021-04-08 23:00:00,385.5795593261719,20991200,385.5795593261719,20991200,385.5795593261719,20991200
2021-04-09 23:00:00,388.3726806640625,20991200,388.3726806640625,20991200,388.3726806640625,20991200
2021-04-12 23:00:00,388.53253173828125,20991200,388.53253173828125,20991200,388.53253173828125,20991200
2021-04-13 23:00:00,389.6704406738281,20991200,389.6704406738281,20991200,389.6704406738281,20991200
2021-04-14 23:00:00,388.3726806640625,20991200,388.3726806640625,20991200,388.3726806640625,20991200
2021-04-15 23:00:00,392.5481262207031,20991200,392.5481262207031,20991200,392.5481262207031,20991200
2021-04-16 23:00:00,393.93048095703125,20991200,393.93048095703125,20991200,393.93048095703125,20991200
2021-04-19 23:00:00,392.00262451171875,20991200,392.00262451171875,20991200,392.00262451171875,20991200
2021-04-20 23:00:00,389.1532287597656,20991200,389.1532287597656,20991200,389.1532287597656,20991200
2021-04-21 23:00:00,392.7925720214844,20991200,392.7925720214844,20991200,392.7925720214844,20991200
2021-04-22 23:00:00,389.3036193847656,20991200,389.3036193847656,20991200,389.3036193847656,20991200
2021-04-23 23:00:00,393.3850402832031,20991200,393.3850402832031,20991200,393.3850402832031,20991200
2021-04-26 23:00:00,394.2690734863281,20991200,394.2690734863281,20991200,394.2690734863281,20991200
2021-04-27 23:00:00,394.14678955078125,20991200,394.14678955078125,20991200,394.14678955078125,20991200
2021-04-28 23:00:00,393.9963073730469,20991200,393.9963073730469,20991200,393.9963073730469,20991200
2021-04-29 23:00:00,396.4883728027344,20991200,396.4883728027344,20991200,396.4883728027344,20991200
2021-04-30 23:00:00,393.9210510253906,20991200,393.9210510253906,20991200,393.9210510253906,20991200
2021-05-03 23:00:00,394.7674865722656,20991200,394.7674865722656,20991200,394.7674865722656,20991200
2021-05-04 23:00:00,392.36944580078125,20991200,392.36944580078125,20991200,392.36944580078125,20991200
2021-05-05 23:00:00,392.4258728027344,20991200,392.4258728027344,20991200,392.4258728027344,20991200
2021-05-06 23:00:00,395.6138916015625,20991200,395.6138916015625,20991200,395.6138916015625,20991200
2021-05-07 23:00:00,398.48211669921875,20991200,398.48211669921875,20991200,398.48211669921875,20991200
2021-05-10 23:00:00,394.60748291015625,20991200,394.60748291015625,20991200,394.60748291015625,20991200
2021-05-11 23:00:00,391.0904846191406,20991200,391.0904846191406,20991200,391.0904846191406,20991200
2021-05-12 23:00:00,382.7302551269531,20991200,382.7302551269531,20991200,382.7302551269531,20991200
2021-05-13 23:00:00,387.2723083496094,20991200,387.2723083496094,20991200,387.2723083496094,20991200
2021-05-14 23:00:00,393.2533874511719,20991200,393.2533874511719,20991200,393.2533874511719,20991200
2021-05-17 23:00:00,392.3130187988281,20991200,392.3130187988281,20991200,392.3130187988281,20991200
2021-05-18 23:00:00,388.9369201660156,20991200,388.9369201660156,20991200,388.9369201660156,20991200
2021-05-19 23:00:00,387.8835754394531,20991200,387.8835754394531,20991200,387.8835754394531,20991200
2021-05-20 23:00:00,391.98388671875,20991200,391.98388671875,20991200,391.98388671875,20991200
2021-05-21 23:00:00,391.7581481933594,20991200,391.7581481933594,20991200,391.7581481933594,20991200
2021-05-24 23:00:00,395.6985168457031,20991200,395.6985168457031,20991200,395.6985168457031,20991200
2021-05-25 23:00:00,394.84271240234375,20991200,394.84271240234375,20991200,394.84271240234375,20991200
2021-05-26 23:00:00,395.56683349609375,20991200,395.56683349609375,20991200,395.56683349609375,20991200
2021-05-27 23:00:00,395.7736511230469,20991200,395.7736511230469,20991200,395.7736511230469,20991200
2021-05-28 23:00:00,396.5260925292969,20991200,396.5260925292969,20991200,396.5260925292969,20991200
2021-06-01 23:00:00,396.2156982421875,20991200,396.2156982421875,20991200,396.2156982421875,20991200
2021-06-02 23:00:00,396.8740234375,20991200,396.8740234375,20991200,396.8740234375,20991200
2021-06-03 23:00:00,395.3599548339844,20991200,395.3599548339844,20991200,395.3599548339844,20991200
2021-06-04 23:00:00,398.961669921875,20991200,398.961669921875,20991200,398.961669921875,20991200
2021-06-07 23:00:00,398.62322998046875,20991200,398.62322998046875,20991200,398.62322998046875,20991200
2021-06-08 23:00:00,398.64190673828125,20991200,398.64190673828125,20991200,398.64190673828125,20991200
2021-06-09 23:00:00,398.00250244140625,20991200,398.00250244140625,20991200,398.00250244140625,20991200
2021-06-10 23:00:00,399.9313049316406,20991200,399.9313049316406,20991200,399.9313049316406,20991200
2021-06-11 23:00:00,400.5914306640625,20991200,400.5914306640625,20991200,400.5914306640625,20991200
2021-06-14 23:00:00,401.553466796875,20991200,401.553466796875,20991200,401.553466796875,20991200
2021-06-15 23:00:00,400.77056884765625,20991200,400.77056884765625,20991200,400.77056884765625,20991200
2021-06-16 23:00:00,398.55426025390625,20991200,398.55426025390625,20991200,398.55426025390625,20991200
2021-06-17 23:00:00,398.43157958984375,20991200,398.43157958984375,20991200,398.43157958984375,20991200
2021-06-18 23:00:00,393.0745544433594,20991200,393.0745544433594,20991200,393.0745544433594,20991200
2021-06-21 23:00:00,398.6202697753906,20991200,398.6202697753906,20991200,398.6202697753906,20991200
2021-06-22 23:00:00,400.5159912109375,20991200,400.5159912109375,20991200,400.5159912109375,20991200
2021-06-23 23:00:00,400.2801818847656,20991200,400.2801818847656,20991200,400.2801818847656,20991200
2021-06-24 23:00:00,402.6003723144531,20991200,402.6003723144531,20991200,402.6003723144531,20991200
2021-06-25 23:00:00,404.0810546875,20991200,404.0810546875,20991200,404.0810546875,20991200
2021-06-28 23:00:00,404.93939208984375,20991200,404.93939208984375,20991200,404.93939208984375,20991200
2021-06-29 23:00:00,405.1185302734375,20991200,405.1185302734375,20991200,405.1185302734375,20991200
2021-06-30 23:00:00,405.4769592285156,20991200,405.4769592285156,20991200,405.4769592285156,20991200
2021-07-01 23:00:00,407.7687683105469,20991200,407.7687683105469,20991200,407.7687683105469,20991200
2021-07-02 23:00:00,410.8717041015625,20991200,410.8717041015625,20991200,410.8717041015625,20991200
2021-07-06 23:00:00,409.8247375488281,20991200,409.8247375488281,20991200,409.8247375488281,20991200
2021-07-07 23:00:00,411.50360107421875,20991200,411.50360107421875,20991200,411.50360107421875,20991200
2021-07-08 23:00:00,408.2026062011719,20991200,408.2026062011719,20991200,408.2026062011719,20991200
2021-07-09 23:00:00,412.54107666015625,20991200,412.54107666015625,20991200,412.54107666015625,20991200
2021-07-12 23:00:00,414.0690612792969,20991200,414.0690612792969,20991200,414.0690612792969,20991200
2021-07-13 23:00:00,412.6164855957031,20991200,412.6164855957031,20991200,412.6164855957031,20991200
2021-07-14 23:00:00,413.16357421875,20991200,413.16357421875,20991200,413.16357421875,20991200
2021-07-15 23:00:00,411.74884033203125,20991200,411.74884033203125,20991200,411.74884033203125,20991200
2021-07-16 23:00:00,408.6365051269531,20991200,408.6365051269531,20991200,408.6365051269531,20991200
2021-07-19 23:00:00,402.5343017578125,20991200,402.5343017578125,20991200,402.5343017578125,20991200
2021-07-20 23:00:00,408.37237548828125,20991200,408.37237548828125,20991200,408.37237548828125,20991200
2021-07-21 23:00:00,411.6828308105469,20991200,411.6828308105469,20991200,411.6828308105469,20991200
2021-07-22 23:00:00,412.57879638671875,20991200,412.57879638671875,20991200,412.57879638671875,20991200
2021-07-23 23:00:00,416.64373779296875,20991200,416.64373779296875,20991200,416.64373779296875,20991200
2021-07-26 23:00:00,417.7566833496094,20991200,417.7566833496094,20991200,417.7566833496094,20991200
2021-07-27 23:00:00,415.8515319824219,20991200,415.8515319824219,20991200,415.8515319824219,20991200
2021-07-28 23:00:00,415.6251220703125,20991200,415.6251220703125,20991200,415.6251220703125,20991200
2021-07-29 23:00:00,417.4737548828125,20991200,417.4737548828125,20991200,417.4737548828125,20991200
2021-07-30 23:00:00,415.361083984375,20991200,415.361083984375,20991200,415.361083984375,20991200
2021-08-02 23:00:00,414.521728515625,20991200,414.521728515625,20991200,414.521728515625,20991200
2021-08-03 23:00:00,417.83209228515625,20991200,417.83209228515625,20991200,417.83209228515625,20991200
2021-08-04 23:00:00,415.8420715332031,20991200,415.8420715332031,20991200,415.8420715332031,20991200
2021-08-05 23:00:00,418.42626953125,20991200,418.42626953125,20991200,418.42626953125,20991200
2021-08-06 23:00:00,419.1525573730469,20991200,419.1525573730469,20991200,419.1525573730469,20991200
2021-08-09 23:00:00,418.860107421875,20991200,418.860107421875,20991200,418.860107421875,20991200
2021-08-10 23:00:00,419.35052490234375,20991200,419.35052490234375,20991200,419.35052490234375,20991200
2021-08-11 23:00:00,420.3409118652344,20991200,420.3409118652344,20991200,420.3409118652344,20991200
2021-08-12 23:00:00,421.3217468261719,20991200,421.3217468261719,20991200,421.3217468261719,20991200
2021-08-13 23:00:00,422.3874816894531,20991200,422.3874816894531,20991200,422.3874816894531,20991200
2021-08-16 23:00:00,423.47210693359375,20991200,423.47210693359375,20991200,423.47210693359375,20991200
2021-08-17 23:00:00,420.5955505371094,20991200,420.5955505371094,20991200,420.5955505371094,20991200
2021-08-18 23:00:00,416.05902099609375,20991200,416.05902099609375,20991200,416.05902099609375,20991200
2021-08-19 23:00:00,416.6720275878906,20991200,416.6720275878906,20991200,416.6720275878906,20991200
2021-08-20 23:00:00,419.9919128417969,20991200,419.9919128417969,20991200,419.9919128417969,20991200
2021-08-23 23:00:00,423.6513366699219,20991200,423.6513366699219,20991200,423.6513366699219,20991200
2021-08-24 23:00:00,424.3869934082031,20991200,424.3869934082031,20991200,424.3869934082031,20991200
2021-08-25 23:00:00,425.2735595703125,20991200,425.2735595703125,20991200,425.2735595703125,20991200
2021-08-26 23:00:00,422.7647399902344,20991200,422.7647399902344,20991200,422.7647399902344,20991200
2021-08-27 23:00:00,426.480712890625,20991200,426.480712890625,20991200,426.480712890625,20991200
2021-08-30 23:00:00,428.37652587890625,20991200,428.37652587890625,20991200,428.37652587890625,20991200
2021-08-31 23:00:00,427.91436767578125,20991200,427.91436767578125,20991200,427.91436767578125,20991200
2021-09-01 23:00:00,428.1029968261719,20991200,428.1029968261719,20991200,428.1029968261719,20991200
2021-09-02 23:00:00,429.3856201171875,20991200,429.3856201171875,20991200,429.3856201171875,20991200
2021-09-03 23:00:00,429.19696044921875,20991200,429.19696044921875,20991200,429.19696044921875,20991200
2021-09-07 23:00:00,427.81060791015625,20991200,427.81060791015625,20991200,427.81060791015625,20991200
2021-09-08 23:00:00,427.2447509765625,20991200,427.2447509765625,20991200,427.2447509765625,20991200
2021-09-09 23:00:00,425.3395690917969,20991200,425.3395690917969,20991200,425.3395690917969,20991200
2021-09-10 23:00:00,422.0951232910156,20991200,422.0951232910156,20991200,422.0951232910156,20991200
2021-09-13 23:00:00,423.0759582519531,20991200,423.0759582519531,20991200,423.0759582519531,20991200
2021-09-14 23:00:00,420.8218994140625,20991200,420.8218994140625,20991200,420.8218994140625,20991200
2021-09-15 23:00:00,424.32098388671875,20991200,424.32098388671875,20991200,424.32098388671875,20991200
2021-09-16 23:00:00,423.5287780761719,20991200,423.5287780761719,20991200,423.5287780761719,20991200
2021-09-17 23:00:00,419.44488525390625,20991200,419.44488525390625,20991200,419.44488525390625,20991200
2021-09-20 23:00:00,412.371337890625,20991200,412.371337890625,20991200,412.371337890625,20991200
2021-09-21 23:00:00,412.1355285644531,20991200,412.1355285644531,20991200,412.1355285644531,20991200
2021-09-22 23:00:00,416.2004089355469,20991200,416.2004089355469,20991200,416.2004089355469,20991200
2021-09-23 23:00:00,421.1897277832031,20991200,421.1897277832031,20991200,421.1897277832031,20991200
2021-09-24 23:00:00,421.9972229003906,20991200,421.9972229003906,20991200,421.9972229003906,20991200
2021-09-27 23:00:00,420.6717834472656,20991200,420.6717834472656,20991200,420.6717834472656,20991200
2021-09-28 23:00:00,412.2742919921875,20991200,412.2742919921875,20991200,412.2742919921875,20991200
2021-09-29 23:00:00,412.9844055175781,20991200,412.9844055175781,20991200,412.9844055175781,20991200
2021-09-30 23:00:00,407.8719482421875,20991200,407.8719482421875,20991200,407.8719482421875,20991200
2021-10-01 23:00:00,412.7287902832031,20991200,412.7287902832031,20991200,412.7287902832031,20991200
2021-10-04 23:00:00,407.3702392578125,20991200,407.3702392578125,20991200,407.3702392578125,20991200
2021-10-05 23:00:00,411.6400146484375,20991200,411.6400146484375,20991200,411.6400146484375,20991200
2021-10-06 23:00:00,413.3914489746094,20991200,413.3914489746094,20991200,413.3914489746094,20991200
2021-10-07 23:00:00,416.8186340332031,20991200,416.8186340332031,20991200,416.8186340332031,20991200
2021-10-08 23:00:00,416.2032775878906,20991200,416.2032775878906,20991200,416.2032775878906,20991200
2021-10-11 23:00:00,413.0979919433594,20991200,413.0979919433594,20991200,413.0979919433594,20991200
2021-10-12 23:00:00,412.0565490722656,20991200,412.0565490722656,20991200,412.0565490722656,20991200
2021-10-13 23:00:00,413.5240173339844,20991200,413.5240173339844,20991200,413.5240173339844,20991200
2021-10-14 23:00:00,420.6055603027344,20991200,420.6055603027344,20991200,420.6055603027344,20991200
2021-10-15 23:00:00,423.83392333984375,20991200,423.83392333984375,20991200,423.83392333984375,20991200
2021-10-18 23:00:00,425.064697265625,20991200,425.064697265625,20991200,425.064697265625,20991200
2021-10-19 23:00:00,428.4066467285156,20991200,428.4066467285156,20991200,428.4066467285156,20991200
2021-10-20 23:00:00,430.0539855957031,20991200,430.0539855957031,20991200,430.0539855957031,20991200
2021-10-21 23:00:00,431.17108154296875,20991200,431.17108154296875,20991200,431.17108154296875,20991200
2021-10-22 23:00:00,430.6504821777344,20991200,430.6504821777344,20991200,430.6504821777344,20991200
2021-10-25 23:00:00,432.9036865234375,20991200,432.9036865234375,20991200,432.9036865234375,20991200
2021-10-26 23:00:00,433.39593505859375,20991200,433.39593505859375,20991200,433.39593505859375,20991200
2021-10-27 23:00:00,431.4646301269531,20991200,431.4646301269531,20991200,431.4646301269531,20991200
2021-10-28 23:00:00,435.6112976074219,20991200,435.6112976074219,20991200,435.6112976074219,20991200
2021-10-29 23:00:00,436.4349670410156,20991200,436.4349670410156,20991200,436.4349670410156,20991200
2021-11-01 23:00:00,437.3343505859375,20991200,437.3343505859375,20991200,437.3343505859375,20991200
2021-11-02 23:00:00,439.0574951171875,20991200,439.0574951171875,20991200,439.0574951171875,20991200
2021-11-03 23:00:00,441.755615234375,20991200,441.755615234375,20991200,441.755615234375,20991200
2021-11-04 23:00:00,443.78167724609375,20991200,443.78167724609375,20991200,443.78167724609375,20991200
2021-11-05 23:00:00,445.34368896484375,20991200,445.34368896484375,20991200,445.34368896484375,20991200
2021-11-08 23:00:00,445.80767822265625,20991200,445.80767822265625,20991200,445.80767822265625,20991200
2021-11-09 23:00:00,444.2549743652344,20991200,444.2549743652344,20991200,444.2549743652344,20991200
2021-11-10 23:00:00,440.74267578125,20991200,440.74267578125,20991200,440.74267578125,20991200
2021-11-11 23:00:00,440.92242431640625,20991200,440.92242431640625,20991200,440.92242431640625,20991200
2021-11-12 23:00:00,444.1697998046875,20991200,444.1697998046875,20991200,444.1697998046875,20991200
2021-11-15 23:00:00,444.28338623046875,20991200,444.28338623046875,20991200,444.28338623046875,20991200
2021-11-16 23:00:00,446.0538024902344,20991200,446.0538024902344,20991200,446.0538024902344,20991200
2021-11-17 23:00:00,445.0029296875,20991200,445.0029296875,20991200,445.0029296875,20991200
2021-11-18 23:00:00,446.4704284667969,20991200,446.4704284667969,20991200,446.4704284667969,20991200
2021-11-19 23:00:00,445.7413635253906,20991200,445.7413635253906,20991200,445.7413635253906,20991200
2021-11-22 23:00:00,444.406494140625,20991200,444.406494140625,20991200,444.406494140625,20991200
2021-11-23 23:00:00,445.0218505859375,20991200,445.0218505859375,20991200,445.0218505859375,20991200
2021-11-24 23:00:00,446.1769104003906,20991200,446.1769104003906,20991200,446.1769104003906,20991200
2021-11-26 23:00:00,436.0847473144531,20991200,436.0847473144531,20991200,436.0847473144531,20991200
2021-11-29 23:00:00,441.6514587402344,20991200,441.6514587402344,20991200,441.6514587402344,20991200
2021-11-30 23:00:00,433.2539367675781,20991200,433.2539367675781,20991200,433.2539367675781,20991200
2021-12-01 23:00:00,428.1983642578125,20991200,428.1983642578125,20991200,428.1983642578125,20991200
2021-12-02 23:00:00,434.797119140625,20991200,434.797119140625,20991200,434.797119140625,20991200
2021-12-03 23:00:00,430.8966064453125,20991200,430.8966064453125,20991200,430.8966064453125,20991200
2021-12-06 23:00:00,436.0847473144531,20991200,436.0847473144531,20991200,436.0847473144531,20991200
2021-12-07 23:00:00,445.14495849609375,20991200,445.14495849609375,20991200,445.14495849609375,20991200
2021-12-08 23:00:00,446.3188171386719,20991200,446.3188171386719,20991200,446.3188171386719,20991200
2021-12-09 23:00:00,443.30828857421875,20991200,443.30828857421875,20991200,443.30828857421875,20991200
2021-12-10 23:00:00,447.5591125488281,20991200,447.5591125488281,20991200,447.5591125488281,20991200
2021-12-13 23:00:00,443.5967712402344,20991200,443.5967712402344,20991200,443.5967712402344,20991200
2021-12-14 23:00:00,440.4625549316406,20991200,440.4625549316406,20991200,440.4625549316406,20991200
2021-12-15 23:00:00,447.3862609863281,20991200,447.3862609863281,20991200,447.3862609863281,20991200
2021-12-16 23:00:00,443.28338623046875,20991200,443.28338623046875,20991200,443.28338623046875,20991200
2021-12-17 23:00:00,438.88604736328125,20991200,438.88604736328125,20991200,438.88604736328125,20991200
2021-12-20 23:00:00,433.95684814453125,20991200,433.95684814453125,20991200,433.95684814453125,20991200
2021-12-21 23:00:00,441.68780517578125,20991200,441.68780517578125,20991200,441.68780517578125,20991200
2021-12-22 23:00:00,446.1420593261719,20991200,446.1420593261719,20991200,446.1420593261719,20991200
2021-12-23 23:00:00,448.8772888183594,20991200,448.8772888183594,20991200,448.8772888183594,20991200
2021-12-27 23:00:00,455.3070983886719,20991200,455.3070983886719,20991200,455.3070983886719,20991200
2021-12-28 23:00:00,454.9556884765625,20991200,454.9556884765625,20991200,454.9556884765625,20991200
2021-12-29 23:00:00,455.43060302734375,20991200,455.43060302734375,20991200,455.43060302734375,20991200
2021-12-30 23:00:00,454.1484375,20991200,454.1484375,20991200,454.1484375,20991200
2021-12-31 23:00:00,453.0181884765625,20991200,453.0181884765625,20991200,453.0181884765625,20991200
2022-01-03 23:00:00,455.7249755859375,20991200,455.7249755859375,20991200,455.7249755859375,20991200
2022-01-04 23:00:00,455.5730285644531,20991200,455.5730285644531,20991200,455.5730285644531,20991200
2022-01-05 23:00:00,446.6929016113281,20991200,446.6929016113281,20991200,446.6929016113281,20991200
2022-01-06 23:00:00,446.360595703125,20991200,446.360595703125,20991200,446.360595703125,20991200
2022-01-07 23:00:00,444.5749816894531,20991200,444.5749816894531,20991200,444.5749816894531,20991200
2022-01-10 23:00:00,443.7392272949219,20991200,443.7392272949219,20991200,443.7392272949219,20991200
2022-01-11 23:00:00,448.1175537109375,20991200,448.1175537109375,20991200,448.1175537109375,20991200
2022-01-12 23:00:00,449.3046875,20991200,449.3046875,20991200,449.3046875,20991200
2022-01-13 23:00:00,443.140869140625,20991200,443.140869140625,20991200,443.140869140625,20991200
2022-01-14 23:00:00,443.29290771484375,20991200,443.29290771484375,20991200,443.29290771484375,20991200
2022-01-18 23:00:00,435.4574890136719,20991200,435.4574890136719,20991200,435.4574890136719,20991200
2022-01-19 23:00:00,430.95574951171875,20991200,430.95574951171875,20991200,430.95574951171875,20991200
2022-01-20 23:00:00,426.16900634765625,20991200,426.16900634765625,20991200,426.16900634765625,20991200
2022-01-21 23:00:00,417.8682556152344,20991200,417.8682556152344,20991200,417.8682556152344,20991200
2022-01-24 23:00:00,419.3308410644531,20991200,419.3308410644531,20991200,419.3308410644531,20991200
2022-01-25 23:00:00,414.5061340332031,20991200,414.5061340332031,20991200,414.5061340332031,20991200
2022-01-26 23:00:00,413.546875,20991200,413.546875,20991200,413.546875,20991200
2022-01-27 23:00:00,411.39093017578125,20991200,411.39093017578125,20991200,411.39093017578125,20991200
2022-01-28 23:00:00,421.44879150390625,20991200,421.44879150390625,20991200,421.44879150390625,20991200
2022-01-31 23:00:00,429.06573486328125,20991200,429.06573486328125,20991200,429.06573486328125,20991200
2022-02-01 23:00:00,432.02886962890625,20991200,432.02886962890625,20991200,432.02886962890625,20991200
2022-02-02 23:00:00,436.17926025390625,20991200,436.17926025390625,20991200,436.17926025390625,20991200
2022-02-03 23:00:00,426.05499267578125,20991200,426.05499267578125,20991200,426.05499267578125,20991200
2022-02-04 23:00:00,428.19195556640625,20991200,428.19195556640625,20991200,428.19195556640625,20991200
2022-02-07 23:00:00,426.67236328125,20991200,426.67236328125,20991200,426.67236328125,20991200
2022-02-08 23:00:00,430.0628967285156,20991200,430.0628967285156,20991200,430.0628967285156,20991200
2022-02-09 23:00:00,436.4071960449219,20991200,436.4071960449219,20991200,436.4071960449219,20991200
2022-02-10 23:00:00,428.6953125,20991200,428.6953125,20991200,428.6953125,20991200
2022-02-11 23:00:00,420.119140625,20991200,420.119140625,20991200,420.119140625,20991200
2022-02-14 23:00:00,418.75146484375,20991200,418.75146484375,20991200,418.75146484375,20991200
2022-02-15 23:00:00,425.4851379394531,20991200,425.4851379394531,20991200,425.4851379394531,20991200
2022-02-16 23:00:00,425.9696044921875,20991200,425.9696044921875,20991200,425.9696044921875,20991200
2022-02-17 23:00:00,417.03240966796875,20991200,417.03240966796875,20991200,417.03240966796875,20991200
2022-02-18 23:00:00,414.1546936035156,20991200,414.1546936035156,20991200,414.1546936035156,20991200
2022-02-22 23:00:00,409.662353515625,20991200,409.662353515625,20991200,409.662353515625,20991200
2022-02-23 23:00:00,402.19744873046875,20991200,402.19744873046875,20991200,402.19744873046875,20991200
2022-02-24 23:00:00,408.5227355957031,20991200,408.5227355957031,20991200,408.5227355957031,20991200
2022-02-25 23:00:00,417.51678466796875,20991200,417.51678466796875,20991200,417.51678466796875,20991200
2022-02-28 23:00:00,416.6714782714844,20991200,416.6714782714844,20991200,416.6714782714844,20991200
2022-03-01 23:00:00,410.2132873535156,20991200,410.2132873535156,20991200,410.2132873535156,20991200
2022-03-02 23:00:00,417.697265625,20991200,417.697265625,20991200,417.697265625,20991200
2022-03-03 23:00:00,415.6932678222656,20991200,415.6932678222656,20991200,415.6932678222656,20991200
2022-03-04 23:00:00,412.1412658691406,20991200,412.1412658691406,20991200,412.1412658691406,20991200
2022-03-07 23:00:00,400.0320129394531,20991200,400.0320129394531,20991200,400.0320129394531,20991200
2022-03-08 23:00:00,397.0498046875,20991200,397.0498046875,20991200,397.0498046875,20991200
2022-03-09 23:00:00,407.7344970703125,20991200,407.7344970703125,20991200,407.7344970703125,20991200
2022-03-10 23:00:00,405.8634338378906,20991200,405.8634338378906,20991200,405.8634338378906,20991200
2022-03-11 23:00:00,400.8013000488281,20991200,400.8013000488281,20991200,400.8013000488281,20991200
2022-03-14 23:00:00,397.77166748046875,20991200,397.77166748046875,20991200,397.77166748046875,20991200
2022-03-15 23:00:00,406.52825927734375,20991200,406.52825927734375,20991200,406.52825927734375,20991200
2022-03-16 23:00:00,415.53179931640625,20991200,415.53179931640625,20991200,415.53179931640625,20991200
2022-03-17 23:00:00,420.6983947753906,20991200,420.6983947753906,20991200,420.6983947753906,20991200
2022-03-18 23:00:00,425.2001953125,20991200,425.2001953125,20991200,425.2001953125,20991200
2022-03-21 23:00:00,425.1147155761719,20991200,425.1147155761719,20991200,425.1147155761719,20991200
2022-03-22 23:00:00,430.30035400390625,20991200,430.30035400390625,20991200,430.30035400390625,20991200
2022-03-23 23:00:00,424.90582275390625,20991200,424.90582275390625,20991200,424.90582275390625,20991200
2022-03-24 23:00:00,431.0529479980469,20991200,431.0529479980469,20991200,431.0529479980469,20991200
2022-03-25 23:00:00,433.2255859375,20991200,433.2255859375,20991200,433.2255859375,20991200
2022-03-28 23:00:00,436.2652893066406,20991200,436.2652893066406,20991200,436.2652893066406,20991200
2022-03-29 23:00:00,441.8302307128906,20991200,441.8302307128906,20991200,441.8302307128906,20991200
2022-03-30 23:00:00,439.0859069824219,20991200,439.0859069824219,20991200,439.0859069824219,20991200
2022-03-31 23:00:00,432.3202819824219,20991200,432.3202819824219,20991200,432.3202819824219,20991200
2022-04-01 23:00:00,433.3685302734375,20991200,433.3685302734375,20991200,433.3685302734375,20991200
2022-04-04 23:00:00,437.1896057128906,20991200,437.1896057128906,20991200,437.1896057128906,20991200
2022-04-05 23:00:00,431.5579833984375,20991200,431.5579833984375,20991200,431.5579833984375,20991200
2022-04-06 23:00:00,427.3652648925781,20991200,427.3652648925781,20991200,427.3652648925781,20991200
2022-04-07 23:00:00,429.48065185546875,20991200,429.48065185546875,20991200,429.48065185546875,20991200
2022-04-08 23:00:00,428.33721923828125,20991200,428.33721923828125,20991200,428.33721923828125,20991200
2022-04-11 23:00:00,420.9331970214844,20991200,420.9331970214844,20991200,420.9331970214844,20991200
2022-04-12 23:00:00,419.3227844238281,20991200,419.3227844238281,20991200,419.3227844238281,20991200
2022-04-13 23:00:00,424.230224609375,20991200,424.230224609375,20991200,424.230224609375,20991200
2022-04-14 23:00:00,418.98931884765625,20991200,418.98931884765625,20991200,418.98931884765625,20991200
2022-04-18 23:00:00,419.1417541503906,20991200,419.1417541503906,20991200,419.1417541503906,20991200
2022-04-19 23:00:00,425.9073181152344,20991200,425.9073181152344,20991200,425.9073181152344,20991200
2022-04-20 23:00:00,425.526123046875,20991200,425.526123046875,20991200,425.526123046875,20991200
2022-04-21 23:00:00,419.3608703613281,20991200,419.3608703613281,20991200,419.3608703613281,20991200
2022-04-22 23:00:00,407.63067626953125,20991200,407.63067626953125,20991200,407.63067626953125,20991200
2022-04-25 23:00:00,410.1463928222656,20991200,410.1463928222656,20991200,410.1463928222656,20991200
2022-04-26 23:00:00,398.20654296875,20991200,398.20654296875,20991200,398.20654296875,20991200
2022-04-27 23:00:00,399.4072570800781,20991200,399.4072570800781,20991200,399.4072570800781,20991200
2022-04-28 23:00:00,409.44122314453125,20991200,409.44122314453125,20991200,409.44122314453125,20991200
2022-04-29 23:00:00,394.0805358886719,20991200,394.0805358886719,20991200,394.0805358886719,20991200
2022-05-02 23:00:00,396.6152038574219,20991200,396.6152038574219,20991200,396.6152038574219,20991200
2022-05-03 23:00:00,398.45428466796875,20991200,398.45428466796875,20991200,398.45428466796875,20991200
2022-05-04 23:00:00,410.4512939453125,20991200,410.4512939453125,20991200,410.4512939453125,20991200
2022-05-05 23:00:00,395.8814697265625,20991200,395.8814697265625,20991200,395.8814697265625,20991200
2022-05-06 23:00:00,393.7470397949219,20991200,393.7470397949219,20991200,393.7470397949219,20991200
2022-05-09 23:00:00,381.0829772949219,20991200,381.0829772949219,20991200,381.0829772949219,20991200
2022-05-10 23:00:00,381.8357849121094,20991200,381.8357849121094,20991200,381.8357849121094,20991200
2022-05-11 23:00:00,375.8134765625,20991200,375.8134765625,20991200,375.8134765625,20991200
2022-05-12 23:00:00,375.2607727050781,20991200,375.2607727050781,20991200,375.2607727050781,20991200
2022-05-13 23:00:00,384.4085693359375,20991200,384.4085693359375,20991200,384.4085693359375,20991200
2022-05-16 23:00:00,382.7886657714844,20991200,382.7886657714844,20991200,382.7886657714844,20991200
2022-05-17 23:00:00,390.7167663574219,20991200,390.7167663574219,20991200,390.7167663574219,20991200
2022-05-18 23:00:00,375.02252197265625,20991200,375.02252197265625,20991200,375.02252197265625,20991200
2022-05-19 23:00:00,372.6783752441406,20991200,372.6783752441406,20991200,372.6783752441406,20991200
2022-05-20 23:00:00,372.8690185546875,20991200,372.8690185546875,20991200,372.8690185546875,20991200
2022-05-23 23:00:00,379.8346252441406,20991200,379.8346252441406,20991200,379.8346252441406,20991200
2022-05-24 23:00:00,377.10943603515625,20991200,377.10943603515625,20991200,377.10943603515625,20991200
2022-05-25 23:00:00,380.44451904296875,20991200,380.44451904296875,20991200,380.44451904296875,20991200
2022-05-26 23:00:00,387.8866882324219,20991200,387.8866882324219,20991200,387.8866882324219,20991200
2022-05-27 23:00:00,397.5967712402344,20991200,397.5967712402344,20991200,397.5967712402344,20991200
2022-05-31 23:00:00,395.3288269042969,20991200,395.3288269042969,20991200,395.3288269042969,20991200
2022-06-01 23:00:00,392.1270446777344,20991200,392.1270446777344,20991200,392.1270446777344,20991200
2022-06-02 23:00:00,399.51202392578125,20991200,399.51202392578125,20991200,399.51202392578125,20991200
2022-06-03 23:00:00,392.95611572265625,20991200,392.95611572265625,20991200,392.95611572265625,20991200
2022-06-06 23:00:00,394.1376647949219,20991200,394.1376647949219,20991200,394.1376647949219,20991200
2022-06-07 23:00:00,397.7967834472656,20991200,397.7967834472656,20991200,397.7967834472656,20991200
2022-06-08 23:00:00,393.48968505859375,20991200,393.48968505859375,20991200,393.48968505859375,20991200
2022-06-09 23:00:00,384.2493591308594,20991200,384.2493591308594,20991200,384.2493591308594,20991200
2022-06-10 23:00:00,372.91278076171875,20991200,372.91278076171875,20991200,372.91278076171875,20991200
2022-06-13 23:00:00,358.5747375488281,20991200,358.5747375488281,20991200,358.5747375488281,20991200
2022-06-14 23:00:00,357.61883544921875,20991200,357.61883544921875,20991200,357.61883544921875,20991200
2022-06-15 23:00:00,362.7135925292969,20991200,362.7135925292969,20991200,362.7135925292969,20991200
2022-06-16 23:00:00,350.7939758300781,20991200,350.7939758300781,20991200,350.7939758300781,20991200
2022-06-17 23:00:00,351.4343566894531,20991200,351.4343566894531,20991200,351.4343566894531,20991200
2022-06-21 23:00:00,360.3717956542969,20991200,360.3717956542969,20991200,360.3717956542969,20991200
2022-06-22 23:00:00,359.75042724609375,20991200,359.75042724609375,20991200,359.75042724609375,20991200
2022-06-23 23:00:00,363.3541259765625,20991200,363.3541259765625,20991200,363.3541259765625,20991200
2022-06-24 23:00:00,374.70025634765625,20991200,374.70025634765625,20991200,374.70025634765625,20991200
2022-06-27 23:00:00,373.3428649902344,20991200,373.3428649902344,20991200,373.3428649902344,20991200
2022-06-28 23:00:00,365.7245788574219,20991200,365.7245788574219,20991200,365.7245788574219,20991200
2022-06-29 23:00:00,365.466552734375,20991200,365.466552734375,20991200,365.466552734375,20991200
2022-06-30 23:00:00,362.4173278808594,20991200,362.4173278808594,20991200,362.4173278808594,20991200
2022-07-01 23:00:00,366.1834411621094,20991200,366.1834411621094,20991200,366.1834411621094,20991200
2022-07-05 23:00:00,366.96728515625,20991200,366.96728515625,20991200,366.96728515625,20991200
2022-07-06 23:00:00,368.2768249511719,20991200,368.2768249511719,20991200,368.2768249511719,20991200
2022-07-07 23:00:00,373.73480224609375,20991200,373.73480224609375,20991200,373.73480224609375,20991200
2022-07-08 23:00:00,373.4384460449219,20991200,373.4384460449219,20991200,373.4384460449219,20991200
2022-07-11 23:00:00,369.1848449707031,20991200,369.1848449707031,20991200,369.1848449707031,20991200
2022-07-12 23:00:00,365.8680419921875,20991200,365.8680419921875,20991200,365.8680419921875,20991200
2022-07-13 23:00:00,363.9945068359375,20991200,363.9945068359375,20991200,363.9945068359375,20991200
2022-07-14 23:00:00,363.1151428222656,20991200,363.1151428222656,20991200,363.1151428222656,20991200
2022-07-15 23:00:00,370.0451965332031,20991200,370.0451965332031,20991200,370.0451965332031,20991200
2022-07-18 23:00:00,367.0533142089844,20991200,367.0533142089844,20991200,367.0533142089844,20991200
2022-07-19 23:00:00,376.9178771972656,20991200,376.9178771972656,20991200,376.9178771972656,20991200
2022-07-20 23:00:00,379.2501525878906,20991200,379.2501525878906,20991200,379.2501525878906,20991200
2022-07-21 23:00:00,383.1214599609375,20991200,383.1214599609375,20991200,383.1214599609375,20991200
2022-07-22 23:00:00,379.70892333984375,20991200,379.70892333984375,20991200,379.70892333984375,20991200
2022-07-25 23:00:00,380.10089111328125,20991200,380.10089111328125,20991200,380.10089111328125,20991200
2022-07-26 23:00:00,375.5891418457031,20991200,375.5891418457031,20991200,375.5891418457031,20991200
2022-07-27 23:00:00,385.3008117675781,20991200,385.3008117675781,20991200,385.3008117675781,20991200
2022-07-28 23:00:00,390.1948547363281,20991200,390.1948547363281,20991200,390.1948547363281,20991200
2022-07-29 23:00:00,395.9970397949219,20991200,395.9970397949219,20991200,395.9970397949219,20991200
2022-08-01 23:00:00,394.7256774902344,20991200,394.7256774902344,20991200,394.7256774902344,20991200
2022-08-02 23:00:00,392.2117614746094,20991200,392.2117614746094,20991200,392.2117614746094,20991200
2022-08-03 23:00:00,398.32928466796875,20991200,398.32928466796875,20991200,398.32928466796875,20991200
2022-08-04 23:00:00,397.9469909667969,20991200,397.9469909667969,20991200,397.9469909667969,20991200
2022-08-05 23:00:00,397.2491149902344,20991200,397.2491149902344,20991200,397.2491149902344,20991200
2022-08-08 23:00:00,396.9050598144531,20991200,396.9050598144531,20991200,396.9050598144531,20991200
2022-08-09 23:00:00,395.2417907714844,20991200,395.2417907714844,20991200,395.2417907714844,20991200
2022-08-10 23:00:00,403.5196838378906,20991200,403.5196838378906,20991200,403.5196838378906,20991200
2022-08-11 23:00:00,403.6629638671875,20991200,403.6629638671875,20991200,403.6629638671875,20991200
2022-08-12 23:00:00,410.30633544921875,20991200,410.30633544921875,20991200,410.30633544921875,20991200
2022-08-15 23:00:00,412.1129455566406,20991200,412.1129455566406,20991200,412.1129455566406,20991200
2022-08-16 23:00:00,412.97320556640625,20991200,412.97320556640625,20991200,412.97320556640625,20991200
2022-08-17 23:00:00,409.8666076660156,20991200,409.8666076660156,20991200,409.8666076660156,20991200
2022-08-18 23:00:00,411.07098388671875,20991200,411.07098388671875,20991200,411.07098388671875,20991200
2022-08-19 23:00:00,405.632080078125,20991200,405.632080078125,20991200,405.632080078125,20991200
2022-08-22 23:00:00,397.1248779296875,20991200,397.1248779296875,20991200,397.1248779296875,20991200
2022-08-23 23:00:00,396.2455139160156,20991200,396.2455139160156,20991200,396.2455139160156,20991200
2022-08-24 23:00:00,397.4785461425781,20991200,397.4785461425781,20991200,397.4785461425781,20991200
2022-08-25 23:00:00,403.0799560546875,20991200,403.0799560546875,20991200,403.0799560546875,20991200
2022-08-26 23:00:00,389.305908203125,20991200,389.305908203125,20991200,389.305908203125,20991200
2022-08-29 23:00:00,386.96405029296875,20991200,386.96405029296875,20991200,386.96405029296875,20991200
2022-08-30 23:00:00,382.5287780761719,20991200,382.5287780761719,20991200,382.5287780761719,20991200
2022-08-31 23:00:00,379.651611328125,20991200,379.651611328125,20991200,379.651611328125,20991200
2022-09-01 23:00:00,380.95159912109375,20991200,380.95159912109375,20991200,380.95159912109375,20991200
2022-09-02 23:00:00,376.87957763671875,20991200,376.87957763671875,20991200,376.87957763671875,20991200
2022-09-06 23:00:00,375.3788757324219,20991200,375.3788757324219,20991200,375.3788757324219,20991200
2022-09-07 23:00:00,382.1751403808594,20991200,382.1751403808594,20991200,382.1751403808594,20991200
2022-09-08 23:00:00,384.5838928222656,20991200,384.5838928222656,20991200,384.5838928222656,20991200
2022-09-09 23:00:00,390.7205505371094,20991200,390.7205505371094,20991200,390.7205505371094,20991200
2022-09-12 23:00:00,394.93603515625,20991200,394.93603515625,20991200,394.93603515625,20991200
2022-09-13 23:00:00,377.7016906738281,20991200,377.7016906738281,20991200,377.7016906738281,20991200
2022-09-14 23:00:00,379.1449890136719,20991200,379.1449890136719,20991200,379.1449890136719,20991200
2022-09-15 23:00:00,374.7671813964844,20991200,374.7671813964844,20991200,374.7671813964844,20991200
2022-09-16 23:00:00,371.9281921386719,20991200,371.9281921386719,20991200,371.9281921386719,20991200
2022-09-19 23:00:00,374.824462890625,20991200,374.824462890625,20991200,374.824462890625,20991200
2022-09-20 23:00:00,370.4179382324219,20991200,370.4179382324219,20991200,370.4179382324219,20991200
2022-09-21 23:00:00,364.0996398925781,20991200,364.0996398925781,20991200,364.0996398925781,20991200
2022-09-22 23:00:00,361.02178955078125,20991200,361.02178955078125,20991200,361.02178955078125,20991200
2022-09-23 23:00:00,355.02850341796875,20991200,355.02850341796875,20991200,355.02850341796875,20991200
2022-09-26 23:00:00,351.5273132324219,20991200,351.5273132324219,20991200,351.5273132324219,20991200
2022-09-27 23:00:00,350.62420654296875,20991200,350.62420654296875,20991200,350.62420654296875,20991200
2022-09-28 23:00:00,357.43621826171875,20991200,357.43621826171875,20991200,357.43621826171875,20991200
2022-09-29 23:00:00,350.08612060546875,20991200,350.08612060546875,20991200,350.08612060546875,20991200
2022-09-30 23:00:00,344.59033203125,20991200,344.59033203125,20991200,344.59033203125,20991200
2022-10-03 23:00:00,353.70831298828125,20991200,353.70831298828125,20991200,353.70831298828125,20991200
2022-10-04 23:00:00,364.5364990234375,20991200,364.5364990234375,20991200,364.5364990234375,20991200
2022-10-05 23:00:00,363.6814270019531,20991200,363.6814270019531,20991200,363.6814270019531,20991200
2022-10-06 23:00:00,360.0880432128906,20991200,360.0880432128906,20991200,360.0880432128906,20991200
2022-10-07 23:00:00,350.0476989746094,20991200,350.0476989746094,20991200,350.0476989746094,20991200
2022-10-10 23:00:00,347.44390869140625,20991200,347.44390869140625,20991200,347.44390869140625,20991200
2022-10-11 23:00:00,345.0611877441406,20991200,345.0611877441406,20991200,345.0611877441406,20991200
2022-10-12 23:00:00,343.9466552734375,20991200,343.9466552734375,20991200,343.9466552734375,20991200
2022-10-13 23:00:00,353.1030578613281,20991200,353.1030578613281,20991200,353.1030578613281,20991200
2022-10-14 23:00:00,345.0131530761719,20991200,345.0131530761719,20991200,345.0131530761719,20991200
2022-10-17 23:00:00,353.8908386230469,20991200,353.8908386230469,20991200,353.8908386230469,20991200
2022-10-18 23:00:00,357.94549560546875,20991200,357.94549560546875,20991200,357.94549560546875,20991200
2022-10-19 23:00:00,355.5915222167969,20991200,355.5915222167969,20991200,355.5915222167969,20991200
2022-10-20 23:00:00,352.56500244140625,20991200,352.56500244140625,20991200,352.56500244140625,20991200
2022-10-21 23:00:00,361.0776672363281,20991200,361.0776672363281,20991200,361.0776672363281,20991200
2022-10-24 23:00:00,365.51654052734375,20991200,365.51654052734375,20991200,365.51654052734375,20991200
2022-10-25 23:00:00,371.3870849609375,20991200,371.3870849609375,20991200,371.3870849609375,20991200
2022-10-26 23:00:00,368.5815124511719,20991200,368.5815124511719,20991200,368.5815124511719,20991200
2022-10-27 23:00:00,366.6214599609375,20991200,366.6214599609375,20991200,366.6214599609375,20991200
2022-10-28 23:00:00,375.2206115722656,20991200,375.2206115722656,20991200,375.2206115722656,20991200
2022-10-31 23:00:00,372.58795166015625,20991200,372.58795166015625,20991200,372.58795166015625,20991200
2022-11-01 23:00:00,371.1083679199219,20991200,371.1083679199219,20991200,371.1083679199219,20991200
2022-11-02 23:00:00,361.5965270996094,20991200,361.5965270996094,20991200,361.5965270996094,20991200
2022-11-03 23:00:00,357.9646911621094,20991200,357.9646911621094,20991200,357.9646911621094,20991200
2022-11-04 23:00:00,363.028076171875,20991200,363.028076171875,20991200,363.028076171875,20991200
2022-11-07 23:00:00,366.57342529296875,20991200,366.57342529296875,20991200,366.57342529296875,20991200
2022-11-08 23:00:00,368.5623474121094,20991200,368.5623474121094,20991200,368.5623474121094,20991200
2022-11-09 23:00:00,361.0391845703125,20991200,361.0391845703125,20991200,361.0391845703125,20991200
2022-11-10 23:00:00,380.81243896484375,20991200,380.81243896484375,20991200,380.81243896484375,20991200
2022-11-11 23:00:00,384.4827575683594,20991200,384.4827575683594,20991200,384.4827575683594,20991200
2022-11-14 23:00:00,381.2544250488281,20991200,381.2544250488281,20991200,381.2544250488281,20991200
2022-11-15 23:00:00,384.4923095703125,20991200,384.4923095703125,20991200,384.4923095703125,20991200
2022-11-16 23:00:00,381.6675720214844,20991200,381.6675720214844,20991200,381.6675720214844,20991200
2022-11-17 23:00:00,380.3800354003906,20991200,380.3800354003906,20991200,380.3800354003906,20991200
2022-11-18 23:00:00,382.1864318847656,20991200,382.1864318847656,20991200,382.1864318847656,20991200
2022-11-21 23:00:00,380.72601318359375,20991200,380.72601318359375,20991200,380.72601318359375,20991200
2022-11-22 23:00:00,385.971923828125,20991200,385.971923828125,20991200,385.971923828125,20991200
2022-11-23 23:00:00,388.27789306640625,20991200,388.27789306640625,20991200,388.27789306640625,20991200
2022-11-25 23:00:00,388.2490539550781,20991200,388.2490539550781,20991200,388.2490539550781,20991200
2022-11-28 23:00:00,382.09991455078125,20991200,382.09991455078125,20991200,382.09991455078125,20991200
2022-11-29 23:00:00,381.4466247558594,20991200,381.4466247558594,20991200,381.4466247558594,20991200
2022-11-30 23:00:00,393.2740478515625,20991200,393.2740478515625,20991200,393.2740478515625,20991200
2022-12-01 23:00:00,393.1106262207031,20991200,393.1106262207031,20991200,393.1106262207031,20991200
2022-12-02 23:00:00,392.6878967285156,20991200,392.6878967285156,20991200,392.6878967285156,20991200
2022-12-05 23:00:00,385.616455078125,20991200,385.616455078125,20991200,385.616455078125,20991200
2022-12-06 23:00:00,380.10150146484375,20991200,380.10150146484375,20991200,380.10150146484375,20991200
2022-12-07 23:00:00,379.37127685546875,20991200,379.37127685546875,20991200,379.37127685546875,20991200
2022-12-08 23:00:00,382.3497314453125,20991200,382.3497314453125,20991200,382.3497314453125,20991200
2022-12-09 23:00:00,379.5249938964844,20991200,379.5249938964844,20991200,379.5249938964844,20991200
2022-12-12 23:00:00,384.8478088378906,20991200,384.8478088378906,20991200,384.8478088378906,20991200
2022-12-13 23:00:00,387.92022705078125,20991200,387.92022705078125,20991200,387.92022705078125,20991200
2022-12-14 23:00:00,385.5946960449219,20991200,385.5946960449219,20991200,385.5946960449219,20991200
2022-12-15 23:00:00,376.0416564941406,20991200,376.0416564941406,20991200,376.0416564941406,20991200
2022-12-16 23:00:00,371.44854736328125,20991200,371.44854736328125,20991200,371.44854736328125,20991200
2022-12-19 23:00:00,368.3606262207031,20991200,368.3606262207031,20991200,368.3606262207031,20991200
2022-12-20 23:00:00,368.7852478027344,20991200,368.7852478027344,20991200,368.7852478027344,20991200
2022-12-21 23:00:00,374.285400390625,20991200,374.285400390625,20991200,374.285400390625,20991200
2022-12-22 23:00:00,369.1905212402344,20991200,369.1905212402344,20991200,369.1905212402344,20991200
2022-12-23 23:00:00,371.11077880859375,20991200,371.11077880859375,20991200,371.11077880859375,20991200
2022-12-27 23:00:00,369.6826477050781,20991200,369.6826477050781,20991200,369.6826477050781,20991200
2022-12-28 23:00:00,365.1955871582031,20991200,365.1955871582031,20991200,365.1955871582031,20991200
2022-12-29 23:00:00,371.51611328125,20991200,371.51611328125,20991200,371.51611328125,20991200
2022-12-30 23:00:00,370.7441101074219,20991200,370.7441101074219,20991200,370.7441101074219,20991200
2023-01-03 23:00:00,369.1230163574219,20991200,369.1230163574219,20991200,369.1230163574219,20991200
2023-01-04 23:00:00,371.99853515625,20991200,371.99853515625,20991200,371.99853515625,20991200
2023-01-05 23:00:00,367.77203369140625,20991200,367.77203369140625,20991200,367.77203369140625,20991200
2023-01-06 23:00:00,376.1671142578125,20991200,376.1671142578125,20991200,376.1671142578125,20991200
2023-01-09 23:00:00,375.9066162109375,20991200,375.9066162109375,20991200,375.9066162109375,20991200
2023-01-10 23:00:00,378.6083679199219,20991200,378.6083679199219,20991200,378.6083679199219,20991200
2023-01-11 23:00:00,383.3270263671875,20991200,383.3270263671875,20991200,383.3270263671875,20991200
2023-01-12 23:00:00,384.8226623535156,20991200,384.8226623535156,20991200,384.8226623535156,20991200
2023-01-13 23:00:00,386.3377380371094,20991200,386.3377380371094,20991200,386.3377380371094,20991200
2023-01-17 23:00:00,385.6236267089844,20991200,385.6236267089844,20991200,385.6236267089844,20991200
2023-01-18 23:00:00,379.54443359375,20991200,379.54443359375,20991200,379.54443359375,20991200
2023-01-19 23:00:00,376.84259033203125,20991200,376.84259033203125,20991200,376.84259033203125,20991200
2023-01-20 23:00:00,383.76129150390625,20991200,383.76129150390625,20991200,383.76129150390625,20991200
2023-01-23 23:00:00,388.31585693359375,20991200,388.31585693359375,20991200,388.31585693359375,20991200
2023-01-24 23:00:00,388.0552673339844,20991200,388.0552673339844,20991200,388.0552673339844,20991200
2023-01-25 23:00:00,388.12286376953125,20991200,388.12286376953125,20991200,388.12286376953125,20991200
2023-01-26 23:00:00,392.387939453125,20991200,392.387939453125,20991200,392.387939453125,20991200
2023-01-27 23:00:00,393.36248779296875,20991200,393.36248779296875,20991200,393.36248779296875,20991200
2023-01-30 23:00:00,388.3641662597656,20991200,388.3641662597656,20991200,388.3641662597656,20991200
2023-01-31 23:00:00,393.99945068359375,20991200,393.99945068359375,20991200,393.99945068359375,20991200
2023-02-01 23:00:00,398.20660400390625,20991200,398.20660400390625,20991200,398.20660400390625,20991200
2023-02-02 23:00:00,403.9866638183594,20991200,403.9866638183594,20991200,403.9866638183594,20991200
2023-02-03 23:00:00,399.8277893066406,20991200,399.8277893066406,20991200,399.8277893066406,20991200
2023-02-06 23:00:00,397.3670959472656,20991200,397.3670959472656,20991200,397.3670959472656,20991200
2023-02-07 23:00:00,402.5006408691406,20991200,402.5006408691406,20991200,402.5006408691406,20991200
2023-02-08 23:00:00,398.1101379394531,20991200,398.1101379394531,20991200,398.1101379394531,20991200
2023-02-09 23:00:00,394.7327880859375,20991200,394.7327880859375,20991200,394.7327880859375,20991200
2023-02-10 23:00:00,395.59161376953125,20991200,395.59161376953125,20991200,395.59161376953125,20991200
2023-02-13 23:00:00,400.24267578125,20991200,400.24267578125,20991200,400.24267578125,20991200
2023-02-14 23:00:00,400.0303649902344,20991200,400.0303649902344,20991200,400.0303649902344,20991200
2023-02-15 23:00:00,401.30413818359375,20991200,401.30413818359375,20991200,401.30413818359375,20991200
2023-02-16 23:00:00,395.900390625,20991200,395.900390625,20991200,395.900390625,20991200
2023-02-17 23:00:00,394.80035400390625,20991200,394.80035400390625,20991200,394.80035400390625,20991200
2023-02-21 23:00:00,386.97454833984375,20991200,386.97454833984375,20991200,386.97454833984375,20991200
2023-02-22 23:00:00,386.3183898925781,20991200,386.3183898925781,20991200,386.3183898925781,20991200
2023-02-23 23:00:00,388.3544616699219,20991200,388.3544616699219,20991200,388.3544616699219,20991200
2023-02-24 23:00:00,384.1569519042969,20991200,384.1569519042969,20991200,384.1569519042969,20991200
2023-02-27 23:00:00,385.49822998046875,20991200,385.49822998046875,20991200,385.49822998046875,20991200
2023-02-28 23:00:00,384.0218200683594,20991200,384.0218200683594,20991200,384.0218200683594,20991200
2023-03-01 23:00:00,382.6515808105469,20991200,382.6515808105469,20991200,382.6515808105469,20991200
2023-03-02 23:00:00,385.6622314453125,20991200,385.6622314453125,20991200,385.6622314453125,20991200
2023-03-03 23:00:00,391.8475646972656,20991200,391.8475646972656,20991200,391.8475646972656,20991200
2023-03-06 23:00:00,392.2914123535156,20991200,392.2914123535156,20991200,392.2914123535156,20991200
2023-03-07 23:00:00,386.10614013671875,20991200,386.10614013671875,20991200,386.10614013671875,20991200
2023-03-08 23:00:00,386.78155517578125,20991200,386.78155517578125,20991200,386.78155517578125,20991200
2023-03-09 23:00:00,379.62164306640625,20991200,379.62164306640625,20991200,379.62164306640625,20991200
2023-03-10 23:00:00,374.285400390625,20991200,374.285400390625,20991200,374.285400390625,20991200
2023-03-13 23:00:00,373.50384521484375,20991200,373.50384521484375,20991200,373.50384521484375,20991200
2023-03-14 23:00:00,379.78570556640625,20991200,379.78570556640625,20991200,379.78570556640625,20991200
2023-03-15 23:00:00,377.4504699707031,20991200,377.4504699707031,20991200,377.4504699707031,20991200
2023-03-16 23:00:00,383.94464111328125,20991200,383.94464111328125,20991200,383.94464111328125,20991200
2023-03-17 23:00:00,379.3900451660156,20991200,379.3900451660156,20991200,379.3900451660156,20991200
2023-03-20 23:00:00,383.15338134765625,20991200,383.15338134765625,20991200,383.15338134765625,20991200
2023-03-21 23:00:00,388.13250732421875,20991200,388.13250732421875,20991200,388.13250732421875,20991200
2023-03-22 23:00:00,381.62872314453125,20991200,381.62872314453125,20991200,381.62872314453125,20991200
2023-03-23 23:00:00,382.59576416015625,20991200,382.59576416015625,20991200,382.59576416015625,20991200
2023-03-24 23:00:00,385.1248474121094,20991200,385.1248474121094,20991200,385.1248474121094,20991200
2023-03-27 23:00:00,385.7934265136719,20991200,385.7934265136719,20991200,385.7934265136719,20991200
2023-03-28 23:00:00,385.076416015625,20991200,385.076416015625,20991200,385.076416015625,20991200
2023-03-29 23:00:00,390.6481018066406,20991200,390.6481018066406,20991200,390.6481018066406,20991200
2023-03-30 23:00:00,392.8186340332031,20991200,392.8186340332031,20991200,392.8186340332031,20991200
2023-03-31 23:00:00,398.33221435546875,20991200,398.33221435546875,20991200,398.33221435546875,20991200
2023-04-03 23:00:00,399.7469177246094,20991200,399.7469177246094,20991200,399.7469177246094,20991200
2023-04-04 23:00:00,397.7023010253906,20991200,397.7023010253906,20991200,397.7023010253906,20991200
2023-04-05 23:00:00,396.7624206542969,20991200,396.7624206542969,20991200,396.7624206542969,20991200
2023-04-06 23:00:00,398.2644348144531,20991200,398.2644348144531,20991200,398.2644348144531,20991200
2023-04-10 23:00:00,398.71978759765625,20991200,398.71978759765625,20991200,398.71978759765625,20991200
2023-04-11 23:00:00,398.7100830078125,20991200,398.7100830078125,20991200,398.7100830078125,20991200
2023-04-12 23:00:00,397.21783447265625,20991200,397.21783447265625,20991200,397.21783447265625,20991200
2023-04-13 23:00:00,402.3922119140625,20991200,402.3922119140625,20991200,402.3922119140625,20991200
2023-04-14 23:00:00,401.40386962890625,20991200,401.40386962890625,20991200,401.40386962890625,20991200
2023-04-17 23:00:00,402.88641357421875,20991200,402.88641357421875,20991200,402.88641357421875,20991200
2023-04-18 23:00:00,403.1189270019531,20991200,403.1189270019531,20991200,403.1189270019531,20991200
2023-04-19 23:00:00,403.08990478515625,20991200,403.08990478515625,20991200,403.08990478515625,20991200
2023-04-20 23:00:00,400.8321228027344,20991200,400.8321228027344,20991200,400.8321228027344,20991200
2023-04-21 23:00:00,401.0550537109375,20991200,401.0550537109375,20991200,401.0550537109375,20991200
2023-04-24 23:00:00,401.55889892578125,20991200,401.55889892578125,20991200,401.55889892578125,20991200
2023-04-25 23:00:00,395.1829528808594,20991200,395.1829528808594,20991200,395.1829528808594,20991200
2023-04-26 23:00:00,393.5744323730469,20991200,393.5744323730469,20991200,393.5744323730469,20991200
2023-04-27 23:00:00,401.3845520019531,20991200,401.3845520019531,20991200,401.3845520019531,20991200
2023-04-28 23:00:00,404.7081298828125,20991200,404.7081298828125,20991200,404.7081298828125,20991200
2023-05-01 23:00:00,404.4174499511719,20991200,404.4174499511719,20991200,404.4174499511719,20991200
2023-05-02 23:00:00,399.8922424316406,20991200,399.8922424316406,20991200,399.8922424316406,20991200
2023-05-03 23:00:00,397.0143127441406,20991200,397.0143127441406,20991200,397.0143127441406,20991200
2023-05-04 23:00:00,394.2430419921875,20991200,394.2430419921875,20991200,394.2430419921875,20991200
2023-05-05 23:00:00,401.45233154296875,20991200,401.45233154296875,20991200,401.45233154296875,20991200
2023-05-08 23:00:00,401.6654968261719,20991200,401.6654968261719,20991200,401.6654968261719,20991200
2023-05-09 23:00:00,400.02789306640625,20991200,400.02789306640625,20991200,400.02789306640625,20991200
2023-05-10 23:00:00,401.7139587402344,20991200,401.7139587402344,20991200,401.7139587402344,20991200
2023-05-11 23:00:00,401.1131286621094,20991200,401.1131286621094,20991200,401.1131286621094,20991200
2023-05-12 23:00:00,400.5899658203125,20991200,400.5899658203125,20991200,400.5899658203125,20991200
2023-05-15 23:00:00,401.9174499511719,20991200,401.9174499511719,20991200,401.9174499511719,20991200
2023-05-16 23:00:00,399.23333740234375,20991200,399.23333740234375,20991200,399.23333740234375,20991200
2023-05-17 23:00:00,404.07830810546875,20991200,404.07830810546875,20991200,404.07830810546875,20991200
2023-05-18 23:00:00,407.9930419921875,20991200,407.9930419921875,20991200,407.9930419921875,20991200
2023-05-19 23:00:00,407.40191650390625,20991200,407.40191650390625,20991200,407.40191650390625,20991200
2023-05-22 23:00:00,407.5181884765625,20991200,407.5181884765625,20991200,407.5181884765625,20991200
2023-05-23 23:00:00,403.0608825683594,20991200,403.0608825683594,20991200,403.0608825683594,20991200
2023-05-24 23:00:00,400.03759765625,20991200,400.03759765625,20991200,400.03759765625,20991200
2023-05-25 23:00:00,403.5647888183594,20991200,403.5647888183594,20991200,403.5647888183594,20991200
2023-05-26 23:00:00,408.8651123046875,20991200,408.8651123046875,20991200,408.8651123046875,20991200
2023-05-30 23:00:00,408.9425964355469,20991200,408.9425964355469,20991200,408.9425964355469,20991200
2023-05-31 23:00:00,406.4232482910156,20991200,406.4232482910156,20991200,406.4232482910156,20991200
2023-06-01 23:00:00,410.6092834472656,20991200,410.6092834472656,20991200,410.6092834472656,20991200
2023-06-02 23:00:00,416.46197509765625,20991200,416.46197509765625,20991200,416.46197509765625,20991200
2023-06-05 23:00:00,415.74493408203125,20991200,415.74493408203125,20991200,415.74493408203125,20991200
2023-06-06 23:00:00,416.62664794921875,20991200,416.62664794921875,20991200,416.62664794921875,20991200
2023-06-07 23:00:00,415.2551574707031,20991200,415.2551574707031,20991200,415.2551574707031,20991200
2023-06-08 23:00:00,417.6560363769531,20991200,417.6560363769531,20991200,417.6560363769531,20991200
2023-06-09 23:00:00,418.4919738769531,20991200,418.4919738769531,20991200,418.4919738769531,20991200
2023-06-12 23:00:00,422.2926025390625,20991200,422.2926025390625,20991200,422.2926025390625,20991200
2023-06-13 23:00:00,425.0530700683594,20991200,425.0530700683594,20991200,425.0530700683594,20991200
2023-06-14 23:00:00,425.548828125,20991200,425.548828125,20991200,425.548828125,20991200
2023-06-15 23:00:00,430.8074035644531,20991200,430.8074035644531,20991200,430.8074035644531,20991200
2023-06-16 23:00:00,429.27166748046875,20991200,429.27166748046875,20991200,429.27166748046875,20991200
2023-06-20 23:00:00,427.24017333984375,20991200,427.24017333984375,20991200,427.24017333984375,20991200
2023-06-21 23:00:00,424.98504638671875,20991200,424.98504638671875,20991200,424.98504638671875,20991200
2023-06-22 23:00:00,426.5208435058594,20991200,426.5208435058594,20991200,426.5208435058594,20991200
2023-06-23 23:00:00,423.2743225097656,20991200,423.2743225097656,20991200,423.2743225097656,20991200
2023-06-26 23:00:00,421.4858093261719,20991200,421.4858093261719,20991200,421.4858093261719,20991200
2023-06-27 23:00:00,426.1514892578125,20991200,426.1514892578125,20991200,426.1514892578125,20991200
2023-06-28 23:00:00,426.28753662109375,20991200,426.28753662109375,20991200,426.28753662109375,20991200
2023-06-29 23:00:00,427.988525390625,20991200,427.988525390625,20991200,427.988525390625,20991200
2023-06-30 23:00:00,433.23748779296875,20991200,433.23748779296875,20991200,433.23748779296875,20991200
2023-07-03 23:00:00,433.85955810546875,20991200,433.85955810546875,20991200,433.85955810546875,20991200
2023-07-05 23:00:00,433.1111145019531,20991200,433.1111145019531,20991200,433.1111145019531,20991200
2023-07-06 23:00:00,429.5632019042969,20991200,429.5632019042969,20991200,429.5632019042969,20991200
2023-07-07 23:00:00,428.46490478515625,20991200,428.46490478515625,20991200,428.46490478515625,20991200
2023-07-10 23:00:00,429.6021423339844,20991200,429.6021423339844,20991200,429.6021423339844,20991200
2023-07-11 23:00:00,432.489013671875,20991200,432.489013671875,20991200,432.489013671875,20991200
2023-07-12 23:00:00,435.73553466796875,20991200,435.73553466796875,20991200,435.73553466796875,20991200
2023-07-13 23:00:00,439.4486999511719,20991200,439.4486999511719,20991200,439.4486999511719,20991200
2023-07-14 23:00:00,439.01123046875,20991200,439.01123046875,20991200,439.01123046875,20991200
2023-07-17 23:00:00,440.64422607421875,20991200,440.64422607421875,20991200,440.64422607421875,20991200
2023-07-18 23:00:00,443.8421630859375,20991200,443.8421630859375,20991200,443.8421630859375,20991200
2023-07-19 23:00:00,444.6586608886719,20991200,444.6586608886719,20991200,444.6586608886719,20991200
2023-07-20 23:00:00,441.888427734375,20991200,441.888427734375,20991200,441.888427734375,20991200
2023-07-21 23:00:00,441.8786926269531,20991200,441.8786926269531,20991200,441.8786926269531,20991200
2023-07-24 23:00:00,443.8324279785156,20991200,443.8324279785156,20991200,443.8324279785156,20991200
2023-07-25 23:00:00,445.02801513671875,20991200,445.02801513671875,20991200,445.02801513671875,20991200
2023-07-26 23:00:00,445.06689453125,20991200,445.06689453125,20991200,445.06689453125,20991200
2023-07-27 23:00:00,442.18975830078125,20991200,442.18975830078125,20991200,442.18975830078125,20991200
2023-07-28 23:00:00,446.3694152832031,20991200,446.3694152832031,20991200,446.3694152832031,20991200
2023-07-31 23:00:00,447.3025817871094,20991200,447.3025817871094,20991200,447.3025817871094,20991200
2023-08-01 23:00:00,446.0583801269531,20991200,446.0583801269531,20991200,446.0583801269531,20991200
2023-08-02 23:00:00,439.8277282714844,20991200,439.8277282714844,20991200,439.8277282714844,20991200
2023-08-03 23:00:00,438.5641784667969,20991200,438.5641784667969,20991200,438.5641784667969,20991200
2023-08-04 23:00:00,436.5229187011719,20991200,436.5229187011719,20991200,436.5229187011719,20991200
2023-08-07 23:00:00,440.3818054199219,20991200,440.3818054199219,20991200,440.3818054199219,20991200
2023-08-08 23:00:00,438.5350036621094,20991200,438.5350036621094,20991200,438.5350036621094,20991200
2023-08-09 23:00:00,435.5702819824219,20991200,435.5702819824219,20991200,435.5702819824219,20991200
2023-08-10 23:00:00,435.7646789550781,20991200,435.7646789550781,20991200,435.7646789550781,20991200
2023-08-11 23:00:00,435.5022888183594,20991200,435.5022888183594,20991200,435.5022888183594,20991200
2023-08-14 23:00:00,437.83514404296875,20991200,437.83514404296875,20991200,437.83514404296875,20991200
2023-08-15 23:00:00,432.8778381347656,20991200,432.8778381347656,20991200,432.8778381347656,20991200
2023-08-16 23:00:00,429.64105224609375,20991200,429.64105224609375,20991200,429.64105224609375,20991200
2023-08-17 23:00:00,426.3361511230469,20991200,426.3361511230469,20991200,426.3361511230469,20991200
2023-08-18 23:00:00,426.4139099121094,20991200,426.4139099121094,20991200,426.4139099121094,20991200
2023-08-21 23:00:00,429.2911071777344,20991200,429.2911071777344,20991200,429.2911071777344,20991200
2023-08-22 23:00:00,428.06634521484375,20991200,428.06634521484375,20991200,428.06634521484375,20991200
2023-08-23 23:00:00,432.7903747558594,20991200,432.7903747558594,20991200,432.7903747558594,20991200
2023-08-24 23:00:00,426.9776916503906,20991200,426.9776916503906,20991200,426.9776916503906,20991200
2023-08-25 23:00:00,430.02984619140625,20991200,430.02984619140625,20991200,430.02984619140625,20991200
2023-08-28 23:00:00,432.6251220703125,20991200,432.6251220703125,20991200,432.6251220703125,20991200
2023-08-29 23:00:00,438.87518310546875,20991200,438.87518310546875,20991200,438.87518310546875,20991200
2023-08-30 23:00:00,440.79974365234375,20991200,440.79974365234375,20991200,440.79974365234375,20991200
2023-08-31 23:00:00,440.02215576171875,20991200,440.02215576171875,20991200,440.02215576171875,20991200
2023-09-01 23:00:00,440.955322265625,20991200,440.955322265625,20991200,440.955322265625,20991200
2023-09-05 23:00:00,439.05987548828125,20991200,439.05987548828125,20991200,439.05987548828125,20991200
2023-09-06 23:00:00,436.0076904296875,20991200,436.0076904296875,20991200,436.0076904296875,20991200
2023-09-07 23:00:00,434.8024597167969,20991200,434.8024597167969,20991200,434.8024597167969,20991200
2023-09-08 23:00:00,435.3370056152344,20991200,435.3370056152344,20991200,435.3370056152344,20991200
2023-09-11 23:00:00,438.2822265625,20991200,438.2822265625,20991200,438.2822265625,20991200
2023-09-12 23:00:00,435.9105224609375,20991200,435.9105224609375,20991200,435.9105224609375,20991200
2023-09-13 23:00:00,436.31878662109375,20991200,436.31878662109375,20991200,436.31878662109375,20991200
2023-09-14 23:00:00,440.2165832519531,20991200,440.2165832519531,20991200,440.2165832519531,20991200
2023-09-15 23:00:00,434.53997802734375,20991200,434.53997802734375,20991200,434.53997802734375,20991200
2023-09-18 23:00:00,435.2884216308594,20991200,435.2884216308594,20991200,435.2884216308594,20991200
2023-09-19 23:00:00,434.3163757324219,20991200,434.3163757324219,20991200,434.3163757324219,20991200
2023-09-20 23:00:00,430.204833984375,20991200,430.204833984375,20991200,430.204833984375,20991200
2023-09-21 23:00:00,423.15765380859375,20991200,423.15765380859375,20991200,423.15765380859375,20991200
2023-09-22 23:00:00,422.1467590332031,20991200,422.1467590332031,20991200,422.1467590332031,20991200
2023-09-25 23:00:00,423.89642333984375,20991200,423.89642333984375,20991200,423.89642333984375,20991200
2023-09-26 23:00:00,417.6929016113281,20991200,417.6929016113281,20991200,417.6929016113281,20991200
2023-09-27 23:00:00,417.8003234863281,20991200,417.8003234863281,20991200,417.8003234863281,20991200
2023-09-28 23:00:00,420.24151611328125,20991200,420.24151611328125,20991200,420.24151611328125,20991200
2023-09-29 23:00:00,419.3235778808594,20991200,419.3235778808594,20991200,419.3235778808594,20991200
2023-10-02 23:00:00,419.1771545410156,20991200,419.1771545410156,20991200,419.1771545410156,20991200
2023-10-03 23:00:00,413.59173583984375,20991200,413.59173583984375,20991200,413.59173583984375,20991200
2023-10-04 23:00:00,416.5211486816406,20991200,416.5211486816406,20991200,416.5211486816406,20991200
2023-10-05 23:00:00,416.3258056640625,20991200,416.3258056640625,20991200,416.3258056640625,20991200
2023-10-06 23:00:00,421.21795654296875,20991200,421.21795654296875,20991200,421.21795654296875,20991200
2023-10-09 23:00:00,423.9910583496094,20991200,423.9910583496094,20991200,423.9910583496094,20991200
2023-10-10 23:00:00,426.20770263671875,20991200,426.20770263671875,20991200,426.20770263671875,20991200
2023-10-11 23:00:00,428.01416015625,20991200,428.01416015625,20991200,428.01416015625,20991200
2023-10-12 23:00:00,425.446044921875,20991200,425.446044921875,20991200,425.446044921875,20991200
2023-10-13 23:00:00,423.2099304199219,20991200,423.2099304199219,20991200,423.2099304199219,20991200
2023-10-16 23:00:00,427.61383056640625,20991200,427.61383056640625,20991200,427.61383056640625,20991200
2023-10-17 23:00:00,427.7407531738281,20991200,427.7407531738281,20991200,427.7407531738281,20991200
2023-10-18 23:00:00,422.1358337402344,20991200,422.1358337402344,20991200,422.1358337402344,20991200
2023-10-19 23:00:00,418.3080749511719,20991200,418.3080749511719,20991200,418.3080749511719,20991200
2023-10-20 23:00:00,413.162109375,20991200,413.162109375,20991200,413.162109375,20991200
2023-10-23 23:00:00,412.43951416015625,20991200,412.43951416015625,20991200,412.43951416015625,20991200
2023-10-24 23:00:00,415.544677734375,20991200,415.544677734375,20991200,415.544677734375,20991200
2023-10-25 23:00:00,409.6370849609375,20991200,409.6370849609375,20991200,409.6370849609375,20991200
2023-10-26 23:00:00,404.6961669921875,20991200,404.6961669921875,20991200,404.6961669921875,20991200
2023-10-27 23:00:00,402.84088134765625,20991200,402.84088134765625,20991200,402.84088134765625,20991200
2023-10-30 23:00:00,407.62554931640625,20991200,407.62554931640625,20991200,407.62554931640625,20991200
2023-10-31 23:00:00,410.0569763183594,20991200,410.0569763183594,20991200,410.0569763183594,20991200
2023-11-01 23:00:00,414.5389404296875,20991200,414.5389404296875,20991200,414.5389404296875,20991200
2023-11-02 23:00:00,422.5263977050781,20991200,422.5263977050781,20991200,422.5263977050781,20991200
2023-11-03 23:00:00,426.3150939941406,20991200,426.3150939941406,20991200,426.3150939941406,20991200
2023-11-06 23:00:00,427.3404235839844,20991200,427.3404235839844,20991200,427.3404235839844,20991200
2023-11-07 23:00:00,428.4731140136719,20991200,428.4731140136719,20991200,428.4731140136719,20991200
2023-11-08 23:00:00,428.8246765136719,20991200,428.8246765136719,20991200,428.8246765136719,20991200
2023-11-09 23:00:00,425.592529296875,20991200,425.592529296875,20991200,425.592529296875,20991200
2023-11-10 23:00:00,432.25201416015625,20991200,432.25201416015625,20991200,432.25201416015625,20991200
2023-11-13 23:00:00,431.7540588378906,20991200,431.7540588378906,20991200,431.7540588378906,20991200
2023-11-14 23:00:00,440.219970703125,20991200,440.219970703125,20991200,440.219970703125,20991200
2023-11-15 23:00:00,441.1085205078125,20991200,441.1085205078125,20991200,441.1085205078125,20991200
2023-11-16 23:00:00,441.6553649902344,20991200,441.6553649902344,20991200,441.6553649902344,20991200
2023-11-17 23:00:00,442.1241149902344,20991200,442.1241149902344,20991200,442.1241149902344,20991200
2023-11-20 23:00:00,445.67840576171875,20991200,445.67840576171875,20991200,445.67840576171875,20991200
2023-11-21 23:00:00,444.6531066894531,20991200,444.6531066894531,20991200,444.6531066894531,20991200
2023-11-22 23:00:00,446.34246826171875,20991200,446.34246826171875,20991200,446.34246826171875,20991200
2023-11-24 23:00:00,446.6744384765625,20991200,446.6744384765625,20991200,446.6744384765625,20991200
2023-11-27 23:00:00,445.8444519042969,20991200,445.8444519042969,20991200,445.8444519042969,20991200
2023-11-28 23:00:00,446.22528076171875,20991200,446.22528076171875,20991200,446.22528076171875,20991200
2023-11-29 23:00:00,446.0201721191406,20991200,446.0201721191406,20991200,446.0201721191406,20991200
2023-11-30 23:00:00,447.63134765625,20991200,447.63134765625,20991200,447.63134765625,20991200
2023-12-01 23:00:00,450.277587890625,20991200,450.277587890625,20991200,450.277587890625,20991200
2023-12-04 23:00:00,448.05120849609375,20991200,448.05120849609375,20991200,448.05120849609375,20991200
2023-12-05 23:00:00,447.9535827636719,20991200,447.9535827636719,20991200,447.9535827636719,20991200
2023-12-06 23:00:00,446.0982971191406,20991200,446.0982971191406,20991200,446.0982971191406,20991200
2023-12-07 23:00:00,449.52569580078125,20991200,449.52569580078125,20991200,449.52569580078125,20991200
2023-12-08 23:00:00,451.4689025878906,20991200,451.4689025878906,20991200,451.4689025878906,20991200
2023-12-11 23:00:00,453.22650146484375,20991200,453.22650146484375,20991200,453.22650146484375,20991200
2023-12-12 23:00:00,455.472412109375,20991200,455.472412109375,20991200,455.472412109375,20991200
2023-12-13 23:00:00,461.71197509765625,20991200,461.71197509765625,20991200,461.71197509765625,20991200
2023-12-14 23:00:00,463.15716552734375,20991200,463.15716552734375,20991200,463.15716552734375,20991200
2023-12-15 23:00:00,462.3760070800781,20991200,462.3760070800781,20991200,462.3760070800781,20991200
2023-12-18 23:00:00,464.9441223144531,20991200,464.9441223144531,20991200,464.9441223144531,20991200
2023-12-19 23:00:00,467.6293640136719,20991200,467.6293640136719,20991200,467.6293640136719,20991200
2023-12-20 23:00:00,460.9283142089844,20991200,460.9283142089844,20991200,460.9283142089844,20991200
2023-12-21 23:00:00,465.6048278808594,20991200,465.6048278808594,20991200,465.6048278808594,20991200
2023-12-22 23:00:00,466.4969787597656,20991200,466.4969787597656,20991200,466.4969787597656,20991200
2023-12-26 23:00:00,468.5068054199219,20991200,468.5068054199219,20991200,468.5068054199219,20991200
2023-12-27 23:00:00,469.3989562988281,20991200,469.3989562988281,20991200,469.3989562988281,20991200
2023-12-28 23:00:00,469.61468505859375,20991200,469.61468505859375,20991200,469.61468505859375,20991200
2023-12-29 23:00:00,468.27154541015625,20991200,468.27154541015625,20991200,468.27154541015625,20991200
2024-01-02 23:00:00,465.5852355957031,20991200,465.5852355957031,20991200,465.5852355957031,20991200
2024-01-03 23:00:00,461.78125,20991200,461.78125,20991200,461.78125,20991200
2024-01-04 23:00:00,460.359619140625,20991200,460.359619140625,20991200,460.359619140625,20991200
2024-01-05 23:00:00,460.9086608886719,20991200,460.9086608886719,20991200,460.9086608886719,20991200
2024-01-08 23:00:00,467.2519226074219,20991200,467.2519226074219,20991200,467.2519226074219,20991200
2024-01-09 23:00:00,466.81072998046875,20991200,466.81072998046875,20991200,466.81072998046875,20991200
2024-01-10 23:00:00,469.4283752441406,20991200,469.4283752441406,20991200,469.4283752441406,20991200
2024-01-11 23:00:00,469.1734924316406,20991200,469.1734924316406,20991200,469.1734924316406,20991200
2024-01-12 23:00:00,469.5754699707031,20991200,469.5754699707031,20991200,469.5754699707031,20991200
2024-01-16 23:00:00,467.9479675292969,20991200,467.9479675292969,20991200,467.9479675292969,20991200
2024-01-17 23:00:00,465.3205261230469,20991200,465.3205261230469,20991200,465.3205261230469,20991200
2024-01-18 23:00:00,469.3107604980469,20991200,469.3107604980469,20991200,469.3107604980469,20991200
2024-01-19 23:00:00,475.18341064453125,20991200,475.18341064453125,20991200,475.18341064453125,20991200
2024-01-22 23:00:00,476.21282958984375,20991200,476.21282958984375,20991200,476.21282958984375,20991200
2024-01-23 23:00:00,477.6932067871094,20991200,477.6932067871094,20991200,477.6932067871094,20991200
2024-01-24 23:00:00,478.05596923828125,20991200,478.05596923828125,20991200,478.05596923828125,20991200
2024-01-25 23:00:00,480.72265625,20991200,480.72265625,20991200,480.72265625,20991200
2024-01-26 23:00:00,480.2226867675781,20991200,480.2226867675781,20991200,480.2226867675781,20991200
2024-01-29 23:00:00,483.99725341796875,20991200,483.99725341796875,20991200,483.99725341796875,20991200
2024-01-30 23:00:00,483.63446044921875,20991200,483.63446044921875,20991200,483.63446044921875,20991200
2024-01-31 23:00:00,475.6932678222656,20991200,475.6932678222656,20991200,475.6932678222656,20991200
2024-02-01 23:00:00,482.00701904296875,20991200,482.00701904296875,20991200,482.00701904296875,20991200
2024-02-02 23:00:00,486.9776916503906,20991200,486.9776916503906,20991200,486.9776916503906,20991200
2024-02-05 23:00:00,485.3502197265625,20991200,485.3502197265625,20991200,485.3502197265625,20991200
2024-02-06 23:00:00,486.6639404296875,20991200,486.6639404296875,20991200,486.6639404296875,20991200
2024-02-07 23:00:00,490.6150207519531,20991200,490.6150207519531,20991200,490.6150207519531,20991200
2024-02-08 23:00:00,490.9385070800781,20991200,490.9385070800781,20991200,490.9385070800781,20991200
2024-02-09 23:00:00,493.7817077636719,20991200,493.7817077636719,20991200,493.7817077636719,20991200
2024-02-12 23:00:00,493.5169677734375,20991200,493.5169677734375,20991200,493.5169677734375,20991200
2024-02-13 23:00:00,486.8894348144531,20991200,486.8894348144531,20991200,486.8894348144531,20991200
2024-02-14 23:00:00,491.2326354980469,20991200,491.2326354980469,20991200,491.2326354980469,20991200
2024-02-15 23:00:00,494.4679870605469,20991200,494.4679870605469,20991200,494.4679870605469,20991200
2024-02-16 23:00:00,492.11505126953125,20991200,492.11505126953125,20991200,492.11505126953125,20991200
2024-02-20 23:00:00,489.37969970703125,20991200,489.37969970703125,20991200,489.37969970703125,20991200
2024-02-21 23:00:00,489.8208312988281,20991200,489.8208312988281,20991200,489.8208312988281,20991200
2024-02-22 23:00:00,500.0563049316406,20991200,500.0563049316406,20991200,500.0563049316406,20991200
2024-02-23 23:00:00,500.34063720703125,20991200,500.34063720703125,20991200,500.34063720703125,20991200
2024-02-26 23:00:00,498.458251953125,20991200,498.458251953125,20991200,498.458251953125,20991200
2024-02-27 23:00:00,499.34063720703125,20991200,499.34063720703125,20991200,499.34063720703125,20991200
2024-02-28 23:00:00,498.7131652832031,20991200,498.7131652832031,20991200,498.7131652832031,20991200
2024-02-29 23:00:00,500.44842529296875,20991200,500.44842529296875,20991200,500.44842529296875,20991200
2024-03-01 23:00:00,505.291748046875,20991200,505.291748046875,20991200,505.291748046875,20991200
2024-03-04 23:00:00,504.69366455078125,20991200,504.69366455078125,20991200,504.69366455078125,20991200
2024-03-05 23:00:00,499.59552001953125,20991200,499.59552001953125,20991200,499.59552001953125,20991200
2024-03-06 23:00:00,502.3014221191406,20991200,502.3014221191406,20991200,502.3014221191406,20991200
2024-03-07 23:00:00,507.29168701171875,20991200,507.29168701171875,20991200,507.29168701171875,20991200
2024-03-08 23:00:00,504.2132263183594,20991200,504.2132263183594,20991200,504.2132263183594,20991200
2024-03-11 23:00:00,503.9680480957031,20991200,503.9680480957031,20991200,503.9680480957031,20991200
2024-03-12 23:00:00,509.2231750488281,20991200,509.2231750488281,20991200,509.2231750488281,20991200
2024-03-13 23:00:00,508.4093933105469,20991200,508.4093933105469,20991200,508.4093933105469,20991200
2024-03-14 23:00:00,507.3014831542969,20991200,507.3014831542969,20991200,507.3014831542969,20991200
2024-03-15 23:00:00,503.1739807128906,20991200,503.1739807128906,20991200,503.1739807128906,20991200
2024-03-18 23:00:00,506.7230529785156,20991200,506.7230529785156,20991200,506.7230529785156,20991200
2024-03-19 23:00:00,509.654541015625,20991200,509.654541015625,20991200,509.654541015625,20991200
2024-03-20 23:00:00,514.3898315429688,20991200,514.3898315429688,20991200,514.3898315429688,20991200
2024-03-21 23:00:00,515.9782104492188,20991200,515.9782104492188,20991200,515.9782104492188,20991200
2024-03-22 23:00:00,515.289794921875,20991200,515.289794921875,20991200,515.289794921875,20991200
2024-03-25 23:00:00,513.6768188476562,20991200,513.6768188476562,20991200,513.6768188476562,20991200
2024-03-26 23:00:00,512.5948486328125,20991200,512.5948486328125,20991200,512.5948486328125,20991200
2024-03-27 23:00:00,517.0601196289062,20991200,517.0601196289062,20991200,517.0601196289062,20991200
2024-03-28 23:00:00,517.0698852539062,20991200,517.0698852539062,20991200,517.0698852539062,20991200
2024-04-01 23:00:00,516.2339477539062,20991200,516.2339477539062,20991200,516.2339477539062,20991200
2024-04-02 23:00:00,512.8605346679688,20991200,512.8605346679688,20991200,512.8605346679688,20991200
2024-04-03 23:00:00,513.4309692382812,20991200,513.4309692382812,20991200,513.4309692382812,20991200
2024-04-04 23:00:00,507.1166076660156,20991200,507.1166076660156,20991200,507.1166076660156,20991200
2024-04-05 23:00:00,512.4080200195312,20991200,512.4080200195312,20991200,512.4080200195312,20991200
2024-04-08 23:00:00,512.5457153320312,20991200,512.5457153320312,20991200,512.5457153320312,20991200
2024-04-09 23:00:00,513.18505859375,20991200,513.18505859375,20991200,513.18505859375,20991200
2024-04-10 23:00:00,508.2083435058594,20991200,508.2083435058594,20991200,508.2083435058594,20991200
2024-04-11 23:00:00,512.0146484375,20991200,512.0146484375,20991200,512.0146484375,20991200
2024-04-12 23:00:00,504.8545227050781,20991200,504.8545227050781,20991200,504.8545227050781,20991200
2024-04-15 23:00:00,498.59930419921875,20991200,498.59930419921875,20991200,498.59930419921875,20991200
2024-04-16 23:00:00,497.6452941894531,20991200,497.6452941894531,20991200,497.6452941894531,20991200
2024-04-17 23:00:00,494.75372314453125,20991200,494.75372314453125,20991200,494.75372314453125,20991200
2024-04-18 23:00:00,493.6128234863281,20991200,493.6128234863281,20991200,493.6128234863281,20991200
2024-04-19 23:00:00,489.33447265625,20991200,489.33447265625,20991200,489.33447265625,20991200
2024-04-22 23:00:00,493.8488464355469,20991200,493.8488464355469,20991200,493.8488464355469,20991200
2024-04-23 23:00:00,499.7992248535156,20991200,499.7992248535156,20991200,499.7992248535156,20991200
2024-04-24 23:00:00,499.60247802734375,20991200,499.60247802734375,20991200,499.60247802734375,20991200
2024-04-25 23:00:00,497.4878845214844,20991200,497.4878845214844,20991200,497.4878845214844,20991200
2024-04-26 23:00:00,502.3563537597656,20991200,502.3563537597656,20991200,502.3563537597656,20991200
2024-04-29 23:00:00,504.1464538574219,20991200,504.1464538574219,20991200,504.1464538574219,20991200
2024-04-30 23:00:00,496.130615234375,20991200,496.130615234375,20991200,496.130615234375,20991200
2024-05-01 23:00:00,494.5766906738281,20991200,494.5766906738281,20991200,494.5766906738281,20991200
2024-05-02 23:00:00,499.1008605957031,20991200,499.1008605957031,20991200,499.1008605957031,20991200
2024-05-03 23:00:00,505.3758544921875,20991200,505.3758544921875,20991200,505.3758544921875,20991200
2024-05-06 23:00:00,510.6376647949219,20991200,510.6376647949219,20991200,510.6376647949219,20991200
2024-05-07 23:00:00,511.2966613769531,20991200,511.2966613769531,20991200,511.2966613769531,20991200
2024-05-08 23:00:00,511.2474365234375,20991200,511.2474365234375,20991200,511.2474365234375,20991200
2024-05-09 23:00:00,514.050537109375,20991200,514.050537109375,20991200,514.050537109375,20991200
2024-05-10 23:00:00,514.7684936523438,20991200,514.7684936523438,20991200,514.7684936523438,20991200
2024-05-13 23:00:00,514.9454956054688,20991200,514.9454956054688,20991200,514.9454956054688,20991200
2024-05-14 23:00:00,517.2962036132812,20991200,517.2962036132812,20991200,517.2962036132812,20991200
2024-05-15 23:00:00,523.708740234375,20991200,523.708740234375,20991200,523.708740234375,20991200
2024-05-16 23:00:00,522.4793701171875,20991200,522.4793701171875,20991200,522.4793701171875,20991200
2024-05-17 23:00:00,523.3645629882812,20991200,523.3645629882812,20991200,523.3645629882812,20991200
2024-05-20 23:00:00,523.9743041992188,20991200,523.9743041992188,20991200,523.9743041992188,20991200
2024-05-21 23:00:00,525.2528686523438,20991200,525.2528686523438,20991200,525.2528686523438,20991200
2024-05-22 23:00:00,523.7579956054688,20991200,523.7579956054688,20991200,523.7579956054688,20991200
2024-05-23 23:00:00,519.9320068359375,20991200,519.9320068359375,20991200,519.9320068359375,20991200
2024-05-24 23:00:00,523.38427734375,20991200,523.38427734375,20991200,523.38427734375,20991200
2024-05-28 23:00:00,523.7874755859375,20991200,523.7874755859375,20991200,523.7874755859375,20991200
2024-05-29 23:00:00,520.0402221679688,20991200,520.0402221679688,20991200,520.0402221679688,20991200
2024-05-30 23:00:00,516.6666870117188,20991200,516.6666870117188,20991200,516.6666870117188,20991200
2024-05-31 23:00:00,521.2303466796875,20991200,521.2303466796875,20991200,521.2303466796875,20991200
2024-06-03 23:00:00,521.5548095703125,20991200,521.5548095703125,20991200,521.5548095703125,20991200
2024-06-04 23:00:00,522.322021484375,20991200,522.322021484375,20991200,522.322021484375,20991200
2024-06-05 23:00:00,528.5772094726562,20991200,528.5772094726562,20991200,528.5772094726562,20991200
2024-06-06 23:00:00,528.5575561523438,20991200,528.5575561523438,20991200,528.5575561523438,20991200
2024-06-07 23:00:00,527.888671875,20991200,527.888671875,20991200,527.888671875,20991200
2024-06-10 23:00:00,529.4624633789062,20991200,529.4624633789062,20991200,529.4624633789062,20991200
2024-06-11 23:00:00,530.775390625,20991200,530.775390625,20991200,530.775390625,20991200
2024-06-12 23:00:00,535.19482421875,20991200,535.19482421875,20991200,535.19482421875,20991200
2024-06-13 23:00:00,536.3193359375,20991200,536.3193359375,20991200,536.3193359375,20991200
2024-06-14 23:00:00,536.5068359375,20991200,536.5068359375,20991200,536.5068359375,20991200
2024-06-17 23:00:00,540.8966674804688,20991200,540.8966674804688,20991200,540.8966674804688,20991200
2024-06-18 23:00:00,542.208740234375,20991200,542.208740234375,20991200,542.208740234375,20991200
2024-06-20 23:00:00,540.53173828125,20991200,540.53173828125,20991200,540.53173828125,20991200
2024-06-21 23:00:00,539.6142578125,20991200,539.6142578125,20991200,539.6142578125,20991200
2024-06-24 23:00:00,538.233154296875,20991200,538.233154296875,20991200,538.233154296875,20991200
2024-06-25 23:00:00,540.2752075195312,20991200,540.2752075195312,20991200,540.2752075195312,20991200
2024-06-26 23:00:00,541.1038818359375,20991200,541.1038818359375,20991200,541.1038818359375,20991200
2024-06-27 23:00:00,541.8930053710938,20991200,541.8930053710938,20991200,541.8930053710938,20991200
2024-06-28 23:00:00,539.8312377929688,20991200,539.8312377929688,20991200,539.8312377929688,20991200
2024-07-01 23:00:00,540.9953002929688,20991200,540.9953002929688,20991200,540.9953002929688,20991200
2024-07-02 23:00:00,544.447998046875,20991200,544.447998046875,20991200,544.447998046875,20991200
2024-07-03 23:00:00,546.8353881835938,20991200,546.8353881835938,20991200,546.8353881835938,20991200
2024-07-05 23:00:00,550.2189331054688,20991200,550.2189331054688,20991200,550.2189331054688,20991200
2024-07-08 23:00:00,550.860107421875,20991200,550.860107421875,20991200,550.860107421875,20991200
2024-07-09 23:00:00,551.3731079101562,20991200,551.3731079101562,20991200,551.3731079101562,20991200
2024-07-10 23:00:00,556.6211547851562,20991200,556.6211547851562,20991200,556.6211547851562,20991200
2024-07-11 23:00:00,551.8959350585938,20991200,551.8959350585938,20991200,551.8959350585938,20991200
2024-07-12 23:00:00,555.4275512695312,20991200,555.4275512695312,20991200,555.4275512695312,20991200
2024-07-15 23:00:00,556.9762573242188,20991200,556.9762573242188,20991200,556.9762573242188,20991200
2024-07-16 23:00:00,560.2810668945312,20991200,560.2810668945312,20991200,560.2810668945312,20991200
2024-07-17 23:00:00,552.458251953125,20991200,552.458251953125,20991200,552.458251953125,20991200
2024-07-18 23:00:00,548.088134765625,20991200,548.088134765625,20991200,548.088134765625,20991200
2024-07-19 23:00:00,544.5170288085938,20991200,544.5170288085938,20991200,544.5170288085938,20991200
2024-07-22 23:00:00,550.1695556640625,20991200,550.1695556640625,20991200,550.1695556640625,20991200
2024-07-23 23:00:00,549.2521362304688,20991200,549.2521362304688,20991200,549.2521362304688,20991200
2024-07-24 23:00:00,536.8521118164062,20991200,536.8521118164062,20991200,536.8521118164062,20991200
2024-07-25 23:00:00,534.0209350585938,20991200,534.0209350585938,20991200,534.0209350585938,20991200
2024-07-26 23:00:00,539.9891357421875,20991200,539.9891357421875,20991200,539.9891357421875,20991200
2024-07-29 23:00:00,540.3639526367188,20991200,540.3639526367188,20991200,540.3639526367188,20991200
2024-07-30 23:00:00,537.453857421875,20991200,537.453857421875,20991200,537.453857421875,20991200
2024-07-31 23:00:00,545.8389282226562,20991200,545.8389282226562,20991200,545.8389282226562,20991200
2024-08-01 23:00:00,538.667236328125,20991200,538.667236328125,20991200,538.667236328125,20991200
2024-08-02 23:00:00,528.5262451171875,20991200,528.5262451171875,20991200,528.5262451171875,20991200
2024-08-05 23:00:00,513.14697265625,20991200,513.14697265625,20991200,513.14697265625,20991200
2024-08-06 23:00:00,518.0202026367188,20991200,518.0202026367188,20991200,518.0202026367188,20991200
2024-08-07 23:00:00,514.4392700195312,20991200,514.4392700195312,20991200,514.4392700195312,20991200
2024-08-08 23:00:00,526.35595703125,20991200,526.35595703125,20991200,526.35595703125,20991200
2024-08-09 23:00:00,528.6051635742188,20991200,528.6051635742188,20991200,528.6051635742188,20991200
2024-08-12 23:00:00,528.8616333007812,20991200,528.8616333007812,20991200,528.8616333007812,20991200
2024-08-13 23:00:00,537.6610717773438,20991200,537.6610717773438,20991200,537.6610717773438,20991200
2024-08-14 23:00:00,539.4169311523438,20991200,539.4169311523438,20991200,539.4169311523438,20991200
2024-08-15 23:00:00,548.650390625,20991200,548.650390625,20991200,548.650390625,20991200
2024-08-16 23:00:00,549.893310546875,20991200,549.893310546875,20991200,549.893310546875,20991200
2024-08-19 23:00:00,555.0032348632812,20991200,555.0032348632812,20991200,555.0032348632812,20991200
2024-08-20 23:00:00,554.1746826171875,20991200,554.1746826171875,20991200,554.1746826171875,20991200
2024-08-21 23:00:00,556.3351440429688,20991200,556.3351440429688,20991200,556.3351440429688,20991200
2024-08-22 23:00:00,551.629638671875,20991200,551.629638671875,20991200,551.629638671875,20991200
2024-08-23 23:00:00,557.5879516601562,20991200,557.5879516601562,20991200,557.5879516601562,20991200
2024-08-26 23:00:00,556.009521484375,20991200,556.009521484375,20991200,556.009521484375,20991200
2024-08-27 23:00:00,557.0255737304688,20991200,557.0255737304688,20991200,557.0255737304688,20991200
2024-08-28 23:00:00,553.7702026367188,20991200,553.7702026367188,20991200,553.7702026367188,20991200
2024-08-29 23:00:00,553.8590698242188,20991200,553.8590698242188,20991200,553.8590698242188,20991200
2024-08-30 23:00:00,559.0873413085938,20991200,559.0873413085938,20991200,559.0873413085938,20991200
2024-09-03 23:00:00,547.752685546875,20991200,547.752685546875,20991200,547.752685546875,20991200
2024-09-04 23:00:00,546.6083374023438,20991200,546.6083374023438,20991200,546.6083374023438,20991200
2024-09-05 23:00:00,545.0892333984375,20991200,545.0892333984375,20991200,545.0892333984375,20991200
2024-09-06 23:00:00,536.0234985351562,20991200,536.0234985351562,20991200,536.0234985351562,20991200
2024-09-09 23:00:00,542.0409545898438,20991200,542.0409545898438,20991200,542.0409545898438,20991200
2024-09-10 23:00:00,544.0435791015625,20991200,544.0435791015625,20991200,544.0435791015625,20991200
2024-09-11 23:00:00,549.9130859375,20991200,549.9130859375,20991200,549.9130859375,20991200
2024-09-12 23:00:00,554.5692138671875,20991200,554.5692138671875,20991200,554.5692138671875,20991200
2024-09-13 23:00:00,557.4103393554688,20991200,557.4103393554688,20991200,557.4103393554688,20991200
2024-09-16 23:00:00,558.337646484375,20991200,558.337646484375,20991200,558.337646484375,20991200
2024-09-17 23:00:00,558.5447998046875,20991200,558.5447998046875,20991200,558.5447998046875,20991200
2024-09-18 23:00:00,556.877685546875,20991200,556.877685546875,20991200,556.877685546875,20991200
2024-09-19 23:00:00,566.4267578125,20991200,566.4267578125,20991200,566.4267578125,20991200
2024-09-20 23:00:00,565.2429809570312,20991200,565.2429809570312,20991200,565.2429809570312,20991200
2024-09-23 23:00:00,566.8115234375,20991200,566.8115234375,20991200,566.8115234375,20991200
2024-09-24 23:00:00,568.4589233398438,20991200,568.4589233398438,20991200,568.4589233398438,20991200
2024-09-25 23:00:00,567.1170043945312,20991200,567.1170043945312,20991200,567.1170043945312,20991200
2024-09-26 23:00:00,569.5433349609375,20991200,569.5433349609375,20991200,569.5433349609375,20991200
2024-09-27 23:00:00,568.5133666992188,20991200,568.5133666992188,20991200,568.5133666992188,20991200
2024-09-30 23:00:00,571.23681640625,20991200,571.23681640625,20991200,571.23681640625,20991200
2024-10-01 23:00:00,565.8395385742188,20991200,565.8395385742188,20991200,565.8395385742188,20991200
2024-10-02 23:00:00,566.0672607421875,20991200,566.0672607421875,20991200,566.0672607421875,20991200
2024-10-03 23:00:00,564.9879150390625,20991200,564.9879150390625,20991200,564.9879150390625,20991200
2024-10-04 23:00:00,570.1177368164062,20991200,570.1177368164062,20991200,570.1177368164062,20991200
2024-10-07 23:00:00,565.0077514648438,20991200,565.0077514648438,20991200,565.0077514648438,20991200
2024-10-08 23:00:00,570.3652954101562,20991200,570.3652954101562,20991200,570.3652954101562,20991200
2024-10-09 23:00:00,574.2374267578125,20991200,574.2374267578125,20991200,574.2374267578125,20991200
2024-10-10 23:00:00,573.227294921875,20991200,573.227294921875,20991200,573.227294921875,20991200
2024-10-11 23:00:00,576.7132568359375,20991200,576.7132568359375,20991200,576.7132568359375,20991200
2024-10-14 23:00:00,581.4668579101562,20991200,581.4668579101562,20991200,581.4668579101562,20991200
2024-10-15 23:00:00,576.8519287109375,20991200,576.8519287109375,20991200,576.8519287109375,20991200
2024-10-16 23:00:00,579.4168090820312,20991200,579.4168090820312,20991200,579.4168090820312,20991200
2024-10-17 23:00:00,579.5851440429688,20991200,579.5851440429688,20991200,579.5851440429688,20991200
2024-10-18 23:00:00,581.7738037109375,20991200,581.7738037109375,20991200,581.7738037109375,20991200
2024-10-21 23:00:00,580.9122314453125,20991200,580.9122314453125,20991200,580.9122314453125,20991200
2024-10-22 23:00:00,580.4566650390625,20991200,580.4566650390625,20991200,580.4566650390625,20991200
2024-10-23 23:00:00,575.1682739257812,20991200,575.1682739257812,20991200,575.1682739257812,20991200
2024-10-24 23:00:00,576.3963623046875,20991200,576.3963623046875,20991200,576.3963623046875,20991200
2024-10-25 23:00:00,576.2676391601562,20991200,576.2676391601562,20991200,576.2676391601562,20991200
2024-10-28 23:00:00,578.0006713867188,20991200,578.0006713867188,20991200,578.0006713867188,20991200
2024-10-29 23:00:00,578.8919677734375,20991200,578.8919677734375,20991200,578.8919677734375,20991200
2024-10-30 23:00:00,577.0301513671875,20991200,577.0301513671875,20991200,577.0301513671875,20991200
2024-10-31 23:00:00,565.7107543945312,20991200,565.7107543945312,20991200,565.7107543945312,20991200
2024-11-01 23:00:00,568.166748046875,20991200,568.166748046875,20991200,568.166748046875,20991200
2024-11-04 23:00:00,567.0278930664062,20991200,567.0278930664062,20991200,567.0278930664062,20991200
2024-11-05 23:00:00,573.8809814453125,20991200,573.8809814453125,20991200,573.8809814453125,20991200
2024-11-06 23:00:00,588.1316528320312,20991200,588.1316528320312,20991200,588.1316528320312,20991200
2024-11-07 23:00:00,592.7168579101562,20991200,592.7168579101562,20991200,592.7168579101562,20991200
2024-11-08 23:00:00,595.3115234375,20991200,595.3115234375,20991200,595.3115234375,20991200
2024-11-11 23:00:00,595.7669677734375,20991200,595.7669677734375,20991200,595.7669677734375,20991200
2024-11-12 23:00:00,593.94482421875,20991200,593.94482421875,20991200,593.94482421875,20991200
2024-11-13 23:00:00,594.3904418945312,20991200,594.3904418945312,20991200,594.3904418945312,20991200
2024-11-14 23:00:00,590.4589233398438,20991200,590.4589233398438,20991200,590.4589233398438,20991200
2024-11-15 23:00:00,582.9620971679688,20991200,582.9620971679688,20991200,582.9620971679688,20991200
2024-11-18 23:00:00,585.388427734375,20991200,585.388427734375,20991200,585.388427734375,20991200
2024-11-19 23:00:00,587.4285278320312,20991200,587.4285278320312,20991200,587.4285278320312,20991200
2024-11-20 23:00:00,587.6958618164062,20991200,587.6958618164062,20991200,587.6958618164062,20991200
2024-11-21 23:00:00,590.7064208984375,20991200,590.7064208984375,20991200,590.7064208984375,20991200
2024-11-22 23:00:00,592.657470703125,20991200,592.657470703125,20991200,592.657470703125,20991200
2024-11-25 23:00:00,594.4102172851562,20991200,594.4102172851562,20991200,594.4102172851562,20991200
2024-11-26 23:00:00,597.916015625,20991200,597.916015625,20991200,597.916015625,20991200
2024-11-27 23:00:00,595.9948120117188,20991200,595.9948120117188,20991200,595.9948120117188,20991200
2024-11-29 23:00:00,599.2133178710938,20991200,599.2133178710938,20991200,599.2133178710938,20991200
2024-12-02 23:00:00,600.8374633789062,20991200,600.8374633789062,20991200,600.8374633789062,20991200
2024-12-03 23:00:00,601.0850830078125,20991200,601.0850830078125,20991200,601.0850830078125,20991200
2024-12-04 23:00:00,604.7888793945312,20991200,604.7888793945312,20991200,604.7888793945312,20991200
2024-12-05 23:00:00,603.8281860351562,20991200,603.8281860351562,20991200,603.8281860351562,20991200
2024-12-06 23:00:00,604.9175415039062,20991200,604.9175415039062,20991200,604.9175415039062,20991200
2024-12-09 23:00:00,601.7980346679688,20991200,601.7980346679688,20991200,601.7980346679688,20991200
2024-12-10 23:00:00,600.0551147460938,20991200,600.0551147460938,20991200,600.0551147460938,20991200
2024-12-11 23:00:00,604.679931640625,20991200,604.679931640625,20991200,604.679931640625,20991200
2024-12-12 23:00:00,601.4712524414062,20991200,601.4712524414062,20991200,601.4712524414062,20991200
2024-12-13 23:00:00,601.3622436523438,20991200,601.3622436523438,20991200,601.3622436523438,20991200
2024-12-16 23:00:00,603.92724609375,20991200,603.92724609375,20991200,603.92724609375,20991200
2024-12-17 23:00:00,601.2976684570312,20991200,601.2976684570312,20991200,601.2976684570312,20991200
2024-12-18 23:00:00,583.6179809570312,20991200,583.6179809570312,20991200,583.6179809570312,20991200
2024-12-19 23:00:00,583.190673828125,20991200,583.190673828125,20991200,583.190673828125,20991200
2024-12-20 23:00:00,589.650390625,20991200,589.650390625,20991200,589.650390625,20991200
2024-12-23 23:00:00,593.9336547851562,20991200,593.9336547851562,20991200,593.9336547851562,20991200
2024-12-24 23:00:00,600.6119384765625,20991200,600.6119384765625,20991200,600.6119384765625,20991200
2024-12-26 23:00:00,600.32373046875,20991200,600.32373046875,20991200,600.32373046875,20991200
2024-12-27 23:00:00,593.8243408203125,20991200,593.8243408203125,20991200,593.8243408203125,20991200
2024-12-30 23:00:00,587.31494140625,20991200,587.31494140625,20991200,587.31494140625,20991200
2024-12-31 23:00:00,585.0291748046875,20991200,585.0291748046875,20991200,585.0291748046875,20991200
2025-01-02 23:00:00,583.8068237304688,20991200,583.8068237304688,20991200,583.8068237304688,20991200
2025-01-03 23:00:00,590.92236328125,20991200,590.92236328125,20991200,590.92236328125,20991200
2025-01-06 23:00:00,594.5894775390625,20991200,594.5894775390625,20991200,594.5894775390625,20991200
2025-01-07 23:00:00,587.9013061523438,20991200,587.9013061523438,20991200,587.9013061523438,20991200
2025-01-08 23:00:00,588.5174560546875,20991200,588.5174560546875,20991200,588.5174560546875,20991200
2025-01-10 23:00:00,579.71240234375,20991200,579.71240234375,20991200,579.71240234375,20991200
2025-01-13 23:00:00,580.5570678710938,20991200,580.5570678710938,20991200,580.5570678710938,20991200
2025-01-14 23:00:00,581.362060546875,20991200,581.362060546875,20991200,581.362060546875,20991200
2025-01-15 23:00:00,591.93603515625,20991200,591.93603515625,20991200,591.93603515625,20991200
2025-01-16 23:00:00,590.932373046875,20991200,590.932373046875,20991200,590.932373046875,20991200
2025-01-17 23:00:00,596.537353515625,20991200,596.537353515625,20991200,596.537353515625,20991200
2025-01-21 23:00:00,601.9436645507812,20991200,601.9436645507812,20991200,601.9436645507812,20991200
2025-01-22 23:00:00,605.5213012695312,20991200,605.5213012695312,20991200,605.5213012695312,20991200
2025-01-23 23:00:00,608.9002685546875,20991200,608.9002685546875,20991200,608.9002685546875,20991200
2025-01-24 23:00:00,607.1014404296875,20991200,607.1014404296875,20991200,607.1014404296875,20991200
2025-01-27 23:00:00,598.63427734375,20991200,598.63427734375,20991200,598.63427734375,20991200
2025-01-28 23:00:00,603.7225341796875,20991200,603.7225341796875,20991200,603.7225341796875,20991200
2025-01-29 23:00:00,601.1585083007812,20991200,601.1585083007812,20991200,601.1585083007812,20991200
2025-01-30 23:00:00,604.1697387695312,20991200,604.1697387695312,20991200,604.1697387695312,20991200
2025-01-31 23:00:00,600.9100341796875,20991200,600.9100341796875,20991200,600.9100341796875,20991200
2025-02-03 23:00:00,596.9547729492188,20991200,596.9547729492188,20991200,596.9547729492188,20991200
2025-02-04 23:00:00,600.9398803710938,20991200,600.9398803710938,20991200,600.9398803710938,20991200
2025-02-05 23:00:00,603.4044799804688,20991200,603.4044799804688,20991200,603.4044799804688,20991200
2025-02-06 23:00:00,605.6207275390625,20991200,605.6207275390625,20991200,605.6207275390625,20991200
2025-02-07 23:00:00,600.055419921875,20991200,600.055419921875,20991200,600.055419921875,20991200
2025-02-10 23:00:00,603.9808959960938,20991200,603.9808959960938,20991200,603.9808959960938,20991200
2025-02-11 23:00:00,604.4579467773438,20991200,604.4579467773438,20991200,604.4579467773438,20991200
2025-02-12 23:00:00,602.4505004882812,20991200,602.4505004882812,20991200,602.4505004882812,20991200
2025-02-13 23:00:00,608.870361328125,20991200,608.870361328125,20991200,608.870361328125,20991200
2025-02-14 23:00:00,608.88037109375,20991200,608.88037109375,20991200,608.88037109375,20991200
2025-02-18 23:00:00,610.6691284179688,20991200,610.6691284179688,20991200,610.6691284179688,20991200
2025-02-19 23:00:00,612.0306396484375,20991200,612.0306396484375,20991200,612.0306396484375,20991200
2025-02-20 23:00:00,609.655517578125,20991200,609.655517578125,20991200,609.655517578125,20991200
2025-02-21 23:00:00,599.1311645507812,20991200,599.1311645507812,20991200,599.1311645507812,20991200
2025-02-24 23:00:00,596.2789916992188,20991200,596.2789916992188,20991200,596.2789916992188,20991200
2025-02-25 23:00:00,593.3771362304688,20991200,593.3771362304688,20991200,593.3771362304688,20991200
2025-02-26 23:00:00,593.5758666992188,20991200,593.5758666992188,20991200,593.5758666992188,20991200
2025-02-27 23:00:00,584.1348266601562,20991200,584.1348266601562,20991200,584.1348266601562,20991200
2025-02-28 23:00:00,593.3373413085938,20991200,593.3373413085938,20991200,593.3373413085938,20991200
2025-03-03 23:00:00,583.15087890625,20991200,583.15087890625,20991200,583.15087890625,20991200
2025-03-04 23:00:00,576.1148071289062,20991200,576.1148071289062,20991200,576.1148071289062,20991200
2025-03-05 23:00:00,582.4254760742188,20991200,582.4254760742188,20991200,582.4254760742188,20991200
2025-03-06 23:00:00,571.9706420898438,20991200,571.9706420898438,20991200,571.9706420898438,20991200
2025-03-07 23:00:00,574.9223022460938,20991200,574.9223022460938,20991200,574.9223022460938,20991200
2025-03-10 23:00:00,559.9457397460938,20991200,559.9457397460938,20991200,559.9457397460938,20991200
2025-03-11 23:00:00,555.1754760742188,20991200,555.1754760742188,20991200,555.1754760742188,20991200
2025-03-12 23:00:00,557.9978637695312,20991200,557.9978637695312,20991200,557.9978637695312,20991200
2025-03-13 23:00:00,550.6238403320312,20991200,550.6238403320312,20991200,550.6238403320312,20991200
2025-03-14 23:00:00,562.0525512695312,20991200,562.0525512695312,20991200,562.0525512695312,20991200
2025-03-17 23:00:00,566.077392578125,20991200,566.077392578125,20991200,566.077392578125,20991200
2025-03-18 23:00:00,560.1808471679688,20991200,560.1808471679688,20991200,560.1808471679688,20991200
2025-03-19 23:00:00,566.241943359375,20991200,566.241943359375,20991200,566.241943359375,20991200
2025-03-20 23:00:00,564.9758911132812,20991200,564.9758911132812,20991200,564.9758911132812,20991200
2025-03-21 23:00:00,564.81640625,20991200,564.81640625,20991200,564.81640625,20991200
2025-03-24 23:00:00,574.9248046875,20991200,574.9248046875,20991200,574.9248046875,20991200
2025-03-25 23:00:00,576.1610107421875,20991200,576.1610107421875,20991200,576.1610107421875,20991200
2025-03-26 23:00:00,569.6412963867188,20991200,569.6412963867188,20991200,569.6412963867188,20991200
2025-03-27 23:00:00,567.846923828125,20991200,567.846923828125,20991200,567.846923828125,20991200
2025-03-28 23:00:00,556.3826904296875,20991200,556.3826904296875,20991200,556.3826904296875,20991200
2025-03-31 23:00:00,560.1510009765625,20991200,560.1510009765625,20991200,560.1510009765625,20991200
2025-04-01 23:00:00,562.025146484375,20991200,562.025146484375,20991200,562.025146484375,20991200
2025-04-02 23:00:00,565.4344482421875,20991200,565.4344482421875,20991200,565.4344482421875,20991200
2025-04-03 23:00:00,538.388916015625,20991200,538.388916015625,20991200,538.388916015625,20991200
2025-04-04 23:00:00,506.0299377441406,20991200,506.0299377441406,20991200,506.0299377441406,20991200
2025-04-07 23:00:00,504.80377197265625,20991200,504.80377197265625,20991200,504.80377197265625,20991200
2025-04-08 23:00:00,497.2473449707031,20991200,497.2473449707031,20991200,497.2473449707031,20991200
2025-04-09 23:00:00,544.5496826171875,20991200,544.5496826171875,20991200,544.5496826171875,20991200
2025-04-10 23:00:00,525.4193725585938,20991200,525.4193725585938,20991200,525.4193725585938,20991200
2025-04-11 23:00:00,535.3085327148438,20991200,535.3085327148438,20991200,535.3085327148438,20991200
2025-04-14 23:00:00,539.8344116210938,20991200,539.8344116210938,20991200,539.8344116210938,20991200
2025-04-15 23:00:00,538.508544921875,20991200,538.508544921875,20991200,538.508544921875,20991200
2025-04-16 23:00:00,526.4960327148438,20991200,526.4960327148438,20991200,526.4960327148438,20991200
2025-04-17 23:00:00,527.0243530273438,20991200,527.0243530273438,20991200,527.0243530273438,20991200
2025-04-21 23:00:00,514.7726440429688,20991200,514.7726440429688,20991200,514.7726440429688,20991200
2025-04-22 23:00:00,527.732177734375,20991200,527.732177734375,20991200,527.732177734375,20991200
2025-04-23 23:00:00,536.17578125,20991200,536.17578125,20991200,536.17578125,20991200
2025-04-24 23:00:00,547.5103759765625,20991200,547.5103759765625,20991200,547.5103759765625,20991200
2025-04-25 23:00:00,551.4680786132812,20991200,551.4680786132812,20991200,551.4680786132812,20991200
2025-04-28 23:00:00,551.7073364257812,20991200,551.7073364257812,20991200,551.7073364257812,20991200
2025-04-29 23:00:00,555.2163696289062,20991200,555.2163696289062,20991200,555.2163696289062,20991200
2025-04-30 23:00:00,556.2232666015625,20991200,556.2232666015625,20991200,556.2232666015625,20991200
2025-05-01 23:00:00,559.3634033203125,20991200,559.3634033203125,20991200,559.3634033203125,20991200
2025-05-02 23:00:00,567.5678100585938,20991200,567.5678100585938,20991200,567.5678100585938,20991200
2025-05-05 23:00:00,564.4076538085938,20991200,564.4076538085938,20991200,564.4076538085938,20991200
2025-05-06 23:00:00,559.7920532226562,20991200,559.7920532226562,20991200,559.7920532226562,20991200
2025-05-07 23:00:00,562.01513671875,20991200,562.01513671875,20991200,562.01513671875,20991200
2025-05-08 23:00:00,565.5640869140625,20991200,565.5640869140625,20991200,565.5640869140625,20991200
2025-05-09 23:00:00,565.1254272460938,20991200,565.1254272460938,20991200,565.1254272460938,20991200
2025-05-12 23:00:00,583.8868408203125,20991200,583.8868408203125,20991200,583.8868408203125,20991200
2025-05-13 23:00:00,588.1036987304688,20991200,588.1036987304688,20991200,588.1036987304688,20991200
2025-05-14 23:00:00,588.442626953125,20991200,588.442626953125,20991200,588.442626953125,20991200
2025-05-15 23:00:00,591.3335571289062,20991200,591.3335571289062,20991200,591.3335571289062,20991200
2025-05-16 23:00:00,595.1815795898438,20991200,595.1815795898438,20991200,595.1815795898438,20991200
2025-05-19 23:00:00,595.92919921875,20991200,595.92919921875,20991200,595.92919921875,20991200
2025-05-20 23:00:00,593.7161865234375,20991200,593.7161865234375,20991200,593.7161865234375,20991200
2025-05-21 23:00:00,583.846923828125,20991200,583.846923828125,20991200,583.846923828125,20991200
2025-05-22 23:00:00,583.9367065429688,20991200,583.9367065429688,20991200,583.9367065429688,20991200
2025-05-23 23:00:00,580.1884155273438,20991200,580.1884155273438,20991200,580.1884155273438,20991200
2025-05-27 23:00:00,592.0912475585938,20991200,592.0912475585938,20991200,592.0912475585938,20991200
2025-05-28 23:00:00,588.6021118164062,20991200,588.6021118164062,20991200,588.6021118164062,20991200
2025-05-29 23:00:00,590.9348754882812,20991200,590.9348754882812,20991200,590.9348754882812,20991200
2025-05-30 23:00:00,590.3068237304688,20991200,590.3068237304688,20991200,590.3068237304688,20991200
2025-06-02 23:00:00,593.736083984375,20991200,593.736083984375,20991200,593.736083984375,20991200
2025-06-03 23:00:00,597.065673828125,20991200,597.065673828125,20991200,597.065673828125,20991200
2025-06-04 23:00:00,596.9061889648438,20991200,596.9061889648438,20991200,596.9061889648438,20991200
2025-06-05 23:00:00,594.1248779296875,20991200,594.1248779296875,20991200,594.1248779296875,20991200
2025-06-06 23:00:00,600.1261596679688,20991200,600.1261596679688,20991200,600.1261596679688,20991200
2025-06-09 23:00:00,600.6943969726562,20991200,600.6943969726562,20991200,600.6943969726562,20991200
2025-06-10 23:00:00,604.1436157226562,20991200,604.1436157226562,20991200,604.1436157226562,20991200
2025-06-11 23:00:00,602.428955078125,20991200,602.428955078125,20991200,602.428955078125,20991200
2025-06-12 23:00:00,604.6221313476562,20991200,604.6221313476562,20991200,604.6221313476562,20991200
2025-06-13 23:00:00,597.9229736328125,20991200,597.9229736328125,20991200,597.9229736328125,20991200
2025-06-16 23:00:00,603.760009765625,20991200,603.760009765625,20991200,603.760009765625,20991200
2025-06-17 23:00:00,598.760009765625,20991200,598.760009765625,20991200,598.760009765625,20991200
2025-06-18 23:00:00,598.6199951171875,20991200,598.6199951171875,20991200,598.6199951171875,20991200
2025-06-20 23:00:00,596.6599731445312,20991200,596.6599731445312,20991200,596.6599731445312,20991200
