DATETIME,CARRY,CARRY_CONTRACT,PRICE,PRICE_CONTRACT,FORWARD,FORWARD_CONTRACT
2020-01-02 23:00:00,51.55576705932617,20991200,51.55576705932617,20991200,51.55576705932617,20991200
2020-01-03 23:00:00,51.73295211791992,20991200,51.73295211791992,20991200,51.73295211791992,20991200
2020-01-06 23:00:00,51.910152435302734,20991200,51.910152435302734,20991200,51.910152435302734,20991200
2020-01-07 23:00:00,51.98262023925781,20991200,51.98262023925781,20991200,51.98262023925781,20991200
2020-01-08 23:00:00,51.95849609375,20991200,51.95849609375,20991200,51.95849609375,20991200
2020-01-09 23:00:00,52.03096008300781,20991200,52.03096008300781,20991200,52.03096008300781,20991200
2020-01-10 23:00:00,52.063194274902344,20991200,52.063194274902344,20991200,52.063194274902344,20991200
2020-01-13 23:00:00,52.10346221923828,20991200,52.10346221923828,20991200,52.10346221923828,20991200
2020-01-14 23:00:00,52.14372634887695,20991200,52.14372634887695,20991200,52.14372634887695,20991200
2020-01-15 23:00:00,52.15177536010742,20991200,52.15177536010742,20991200,52.15177536010742,20991200
2020-01-16 23:00:00,52.20009231567383,20991200,52.20009231567383,20991200,52.20009231567383,20991200
2020-01-17 23:00:00,52.19206237792969,20991200,52.19206237792969,20991200,52.19206237792969,20991200
2020-01-21 23:00:00,52.256473541259766,20991200,52.256473541259766,20991200,52.256473541259766,20991200
2020-01-22 23:00:00,52.27259826660156,20991200,52.27259826660156,20991200,52.27259826660156,20991200
2020-01-23 23:00:00,52.3370246887207,20991200,52.3370246887207,20991200,52.3370246887207,20991200
2020-01-24 23:00:00,52.41755676269531,20991200,52.41755676269531,20991200,52.41755676269531,20991200
2020-01-27 23:00:00,52.53032302856445,20991200,52.53032302856445,20991200,52.53032302856445,20991200
2020-01-28 23:00:00,52.562538146972656,20991200,52.562538146972656,20991200,52.562538146972656,20991200
2020-01-29 23:00:00,52.60280990600586,20991200,52.60280990600586,20991200,52.60280990600586,20991200
2020-01-30 23:00:00,52.59476089477539,20991200,52.59476089477539,20991200,52.59476089477539,20991200
2020-01-31 23:00:00,52.59476089477539,20991200,52.59476089477539,20991200,52.59476089477539,20991200
2020-02-03 23:00:00,52.70463562011719,20991200,52.70463562011719,20991200,52.70463562011719,20991200
2020-02-04 23:00:00,52.60769271850586,20991200,52.60769271850586,20991200,52.60769271850586,20991200
2020-02-05 23:00:00,52.559207916259766,20991200,52.559207916259766,20991200,52.559207916259766,20991200
2020-02-06 23:00:00,52.60769271850586,20991200,52.60769271850586,20991200,52.60769271850586,20991200
2020-02-07 23:00:00,52.6884880065918,20991200,52.6884880065918,20991200,52.6884880065918,20991200
2020-02-10 23:00:00,52.728885650634766,20991200,52.728885650634766,20991200,52.728885650634766,20991200
2020-02-11 23:00:00,52.7208251953125,20991200,52.7208251953125,20991200,52.7208251953125,20991200
2020-02-12 23:00:00,52.7208251953125,20991200,52.7208251953125,20991200,52.7208251953125,20991200
2020-02-13 23:00:00,52.75313186645508,20991200,52.75313186645508,20991200,52.75313186645508,20991200
2020-02-14 23:00:00,52.793521881103516,20991200,52.793521881103516,20991200,52.793521881103516,20991200
2020-02-18 23:00:00,52.87430953979492,20991200,52.87430953979492,20991200,52.87430953979492,20991200
2020-02-19 23:00:00,52.930885314941406,20991200,52.930885314941406,20991200,52.930885314941406,20991200
2020-02-20 23:00:00,53.0197639465332,20991200,53.0197639465332,20991200,53.0197639465332,20991200
2020-02-21 23:00:00,53.10862350463867,20991200,53.10862350463867,20991200,53.10862350463867,20991200
2020-02-24 23:00:00,53.229854583740234,20991200,53.229854583740234,20991200,53.229854583740234,20991200
2020-02-25 23:00:00,53.41567611694336,20991200,53.41567611694336,20991200,53.41567611694336,20991200
2020-02-26 23:00:00,53.439910888671875,20991200,53.439910888671875,20991200,53.439910888671875,20991200
2020-02-27 23:00:00,53.38335418701172,20991200,53.38335418701172,20991200,53.38335418701172,20991200
2020-02-28 23:00:00,53.0197639465332,20991200,53.0197639465332,20991200,53.0197639465332,20991200
2020-03-02 23:00:00,53.2645378112793,20991200,53.2645378112793,20991200,53.2645378112793,20991200
2020-03-03 23:00:00,53.19157409667969,20991200,53.19157409667969,20991200,53.19157409667969,20991200
2020-03-04 23:00:00,53.10242462158203,20991200,53.10242462158203,20991200,53.10242462158203,20991200
2020-03-05 23:00:00,53.215919494628906,20991200,53.215919494628906,20991200,53.215919494628906,20991200
2020-03-06 23:00:00,52.65667724609375,20991200,52.65667724609375,20991200,52.65667724609375,20991200
2020-03-09 23:00:00,49.973995208740234,20991200,49.973995208740234,20991200,49.973995208740234,20991200
2020-03-10 23:00:00,48.27199172973633,20991200,48.27199172973633,20991200,48.27199172973633,20991200
2020-03-11 23:00:00,47.16973114013672,20991200,47.16973114013672,20991200,47.16973114013672,20991200
2020-03-12 23:00:00,39.79441452026367,20991200,39.79441452026367,20991200,39.79441452026367,20991200
2020-03-13 23:00:00,43.35239791870117,20991200,43.35239791870117,20991200,43.35239791870117,20991200
2020-03-16 23:00:00,40.848026275634766,20991200,40.848026275634766,20991200,40.848026275634766,20991200
2020-03-17 23:00:00,42.10426330566406,20991200,42.10426330566406,20991200,42.10426330566406,20991200
2020-03-18 23:00:00,34.412841796875,20991200,34.412841796875,20991200,34.412841796875,20991200
2020-03-19 23:00:00,36.471435546875,20991200,36.471435546875,20991200,36.471435546875,20991200
2020-03-20 23:00:00,37.67906188964844,20991200,37.67906188964844,20991200,37.67906188964844,20991200
2020-03-23 23:00:00,35.30437088012695,20991200,35.30437088012695,20991200,35.30437088012695,20991200
2020-03-24 23:00:00,40.742679595947266,20991200,40.742679595947266,20991200,40.742679595947266,20991200
2020-03-25 23:00:00,43.141666412353516,20991200,43.141666412353516,20991200,43.141666412353516,20991200
2020-03-26 23:00:00,46.39168930053711,20991200,46.39168930053711,20991200,46.39168930053711,20991200
2020-03-27 23:00:00,44.58432388305664,20991200,44.58432388305664,20991200,44.58432388305664,20991200
2020-03-30 23:00:00,44.80315017700195,20991200,44.80315017700195,20991200,44.80315017700195,20991200
2020-03-31 23:00:00,42.35550308227539,20991200,42.35550308227539,20991200,42.35550308227539,20991200
2020-04-01 23:00:00,41.33039093017578,20991200,41.33039093017578,20991200,41.33039093017578,20991200
2020-04-02 23:00:00,43.15427017211914,20991200,43.15427017211914,20991200,43.15427017211914,20991200
2020-04-03 23:00:00,43.47996520996094,20991200,43.47996520996094,20991200,43.47996520996094,20991200
2020-04-06 23:00:00,43.2357063293457,20991200,43.2357063293457,20991200,43.2357063293457,20991200
2020-04-07 23:00:00,43.838233947753906,20991200,43.838233947753906,20991200,43.838233947753906,20991200
2020-04-08 23:00:00,44.17205810546875,20991200,44.17205810546875,20991200,44.17205810546875,20991200
2020-04-09 23:00:00,46.40306091308594,20991200,46.40306091308594,20991200,46.40306091308594,20991200
2020-04-13 23:00:00,44.88044738769531,20991200,44.88044738769531,20991200,44.88044738769531,20991200
2020-04-14 23:00:00,44.65244674682617,20991200,44.65244674682617,20991200,44.65244674682617,20991200
2020-04-15 23:00:00,45.43411636352539,20991200,45.43411636352539,20991200,45.43411636352539,20991200
2020-04-16 23:00:00,44.294193267822266,20991200,44.294193267822266,20991200,44.294193267822266,20991200
2020-04-17 23:00:00,44.57103729248047,20991200,44.57103729248047,20991200,44.57103729248047,20991200
2020-04-20 23:00:00,44.424468994140625,20991200,44.424468994140625,20991200,44.424468994140625,20991200
2020-04-21 23:00:00,44.505882263183594,20991200,44.505882263183594,20991200,44.505882263183594,20991200
2020-04-22 23:00:00,44.65244674682617,20991200,44.65244674682617,20991200,44.65244674682617,20991200
2020-04-23 23:00:00,44.21277618408203,20991200,44.21277618408203,20991200,44.21277618408203,20991200
2020-04-24 23:00:00,44.302345275878906,20991200,44.302345275878906,20991200,44.302345275878906,20991200
2020-04-27 23:00:00,44.375606536865234,20991200,44.375606536865234,20991200,44.375606536865234,20991200
2020-04-28 23:00:00,43.63465881347656,20991200,43.63465881347656,20991200,43.63465881347656,20991200
2020-04-29 23:00:00,43.903358459472656,20991200,43.903358459472656,20991200,43.903358459472656,20991200
2020-04-30 23:00:00,44.579166412353516,20991200,44.579166412353516,20991200,44.579166412353516,20991200
2020-05-01 23:00:00,44.40509033203125,20991200,44.40509033203125,20991200,44.40509033203125,20991200
2020-05-04 23:00:00,44.83828353881836,20991200,44.83828353881836,20991200,44.83828353881836,20991200
2020-05-05 23:00:00,44.61759567260742,20991200,44.61759567260742,20991200,44.61759567260742,20991200
2020-05-06 23:00:00,44.462303161621094,20991200,44.462303161621094,20991200,44.462303161621094,20991200
2020-05-07 23:00:00,45.23057556152344,20991200,45.23057556152344,20991200,45.23057556152344,20991200
2020-05-08 23:00:00,44.87912368774414,20991200,44.87912368774414,20991200,44.87912368774414,20991200
2020-05-11 23:00:00,45.50029373168945,20991200,45.50029373168945,20991200,45.50029373168945,20991200
2020-05-12 23:00:00,45.73731994628906,20991200,45.73731994628906,20991200,45.73731994628906,20991200
2020-05-13 23:00:00,45.49212646484375,20991200,45.49212646484375,20991200,45.49212646484375,20991200
2020-05-14 23:00:00,45.45942687988281,20991200,45.45942687988281,20991200,45.45942687988281,20991200
2020-05-15 23:00:00,45.9498291015625,20991200,45.9498291015625,20991200,45.9498291015625,20991200
2020-05-18 23:00:00,45.770015716552734,20991200,45.770015716552734,20991200,45.770015716552734,20991200
2020-05-19 23:00:00,46.30126953125,20991200,46.30126953125,20991200,46.30126953125,20991200
2020-05-20 23:00:00,46.39934539794922,20991200,46.39934539794922,20991200,46.39934539794922,20991200
2020-05-21 23:00:00,46.554649353027344,20991200,46.554649353027344,20991200,46.554649353027344,20991200
2020-05-22 23:00:00,46.669071197509766,20991200,46.669071197509766,20991200,46.669071197509766,20991200
2020-05-26 23:00:00,46.70993423461914,20991200,46.70993423461914,20991200,46.70993423461914,20991200
2020-05-27 23:00:00,46.857059478759766,20991200,46.857059478759766,20991200,46.857059478759766,20991200
2020-05-28 23:00:00,46.92242431640625,20991200,46.92242431640625,20991200,46.92242431640625,20991200
2020-05-29 23:00:00,47.22483825683594,20991200,47.22483825683594,20991200,47.22483825683594,20991200
2020-06-01 23:00:00,47.33066940307617,20991200,47.33066940307617,20991200,47.33066940307617,20991200
2020-06-02 23:00:00,47.256858825683594,20991200,47.256858825683594,20991200,47.256858825683594,20991200
2020-06-03 23:00:00,47.429141998291016,20991200,47.429141998291016,20991200,47.429141998291016,20991200
2020-06-04 23:00:00,47.79832458496094,20991200,47.79832458496094,20991200,47.79832458496094,20991200
2020-06-05 23:00:00,48.27418899536133,20991200,48.27418899536133,20991200,48.27418899536133,20991200
2020-06-08 23:00:00,48.29878616333008,20991200,48.29878616333008,20991200,48.29878616333008,20991200
2020-06-09 23:00:00,48.224952697753906,20991200,48.224952697753906,20991200,48.224952697753906,20991200
2020-06-10 23:00:00,48.430057525634766,20991200,48.430057525634766,20991200,48.430057525634766,20991200
2020-06-11 23:00:00,48.044464111328125,20991200,48.044464111328125,20991200,48.044464111328125,20991200
2020-06-12 23:00:00,48.12649917602539,20991200,48.12649917602539,20991200,48.12649917602539,20991200
2020-06-15 23:00:00,47.83936309814453,20991200,47.83936309814453,20991200,47.83936309814453,20991200
2020-06-16 23:00:00,48.01165008544922,20991200,48.01165008544922,20991200,48.01165008544922,20991200
2020-06-17 23:00:00,47.75729751586914,20991200,47.75729751586914,20991200,47.75729751586914,20991200
2020-06-18 23:00:00,47.658870697021484,20991200,47.658870697021484,20991200,47.658870697021484,20991200
2020-06-19 23:00:00,47.72447967529297,20991200,47.72447967529297,20991200,47.72447967529297,20991200
2020-06-22 23:00:00,48.339813232421875,20991200,48.339813232421875,20991200,48.339813232421875,20991200
2020-06-23 23:00:00,48.372623443603516,20991200,48.372623443603516,20991200,48.372623443603516,20991200
2020-06-24 23:00:00,48.36442947387695,20991200,48.36442947387695,20991200,48.36442947387695,20991200
2020-06-25 23:00:00,48.348018646240234,20991200,48.348018646240234,20991200,48.348018646240234,20991200
2020-06-26 23:00:00,48.47929000854492,20991200,48.47929000854492,20991200,48.47929000854492,20991200
2020-06-29 23:00:00,48.53672790527344,20991200,48.53672790527344,20991200,48.53672790527344,20991200
2020-06-30 23:00:00,48.635162353515625,20991200,48.635162353515625,20991200,48.635162353515625,20991200
2020-07-01 23:00:00,48.64175796508789,20991200,48.64175796508789,20991200,48.64175796508789,20991200
2020-07-02 23:00:00,48.64997863769531,20991200,48.64997863769531,20991200,48.64997863769531,20991200
2020-07-06 23:00:00,48.67466354370117,20991200,48.67466354370117,20991200,48.67466354370117,20991200
2020-07-07 23:00:00,48.65821838378906,20991200,48.65821838378906,20991200,48.65821838378906,20991200
2020-07-08 23:00:00,48.66643524169922,20991200,48.66643524169922,20991200,48.66643524169922,20991200
2020-07-09 23:00:00,48.699363708496094,20991200,48.699363708496094,20991200,48.699363708496094,20991200
2020-07-10 23:00:00,48.6005973815918,20991200,48.6005973815918,20991200,48.6005973815918,20991200
2020-07-13 23:00:00,48.567684173583984,20991200,48.567684173583984,20991200,48.567684173583984,20991200
2020-07-14 23:00:00,48.64997863769531,20991200,48.64997863769531,20991200,48.64997863769531,20991200
2020-07-15 23:00:00,48.724056243896484,20991200,48.724056243896484,20991200,48.724056243896484,20991200
2020-07-16 23:00:00,48.888668060302734,20991200,48.888668060302734,20991200,48.888668060302734,20991200
2020-07-17 23:00:00,49.04502868652344,20991200,49.04502868652344,20991200,49.04502868652344,20991200
2020-07-20 23:00:00,49.176719665527344,20991200,49.176719665527344,20991200,49.176719665527344,20991200
2020-07-21 23:00:00,49.37425994873047,20991200,49.37425994873047,20991200,49.37425994873047,20991200
2020-07-22 23:00:00,49.46479415893555,20991200,49.46479415893555,20991200,49.46479415893555,20991200
2020-07-23 23:00:00,49.52241516113281,20991200,49.52241516113281,20991200,49.52241516113281,20991200
2020-07-24 23:00:00,49.5471076965332,20991200,49.5471076965332,20991200,49.5471076965332,20991200
2020-07-27 23:00:00,49.571781158447266,20991200,49.571781158447266,20991200,49.571781158447266,20991200
2020-07-28 23:00:00,49.65409851074219,20991200,49.65409851074219,20991200,49.65409851074219,20991200
2020-07-29 23:00:00,49.68702697753906,20991200,49.68702697753906,20991200,49.68702697753906,20991200
2020-07-30 23:00:00,49.76932907104492,20991200,49.76932907104492,20991200,49.76932907104492,20991200
2020-07-31 23:00:00,49.802242279052734,20991200,49.802242279052734,20991200,49.802242279052734,20991200
2020-08-03 23:00:00,49.820411682128906,20991200,49.820411682128906,20991200,49.820411682128906,20991200
2020-08-04 23:00:00,49.96076965332031,20991200,49.96076965332031,20991200,49.96076965332031,20991200
2020-08-05 23:00:00,49.87820053100586,20991200,49.87820053100586,20991200,49.87820053100586,20991200
2020-08-06 23:00:00,49.95252227783203,20991200,49.95252227783203,20991200,49.95252227783203,20991200
2020-08-07 23:00:00,50.05984878540039,20991200,50.05984878540039,20991200,50.05984878540039,20991200
2020-08-10 23:00:00,50.07637405395508,20991200,50.07637405395508,20991200,50.07637405395508,20991200
2020-08-11 23:00:00,50.04335403442383,20991200,50.04335403442383,20991200,50.04335403442383,20991200
2020-08-12 23:00:00,49.86168670654297,20991200,49.86168670654297,20991200,49.86168670654297,20991200
2020-08-13 23:00:00,49.902992248535156,20991200,49.902992248535156,20991200,49.902992248535156,20991200
2020-08-14 23:00:00,49.936004638671875,20991200,49.936004638671875,20991200,49.936004638671875,20991200
2020-08-17 23:00:00,49.91947937011719,20991200,49.91947937011719,20991200,49.91947937011719,20991200
2020-08-18 23:00:00,49.9112434387207,20991200,49.9112434387207,20991200,49.9112434387207,20991200
2020-08-19 23:00:00,49.79563522338867,20991200,49.79563522338867,20991200,49.79563522338867,20991200
2020-08-20 23:00:00,49.638755798339844,20991200,49.638755798339844,20991200,49.638755798339844,20991200
2020-08-21 23:00:00,49.48188018798828,20991200,49.48188018798828,20991200,49.48188018798828,20991200
2020-08-24 23:00:00,49.5396728515625,20991200,49.5396728515625,20991200,49.5396728515625,20991200
2020-08-25 23:00:00,49.680049896240234,20991200,49.680049896240234,20991200,49.680049896240234,20991200
2020-08-26 23:00:00,49.58921813964844,20991200,49.58921813964844,20991200,49.58921813964844,20991200
2020-08-27 23:00:00,49.55619812011719,20991200,49.55619812011719,20991200,49.55619812011719,20991200
2020-08-28 23:00:00,49.61397933959961,20991200,49.61397933959961,20991200,49.61397933959961,20991200
2020-08-31 23:00:00,49.68830490112305,20991200,49.68830490112305,20991200,49.68830490112305,20991200
2020-09-01 23:00:00,49.599632263183594,20991200,49.599632263183594,20991200,49.599632263183594,20991200
2020-09-02 23:00:00,49.6162109375,20991200,49.6162109375,20991200,49.6162109375,20991200
2020-09-03 23:00:00,49.62450408935547,20991200,49.62450408935547,20991200,49.62450408935547,20991200
2020-09-04 23:00:00,49.46707534790039,20991200,49.46707534790039,20991200,49.46707534790039,20991200
2020-09-08 23:00:00,49.392494201660156,20991200,49.392494201660156,20991200,49.392494201660156,20991200
2020-09-09 23:00:00,49.45048904418945,20991200,49.45048904418945,20991200,49.45048904418945,20991200
2020-09-10 23:00:00,49.45048904418945,20991200,49.45048904418945,20991200,49.45048904418945,20991200
2020-09-11 23:00:00,49.31791305541992,20991200,49.31791305541992,20991200,49.31791305541992,20991200
2020-09-14 23:00:00,49.41735076904297,20991200,49.41735076904297,20991200,49.41735076904297,20991200
2020-09-15 23:00:00,49.500213623046875,20991200,49.500213623046875,20991200,49.500213623046875,20991200
2020-09-16 23:00:00,49.30134582519531,20991200,49.30134582519531,20991200,49.30134582519531,20991200
2020-09-17 23:00:00,49.392494201660156,20991200,49.392494201660156,20991200,49.392494201660156,20991200
2020-09-18 23:00:00,49.47534942626953,20991200,49.47534942626953,20991200,49.47534942626953,20991200
2020-09-21 23:00:00,49.359352111816406,20991200,49.359352111816406,20991200,49.359352111816406,20991200
2020-09-22 23:00:00,49.47534942626953,20991200,49.47534942626953,20991200,49.47534942626953,20991200
2020-09-23 23:00:00,49.392494201660156,20991200,49.392494201660156,20991200,49.392494201660156,20991200
2020-09-24 23:00:00,49.409061431884766,20991200,49.409061431884766,20991200,49.409061431884766,20991200
2020-09-25 23:00:00,49.409061431884766,20991200,49.409061431884766,20991200,49.409061431884766,20991200
2020-09-28 23:00:00,49.45878601074219,20991200,49.45878601074219,20991200,49.45878601074219,20991200
2020-09-29 23:00:00,49.47534942626953,20991200,49.47534942626953,20991200,49.47534942626953,20991200
2020-09-30 23:00:00,49.54991149902344,20991200,49.54991149902344,20991200,49.54991149902344,20991200
2020-10-01 23:00:00,49.68212890625,20991200,49.68212890625,20991200,49.68212890625,20991200
2020-10-02 23:00:00,49.55739974975586,20991200,49.55739974975586,20991200,49.55739974975586,20991200
2020-10-05 23:00:00,49.41604995727539,20991200,49.41604995727539,20991200,49.41604995727539,20991200
2020-10-06 23:00:00,49.47426223754883,20991200,49.47426223754883,20991200,49.47426223754883,20991200
2020-10-07 23:00:00,49.40773010253906,20991200,49.40773010253906,20991200,49.40773010253906,20991200
2020-10-08 23:00:00,49.41604995727539,20991200,49.41604995727539,20991200,49.41604995727539,20991200
2020-10-09 23:00:00,49.49088668823242,20991200,49.49088668823242,20991200,49.49088668823242,20991200
2020-10-12 23:00:00,49.49088668823242,20991200,49.49088668823242,20991200,49.49088668823242,20991200
2020-10-13 23:00:00,49.59067153930664,20991200,49.59067153930664,20991200,49.59067153930664,20991200
2020-10-14 23:00:00,49.5989875793457,20991200,49.5989875793457,20991200,49.5989875793457,20991200
2020-10-15 23:00:00,49.59067153930664,20991200,49.59067153930664,20991200,49.59067153930664,20991200
2020-10-16 23:00:00,49.59067153930664,20991200,49.59067153930664,20991200,49.59067153930664,20991200
2020-10-19 23:00:00,49.532466888427734,20991200,49.532466888427734,20991200,49.532466888427734,20991200
2020-10-20 23:00:00,49.59067153930664,20991200,49.59067153930664,20991200,49.59067153930664,20991200
2020-10-21 23:00:00,49.607295989990234,20991200,49.607295989990234,20991200,49.607295989990234,20991200
2020-10-22 23:00:00,49.607295989990234,20991200,49.607295989990234,20991200,49.607295989990234,20991200
2020-10-23 23:00:00,49.54077911376953,20991200,49.54077911376953,20991200,49.54077911376953,20991200
2020-10-26 23:00:00,49.61562728881836,20991200,49.61562728881836,20991200,49.61562728881836,20991200
2020-10-27 23:00:00,49.58234786987305,20991200,49.58234786987305,20991200,49.58234786987305,20991200
2020-10-28 23:00:00,49.51583480834961,20991200,49.51583480834961,20991200,49.51583480834961,20991200
2020-10-29 23:00:00,49.47426223754883,20991200,49.47426223754883,20991200,49.47426223754883,20991200
2020-10-30 23:00:00,49.43269348144531,20991200,49.43269348144531,20991200,49.43269348144531,20991200
2020-11-02 23:00:00,49.48940658569336,20991200,49.48940658569336,20991200,49.48940658569336,20991200
2020-11-03 23:00:00,49.5811767578125,20991200,49.5811767578125,20991200,49.5811767578125,20991200
2020-11-04 23:00:00,49.98998260498047,20991200,49.98998260498047,20991200,49.98998260498047,20991200
2020-11-05 23:00:00,49.78142547607422,20991200,49.78142547607422,20991200,49.78142547607422,20991200
2020-11-06 23:00:00,49.7981071472168,20991200,49.7981071472168,20991200,49.7981071472168,20991200
2020-11-09 23:00:00,49.956600189208984,20991200,49.956600189208984,20991200,49.956600189208984,20991200
2020-11-10 23:00:00,49.98998260498047,20991200,49.98998260498047,20991200,49.98998260498047,20991200
2020-11-11 23:00:00,50.04838180541992,20991200,50.04838180541992,20991200,50.04838180541992,20991200
2020-11-12 23:00:00,50.04838180541992,20991200,50.04838180541992,20991200,50.04838180541992,20991200
2020-11-13 23:00:00,50.106781005859375,20991200,50.106781005859375,20991200,50.106781005859375,20991200
2020-11-16 23:00:00,50.09844207763672,20991200,50.09844207763672,20991200,50.09844207763672,20991200
2020-11-17 23:00:00,50.2319221496582,20991200,50.2319221496582,20991200,50.2319221496582,20991200
2020-11-18 23:00:00,50.307010650634766,20991200,50.307010650634766,20991200,50.307010650634766,20991200
2020-11-19 23:00:00,50.548946380615234,20991200,50.548946380615234,20991200,50.548946380615234,20991200
2020-11-20 23:00:00,50.565650939941406,20991200,50.565650939941406,20991200,50.565650939941406,20991200
2020-11-23 23:00:00,50.63238525390625,20991200,50.63238525390625,20991200,50.63238525390625,20991200
2020-11-24 23:00:00,50.65740966796875,20991200,50.65740966796875,20991200,50.65740966796875,20991200
2020-11-25 23:00:00,50.72414016723633,20991200,50.72414016723633,20991200,50.72414016723633,20991200
2020-11-27 23:00:00,50.77421188354492,20991200,50.77421188354492,20991200,50.77421188354492,20991200
2020-11-30 23:00:00,50.80758285522461,20991200,50.80758285522461,20991200,50.80758285522461,20991200
2020-12-01 23:00:00,50.738121032714844,20991200,50.738121032714844,20991200,50.738121032714844,20991200
2020-12-02 23:00:00,50.78833770751953,20991200,50.78833770751953,20991200,50.78833770751953,20991200
2020-12-03 23:00:00,50.97243118286133,20991200,50.97243118286133,20991200,50.97243118286133,20991200
2020-12-04 23:00:00,51.11469268798828,20991200,51.11469268798828,20991200,51.11469268798828,20991200
2020-12-07 23:00:00,51.24020767211914,20991200,51.24020767211914,20991200,51.24020767211914,20991200
2020-12-08 23:00:00,51.29880142211914,20991200,51.29880142211914,20991200,51.29880142211914,20991200
2020-12-09 23:00:00,51.31554412841797,20991200,51.31554412841797,20991200,51.31554412841797,20991200
2020-12-10 23:00:00,51.36574935913086,20991200,51.36574935913086,20991200,51.36574935913086,20991200
2020-12-11 23:00:00,51.42433547973633,20991200,51.42433547973633,20991200,51.42433547973633,20991200
2020-12-14 23:00:00,51.46616744995117,20991200,51.46616744995117,20991200,51.46616744995117,20991200
2020-12-15 23:00:00,51.54986572265625,20991200,51.54986572265625,20991200,51.54986572265625,20991200
2020-12-16 23:00:00,51.50801467895508,20991200,51.50801467895508,20991200,51.50801467895508,20991200
2020-12-17 23:00:00,51.4829216003418,20991200,51.4829216003418,20991200,51.4829216003418,20991200
2020-12-18 23:00:00,51.600067138671875,20991200,51.600067138671875,20991200,51.600067138671875,20991200
2020-12-21 23:00:00,51.62517547607422,20991200,51.62517547607422,20991200,51.62517547607422,20991200
2020-12-22 23:00:00,51.57497787475586,20991200,51.57497787475586,20991200,51.57497787475586,20991200
2020-12-23 23:00:00,51.524776458740234,20991200,51.524776458740234,20991200,51.524776458740234,20991200
2020-12-24 23:00:00,51.50801467895508,20991200,51.50801467895508,20991200,51.50801467895508,20991200
2020-12-28 23:00:00,51.58332443237305,20991200,51.58332443237305,20991200,51.58332443237305,20991200
2020-12-29 23:00:00,51.60600662231445,20991200,51.60600662231445,20991200,51.60600662231445,20991200
2020-12-30 23:00:00,51.56401443481445,20991200,51.56401443481445,20991200,51.56401443481445,20991200
2020-12-31 23:00:00,51.67317199707031,20991200,51.67317199707031,20991200,51.67317199707031,20991200
2021-01-04 23:00:00,51.52203369140625,20991200,51.52203369140625,20991200,51.52203369140625,20991200
2021-01-05 23:00:00,51.66476821899414,20991200,51.66476821899414,20991200,51.66476821899414,20991200
2021-01-06 23:00:00,52.0090446472168,20991200,52.0090446472168,20991200,52.0090446472168,20991200
2021-01-07 23:00:00,52.07622528076172,20991200,52.07622528076172,20991200,52.07622528076172,20991200
2021-01-08 23:00:00,52.051025390625,20991200,52.051025390625,20991200,52.051025390625,20991200
2021-01-11 23:00:00,51.98385238647461,20991200,51.98385238647461,20991200,51.98385238647461,20991200
2021-01-12 23:00:00,52.135009765625,20991200,52.135009765625,20991200,52.135009765625,20991200
2021-01-13 23:00:00,52.16018295288086,20991200,52.16018295288086,20991200,52.16018295288086,20991200
2021-01-14 23:00:00,52.2105712890625,20991200,52.2105712890625,20991200,52.2105712890625,20991200
2021-01-15 23:00:00,52.202171325683594,20991200,52.202171325683594,20991200,52.202171325683594,20991200
2021-01-19 23:00:00,52.286128997802734,20991200,52.286128997802734,20991200,52.286128997802734,20991200
2021-01-20 23:00:00,52.35329055786133,20991200,52.35329055786133,20991200,52.35329055786133,20991200
2021-01-21 23:00:00,52.38689422607422,20991200,52.38689422607422,20991200,52.38689422607422,20991200
2021-01-22 23:00:00,52.44567108154297,20991200,52.44567108154297,20991200,52.44567108154297,20991200
2021-01-25 23:00:00,52.50446319580078,20991200,52.50446319580078,20991200,52.50446319580078,20991200
2021-01-26 23:00:00,52.54644012451172,20991200,52.54644012451172,20991200,52.54644012451172,20991200
2021-01-27 23:00:00,52.58001708984375,20991200,52.58001708984375,20991200,52.58001708984375,20991200
2021-01-28 23:00:00,52.61360549926758,20991200,52.61360549926758,20991200,52.61360549926758,20991200
2021-01-29 23:00:00,52.73115921020508,20991200,52.73115921020508,20991200,52.73115921020508,20991200
2021-02-01 23:00:00,52.744632720947266,20991200,52.744632720947266,20991200,52.744632720947266,20991200
2021-02-02 23:00:00,52.76148223876953,20991200,52.76148223876953,20991200,52.76148223876953,20991200
2021-02-03 23:00:00,52.694091796875,20991200,52.694091796875,20991200,52.694091796875,20991200
2021-02-04 23:00:00,52.812015533447266,20991200,52.812015533447266,20991200,52.812015533447266,20991200
2021-02-05 23:00:00,52.803592681884766,20991200,52.803592681884766,20991200,52.803592681884766,20991200
2021-02-08 23:00:00,52.9467887878418,20991200,52.9467887878418,20991200,52.9467887878418,20991200
2021-02-09 23:00:00,52.99732971191406,20991200,52.99732971191406,20991200,52.99732971191406,20991200
2021-02-10 23:00:00,53.0141716003418,20991200,53.0141716003418,20991200,53.0141716003418,20991200
2021-02-11 23:00:00,53.03102111816406,20991200,53.03102111816406,20991200,53.03102111816406,20991200
2021-02-12 23:00:00,52.99732971191406,20991200,52.99732971191406,20991200,52.99732971191406,20991200
2021-02-16 23:00:00,52.727787017822266,20991200,52.727787017822266,20991200,52.727787017822266,20991200
2021-02-17 23:00:00,52.8457145690918,20991200,52.8457145690918,20991200,52.8457145690918,20991200
2021-02-18 23:00:00,52.6519775390625,20991200,52.6519775390625,20991200,52.6519775390625,20991200
2021-02-19 23:00:00,52.42456817626953,20991200,52.42456817626953,20991200,52.42456817626953,20991200
2021-02-22 23:00:00,51.8686408996582,20991200,51.8686408996582,20991200,51.8686408996582,20991200
2021-02-23 23:00:00,52.087646484375,20991200,52.087646484375,20991200,52.087646484375,20991200
2021-02-24 23:00:00,51.74230194091797,20991200,51.74230194091797,20991200,51.74230194091797,20991200
2021-02-25 23:00:00,51.78440475463867,20991200,51.78440475463867,20991200,51.78440475463867,20991200
2021-02-26 23:00:00,51.85179901123047,20991200,51.85179901123047,20991200,51.85179901123047,20991200
2021-03-01 23:00:00,51.904178619384766,20991200,51.904178619384766,20991200,51.904178619384766,20991200
2021-03-02 23:00:00,51.91263198852539,20991200,51.91263198852539,20991200,51.91263198852539,20991200
2021-03-03 23:00:00,51.997108459472656,20991200,51.997108459472656,20991200,51.997108459472656,20991200
2021-03-04 23:00:00,51.93796920776367,20991200,51.93796920776367,20991200,51.93796920776367,20991200
2021-03-05 23:00:00,52.05624008178711,20991200,52.05624008178711,20991200,52.05624008178711,20991200
2021-03-08 23:00:00,52.01400375366211,20991200,52.01400375366211,20991200,52.01400375366211,20991200
2021-03-09 23:00:00,52.182952880859375,20991200,52.182952880859375,20991200,52.182952880859375,20991200
2021-03-10 23:00:00,52.40259552001953,20991200,52.40259552001953,20991200,52.40259552001953,20991200
2021-03-11 23:00:00,52.41950225830078,20991200,52.41950225830078,20991200,52.41950225830078,20991200
2021-03-12 23:00:00,52.31812286376953,20991200,52.31812286376953,20991200,52.31812286376953,20991200
2021-03-15 23:00:00,52.326568603515625,20991200,52.326568603515625,20991200,52.326568603515625,20991200
2021-03-16 23:00:00,52.30122756958008,20991200,52.30122756958008,20991200,52.30122756958008,20991200
2021-03-17 23:00:00,52.284332275390625,20991200,52.284332275390625,20991200,52.284332275390625,20991200
2021-03-18 23:00:00,51.92951202392578,20991200,51.92951202392578,20991200,51.92951202392578,20991200
2021-03-19 23:00:00,52.03089904785156,20991200,52.03089904785156,20991200,52.03089904785156,20991200
2021-03-22 23:00:00,52.064697265625,20991200,52.064697265625,20991200,52.064697265625,20991200
2021-03-23 23:00:00,52.10693359375,20991200,52.10693359375,20991200,52.10693359375,20991200
2021-03-24 23:00:00,52.33503341674805,20991200,52.33503341674805,20991200,52.33503341674805,20991200
2021-03-25 23:00:00,52.30122756958008,20991200,52.30122756958008,20991200,52.30122756958008,20991200
2021-03-26 23:00:00,52.31812286376953,20991200,52.31812286376953,20991200,52.31812286376953,20991200
2021-03-29 23:00:00,52.30967330932617,20991200,52.30967330932617,20991200,52.30967330932617,20991200
2021-03-30 23:00:00,52.411067962646484,20991200,52.411067962646484,20991200,52.411067962646484,20991200
2021-03-31 23:00:00,52.50400161743164,20991200,52.50400161743164,20991200,52.50400161743164,20991200
2021-04-01 23:00:00,52.5412712097168,20991200,52.5412712097168,20991200,52.5412712097168,20991200
2021-04-05 23:00:00,52.45652770996094,20991200,52.45652770996094,20991200,52.45652770996094,20991200
2021-04-06 23:00:00,52.41414260864258,20991200,52.41414260864258,20991200,52.41414260864258,20991200
2021-04-07 23:00:00,52.490421295166016,20991200,52.490421295166016,20991200,52.490421295166016,20991200
2021-04-08 23:00:00,52.67684555053711,20991200,52.67684555053711,20991200,52.67684555053711,20991200
2021-04-09 23:00:00,52.66840362548828,20991200,52.66840362548828,20991200,52.66840362548828,20991200
2021-04-12 23:00:00,52.66840362548828,20991200,52.66840362548828,20991200,52.66840362548828,20991200
2021-04-13 23:00:00,52.80397033691406,20991200,52.80397033691406,20991200,52.80397033691406,20991200
2021-04-14 23:00:00,52.77008056640625,20991200,52.77008056640625,20991200,52.77008056640625,20991200
2021-04-15 23:00:00,52.99040985107422,20991200,52.99040985107422,20991200,52.99040985107422,20991200
2021-04-16 23:00:00,52.98193359375,20991200,52.98193359375,20991200,52.98193359375,20991200
2021-04-19 23:00:00,52.88871765136719,20991200,52.88871765136719,20991200,52.88871765136719,20991200
2021-04-20 23:00:00,52.83787155151367,20991200,52.83787155151367,20991200,52.83787155151367,20991200
2021-04-21 23:00:00,52.93956756591797,20991200,52.93956756591797,20991200,52.93956756591797,20991200
2021-04-22 23:00:00,53.10906219482422,20991200,53.10906219482422,20991200,53.10906219482422,20991200
2021-04-23 23:00:00,53.09211349487305,20991200,53.09211349487305,20991200,53.09211349487305,20991200
2021-04-26 23:00:00,53.07516098022461,20991200,53.07516098022461,20991200,53.07516098022461,20991200
2021-04-27 23:00:00,53.07516098022461,20991200,53.07516098022461,20991200,53.07516098022461,20991200
2021-04-28 23:00:00,53.066673278808594,20991200,53.066673278808594,20991200,53.066673278808594,20991200
2021-04-29 23:00:00,52.99040985107422,20991200,52.99040985107422,20991200,52.99040985107422,20991200
2021-04-30 23:00:00,53.11753845214844,20991200,53.11753845214844,20991200,53.11753845214844,20991200
2021-05-03 23:00:00,53.0699348449707,20991200,53.0699348449707,20991200,53.0699348449707,20991200
2021-05-04 23:00:00,53.086936950683594,20991200,53.086936950683594,20991200,53.086936950683594,20991200
2021-05-05 23:00:00,53.112422943115234,20991200,53.112422943115234,20991200,53.112422943115234,20991200
2021-05-06 23:00:00,53.180423736572266,20991200,53.180423736572266,20991200,53.180423736572266,20991200
2021-05-07 23:00:00,53.19742202758789,20991200,53.19742202758789,20991200,53.19742202758789,20991200
2021-05-10 23:00:00,53.248416900634766,20991200,53.248416900634766,20991200,53.248416900634766,20991200
2021-05-11 23:00:00,53.27392578125,20991200,53.27392578125,20991200,53.27392578125,20991200
2021-05-12 23:00:00,53.20591735839844,20991200,53.20591735839844,20991200,53.20591735839844,20991200
2021-05-13 23:00:00,53.256919860839844,20991200,53.256919860839844,20991200,53.256919860839844,20991200
2021-05-14 23:00:00,53.26542282104492,20991200,53.26542282104492,20991200,53.26542282104492,20991200
2021-05-17 23:00:00,53.307918548583984,20991200,53.307918548583984,20991200,53.307918548583984,20991200
2021-05-18 23:00:00,53.35040283203125,20991200,53.35040283203125,20991200,53.35040283203125,20991200
2021-05-19 23:00:00,53.32492446899414,20991200,53.32492446899414,20991200,53.32492446899414,20991200
2021-05-20 23:00:00,53.33340835571289,20991200,53.33340835571289,20991200,53.33340835571289,20991200
2021-05-21 23:00:00,53.4268913269043,20991200,53.4268913269043,20991200,53.4268913269043,20991200
2021-05-24 23:00:00,53.477901458740234,20991200,53.477901458740234,20991200,53.477901458740234,20991200
2021-05-25 23:00:00,53.48640060424805,20991200,53.48640060424805,20991200,53.48640060424805,20991200
2021-05-26 23:00:00,53.596885681152344,20991200,53.596885681152344,20991200,53.596885681152344,20991200
2021-05-27 23:00:00,53.57988739013672,20991200,53.57988739013672,20991200,53.57988739013672,20991200
2021-05-28 23:00:00,53.66488265991211,20991200,53.66488265991211,20991200,53.66488265991211,20991200
2021-06-01 23:00:00,53.67256164550781,20991200,53.67256164550781,20991200,53.67256164550781,20991200
2021-06-02 23:00:00,53.71518325805664,20991200,53.71518325805664,20991200,53.71518325805664,20991200
2021-06-03 23:00:00,53.749271392822266,20991200,53.749271392822266,20991200,53.749271392822266,20991200
2021-06-04 23:00:00,53.80895233154297,20991200,53.80895233154297,20991200,53.80895233154297,20991200
2021-06-07 23:00:00,53.825992584228516,20991200,53.825992584228516,20991200,53.825992584228516,20991200
2021-06-08 23:00:00,53.945350646972656,20991200,53.945350646972656,20991200,53.945350646972656,20991200
2021-06-09 23:00:00,54.030609130859375,20991200,54.030609130859375,20991200,54.030609130859375,20991200
2021-06-10 23:00:00,54.141414642333984,20991200,54.141414642333984,20991200,54.141414642333984,20991200
2021-06-11 23:00:00,54.1243782043457,20991200,54.1243782043457,20991200,54.1243782043457,20991200
2021-06-14 23:00:00,54.05617904663086,20991200,54.05617904663086,20991200,54.05617904663086,20991200
2021-06-15 23:00:00,54.07322692871094,20991200,54.07322692871094,20991200,54.07322692871094,20991200
2021-06-16 23:00:00,53.92830276489258,20991200,53.92830276489258,20991200,53.92830276489258,20991200
2021-06-17 23:00:00,54.064701080322266,20991200,54.064701080322266,20991200,54.064701080322266,20991200
2021-06-18 23:00:00,54.13290786743164,20991200,54.13290786743164,20991200,54.13290786743164,20991200
2021-06-21 23:00:00,54.04765701293945,20991200,54.04765701293945,20991200,54.04765701293945,20991200
2021-06-22 23:00:00,54.04765701293945,20991200,54.04765701293945,20991200,54.04765701293945,20991200
2021-06-23 23:00:00,53.9709358215332,20991200,53.9709358215332,20991200,53.9709358215332,20991200
2021-06-24 23:00:00,54.0135498046875,20991200,54.0135498046875,20991200,54.0135498046875,20991200
2021-06-25 23:00:00,54.04765701293945,20991200,54.04765701293945,20991200,54.04765701293945,20991200
2021-06-28 23:00:00,54.08174514770508,20991200,54.08174514770508,20991200,54.08174514770508,20991200
2021-06-29 23:00:00,54.08174514770508,20991200,54.08174514770508,20991200,54.08174514770508,20991200
2021-06-30 23:00:00,54.22666931152344,20991200,54.22666931152344,20991200,54.22666931152344,20991200
2021-07-01 23:00:00,54.20615768432617,20991200,54.20615768432617,20991200,54.20615768432617,20991200
2021-07-02 23:00:00,54.248897552490234,20991200,54.248897552490234,20991200,54.248897552490234,20991200
2021-07-06 23:00:00,54.291622161865234,20991200,54.291622161865234,20991200,54.291622161865234,20991200
2021-07-07 23:00:00,54.38566207885742,20991200,54.38566207885742,20991200,54.38566207885742,20991200
2021-07-08 23:00:00,54.51386642456055,20991200,54.51386642456055,20991200,54.51386642456055,20991200
2021-07-09 23:00:00,54.47111892700195,20991200,54.47111892700195,20991200,54.47111892700195,20991200
2021-07-12 23:00:00,54.60789108276367,20991200,54.60789108276367,20991200,54.60789108276367,20991200
2021-07-13 23:00:00,54.54805374145508,20991200,54.54805374145508,20991200,54.54805374145508,20991200
2021-07-14 23:00:00,54.52241134643555,20991200,54.52241134643555,20991200,54.52241134643555,20991200
2021-07-15 23:00:00,54.53095626831055,20991200,54.53095626831055,20991200,54.53095626831055,20991200
2021-07-16 23:00:00,54.59933853149414,20991200,54.59933853149414,20991200,54.59933853149414,20991200
2021-07-19 23:00:00,54.56513214111328,20991200,54.56513214111328,20991200,54.56513214111328,20991200
2021-07-20 23:00:00,54.53950881958008,20991200,54.53950881958008,20991200,54.53950881958008,20991200
2021-07-21 23:00:00,54.53950881958008,20991200,54.53950881958008,20991200,54.53950881958008,20991200
2021-07-22 23:00:00,54.62496566772461,20991200,54.62496566772461,20991200,54.62496566772461,20991200
2021-07-23 23:00:00,54.61642837524414,20991200,54.61642837524414,20991200,54.61642837524414,20991200
2021-07-26 23:00:00,54.59933853149414,20991200,54.59933853149414,20991200,54.59933853149414,20991200
2021-07-27 23:00:00,54.60789108276367,20991200,54.60789108276367,20991200,54.60789108276367,20991200
2021-07-28 23:00:00,54.60789108276367,20991200,54.60789108276367,20991200,54.60789108276367,20991200
2021-07-29 23:00:00,54.61642837524414,20991200,54.61642837524414,20991200,54.61642837524414,20991200
2021-07-30 23:00:00,54.59079360961914,20991200,54.59079360961914,20991200,54.59079360961914,20991200
2021-08-02 23:00:00,54.633644104003906,20991200,54.633644104003906,20991200,54.633644104003906,20991200
2021-08-03 23:00:00,54.65936279296875,20991200,54.65936279296875,20991200,54.65936279296875,20991200
2021-08-04 23:00:00,54.59935760498047,20991200,54.59935760498047,20991200,54.59935760498047,20991200
2021-08-05 23:00:00,54.590789794921875,20991200,54.590789794921875,20991200,54.590789794921875,20991200
2021-08-06 23:00:00,54.522216796875,20991200,54.522216796875,20991200,54.522216796875,20991200
2021-08-09 23:00:00,54.522216796875,20991200,54.522216796875,20991200,54.522216796875,20991200
2021-08-10 23:00:00,54.522216796875,20991200,54.522216796875,20991200,54.522216796875,20991200
2021-08-11 23:00:00,54.47078323364258,20991200,54.47078323364258,20991200,54.47078323364258,20991200
2021-08-12 23:00:00,54.453643798828125,20991200,54.453643798828125,20991200,54.453643798828125,20991200
2021-08-13 23:00:00,54.51364517211914,20991200,54.51364517211914,20991200,54.51364517211914,20991200
2021-08-16 23:00:00,54.436500549316406,20991200,54.436500549316406,20991200,54.436500549316406,20991200
2021-08-17 23:00:00,54.46221160888672,20991200,54.46221160888672,20991200,54.46221160888672,20991200
2021-08-18 23:00:00,54.453643798828125,20991200,54.453643798828125,20991200,54.453643798828125,20991200
2021-08-19 23:00:00,54.376487731933594,20991200,54.376487731933594,20991200,54.376487731933594,20991200
2021-08-20 23:00:00,54.38506317138672,20991200,54.38506317138672,20991200,54.38506317138672,20991200
2021-08-23 23:00:00,54.41936111450195,20991200,54.41936111450195,20991200,54.41936111450195,20991200
2021-08-24 23:00:00,54.410797119140625,20991200,54.410797119140625,20991200,54.410797119140625,20991200
2021-08-25 23:00:00,54.359352111816406,20991200,54.359352111816406,20991200,54.359352111816406,20991200
2021-08-26 23:00:00,54.38506317138672,20991200,54.38506317138672,20991200,54.38506317138672,20991200
2021-08-27 23:00:00,54.42791748046875,20991200,54.42791748046875,20991200,54.42791748046875,20991200
2021-08-30 23:00:00,54.44507598876953,20991200,54.44507598876953,20991200,54.44507598876953,20991200
2021-08-31 23:00:00,54.436500549316406,20991200,54.436500549316406,20991200,54.436500549316406,20991200
2021-09-01 23:00:00,54.45970153808594,20991200,54.45970153808594,20991200,54.45970153808594,20991200
2021-09-02 23:00:00,54.44252014160156,20991200,54.44252014160156,20991200,54.44252014160156,20991200
2021-09-03 23:00:00,54.365150451660156,20991200,54.365150451660156,20991200,54.365150451660156,20991200
2021-09-07 23:00:00,54.13303756713867,20991200,54.13303756713867,20991200,54.13303756713867,20991200
2021-09-08 23:00:00,54.30497360229492,20991200,54.30497360229492,20991200,54.30497360229492,20991200
2021-09-09 23:00:00,54.25339889526367,20991200,54.25339889526367,20991200,54.25339889526367,20991200
2021-09-10 23:00:00,54.26197814941406,20991200,54.26197814941406,20991200,54.26197814941406,20991200
2021-09-13 23:00:00,54.270591735839844,20991200,54.270591735839844,20991200,54.270591735839844,20991200
2021-09-14 23:00:00,54.270591735839844,20991200,54.270591735839844,20991200,54.270591735839844,20991200
2021-09-15 23:00:00,54.270591735839844,20991200,54.270591735839844,20991200,54.270591735839844,20991200
2021-09-16 23:00:00,54.23619079589844,20991200,54.23619079589844,20991200,54.23619079589844,20991200
2021-09-17 23:00:00,54.23619079589844,20991200,54.23619079589844,20991200,54.23619079589844,20991200
2021-09-20 23:00:00,54.23619079589844,20991200,54.23619079589844,20991200,54.23619079589844,20991200
2021-09-21 23:00:00,54.244808197021484,20991200,54.244808197021484,20991200,54.244808197021484,20991200
2021-09-22 23:00:00,54.23619079589844,20991200,54.23619079589844,20991200,54.23619079589844,20991200
2021-09-23 23:00:00,54.12444305419922,20991200,54.12444305419922,20991200,54.12444305419922,20991200
2021-09-24 23:00:00,54.07286071777344,20991200,54.07286071777344,20991200,54.07286071777344,20991200
2021-09-27 23:00:00,53.986900329589844,20991200,53.986900329589844,20991200,53.986900329589844,20991200
2021-09-28 23:00:00,53.7289924621582,20991200,53.7289924621582,20991200,53.7289924621582,20991200
2021-09-29 23:00:00,53.67741775512695,20991200,53.67741775512695,20991200,53.67741775512695,20991200
2021-09-30 23:00:00,53.7117919921875,20991200,53.7117919921875,20991200,53.7117919921875,20991200
2021-10-01 23:00:00,53.80750274658203,20991200,53.80750274658203,20991200,53.80750274658203,20991200
2021-10-04 23:00:00,53.66093826293945,20991200,53.66093826293945,20991200,53.66093826293945,20991200
2021-10-05 23:00:00,53.65232467651367,20991200,53.65232467651367,20991200,53.65232467651367,20991200
2021-10-06 23:00:00,53.643707275390625,20991200,53.643707275390625,20991200,53.643707275390625,20991200
2021-10-07 23:00:00,53.61782455444336,20991200,53.61782455444336,20991200,53.61782455444336,20991200
2021-10-08 23:00:00,53.488502502441406,20991200,53.488502502441406,20991200,53.488502502441406,20991200
2021-10-11 23:00:00,53.359188079833984,20991200,53.359188079833984,20991200,53.359188079833984,20991200
2021-10-12 23:00:00,53.42814254760742,20991200,53.42814254760742,20991200,53.42814254760742,20991200
2021-10-13 23:00:00,53.436771392822266,20991200,53.436771392822266,20991200,53.436771392822266,20991200
2021-10-14 23:00:00,53.44539260864258,20991200,53.44539260864258,20991200,53.44539260864258,20991200
2021-10-15 23:00:00,53.38505172729492,20991200,53.38505172729492,20991200,53.38505172729492,20991200
2021-10-18 23:00:00,53.40227508544922,20991200,53.40227508544922,20991200,53.40227508544922,20991200
2021-10-19 23:00:00,53.37641906738281,20991200,53.37641906738281,20991200,53.37641906738281,20991200
2021-10-20 23:00:00,53.3678092956543,20991200,53.3678092956543,20991200,53.3678092956543,20991200
2021-10-21 23:00:00,53.24710464477539,20991200,53.24710464477539,20991200,53.24710464477539,20991200
2021-10-22 23:00:00,53.2729606628418,20991200,53.2729606628418,20991200,53.2729606628418,20991200
2021-10-25 23:00:00,53.2729606628418,20991200,53.2729606628418,20991200,53.2729606628418,20991200
2021-10-26 23:00:00,53.333316802978516,20991200,53.333316802978516,20991200,53.333316802978516,20991200
2021-10-27 23:00:00,53.44539260864258,20991200,53.44539260864258,20991200,53.44539260864258,20991200
2021-10-28 23:00:00,53.41090774536133,20991200,53.41090774536133,20991200,53.41090774536133,20991200
2021-10-29 23:00:00,53.531620025634766,20991200,53.531620025634766,20991200,53.531620025634766,20991200
2021-11-01 23:00:00,53.48318862915039,20991200,53.48318862915039,20991200,53.48318862915039,20991200
2021-11-02 23:00:00,53.49182891845703,20991200,53.49182891845703,20991200,53.49182891845703,20991200
2021-11-03 23:00:00,53.595584869384766,20991200,53.595584869384766,20991200,53.595584869384766,20991200
2021-11-04 23:00:00,53.63884735107422,20991200,53.63884735107422,20991200,53.63884735107422,20991200
2021-11-05 23:00:00,53.785831451416016,20991200,53.785831451416016,20991200,53.785831451416016,20991200
2021-11-08 23:00:00,53.73394775390625,20991200,53.73394775390625,20991200,53.73394775390625,20991200
2021-11-09 23:00:00,53.993377685546875,20991200,53.993377685546875,20991200,53.993377685546875,20991200
2021-11-10 23:00:00,53.89824676513672,20991200,53.89824676513672,20991200,53.89824676513672,20991200
2021-11-11 23:00:00,53.924190521240234,20991200,53.924190521240234,20991200,53.924190521240234,20991200
2021-11-12 23:00:00,53.93283462524414,20991200,53.93283462524414,20991200,53.93283462524414,20991200
2021-11-15 23:00:00,53.924190521240234,20991200,53.924190521240234,20991200,53.924190521240234,20991200
2021-11-16 23:00:00,53.88096237182617,20991200,53.88096237182617,20991200,53.88096237182617,20991200
2021-11-17 23:00:00,53.81178283691406,20991200,53.81178283691406,20991200,53.81178283691406,20991200
2021-11-18 23:00:00,53.846378326416016,20991200,53.846378326416016,20991200,53.846378326416016,20991200
2021-11-19 23:00:00,53.846378326416016,20991200,53.846378326416016,20991200,53.846378326416016,20991200
2021-11-22 23:00:00,53.86366653442383,20991200,53.86366653442383,20991200,53.86366653442383,20991200
2021-11-23 23:00:00,53.82906723022461,20991200,53.82906723022461,20991200,53.82906723022461,20991200
2021-11-24 23:00:00,53.846378326416016,20991200,53.846378326416016,20991200,53.846378326416016,20991200
2021-11-26 23:00:00,53.993377685546875,20991200,53.993377685546875,20991200,53.993377685546875,20991200
2021-11-29 23:00:00,53.95878982543945,20991200,53.95878982543945,20991200,53.95878982543945,20991200
2021-11-30 23:00:00,53.96743392944336,20991200,53.96743392944336,20991200,53.96743392944336,20991200
2021-12-01 23:00:00,54.07148742675781,20991200,54.07148742675781,20991200,54.07148742675781,20991200
2021-12-02 23:00:00,54.17552947998047,20991200,54.17552947998047,20991200,54.17552947998047,20991200
2021-12-03 23:00:00,54.132171630859375,20991200,54.132171630859375,20991200,54.132171630859375,20991200
2021-12-06 23:00:00,54.10617446899414,20991200,54.10617446899414,20991200,54.10617446899414,20991200
2021-12-07 23:00:00,54.114830017089844,20991200,54.114830017089844,20991200,54.114830017089844,20991200
2021-12-08 23:00:00,54.132171630859375,20991200,54.132171630859375,20991200,54.132171630859375,20991200
2021-12-09 23:00:00,54.114830017089844,20991200,54.114830017089844,20991200,54.114830017089844,20991200
2021-12-10 23:00:00,54.1842041015625,20991200,54.1842041015625,20991200,54.1842041015625,20991200
2021-12-13 23:00:00,54.24490737915039,20991200,54.24490737915039,20991200,54.24490737915039,20991200
2021-12-14 23:00:00,54.123512268066406,20991200,54.123512268066406,20991200,54.123512268066406,20991200
2021-12-15 23:00:00,54.15819549560547,20991200,54.15819549560547,20991200,54.15819549560547,20991200
2021-12-16 23:00:00,54.140846252441406,20991200,54.140846252441406,20991200,54.140846252441406,20991200
2021-12-17 23:00:00,54.140846252441406,20991200,54.140846252441406,20991200,54.140846252441406,20991200
2021-12-20 23:00:00,54.07148742675781,20991200,54.07148742675781,20991200,54.07148742675781,20991200
2021-12-21 23:00:00,54.14952087402344,20991200,54.14952087402344,20991200,54.14952087402344,20991200
2021-12-22 23:00:00,54.27091598510742,20991200,54.27091598510742,20991200,54.27091598510742,20991200
2021-12-23 23:00:00,54.26223373413086,20991200,54.26223373413086,20991200,54.26223373413086,20991200
2021-12-27 23:00:00,54.236228942871094,20991200,54.236228942871094,20991200,54.236228942871094,20991200
2021-12-28 23:00:00,54.25356674194336,20991200,54.25356674194336,20991200,54.25356674194336,20991200
2021-12-29 23:00:00,54.27444839477539,20991200,54.27444839477539,20991200,54.27444839477539,20991200
2021-12-30 23:00:00,54.3005256652832,20991200,54.3005256652832,20991200,54.3005256652832,20991200
2021-12-31 23:00:00,54.28312301635742,20991200,54.28312301635742,20991200,54.28312301635742,20991200
2022-01-03 23:00:00,54.15270233154297,20991200,54.15270233154297,20991200,54.15270233154297,20991200
2022-01-04 23:00:00,54.09185028076172,20991200,54.09185028076172,20991200,54.09185028076172,20991200
2022-01-05 23:00:00,53.97880935668945,20991200,53.97880935668945,20991200,53.97880935668945,20991200
2022-01-06 23:00:00,54.030982971191406,20991200,54.030982971191406,20991200,54.030982971191406,20991200
2022-01-07 23:00:00,53.926631927490234,20991200,53.926631927490234,20991200,53.926631927490234,20991200
2022-01-10 23:00:00,53.7788200378418,20991200,53.7788200378418,20991200,53.7788200378418,20991200
2022-01-11 23:00:00,53.70056915283203,20991200,53.70056915283203,20991200,53.70056915283203,20991200
2022-01-12 23:00:00,53.71795654296875,20991200,53.71795654296875,20991200,53.71795654296875,20991200
2022-01-13 23:00:00,53.752742767333984,20991200,53.752742767333984,20991200,53.752742767333984,20991200
2022-01-14 23:00:00,53.68317794799805,20991200,53.68317794799805,20991200,53.68317794799805,20991200
2022-01-18 23:00:00,53.422325134277344,20991200,53.422325134277344,20991200,53.422325134277344,20991200
2022-01-19 23:00:00,53.45710372924805,20991200,53.45710372924805,20991200,53.45710372924805,20991200
2022-01-20 23:00:00,53.45710372924805,20991200,53.45710372924805,20991200,53.45710372924805,20991200
2022-01-21 23:00:00,53.3266716003418,20991200,53.3266716003418,20991200,53.3266716003418,20991200
2022-01-24 23:00:00,53.274505615234375,20991200,53.274505615234375,20991200,53.274505615234375,20991200
2022-01-25 23:00:00,53.09189987182617,20991200,53.09189987182617,20991200,53.09189987182617,20991200
2022-01-26 23:00:00,52.88323211669922,20991200,52.88323211669922,20991200,52.88323211669922,20991200
2022-01-27 23:00:00,52.77019119262695,20991200,52.77019119262695,20991200,52.77019119262695,20991200
2022-01-28 23:00:00,52.4832649230957,20991200,52.4832649230957,20991200,52.4832649230957,20991200
2022-01-31 23:00:00,52.59629440307617,20991200,52.59629440307617,20991200,52.59629440307617,20991200
2022-02-01 23:00:00,52.6451301574707,20991200,52.6451301574707,20991200,52.6451301574707,20991200
2022-02-02 23:00:00,52.82826232910156,20991200,52.82826232910156,20991200,52.82826232910156,20991200
2022-02-03 23:00:00,52.95907211303711,20991200,52.95907211303711,20991200,52.95907211303711,20991200
2022-02-04 23:00:00,52.75849533081055,20991200,52.75849533081055,20991200,52.75849533081055,20991200
2022-02-07 23:00:00,52.775943756103516,20991200,52.775943756103516,20991200,52.775943756103516,20991200
2022-02-08 23:00:00,52.63642120361328,20991200,52.63642120361328,20991200,52.63642120361328,20991200
2022-02-09 23:00:00,52.65385818481445,20991200,52.65385818481445,20991200,52.65385818481445,20991200
2022-02-10 23:00:00,52.32246780395508,20991200,52.32246780395508,20991200,52.32246780395508,20991200
2022-02-11 23:00:00,51.938777923583984,20991200,51.938777923583984,20991200,51.938777923583984,20991200
2022-02-14 23:00:00,51.764366149902344,20991200,51.764366149902344,20991200,51.764366149902344,20991200
2022-02-15 23:00:00,51.8690071105957,20991200,51.8690071105957,20991200,51.8690071105957,20991200
2022-02-16 23:00:00,51.947509765625,20991200,51.947509765625,20991200,51.947509765625,20991200
2022-02-17 23:00:00,51.96494674682617,20991200,51.96494674682617,20991200,51.96494674682617,20991200
2022-02-18 23:00:00,51.99110794067383,20991200,51.99110794067383,20991200,51.99110794067383,20991200
2022-02-22 23:00:00,52.025978088378906,20991200,52.025978088378906,20991200,52.025978088378906,20991200
2022-02-23 23:00:00,51.98237609863281,20991200,51.98237609863281,20991200,51.98237609863281,20991200
2022-02-24 23:00:00,52.00853729248047,20991200,52.00853729248047,20991200,52.00853729248047,20991200
2022-02-25 23:00:00,51.93006134033203,20991200,51.93006134033203,20991200,51.93006134033203,20991200
2022-02-28 23:00:00,51.88644790649414,20991200,51.88644790649414,20991200,51.88644790649414,20991200
2022-03-01 23:00:00,51.92229461669922,20991200,51.92229461669922,20991200,51.92229461669922,20991200
2022-03-02 23:00:00,51.974769592285156,20991200,51.974769592285156,20991200,51.974769592285156,20991200
2022-03-03 23:00:00,52.02722930908203,20991200,52.02722930908203,20991200,52.02722930908203,20991200
2022-03-04 23:00:00,51.8436164855957,20991200,51.8436164855957,20991200,51.8436164855957,20991200
2022-03-07 23:00:00,51.581298828125,20991200,51.581298828125,20991200,51.581298828125,20991200
2022-03-08 23:00:00,51.34519577026367,20991200,51.34519577026367,20991200,51.34519577026367,20991200
2022-03-09 23:00:00,51.450130462646484,20991200,51.450130462646484,20991200,51.450130462646484,20991200
2022-03-10 23:00:00,51.32771682739258,20991200,51.32771682739258,20991200,51.32771682739258,20991200
2022-03-11 23:00:00,51.266510009765625,20991200,51.266510009765625,20991200,51.266510009765625,20991200
2022-03-14 23:00:00,50.61069107055664,20991200,50.61069107055664,20991200,50.61069107055664,20991200
2022-03-15 23:00:00,50.654422760009766,20991200,50.654422760009766,20991200,50.654422760009766,20991200
2022-03-16 23:00:00,50.82056427001953,20991200,50.82056427001953,20991200,50.82056427001953,20991200
2022-03-17 23:00:00,51.03041076660156,20991200,51.03041076660156,20991200,51.03041076660156,20991200
2022-03-18 23:00:00,51.14409255981445,20991200,51.14409255981445,20991200,51.14409255981445,20991200
2022-03-21 23:00:00,50.794315338134766,20991200,50.794315338134766,20991200,50.794315338134766,20991200
2022-03-22 23:00:00,50.654422760009766,20991200,50.654422760009766,20991200,50.654422760009766,20991200
2022-03-23 23:00:00,50.54949188232422,20991200,50.54949188232422,20991200,50.54949188232422,20991200
2022-03-24 23:00:00,50.278419494628906,20991200,50.278419494628906,20991200,50.278419494628906,20991200
2022-03-25 23:00:00,50.1297721862793,20991200,50.1297721862793,20991200,50.1297721862793,20991200
2022-03-28 23:00:00,50.0860481262207,20991200,50.0860481262207,20991200,50.0860481262207,20991200
2022-03-29 23:00:00,50.112281799316406,20991200,50.112281799316406,20991200,50.112281799316406,20991200
2022-03-30 23:00:00,50.18223190307617,20991200,50.18223190307617,20991200,50.18223190307617,20991200
2022-03-31 23:00:00,50.19098663330078,20991200,50.19098663330078,20991200,50.19098663330078,20991200
2022-04-01 23:00:00,50.26991271972656,20991200,50.26991271972656,20991200,50.26991271972656,20991200
2022-04-04 23:00:00,50.25236892700195,20991200,50.25236892700195,20991200,50.25236892700195,20991200
2022-04-05 23:00:00,50.120819091796875,20991200,50.120819091796875,20991200,50.120819091796875,20991200
2022-04-06 23:00:00,50.09450912475586,20991200,50.09450912475586,20991200,50.09450912475586,20991200
2022-04-07 23:00:00,49.73494338989258,20991200,49.73494338989258,20991200,49.73494338989258,20991200
2022-04-08 23:00:00,49.69984817504883,20991200,49.69984817504883,20991200,49.69984817504883,20991200
2022-04-11 23:00:00,49.235042572021484,20991200,49.235042572021484,20991200,49.235042572021484,20991200
2022-04-12 23:00:00,49.18243408203125,20991200,49.18243408203125,20991200,49.18243408203125,20991200
2022-04-13 23:00:00,49.305213928222656,20991200,49.305213928222656,20991200,49.305213928222656,20991200
2022-04-14 23:00:00,48.980716705322266,20991200,48.980716705322266,20991200,48.980716705322266,20991200
2022-04-18 23:00:00,48.884246826171875,20991200,48.884246826171875,20991200,48.884246826171875,20991200
2022-04-19 23:00:00,48.59483337402344,20991200,48.59483337402344,20991200,48.59483337402344,20991200
2022-04-20 23:00:00,48.57727813720703,20991200,48.57727813720703,20991200,48.57727813720703,20991200
2022-04-21 23:00:00,48.44574737548828,20991200,48.44574737548828,20991200,48.44574737548828,20991200
2022-04-22 23:00:00,48.40188217163086,20991200,48.40188217163086,20991200,48.40188217163086,20991200
2022-04-25 23:00:00,48.375579833984375,20991200,48.375579833984375,20991200,48.375579833984375,20991200
2022-04-26 23:00:00,48.44574737548828,20991200,48.44574737548828,20991200,48.44574737548828,20991200
2022-04-27 23:00:00,48.20017623901367,20991200,48.20017623901367,20991200,48.20017623901367,20991200
2022-04-28 23:00:00,48.40188217163086,20991200,48.40188217163086,20991200,48.40188217163086,20991200
2022-04-29 23:00:00,48.20017623901367,20991200,48.20017623901367,20991200,48.20017623901367,20991200
2022-05-02 23:00:00,48.265296936035156,20991200,48.265296936035156,20991200,48.265296936035156,20991200
2022-05-03 23:00:00,48.05413055419922,20991200,48.05413055419922,20991200,48.05413055419922,20991200
2022-05-04 23:00:00,48.256492614746094,20991200,48.256492614746094,20991200,48.256492614746094,20991200
2022-05-05 23:00:00,48.06292724609375,20991200,48.06292724609375,20991200,48.06292724609375,20991200
2022-05-06 23:00:00,47.89577102661133,20991200,47.89577102661133,20991200,47.89577102661133,20991200
2022-05-09 23:00:00,47.54385757446289,20991200,47.54385757446289,20991200,47.54385757446289,20991200
2022-05-10 23:00:00,47.394290924072266,20991200,47.394290924072266,20991200,47.394290924072266,20991200
2022-05-11 23:00:00,47.37669372558594,20991200,47.37669372558594,20991200,47.37669372558594,20991200
2022-05-12 23:00:00,47.28873062133789,20991200,47.28873062133789,20991200,47.28873062133789,20991200
2022-05-13 23:00:00,47.139163970947266,20991200,47.139163970947266,20991200,47.139163970947266,20991200
2022-05-16 23:00:00,47.042388916015625,20991200,47.042388916015625,20991200,47.042388916015625,20991200
2022-05-17 23:00:00,46.83123016357422,20991200,46.83123016357422,20991200,46.83123016357422,20991200
2022-05-18 23:00:00,46.43531799316406,20991200,46.43531799316406,20991200,46.43531799316406,20991200
2022-05-19 23:00:00,46.7696418762207,20991200,46.7696418762207,20991200,46.7696418762207,20991200
2022-05-20 23:00:00,47.13035583496094,20991200,47.13035583496094,20991200,47.13035583496094,20991200
2022-05-23 23:00:00,47.191932678222656,20991200,47.191932678222656,20991200,47.191932678222656,20991200
2022-05-24 23:00:00,47.86936950683594,20991200,47.86936950683594,20991200,47.86936950683594,20991200
2022-05-25 23:00:00,48.37965393066406,20991200,48.37965393066406,20991200,48.37965393066406,20991200
2022-05-26 23:00:00,49.11868667602539,20991200,49.11868667602539,20991200,49.11868667602539,20991200
2022-05-27 23:00:00,49.16266632080078,20991200,49.16266632080078,20991200,49.16266632080078,20991200
2022-05-31 23:00:00,49.00431442260742,20991200,49.00431442260742,20991200,49.00431442260742,20991200
2022-06-01 23:00:00,49.025482177734375,20991200,49.025482177734375,20991200,49.025482177734375,20991200
2022-06-02 23:00:00,49.07842254638672,20991200,49.07842254638672,20991200,49.07842254638672,20991200
2022-06-03 23:00:00,48.99020767211914,20991200,48.99020767211914,20991200,48.99020767211914,20991200
2022-06-06 23:00:00,48.67259216308594,20991200,48.67259216308594,20991200,48.67259216308594,20991200
2022-06-07 23:00:00,48.71670150756836,20991200,48.71670150756836,20991200,48.71670150756836,20991200
2022-06-08 23:00:00,48.4785041809082,20991200,48.4785041809082,20991200,48.4785041809082,20991200
2022-06-09 23:00:00,48.116790771484375,20991200,48.116790771484375,20991200,48.116790771484375,20991200
2022-06-10 23:00:00,47.4462890625,20991200,47.4462890625,20991200,47.4462890625,20991200
2022-06-13 23:00:00,45.2054328918457,20991200,45.2054328918457,20991200,45.2054328918457,20991200
2022-06-14 23:00:00,46.31704330444336,20991200,46.31704330444336,20991200,46.31704330444336,20991200
2022-06-15 23:00:00,46.38762283325195,20991200,46.38762283325195,20991200,46.38762283325195,20991200
2022-06-16 23:00:00,46.3435173034668,20991200,46.3435173034668,20991200,46.3435173034668,20991200
2022-06-17 23:00:00,46.4758415222168,20991200,46.4758415222168,20991200,46.4758415222168,20991200
2022-06-21 23:00:00,46.228824615478516,20991200,46.228824615478516,20991200,46.228824615478516,20991200
2022-06-22 23:00:00,46.54642105102539,20991200,46.54642105102539,20991200,46.54642105102539,20991200
2022-06-23 23:00:00,46.62582015991211,20991200,46.62582015991211,20991200,46.62582015991211,20991200
2022-06-24 23:00:00,46.758155822753906,20991200,46.758155822753906,20991200,46.758155822753906,20991200
2022-06-27 23:00:00,46.87285232543945,20991200,46.87285232543945,20991200,46.87285232543945,20991200
2022-06-28 23:00:00,46.80227279663086,20991200,46.80227279663086,20991200,46.80227279663086,20991200
2022-06-29 23:00:00,47.03165054321289,20991200,47.03165054321289,20991200,47.03165054321289,20991200
2022-06-30 23:00:00,47.50804138183594,20991200,47.50804138183594,20991200,47.50804138183594,20991200
2022-07-01 23:00:00,47.84091567993164,20991200,47.84091567993164,20991200,47.84091567993164,20991200
2022-07-05 23:00:00,47.86748123168945,20991200,47.86748123168945,20991200,47.86748123168945,20991200
2022-07-06 23:00:00,47.637298583984375,20991200,47.637298583984375,20991200,47.637298583984375,20991200
2022-07-07 23:00:00,47.68155288696289,20991200,47.68155288696289,20991200,47.68155288696289,20991200
2022-07-08 23:00:00,47.60188674926758,20991200,47.60188674926758,20991200,47.60188674926758,20991200
2022-07-11 23:00:00,47.699283599853516,20991200,47.699283599853516,20991200,47.699283599853516,20991200
2022-07-12 23:00:00,47.6904182434082,20991200,47.6904182434082,20991200,47.6904182434082,20991200
2022-07-13 23:00:00,47.67271041870117,20991200,47.67271041870117,20991200,47.67271041870117,20991200
2022-07-14 23:00:00,47.84091567993164,20991200,47.84091567993164,20991200,47.84091567993164,20991200
2022-07-15 23:00:00,47.92059326171875,20991200,47.92059326171875,20991200,47.92059326171875,20991200
2022-07-18 23:00:00,47.743534088134766,20991200,47.743534088134766,20991200,47.743534088134766,20991200
2022-07-19 23:00:00,47.81435775756836,20991200,47.81435775756836,20991200,47.81435775756836,20991200
2022-07-20 23:00:00,47.86748123168945,20991200,47.86748123168945,20991200,47.86748123168945,20991200
2022-07-21 23:00:00,47.955989837646484,20991200,47.955989837646484,20991200,47.955989837646484,20991200
2022-07-22 23:00:00,48.283565521240234,20991200,48.283565521240234,20991200,48.283565521240234,20991200
2022-07-25 23:00:00,48.195030212402344,20991200,48.195030212402344,20991200,48.195030212402344,20991200
2022-07-26 23:00:00,48.15962219238281,20991200,48.15962219238281,20991200,48.15962219238281,20991200
2022-07-27 23:00:00,48.336669921875,20991200,48.336669921875,20991200,48.336669921875,20991200
2022-07-28 23:00:00,48.602264404296875,20991200,48.602264404296875,20991200,48.602264404296875,20991200
2022-07-29 23:00:00,48.814720153808594,20991200,48.814720153808594,20991200,48.814720153808594,20991200
2022-08-01 23:00:00,48.802303314208984,20991200,48.802303314208984,20991200,48.802303314208984,20991200
2022-08-02 23:00:00,48.75790023803711,20991200,48.75790023803711,20991200,48.75790023803711,20991200
2022-08-03 23:00:00,48.76678466796875,20991200,48.76678466796875,20991200,48.76678466796875,20991200
2022-08-04 23:00:00,48.86445236206055,20991200,48.86445236206055,20991200,48.86445236206055,20991200
2022-08-05 23:00:00,48.447113037109375,20991200,48.447113037109375,20991200,48.447113037109375,20991200
2022-08-08 23:00:00,48.59807205200195,20991200,48.59807205200195,20991200,48.59807205200195,20991200
2022-08-09 23:00:00,48.500396728515625,20991200,48.500396728515625,20991200,48.500396728515625,20991200
2022-08-10 23:00:00,48.500396728515625,20991200,48.500396728515625,20991200,48.500396728515625,20991200
2022-08-11 23:00:00,48.482635498046875,20991200,48.482635498046875,20991200,48.482635498046875,20991200
2022-08-12 23:00:00,48.65135192871094,20991200,48.65135192871094,20991200,48.65135192871094,20991200
2022-08-15 23:00:00,48.72239303588867,20991200,48.72239303588867,20991200,48.72239303588867,20991200
2022-08-16 23:00:00,48.71350860595703,20991200,48.71350860595703,20991200,48.71350860595703,20991200
2022-08-17 23:00:00,48.296165466308594,20991200,48.296165466308594,20991200,48.296165466308594,20991200
2022-08-18 23:00:00,48.358333587646484,20991200,48.358333587646484,20991200,48.358333587646484,20991200
2022-08-19 23:00:00,47.94097900390625,20991200,47.94097900390625,20991200,47.94097900390625,20991200
2022-08-22 23:00:00,47.923221588134766,20991200,47.923221588134766,20991200,47.923221588134766,20991200
2022-08-23 23:00:00,47.914337158203125,20991200,47.914337158203125,20991200,47.914337158203125,20991200
2022-08-24 23:00:00,47.843318939208984,20991200,47.843318939208984,20991200,47.843318939208984,20991200
2022-08-25 23:00:00,47.781150817871094,20991200,47.781150817871094,20991200,47.781150817871094,20991200
2022-08-26 23:00:00,47.665714263916016,20991200,47.665714263916016,20991200,47.665714263916016,20991200
2022-08-29 23:00:00,47.425960540771484,20991200,47.425960540771484,20991200,47.425960540771484,20991200
2022-08-30 23:00:00,47.505889892578125,20991200,47.505889892578125,20991200,47.505889892578125,20991200
2022-08-31 23:00:00,47.346046447753906,20991200,47.346046447753906,20991200,47.346046447753906,20991200
2022-09-01 23:00:00,46.76536560058594,20991200,46.76536560058594,20991200,46.76536560058594,20991200
2022-09-02 23:00:00,46.952396392822266,20991200,46.952396392822266,20991200,46.952396392822266,20991200
2022-09-06 23:00:00,46.426944732666016,20991200,46.426944732666016,20991200,46.426944732666016,20991200
2022-09-07 23:00:00,46.48929214477539,20991200,46.48929214477539,20991200,46.48929214477539,20991200
2022-09-08 23:00:00,46.46256637573242,20991200,46.46256637573242,20991200,46.46256637573242,20991200
2022-09-09 23:00:00,46.43585968017578,20991200,46.43585968017578,20991200,46.43585968017578,20991200
2022-09-12 23:00:00,46.48038101196289,20991200,46.48038101196289,20991200,46.48038101196289,20991200
2022-09-13 23:00:00,46.275543212890625,20991200,46.275543212890625,20991200,46.275543212890625,20991200
2022-09-14 23:00:00,46.19539260864258,20991200,46.19539260864258,20991200,46.19539260864258,20991200
2022-09-15 23:00:00,45.99946212768555,20991200,45.99946212768555,20991200,45.99946212768555,20991200
2022-09-16 23:00:00,45.99946212768555,20991200,45.99946212768555,20991200,45.99946212768555,20991200
2022-09-19 23:00:00,45.8925895690918,20991200,45.8925895690918,20991200,45.8925895690918,20991200
2022-09-20 23:00:00,45.61650848388672,20991200,45.61650848388672,20991200,45.61650848388672,20991200
2022-09-21 23:00:00,45.62540817260742,20991200,45.62540817260742,20991200,45.62540817260742,20991200
2022-09-22 23:00:00,45.35823440551758,20991200,45.35823440551758,20991200,45.35823440551758,20991200
2022-09-23 23:00:00,45.14448165893555,20991200,45.14448165893555,20991200,45.14448165893555,20991200
2022-09-26 23:00:00,44.877296447753906,20991200,44.877296447753906,20991200,44.877296447753906,20991200
2022-09-27 23:00:00,44.76152038574219,20991200,44.76152038574219,20991200,44.76152038574219,20991200
2022-09-28 23:00:00,44.797157287597656,20991200,44.797157287597656,20991200,44.797157287597656,20991200
2022-09-29 23:00:00,44.681373596191406,20991200,44.681373596191406,20991200,44.681373596191406,20991200
2022-09-30 23:00:00,44.46762466430664,20991200,44.46762466430664,20991200,44.46762466430664,20991200
2022-10-03 23:00:00,44.95188903808594,20991200,44.95188903808594,20991200,44.95188903808594,20991200
2022-10-04 23:00:00,45.40758514404297,20991200,45.40758514404297,20991200,45.40758514404297,20991200
2022-10-05 23:00:00,45.10379409790039,20991200,45.10379409790039,20991200,45.10379409790039,20991200
2022-10-06 23:00:00,45.16633987426758,20991200,45.16633987426758,20991200,45.16633987426758,20991200
2022-10-07 23:00:00,45.121665954589844,20991200,45.121665954589844,20991200,45.121665954589844,20991200
2022-10-10 23:00:00,44.82681655883789,20991200,44.82681655883789,20991200,44.82681655883789,20991200
2022-10-11 23:00:00,44.82681655883789,20991200,44.82681655883789,20991200,44.82681655883789,20991200
2022-10-12 23:00:00,44.844688415527344,20991200,44.844688415527344,20991200,44.844688415527344,20991200
2022-10-13 23:00:00,44.4515495300293,20991200,44.4515495300293,20991200,44.4515495300293,20991200
2022-10-14 23:00:00,44.487281799316406,20991200,44.487281799316406,20991200,44.487281799316406,20991200
2022-10-17 23:00:00,44.460487365722656,20991200,44.460487365722656,20991200,44.460487365722656,20991200
2022-10-18 23:00:00,44.60343933105469,20991200,44.60343933105469,20991200,44.60343933105469,20991200
2022-10-19 23:00:00,44.36219787597656,20991200,44.36219787597656,20991200,44.36219787597656,20991200
2022-10-20 23:00:00,44.08521270751953,20991200,44.08521270751953,20991200,44.08521270751953,20991200
2022-10-21 23:00:00,43.79035186767578,20991200,43.79035186767578,20991200,43.79035186767578,20991200
2022-10-24 23:00:00,43.33466720581055,20991200,43.33466720581055,20991200,43.33466720581055,20991200
2022-10-25 23:00:00,43.343605041503906,20991200,43.343605041503906,20991200,43.343605041503906,20991200
2022-10-26 23:00:00,43.62953567504883,20991200,43.62953567504883,20991200,43.62953567504883,20991200
2022-10-27 23:00:00,43.78141784667969,20991200,43.78141784667969,20991200,43.78141784667969,20991200
2022-10-28 23:00:00,43.915435791015625,20991200,43.915435791015625,20991200,43.915435791015625,20991200
2022-10-31 23:00:00,43.754615783691406,20991200,43.754615783691406,20991200,43.754615783691406,20991200
2022-11-01 23:00:00,43.958194732666016,20991200,43.958194732666016,20991200,43.958194732666016,20991200
2022-11-02 23:00:00,44.08372116088867,20991200,44.08372116088867,20991200,44.08372116088867,20991200
2022-11-03 23:00:00,43.698116302490234,20991200,43.698116302490234,20991200,43.698116302490234,20991200
2022-11-04 23:00:00,43.778831481933594,20991200,43.778831481933594,20991200,43.778831481933594,20991200
2022-11-07 23:00:00,43.76986312866211,20991200,43.76986312866211,20991200,43.76986312866211,20991200
2022-11-08 23:00:00,43.90437316894531,20991200,43.90437316894531,20991200,43.90437316894531,20991200
2022-11-09 23:00:00,43.92230224609375,20991200,43.92230224609375,20991200,43.92230224609375,20991200
2022-11-10 23:00:00,45.1777458190918,20991200,45.1777458190918,20991200,45.1777458190918,20991200
2022-11-11 23:00:00,45.39295959472656,20991200,45.39295959472656,20991200,45.39295959472656,20991200
2022-11-14 23:00:00,44.899757385253906,20991200,44.899757385253906,20991200,44.899757385253906,20991200
2022-11-15 23:00:00,45.35708236694336,20991200,45.35708236694336,20991200,45.35708236694336,20991200
2022-11-16 23:00:00,45.90411376953125,20991200,45.90411376953125,20991200,45.90411376953125,20991200
2022-11-17 23:00:00,45.7964973449707,20991200,45.7964973449707,20991200,45.7964973449707,20991200
2022-11-18 23:00:00,45.6619873046875,20991200,45.6619873046875,20991200,45.6619873046875,20991200
2022-11-21 23:00:00,45.742679595947266,20991200,45.742679595947266,20991200,45.742679595947266,20991200
2022-11-22 23:00:00,45.948944091796875,20991200,45.948944091796875,20991200,45.948944091796875,20991200
2022-11-23 23:00:00,46.04757308959961,20991200,46.04757308959961,20991200,46.04757308959961,20991200
2022-11-25 23:00:00,45.97584533691406,20991200,45.97584533691406,20991200,45.97584533691406,20991200
2022-11-28 23:00:00,46.056541442871094,20991200,46.056541442871094,20991200,46.056541442871094,20991200
2022-11-29 23:00:00,46.27176284790039,20991200,46.27176284790039,20991200,46.27176284790039,20991200
2022-11-30 23:00:00,46.460079193115234,20991200,46.460079193115234,20991200,46.460079193115234,20991200
2022-12-01 23:00:00,46.646244049072266,20991200,46.646244049072266,20991200,46.646244049072266,20991200
2022-12-02 23:00:00,46.7001838684082,20991200,46.7001838684082,20991200,46.7001838684082,20991200
2022-12-05 23:00:00,46.484371185302734,20991200,46.484371185302734,20991200,46.484371185302734,20991200
2022-12-06 23:00:00,46.51133728027344,20991200,46.51133728027344,20991200,46.51133728027344,20991200
2022-12-07 23:00:00,46.54730987548828,20991200,46.54730987548828,20991200,46.54730987548828,20991200
2022-12-08 23:00:00,46.6192626953125,20991200,46.6192626953125,20991200,46.6192626953125,20991200
2022-12-09 23:00:00,46.646244049072266,20991200,46.646244049072266,20991200,46.646244049072266,20991200
2022-12-12 23:00:00,46.73615646362305,20991200,46.73615646362305,20991200,46.73615646362305,20991200
2022-12-13 23:00:00,47.21280288696289,20991200,47.21280288696289,20991200,47.21280288696289,20991200
2022-12-14 23:00:00,47.06890869140625,20991200,47.06890869140625,20991200,47.06890869140625,20991200
2022-12-15 23:00:00,46.89804458618164,20991200,46.89804458618164,20991200,46.89804458618164,20991200
2022-12-16 23:00:00,46.7001838684082,20991200,46.7001838684082,20991200,46.7001838684082,20991200
2022-12-19 23:00:00,46.37645721435547,20991200,46.37645721435547,20991200,46.37645721435547,20991200
2022-12-20 23:00:00,46.07068634033203,20991200,46.07068634033203,20991200,46.07068634033203,20991200
2022-12-21 23:00:00,46.304508209228516,20991200,46.304508209228516,20991200,46.304508209228516,20991200
2022-12-22 23:00:00,46.187599182128906,20991200,46.187599182128906,20991200,46.187599182128906,20991200
2022-12-23 23:00:00,46.07968521118164,20991200,46.07968521118164,20991200,46.07968521118164,20991200
2022-12-27 23:00:00,45.683990478515625,20991200,45.683990478515625,20991200,45.683990478515625,20991200
2022-12-28 23:00:00,45.66865539550781,20991200,45.66865539550781,20991200,45.66865539550781,20991200
2022-12-29 23:00:00,45.7408447265625,20991200,45.7408447265625,20991200,45.7408447265625,20991200
2022-12-30 23:00:00,45.61450958251953,20991200,45.61450958251953,20991200,45.61450958251953,20991200
2023-01-03 23:00:00,45.81303405761719,20991200,45.81303405761719,20991200,45.81303405761719,20991200
2023-01-04 23:00:00,46.201045989990234,20991200,46.201045989990234,20991200,46.201045989990234,20991200
2023-01-05 23:00:00,46.390541076660156,20991200,46.390541076660156,20991200,46.390541076660156,20991200
2023-01-06 23:00:00,46.67930221557617,20991200,46.67930221557617,20991200,46.67930221557617,20991200
2023-01-09 23:00:00,46.85074996948242,20991200,46.85074996948242,20991200,46.85074996948242,20991200
2023-01-10 23:00:00,46.80563735961914,20991200,46.80563735961914,20991200,46.80563735961914,20991200
2023-01-11 23:00:00,47.16657257080078,20991200,47.16657257080078,20991200,47.16657257080078,20991200
2023-01-12 23:00:00,47.40119552612305,20991200,47.40119552612305,20991200,47.40119552612305,20991200
2023-01-13 23:00:00,47.256813049316406,20991200,47.256813049316406,20991200,47.256813049316406,20991200
2023-01-17 23:00:00,47.09438705444336,20991200,47.09438705444336,20991200,47.09438705444336,20991200
2023-01-18 23:00:00,47.5636100769043,20991200,47.5636100769043,20991200,47.5636100769043,20991200
2023-01-19 23:00:00,47.70798873901367,20991200,47.70798873901367,20991200,47.70798873901367,20991200
2023-01-20 23:00:00,47.62677764892578,20991200,47.62677764892578,20991200,47.62677764892578,20991200
2023-01-23 23:00:00,47.41925048828125,20991200,47.41925048828125,20991200,47.41925048828125,20991200
2023-01-24 23:00:00,47.509483337402344,20991200,47.509483337402344,20991200,47.509483337402344,20991200
2023-01-25 23:00:00,47.3380241394043,20991200,47.3380241394043,20991200,47.3380241394043,20991200
2023-01-26 23:00:00,47.410221099853516,20991200,47.410221099853516,20991200,47.410221099853516,20991200
2023-01-27 23:00:00,47.37412643432617,20991200,47.37412643432617,20991200,47.37412643432617,20991200
2023-01-30 23:00:00,47.2477912902832,20991200,47.2477912902832,20991200,47.2477912902832,20991200
2023-01-31 23:00:00,47.31997299194336,20991200,47.31997299194336,20991200,47.31997299194336,20991200
2023-02-01 23:00:00,47.454898834228516,20991200,47.454898834228516,20991200,47.454898834228516,20991200
2023-02-02 23:00:00,47.753700256347656,20991200,47.753700256347656,20991200,47.753700256347656,20991200
2023-02-03 23:00:00,47.56354904174805,20991200,47.56354904174805,20991200,47.56354904174805,20991200
2023-02-06 23:00:00,47.355289459228516,20991200,47.355289459228516,20991200,47.355289459228516,20991200
2023-02-07 23:00:00,47.273807525634766,20991200,47.273807525634766,20991200,47.273807525634766,20991200
2023-02-08 23:00:00,47.391510009765625,20991200,47.391510009765625,20991200,47.391510009765625,20991200
2023-02-09 23:00:00,47.26473617553711,20991200,47.26473617553711,20991200,47.26473617553711,20991200
2023-02-10 23:00:00,47.21041488647461,20991200,47.21041488647461,20991200,47.21041488647461,20991200
2023-02-13 23:00:00,47.219478607177734,20991200,47.219478607177734,20991200,47.219478607177734,20991200
2023-02-14 23:00:00,47.19231033325195,20991200,47.19231033325195,20991200,47.19231033325195,20991200
2023-02-15 23:00:00,46.821075439453125,20991200,46.821075439453125,20991200,46.821075439453125,20991200
2023-02-16 23:00:00,46.540382385253906,20991200,46.540382385253906,20991200,46.540382385253906,20991200
2023-02-17 23:00:00,46.504173278808594,20991200,46.504173278808594,20991200,46.504173278808594,20991200
2023-02-21 23:00:00,46.1329231262207,20991200,46.1329231262207,20991200,46.1329231262207,20991200
2023-02-22 23:00:00,46.17820358276367,20991200,46.17820358276367,20991200,46.17820358276367,20991200
2023-02-23 23:00:00,46.35023880004883,20991200,46.35023880004883,20991200,46.35023880004883,20991200
2023-02-24 23:00:00,46.123863220214844,20991200,46.123863220214844,20991200,46.123863220214844,20991200
2023-02-27 23:00:00,46.22346878051758,20991200,46.22346878051758,20991200,46.22346878051758,20991200
2023-02-28 23:00:00,46.21441650390625,20991200,46.21441650390625,20991200,46.21441650390625,20991200
2023-03-01 23:00:00,46.004608154296875,20991200,46.004608154296875,20991200,46.004608154296875,20991200
2023-03-02 23:00:00,46.03185272216797,20991200,46.03185272216797,20991200,46.03185272216797,20991200
2023-03-03 23:00:00,46.1680908203125,20991200,46.1680908203125,20991200,46.1680908203125,20991200
2023-03-06 23:00:00,46.140846252441406,20991200,46.140846252441406,20991200,46.140846252441406,20991200
2023-03-07 23:00:00,46.095436096191406,20991200,46.095436096191406,20991200,46.095436096191406,20991200
2023-03-08 23:00:00,46.05910873413086,20991200,46.05910873413086,20991200,46.05910873413086,20991200
2023-03-09 23:00:00,46.15900802612305,20991200,46.15900802612305,20991200,46.15900802612305,20991200
2023-03-10 23:00:00,46.35883331298828,20991200,46.35883331298828,20991200,46.35883331298828,20991200
2023-03-13 23:00:00,46.458740234375,20991200,46.458740234375,20991200,46.458740234375,20991200
2023-03-14 23:00:00,46.34067153930664,20991200,46.34067153930664,20991200,46.34067153930664,20991200
2023-03-15 23:00:00,46.2135124206543,20991200,46.2135124206543,20991200,46.2135124206543,20991200
2023-03-16 23:00:00,46.395179748535156,20991200,46.395179748535156,20991200,46.395179748535156,20991200
2023-03-17 23:00:00,46.37700271606445,20991200,46.37700271606445,20991200,46.37700271606445,20991200
2023-03-20 23:00:00,46.38608932495117,20991200,46.38608932495117,20991200,46.38608932495117,20991200
2023-03-21 23:00:00,46.204429626464844,20991200,46.204429626464844,20991200,46.204429626464844,20991200
2023-03-22 23:00:00,46.40425491333008,20991200,46.40425491333008,20991200,46.40425491333008,20991200
2023-03-23 23:00:00,46.48598861694336,20991200,46.48598861694336,20991200,46.48598861694336,20991200
2023-03-24 23:00:00,46.44967269897461,20991200,46.44967269897461,20991200,46.44967269897461,20991200
2023-03-27 23:00:00,46.47691345214844,20991200,46.47691345214844,20991200,46.47691345214844,20991200
2023-03-28 23:00:00,46.458740234375,20991200,46.458740234375,20991200,46.458740234375,20991200
2023-03-29 23:00:00,46.53141403198242,20991200,46.53141403198242,20991200,46.53141403198242,20991200
2023-03-30 23:00:00,46.7494010925293,20991200,46.7494010925293,20991200,46.7494010925293,20991200
2023-03-31 23:00:00,46.99463653564453,20991200,46.99463653564453,20991200,46.99463653564453,20991200
2023-04-03 23:00:00,47.052982330322266,20991200,47.052982330322266,20991200,47.052982330322266,20991200
2023-04-04 23:00:00,47.15326690673828,20991200,47.15326690673828,20991200,47.15326690673828,20991200
2023-04-05 23:00:00,47.32648468017578,20991200,47.32648468017578,20991200,47.32648468017578,20991200
2023-04-06 23:00:00,47.36295700073242,20991200,47.36295700073242,20991200,47.36295700073242,20991200
2023-04-10 23:00:00,47.16238784790039,20991200,47.16238784790039,20991200,47.16238784790039,20991200
2023-04-11 23:00:00,47.226200103759766,20991200,47.226200103759766,20991200,47.226200103759766,20991200
2023-04-12 23:00:00,47.39942932128906,20991200,47.39942932128906,20991200,47.39942932128906,20991200
2023-04-13 23:00:00,47.39942932128906,20991200,47.39942932128906,20991200,47.39942932128906,20991200
2023-04-14 23:00:00,47.062095642089844,20991200,47.062095642089844,20991200,47.062095642089844,20991200
2023-04-17 23:00:00,46.91622543334961,20991200,46.91622543334961,20991200,46.91622543334961,20991200
2023-04-18 23:00:00,46.50596618652344,20991200,46.50596618652344,20991200,46.50596618652344,20991200
2023-04-19 23:00:00,46.25980758666992,20991200,46.25980758666992,20991200,46.25980758666992,20991200
2023-04-20 23:00:00,46.451255798339844,20991200,46.451255798339844,20991200,46.451255798339844,20991200
2023-04-21 23:00:00,46.451255798339844,20991200,46.451255798339844,20991200,46.451255798339844,20991200
2023-04-24 23:00:00,46.67006301879883,20991200,46.67006301879883,20991200,46.67006301879883,20991200
2023-04-25 23:00:00,46.870635986328125,20991200,46.870635986328125,20991200,46.870635986328125,20991200
2023-04-26 23:00:00,46.74300765991211,20991200,46.74300765991211,20991200,46.74300765991211,20991200
2023-04-27 23:00:00,46.78858947753906,20991200,46.78858947753906,20991200,46.78858947753906,20991200
2023-04-28 23:00:00,47.00739669799805,20991200,47.00739669799805,20991200,47.00739669799805,20991200
2023-05-01 23:00:00,46.72752380371094,20991200,46.72752380371094,20991200,46.72752380371094,20991200
2023-05-02 23:00:00,46.96532440185547,20991200,46.96532440185547,20991200,46.96532440185547,20991200
2023-05-03 23:00:00,47.084224700927734,20991200,47.084224700927734,20991200,47.084224700927734,20991200
2023-05-04 23:00:00,47.139102935791016,20991200,47.139102935791016,20991200,47.139102935791016,20991200
2023-05-05 23:00:00,47.15739440917969,20991200,47.15739440917969,20991200,47.15739440917969,20991200
2023-05-08 23:00:00,46.82813262939453,20991200,46.82813262939453,20991200,46.82813262939453,20991200
2023-05-09 23:00:00,46.800689697265625,20991200,46.800689697265625,20991200,46.800689697265625,20991200
2023-05-10 23:00:00,47.02020263671875,20991200,47.02020263671875,20991200,47.02020263671875,20991200
2023-05-11 23:00:00,47.038490295410156,20991200,47.038490295410156,20991200,47.038490295410156,20991200
2023-05-12 23:00:00,47.02020263671875,20991200,47.02020263671875,20991200,47.02020263671875,20991200
2023-05-15 23:00:00,46.928741455078125,20991200,46.928741455078125,20991200,46.928741455078125,20991200
2023-05-16 23:00:00,46.84642791748047,20991200,46.84642791748047,20991200,46.84642791748047,20991200
2023-05-17 23:00:00,46.94702911376953,20991200,46.94702911376953,20991200,46.94702911376953,20991200
2023-05-18 23:00:00,46.251930236816406,20991200,46.251930236816406,20991200,46.251930236816406,20991200
2023-05-19 23:00:00,46.123878479003906,20991200,46.123878479003906,20991200,46.123878479003906,20991200
2023-05-22 23:00:00,46.123878479003906,20991200,46.123878479003906,20991200,46.123878479003906,20991200
2023-05-23 23:00:00,45.9866943359375,20991200,45.9866943359375,20991200,45.9866943359375,20991200
2023-05-24 23:00:00,45.913516998291016,20991200,45.913516998291016,20991200,45.913516998291016,20991200
2023-05-25 23:00:00,46.05070877075195,20991200,46.05070877075195,20991200,46.05070877075195,20991200
2023-05-26 23:00:00,46.197044372558594,20991200,46.197044372558594,20991200,46.197044372558594,20991200
2023-05-30 23:00:00,46.553749084472656,20991200,46.553749084472656,20991200,46.553749084472656,20991200
2023-05-31 23:00:00,46.78240203857422,20991200,46.78240203857422,20991200,46.78240203857422,20991200
2023-06-01 23:00:00,46.83195495605469,20991200,46.83195495605469,20991200,46.83195495605469,20991200
2023-06-02 23:00:00,46.6117057800293,20991200,46.6117057800293,20991200,46.6117057800293,20991200
2023-06-05 23:00:00,46.6667594909668,20991200,46.6667594909668,20991200,46.6667594909668,20991200
2023-06-06 23:00:00,46.786075592041016,20991200,46.786075592041016,20991200,46.786075592041016,20991200
2023-06-07 23:00:00,46.556640625,20991200,46.556640625,20991200,46.556640625,20991200
2023-06-08 23:00:00,46.749359130859375,20991200,46.749359130859375,20991200,46.749359130859375,20991200
2023-06-09 23:00:00,46.81360626220703,20991200,46.81360626220703,20991200,46.81360626220703,20991200
2023-06-12 23:00:00,46.74018859863281,20991200,46.74018859863281,20991200,46.74018859863281,20991200
2023-06-13 23:00:00,46.82278823852539,20991200,46.82278823852539,20991200,46.82278823852539,20991200
2023-06-14 23:00:00,46.951263427734375,20991200,46.951263427734375,20991200,46.951263427734375,20991200
2023-06-15 23:00:00,47.23576354980469,20991200,47.23576354980469,20991200,47.23576354980469,20991200
2023-06-16 23:00:00,47.24494552612305,20991200,47.24494552612305,20991200,47.24494552612305,20991200
2023-06-20 23:00:00,47.23576354980469,20991200,47.23576354980469,20991200,47.23576354980469,20991200
2023-06-21 23:00:00,47.34589385986328,20991200,47.34589385986328,20991200,47.34589385986328,20991200
2023-06-22 23:00:00,47.29082107543945,20991200,47.29082107543945,20991200,47.29082107543945,20991200
2023-06-23 23:00:00,47.37342834472656,20991200,47.37342834472656,20991200,47.37342834472656,20991200
2023-06-26 23:00:00,47.37342834472656,20991200,47.37342834472656,20991200,47.37342834472656,20991200
2023-06-27 23:00:00,47.309173583984375,20991200,47.309173583984375,20991200,47.309173583984375,20991200
2023-06-28 23:00:00,47.36424255371094,20991200,47.36424255371094,20991200,47.36424255371094,20991200
2023-06-29 23:00:00,47.04304504394531,20991200,47.04304504394531,20991200,47.04304504394531,20991200
2023-06-30 23:00:00,47.116458892822266,20991200,47.116458892822266,20991200,47.116458892822266,20991200
2023-07-03 23:00:00,47.111854553222656,20991200,47.111854553222656,20991200,47.111854553222656,20991200
2023-07-05 23:00:00,47.06580352783203,20991200,47.06580352783203,20991200,47.06580352783203,20991200
2023-07-06 23:00:00,46.95530319213867,20991200,46.95530319213867,20991200,46.95530319213867,20991200
2023-07-07 23:00:00,47.010555267333984,20991200,47.010555267333984,20991200,47.010555267333984,20991200
2023-07-10 23:00:00,47.02898406982422,20991200,47.02898406982422,20991200,47.02898406982422,20991200
2023-07-11 23:00:00,47.09343719482422,20991200,47.09343719482422,20991200,47.09343719482422,20991200
2023-07-12 23:00:00,47.185523986816406,20991200,47.185523986816406,20991200,47.185523986816406,20991200
2023-07-13 23:00:00,47.378910064697266,20991200,47.378910064697266,20991200,47.378910064697266,20991200
2023-07-14 23:00:00,47.33286666870117,20991200,47.33286666870117,20991200,47.33286666870117,20991200
2023-07-17 23:00:00,47.388118743896484,20991200,47.388118743896484,20991200,47.388118743896484,20991200
2023-07-18 23:00:00,47.62753677368164,20991200,47.62753677368164,20991200,47.62753677368164,20991200
2023-07-19 23:00:00,47.756465911865234,20991200,47.756465911865234,20991200,47.756465911865234,20991200
2023-07-20 23:00:00,47.42494583129883,20991200,47.42494583129883,20991200,47.42494583129883,20991200
2023-07-21 23:00:00,47.47098922729492,20991200,47.47098922729492,20991200,47.47098922729492,20991200
2023-07-24 23:00:00,47.4433708190918,20991200,47.4433708190918,20991200,47.4433708190918,20991200
2023-07-25 23:00:00,47.40652847290039,20991200,47.40652847290039,20991200,47.40652847290039,20991200
2023-07-26 23:00:00,47.49861526489258,20991200,47.49861526489258,20991200,47.49861526489258,20991200
2023-07-27 23:00:00,47.130271911621094,20991200,47.130271911621094,20991200,47.130271911621094,20991200
2023-07-28 23:00:00,47.17631912231445,20991200,47.17631912231445,20991200,47.17631912231445,20991200
2023-07-31 23:00:00,47.167110443115234,20991200,47.167110443115234,20991200,47.167110443115234,20991200
2023-08-01 23:00:00,47.00908279418945,20991200,47.00908279418945,20991200,47.00908279418945,20991200
2023-08-02 23:00:00,46.77806091308594,20991200,46.77806091308594,20991200,46.77806091308594,20991200
2023-08-03 23:00:00,46.35297775268555,20991200,46.35297775268555,20991200,46.35297775268555,20991200
2023-08-04 23:00:00,46.694889068603516,20991200,46.694889068603516,20991200,46.694889068603516,20991200
2023-08-07 23:00:00,46.53778839111328,20991200,46.53778839111328,20991200,46.53778839111328,20991200
2023-08-08 23:00:00,46.8704719543457,20991200,46.8704719543457,20991200,46.8704719543457,20991200
2023-08-09 23:00:00,47.09225845336914,20991200,47.09225845336914,20991200,47.09225845336914,20991200
2023-08-10 23:00:00,47.027557373046875,20991200,47.027557373046875,20991200,47.027557373046875,20991200
2023-08-11 23:00:00,46.91667556762695,20991200,46.91667556762695,20991200,46.91667556762695,20991200
2023-08-14 23:00:00,46.8704719543457,20991200,46.8704719543457,20991200,46.8704719543457,20991200
2023-08-15 23:00:00,46.92591094970703,20991200,46.92591094970703,20991200,46.92591094970703,20991200
2023-08-16 23:00:00,46.88895034790039,20991200,46.88895034790039,20991200,46.88895034790039,20991200
2023-08-17 23:00:00,46.63945007324219,20991200,46.63945007324219,20991200,46.63945007324219,20991200
2023-08-18 23:00:00,46.68564987182617,20991200,46.68564987182617,20991200,46.68564987182617,20991200
2023-08-21 23:00:00,46.34373092651367,20991200,46.34373092651367,20991200,46.34373092651367,20991200
2023-08-22 23:00:00,46.3714485168457,20991200,46.3714485168457,20991200,46.3714485168457,20991200
2023-08-23 23:00:00,46.63945007324219,20991200,46.63945007324219,20991200,46.63945007324219,20991200
2023-08-24 23:00:00,46.657936096191406,20991200,46.657936096191406,20991200,46.657936096191406,20991200
2023-08-25 23:00:00,46.63020324707031,20991200,46.63020324707031,20991200,46.63020324707031,20991200
2023-08-28 23:00:00,46.68564987182617,20991200,46.68564987182617,20991200,46.68564987182617,20991200
2023-08-29 23:00:00,46.87971115112305,20991200,46.87971115112305,20991200,46.87971115112305,20991200
2023-08-30 23:00:00,46.93515396118164,20991200,46.93515396118164,20991200,46.93515396118164,20991200
2023-08-31 23:00:00,46.93515396118164,20991200,46.93515396118164,20991200,46.93515396118164,20991200
2023-09-01 23:00:00,46.80440139770508,20991200,46.80440139770508,20991200,46.80440139770508,20991200
2023-09-05 23:00:00,46.6560173034668,20991200,46.6560173034668,20991200,46.6560173034668,20991200
2023-09-06 23:00:00,46.665287017822266,20991200,46.665287017822266,20991200,46.665287017822266,20991200
2023-09-07 23:00:00,46.600379943847656,20991200,46.600379943847656,20991200,46.600379943847656,20991200
2023-09-08 23:00:00,46.618927001953125,20991200,46.618927001953125,20991200,46.618927001953125,20991200
2023-09-11 23:00:00,46.581825256347656,20991200,46.581825256347656,20991200,46.581825256347656,20991200
2023-09-12 23:00:00,46.618927001953125,20991200,46.618927001953125,20991200,46.618927001953125,20991200
2023-09-13 23:00:00,46.785850524902344,20991200,46.785850524902344,20991200,46.785850524902344,20991200
2023-09-14 23:00:00,46.693111419677734,20991200,46.693111419677734,20991200,46.693111419677734,20991200
2023-09-15 23:00:00,46.526180267333984,20991200,46.526180267333984,20991200,46.526180267333984,20991200
2023-09-18 23:00:00,46.51691436767578,20991200,46.51691436767578,20991200,46.51691436767578,20991200
2023-09-19 23:00:00,46.442726135253906,20991200,46.442726135253906,20991200,46.442726135253906,20991200
2023-09-20 23:00:00,46.442726135253906,20991200,46.442726135253906,20991200,46.442726135253906,20991200
2023-09-21 23:00:00,46.02540969848633,20991200,46.02540969848633,20991200,46.02540969848633,20991200
2023-09-22 23:00:00,46.1088752746582,20991200,46.1088752746582,20991200,46.1088752746582,20991200
2023-09-25 23:00:00,45.71937561035156,20991200,45.71937561035156,20991200,45.71937561035156,20991200
2023-09-26 23:00:00,45.4689826965332,20991200,45.4689826965332,20991200,45.4689826965332,20991200
2023-09-27 23:00:00,45.30205535888672,20991200,45.30205535888672,20991200,45.30205535888672,20991200
2023-09-28 23:00:00,45.07948303222656,20991200,45.07948303222656,20991200,45.07948303222656,20991200
2023-09-29 23:00:00,45.50608444213867,20991200,45.50608444213867,20991200,45.50608444213867,20991200
2023-10-02 23:00:00,45.18110656738281,20991200,45.18110656738281,20991200,45.18110656738281,20991200
2023-10-03 23:00:00,44.71550369262695,20991200,44.71550369262695,20991200,44.71550369262695,20991200
2023-10-04 23:00:00,45.041419982910156,20991200,45.041419982910156,20991200,45.041419982910156,20991200
2023-10-05 23:00:00,45.097286224365234,20991200,45.097286224365234,20991200,45.097286224365234,20991200
2023-10-06 23:00:00,44.89242172241211,20991200,44.89242172241211,20991200,44.89242172241211,20991200
2023-10-09 23:00:00,45.264896392822266,20991200,45.264896392822266,20991200,45.264896392822266,20991200
2023-10-10 23:00:00,45.33940124511719,20991200,45.33940124511719,20991200,45.33940124511719,20991200
2023-10-11 23:00:00,45.80498504638672,20991200,45.80498504638672,20991200,45.80498504638672,20991200
2023-10-12 23:00:00,45.49769973754883,20991200,45.49769973754883,20991200,45.49769973754883,20991200
2023-10-13 23:00:00,45.71186447143555,20991200,45.71186447143555,20991200,45.71186447143555,20991200
2023-10-16 23:00:00,45.376644134521484,20991200,45.376644134521484,20991200,45.376644134521484,20991200
2023-10-17 23:00:00,44.69688034057617,20991200,44.69688034057617,20991200,44.69688034057617,20991200
2023-10-18 23:00:00,44.52926254272461,20991200,44.52926254272461,20991200,44.52926254272461,20991200
2023-10-19 23:00:00,44.305789947509766,20991200,44.305789947509766,20991200,44.305789947509766,20991200
2023-10-20 23:00:00,44.59444808959961,20991200,44.59444808959961,20991200,44.59444808959961,20991200
2023-10-23 23:00:00,44.603759765625,20991200,44.603759765625,20991200,44.603759765625,20991200
2023-10-24 23:00:00,44.678253173828125,20991200,44.678253173828125,20991200,44.678253173828125,20991200
2023-10-25 23:00:00,44.54789352416992,20991200,44.54789352416992,20991200,44.54789352416992,20991200
2023-10-26 23:00:00,44.72481918334961,20991200,44.72481918334961,20991200,44.72481918334961,20991200
2023-10-27 23:00:00,44.65962600708008,20991200,44.65962600708008,20991200,44.65962600708008,20991200
2023-10-30 23:00:00,44.482696533203125,20991200,44.482696533203125,20991200,44.482696533203125,20991200
2023-10-31 23:00:00,44.519954681396484,20991200,44.519954681396484,20991200,44.519954681396484,20991200
2023-11-01 23:00:00,44.712528228759766,20991200,44.712528228759766,20991200,44.712528228759766,20991200
2023-11-02 23:00:00,45.08645248413086,20991200,45.08645248413086,20991200,45.08645248413086,20991200
2023-11-03 23:00:00,45.4697380065918,20991200,45.4697380065918,20991200,45.4697380065918,20991200
2023-11-06 23:00:00,45.33885955810547,20991200,45.33885955810547,20991200,45.33885955810547,20991200
2023-11-07 23:00:00,45.65669631958008,20991200,45.65669631958008,20991200,45.65669631958008,20991200
2023-11-08 23:00:00,45.81562042236328,20991200,45.81562042236328,20991200,45.81562042236328,20991200
2023-11-09 23:00:00,45.516475677490234,20991200,45.516475677490234,20991200,45.516475677490234,20991200
2023-11-10 23:00:00,45.68473434448242,20991200,45.68473434448242,20991200,45.68473434448242,20991200
2023-11-13 23:00:00,45.694091796875,20991200,45.694091796875,20991200,45.694091796875,20991200
2023-11-14 23:00:00,46.208248138427734,20991200,46.208248138427734,20991200,46.208248138427734,20991200
2023-11-15 23:00:00,46.021278381347656,20991200,46.021278381347656,20991200,46.021278381347656,20991200
2023-11-16 23:00:00,46.161495208740234,20991200,46.161495208740234,20991200,46.161495208740234,20991200
2023-11-17 23:00:00,46.43259811401367,20991200,46.43259811401367,20991200,46.43259811401367,20991200
2023-11-20 23:00:00,46.50738525390625,20991200,46.50738525390625,20991200,46.50738525390625,20991200
2023-11-21 23:00:00,46.628910064697266,20991200,46.628910064697266,20991200,46.628910064697266,20991200
2023-11-22 23:00:00,46.66630554199219,20991200,46.66630554199219,20991200,46.66630554199219,20991200
2023-11-24 23:00:00,46.60086441040039,20991200,46.60086441040039,20991200,46.60086441040039,20991200
2023-11-27 23:00:00,46.71304702758789,20991200,46.71304702758789,20991200,46.71304702758789,20991200
2023-11-28 23:00:00,46.77848434448242,20991200,46.77848434448242,20991200,46.77848434448242,20991200
2023-11-29 23:00:00,47.18046188354492,20991200,47.18046188354492,20991200,47.18046188354492,20991200
2023-11-30 23:00:00,47.20850372314453,20991200,47.20850372314453,20991200,47.20850372314453,20991200
2023-12-01 23:00:00,47.50110626220703,20991200,47.50110626220703,20991200,47.50110626220703,20991200
2023-12-04 23:00:00,47.37919235229492,20991200,47.37919235229492,20991200,47.37919235229492,20991200
2023-12-05 23:00:00,47.59489059448242,20991200,47.59489059448242,20991200,47.59489059448242,20991200
2023-12-06 23:00:00,47.65116882324219,20991200,47.65116882324219,20991200,47.65116882324219,20991200
2023-12-07 23:00:00,47.58551025390625,20991200,47.58551025390625,20991200,47.58551025390625,20991200
2023-12-08 23:00:00,47.48234939575195,20991200,47.48234939575195,20991200,47.48234939575195,20991200
2023-12-11 23:00:00,47.40732192993164,20991200,47.40732192993164,20991200,47.40732192993164,20991200
2023-12-12 23:00:00,47.60426712036133,20991200,47.60426712036133,20991200,47.60426712036133,20991200
2023-12-13 23:00:00,47.9325065612793,20991200,47.9325065612793,20991200,47.9325065612793,20991200
2023-12-14 23:00:00,48.36391067504883,20991200,48.36391067504883,20991200,48.36391067504883,20991200
2023-12-15 23:00:00,48.373294830322266,20991200,48.373294830322266,20991200,48.373294830322266,20991200
2023-12-18 23:00:00,48.260746002197266,20991200,48.260746002197266,20991200,48.260746002197266,20991200
2023-12-19 23:00:00,48.335777282714844,20991200,48.335777282714844,20991200,48.335777282714844,20991200
2023-12-20 23:00:00,48.39204025268555,20991200,48.39204025268555,20991200,48.39204025268555,20991200
2023-12-21 23:00:00,48.40142822265625,20991200,48.40142822265625,20991200,48.40142822265625,20991200
2023-12-22 23:00:00,48.410797119140625,20991200,48.410797119140625,20991200,48.410797119140625,20991200
2023-12-26 23:00:00,48.523345947265625,20991200,48.523345947265625,20991200,48.523345947265625,20991200
2023-12-27 23:00:00,48.64663314819336,20991200,48.64663314819336,20991200,48.64663314819336,20991200
2023-12-28 23:00:00,48.59015655517578,20991200,48.59015655517578,20991200,48.59015655517578,20991200
2023-12-29 23:00:00,48.59015655517578,20991200,48.59015655517578,20991200,48.59015655517578,20991200
2024-01-02 23:00:00,48.31724166870117,20991200,48.31724166870117,20991200,48.31724166870117,20991200
2024-01-03 23:00:00,48.185482025146484,20991200,48.185482025146484,20991200,48.185482025146484,20991200
2024-01-04 23:00:00,48.20430374145508,20991200,48.20430374145508,20991200,48.20430374145508,20991200
2024-01-05 23:00:00,48.09136962890625,20991200,48.09136962890625,20991200,48.09136962890625,20991200
2024-01-08 23:00:00,48.27017593383789,20991200,48.27017593383789,20991200,48.27017593383789,20991200
2024-01-09 23:00:00,48.30782699584961,20991200,48.30782699584961,20991200,48.30782699584961,20991200
2024-01-10 23:00:00,48.37370300292969,20991200,48.37370300292969,20991200,48.37370300292969,20991200
2024-01-11 23:00:00,48.59015655517578,20991200,48.59015655517578,20991200,48.59015655517578,20991200
2024-01-12 23:00:00,48.58074951171875,20991200,48.58074951171875,20991200,48.58074951171875,20991200
2024-01-16 23:00:00,48.27017593383789,20991200,48.27017593383789,20991200,48.27017593383789,20991200
2024-01-17 23:00:00,48.09136962890625,20991200,48.09136962890625,20991200,48.09136962890625,20991200
2024-01-18 23:00:00,47.95960998535156,20991200,47.95960998535156,20991200,47.95960998535156,20991200
2024-01-19 23:00:00,47.84667205810547,20991200,47.84667205810547,20991200,47.84667205810547,20991200
2024-01-22 23:00:00,47.83726501464844,20991200,47.83726501464844,20991200,47.83726501464844,20991200
2024-01-23 23:00:00,47.83726501464844,20991200,47.83726501464844,20991200,47.83726501464844,20991200
2024-01-24 23:00:00,47.733734130859375,20991200,47.733734130859375,20991200,47.733734130859375,20991200
2024-01-25 23:00:00,48.119606018066406,20991200,48.119606018066406,20991200,48.119606018066406,20991200
2024-01-26 23:00:00,48.23253631591797,20991200,48.23253631591797,20991200,48.23253631591797,20991200
2024-01-29 23:00:00,48.45840072631836,20991200,48.45840072631836,20991200,48.45840072631836,20991200
2024-01-30 23:00:00,48.58074951171875,20991200,48.58074951171875,20991200,48.58074951171875,20991200
2024-01-31 23:00:00,48.768978118896484,20991200,48.768978118896484,20991200,48.768978118896484,20991200
2024-02-01 23:00:00,49.18745040893555,20991200,49.18745040893555,20991200,49.18745040893555,20991200
2024-02-02 23:00:00,48.69623947143555,20991200,48.69623947143555,20991200,48.69623947143555,20991200
2024-02-05 23:00:00,48.26169967651367,20991200,48.26169967651367,20991200,48.26169967651367,20991200
2024-02-06 23:00:00,48.47897720336914,20991200,48.47897720336914,20991200,48.47897720336914,20991200
2024-02-07 23:00:00,48.52620315551758,20991200,48.52620315551758,20991200,48.52620315551758,20991200
2024-02-08 23:00:00,48.50730895996094,20991200,48.50730895996094,20991200,48.50730895996094,20991200
2024-02-09 23:00:00,48.4600715637207,20991200,48.4600715637207,20991200,48.4600715637207,20991200
2024-02-12 23:00:00,48.554542541503906,20991200,48.554542541503906,20991200,48.554542541503906,20991200
2024-02-13 23:00:00,48.2900390625,20991200,48.2900390625,20991200,48.2900390625,20991200
2024-02-14 23:00:00,48.45063018798828,20991200,48.45063018798828,20991200,48.45063018798828,20991200
2024-02-15 23:00:00,48.63011169433594,20991200,48.63011169433594,20991200,48.63011169433594,20991200
2024-02-16 23:00:00,48.762359619140625,20991200,48.762359619140625,20991200,48.762359619140625,20991200
2024-02-20 23:00:00,48.87572479248047,20991200,48.87572479248047,20991200,48.87572479248047,20991200
2024-02-21 23:00:00,48.81904220581055,20991200,48.81904220581055,20991200,48.81904220581055,20991200
2024-02-22 23:00:00,48.88517379760742,20991200,48.88517379760742,20991200,48.88517379760742,20991200
2024-02-23 23:00:00,49.06464767456055,20991200,49.06464767456055,20991200,49.06464767456055,20991200
2024-02-26 23:00:00,48.93239212036133,20991200,48.93239212036133,20991200,48.93239212036133,20991200
2024-02-27 23:00:00,48.970184326171875,20991200,48.970184326171875,20991200,48.970184326171875,20991200
2024-02-28 23:00:00,49.08353805541992,20991200,49.08353805541992,20991200,49.08353805541992,20991200
2024-02-29 23:00:00,49.08353805541992,20991200,49.08353805541992,20991200,49.08353805541992,20991200
2024-03-01 23:00:00,49.188743591308594,20991200,49.188743591308594,20991200,49.188743591308594,20991200
2024-03-04 23:00:00,48.99919891357422,20991200,48.99919891357422,20991200,48.99919891357422,20991200
2024-03-05 23:00:00,49.21717834472656,20991200,49.21717834472656,20991200,49.21717834472656,20991200
2024-03-06 23:00:00,49.22665023803711,20991200,49.22665023803711,20991200,49.22665023803711,20991200
2024-03-07 23:00:00,49.311946868896484,20991200,49.311946868896484,20991200,49.311946868896484,20991200
2024-03-08 23:00:00,49.33090591430664,20991200,49.33090591430664,20991200,49.33090591430664,20991200
2024-03-11 23:00:00,49.3214225769043,20991200,49.3214225769043,20991200,49.3214225769043,20991200
2024-03-12 23:00:00,49.30247116088867,20991200,49.30247116088867,20991200,49.30247116088867,20991200
2024-03-13 23:00:00,49.416202545166016,20991200,49.416202545166016,20991200,49.416202545166016,20991200
2024-03-14 23:00:00,49.20769500732422,20991200,49.20769500732422,20991200,49.20769500732422,20991200
2024-03-15 23:00:00,49.09396743774414,20991200,49.09396743774414,20991200,49.09396743774414,20991200
2024-03-18 23:00:00,49.17926788330078,20991200,49.17926788330078,20991200,49.17926788330078,20991200
2024-03-19 23:00:00,49.26457214355469,20991200,49.26457214355469,20991200,49.26457214355469,20991200
2024-03-20 23:00:00,49.4067268371582,20991200,49.4067268371582,20991200,49.4067268371582,20991200
2024-03-21 23:00:00,49.45411682128906,20991200,49.45411682128906,20991200,49.45411682128906,20991200
2024-03-22 23:00:00,49.52045822143555,20991200,49.52045822143555,20991200,49.52045822143555,20991200
2024-03-25 23:00:00,49.4067268371582,20991200,49.4067268371582,20991200,49.4067268371582,20991200
2024-03-26 23:00:00,49.4067268371582,20991200,49.4067268371582,20991200,49.4067268371582,20991200
2024-03-27 23:00:00,49.44463348388672,20991200,49.44463348388672,20991200,49.44463348388672,20991200
2024-03-28 23:00:00,49.52994155883789,20991200,49.52994155883789,20991200,49.52994155883789,20991200
2024-04-01 23:00:00,49.37202072143555,20991200,49.37202072143555,20991200,49.37202072143555,20991200
2024-04-02 23:00:00,49.1722526550293,20991200,49.1722526550293,20991200,49.1722526550293,20991200
2024-04-03 23:00:00,48.99150466918945,20991200,48.99150466918945,20991200,48.99150466918945,20991200
2024-04-04 23:00:00,49.05809783935547,20991200,49.05809783935547,20991200,49.05809783935547,20991200
2024-04-05 23:00:00,48.877342224121094,20991200,48.877342224121094,20991200,48.877342224121094,20991200
2024-04-08 23:00:00,49.001014709472656,20991200,49.001014709472656,20991200,49.001014709472656,20991200
2024-04-09 23:00:00,49.12468719482422,20991200,49.12468719482422,20991200,49.12468719482422,20991200
2024-04-10 23:00:00,48.78221893310547,20991200,48.78221893310547,20991200,48.78221893310547,20991200
2024-04-11 23:00:00,48.677574157714844,20991200,48.677574157714844,20991200,48.677574157714844,20991200
2024-04-12 23:00:00,48.92490768432617,20991200,48.92490768432617,20991200,48.92490768432617,20991200
2024-04-15 23:00:00,48.877342224121094,20991200,48.877342224121094,20991200,48.877342224121094,20991200
2024-04-16 23:00:00,48.73466110229492,20991200,48.73466110229492,20991200,48.73466110229492,20991200
2024-04-17 23:00:00,48.972476959228516,20991200,48.972476959228516,20991200,48.972476959228516,20991200
2024-04-18 23:00:00,48.92490768432617,20991200,48.92490768432617,20991200,48.92490768432617,20991200
2024-04-19 23:00:00,48.94394302368164,20991200,48.94394302368164,20991200,48.94394302368164,20991200
2024-04-22 23:00:00,48.953453063964844,20991200,48.953453063964844,20991200,48.953453063964844,20991200
2024-04-23 23:00:00,48.85832595825195,20991200,48.85832595825195,20991200,48.85832595825195,20991200
2024-04-24 23:00:00,48.877342224121094,20991200,48.877342224121094,20991200,48.877342224121094,20991200
2024-04-25 23:00:00,48.65855407714844,20991200,48.65855407714844,20991200,48.65855407714844,20991200
2024-04-26 23:00:00,48.65855407714844,20991200,48.65855407714844,20991200,48.65855407714844,20991200
2024-04-29 23:00:00,48.744171142578125,20991200,48.744171142578125,20991200,48.744171142578125,20991200
2024-04-30 23:00:00,48.69661331176758,20991200,48.69661331176758,20991200,48.69661331176758,20991200
2024-05-01 23:00:00,48.766334533691406,20991200,48.766334533691406,20991200,48.766334533691406,20991200
2024-05-02 23:00:00,48.85231399536133,20991200,48.85231399536133,20991200,48.85231399536133,20991200
2024-05-03 23:00:00,49.21531295776367,20991200,49.21531295776367,20991200,49.21531295776367,20991200
2024-05-06 23:00:00,49.30128860473633,20991200,49.30128860473633,20991200,49.30128860473633,20991200
2024-05-07 23:00:00,49.511451721191406,20991200,49.511451721191406,20991200,49.511451721191406,20991200
2024-05-08 23:00:00,49.50189208984375,20991200,49.50189208984375,20991200,49.50189208984375,20991200
2024-05-09 23:00:00,49.4827880859375,20991200,49.4827880859375,20991200,49.4827880859375,20991200
2024-05-10 23:00:00,49.46367645263672,20991200,49.46367645263672,20991200,49.46367645263672,20991200
2024-05-13 23:00:00,49.45413589477539,20991200,49.45413589477539,20991200,49.45413589477539,20991200
2024-05-14 23:00:00,49.492340087890625,20991200,49.492340087890625,20991200,49.492340087890625,20991200
2024-05-15 23:00:00,49.65474319458008,20991200,49.65474319458008,20991200,49.65474319458008,20991200
2024-05-16 23:00:00,49.616519927978516,20991200,49.616519927978516,20991200,49.616519927978516,20991200
2024-05-17 23:00:00,49.4827880859375,20991200,49.4827880859375,20991200,49.4827880859375,20991200
2024-05-20 23:00:00,49.35860061645508,20991200,49.35860061645508,20991200,49.35860061645508,20991200
2024-05-21 23:00:00,49.3299446105957,20991200,49.3299446105957,20991200,49.3299446105957,20991200
2024-05-22 23:00:00,49.1866569519043,20991200,49.1866569519043,20991200,49.1866569519043,20991200
2024-05-23 23:00:00,49.062477111816406,20991200,49.062477111816406,20991200,49.062477111816406,20991200
2024-05-24 23:00:00,49.09113311767578,20991200,49.09113311767578,20991200,49.09113311767578,20991200
2024-05-28 23:00:00,49.00515365600586,20991200,49.00515365600586,20991200,49.00515365600586,20991200
2024-05-29 23:00:00,48.919185638427734,20991200,48.919185638427734,20991200,48.919185638427734,20991200
2024-05-30 23:00:00,48.93827819824219,20991200,48.93827819824219,20991200,48.93827819824219,20991200
2024-05-31 23:00:00,49.04336929321289,20991200,49.04336929321289,20991200,49.04336929321289,20991200
2024-06-03 23:00:00,49.164161682128906,20991200,49.164161682128906,20991200,49.164161682128906,20991200
2024-06-04 23:00:00,49.35591125488281,20991200,49.35591125488281,20991200,49.35591125488281,20991200
2024-06-05 23:00:00,49.58601379394531,20991200,49.58601379394531,20991200,49.58601379394531,20991200
2024-06-06 23:00:00,49.77775573730469,20991200,49.77775573730469,20991200,49.77775573730469,20991200
2024-06-07 23:00:00,49.52848434448242,20991200,49.52848434448242,20991200,49.52848434448242,20991200
2024-06-10 23:00:00,49.49972915649414,20991200,49.49972915649414,20991200,49.49972915649414,20991200
2024-06-11 23:00:00,49.65312957763672,20991200,49.65312957763672,20991200,49.65312957763672,20991200
2024-06-12 23:00:00,49.77775573730469,20991200,49.77775573730469,20991200,49.77775573730469,20991200
2024-06-13 23:00:00,50.122901916503906,20991200,50.122901916503906,20991200,50.122901916503906,20991200
2024-06-14 23:00:00,50.16126251220703,20991200,50.16126251220703,20991200,50.16126251220703,20991200
2024-06-17 23:00:00,49.94074249267578,20991200,49.94074249267578,20991200,49.94074249267578,20991200
2024-06-18 23:00:00,50.084556579589844,20991200,50.084556579589844,20991200,50.084556579589844,20991200
2024-06-20 23:00:00,49.969505310058594,20991200,49.969505310058594,20991200,49.969505310058594,20991200
2024-06-21 23:00:00,49.92157745361328,20991200,49.92157745361328,20991200,49.92157745361328,20991200
2024-06-24 23:00:00,49.88322067260742,20991200,49.88322067260742,20991200,49.88322067260742,20991200
2024-06-25 23:00:00,49.93115997314453,20991200,49.93115997314453,20991200,49.93115997314453,20991200
2024-06-26 23:00:00,49.75857925415039,20991200,49.75857925415039,20991200,49.75857925415039,20991200
2024-06-27 23:00:00,49.71064376831055,20991200,49.71064376831055,20991200,49.71064376831055,20991200
2024-06-28 23:00:00,49.51889419555664,20991200,49.51889419555664,20991200,49.51889419555664,20991200
2024-07-01 23:00:00,49.516971588134766,20991200,49.516971588134766,20991200,49.516971588134766,20991200
2024-07-02 23:00:00,49.64206314086914,20991200,49.64206314086914,20991200,49.64206314086914,20991200
2024-07-03 23:00:00,49.873008728027344,20991200,49.873008728027344,20991200,49.873008728027344,20991200
2024-07-05 23:00:00,50.05582046508789,20991200,50.05582046508789,20991200,50.05582046508789,20991200
2024-07-08 23:00:00,50.02696990966797,20991200,50.02696990966797,20991200,50.02696990966797,20991200
2024-07-09 23:00:00,50.046207427978516,20991200,50.046207427978516,20991200,50.046207427978516,20991200
2024-07-10 23:00:00,50.06544876098633,20991200,50.06544876098633,20991200,50.06544876098633,20991200
2024-07-11 23:00:00,50.20978927612305,20991200,50.20978927612305,20991200,50.20978927612305,20991200
2024-07-12 23:00:00,50.363746643066406,20991200,50.363746643066406,20991200,50.363746643066406,20991200
2024-07-15 23:00:00,50.2482795715332,20991200,50.2482795715332,20991200,50.2482795715332,20991200
2024-07-16 23:00:00,50.40224075317383,20991200,50.40224075317383,20991200,50.40224075317383,20991200
2024-07-17 23:00:00,50.40224075317383,20991200,50.40224075317383,20991200,50.40224075317383,20991200
2024-07-18 23:00:00,50.325260162353516,20991200,50.325260162353516,20991200,50.325260162353516,20991200
2024-07-19 23:00:00,50.229034423828125,20991200,50.229034423828125,20991200,50.229034423828125,20991200
2024-07-22 23:00:00,50.19053649902344,20991200,50.19053649902344,20991200,50.19053649902344,20991200
2024-07-23 23:00:00,50.11356735229492,20991200,50.11356735229492,20991200,50.11356735229492,20991200
2024-07-24 23:00:00,50.007720947265625,20991200,50.007720947265625,20991200,50.007720947265625,20991200
2024-07-25 23:00:00,50.103946685791016,20991200,50.103946685791016,20991200,50.103946685791016,20991200
2024-07-26 23:00:00,50.286766052246094,20991200,50.286766052246094,20991200,50.286766052246094,20991200
2024-07-29 23:00:00,50.42148208618164,20991200,50.42148208618164,20991200,50.42148208618164,20991200
2024-07-30 23:00:00,50.41185760498047,20991200,50.41185760498047,20991200,50.41185760498047,20991200
2024-07-31 23:00:00,50.59468460083008,20991200,50.59468460083008,20991200,50.59468460083008,20991200
2024-08-01 23:00:00,50.01620101928711,20991200,50.01620101928711,20991200,50.01620101928711,20991200
2024-08-02 23:00:00,50.672908782958984,20991200,50.672908782958984,20991200,50.672908782958984,20991200
2024-08-05 23:00:00,50.75016403198242,20991200,50.75016403198242,20991200,50.75016403198242,20991200
2024-08-06 23:00:00,50.595645904541016,20991200,50.595645904541016,20991200,50.595645904541016,20991200
2024-08-07 23:00:00,50.267295837402344,20991200,50.267295837402344,20991200,50.267295837402344,20991200
2024-08-08 23:00:00,50.21900177001953,20991200,50.21900177001953,20991200,50.21900177001953,20991200
2024-08-09 23:00:00,50.334896087646484,20991200,50.334896087646484,20991200,50.334896087646484,20991200
2024-08-12 23:00:00,50.39284896850586,20991200,50.39284896850586,20991200,50.39284896850586,20991200
2024-08-13 23:00:00,50.53771209716797,20991200,50.53771209716797,20991200,50.53771209716797,20991200
2024-08-14 23:00:00,50.595645904541016,20991200,50.595645904541016,20991200,50.595645904541016,20991200
2024-08-15 23:00:00,50.402496337890625,20991200,50.402496337890625,20991200,50.402496337890625,20991200
2024-08-16 23:00:00,50.460445404052734,20991200,50.460445404052734,20991200,50.460445404052734,20991200
2024-08-19 23:00:00,50.479759216308594,20991200,50.479759216308594,20991200,50.479759216308594,20991200
2024-08-20 23:00:00,50.60530471801758,20991200,50.60530471801758,20991200,50.60530471801758,20991200
2024-08-21 23:00:00,50.63428497314453,20991200,50.63428497314453,20991200,50.63428497314453,20991200
2024-08-22 23:00:00,50.53771209716797,20991200,50.53771209716797,20991200,50.53771209716797,20991200
2024-08-23 23:00:00,50.798458099365234,20991200,50.798458099365234,20991200,50.798458099365234,20991200
2024-08-26 23:00:00,50.66325378417969,20991200,50.66325378417969,20991200,50.66325378417969,20991200
2024-08-27 23:00:00,50.65359878540039,20991200,50.65359878540039,20991200,50.65359878540039,20991200
2024-08-28 23:00:00,50.52804946899414,20991200,50.52804946899414,20991200,50.52804946899414,20991200
2024-08-29 23:00:00,50.547359466552734,20991200,50.547359466552734,20991200,50.547359466552734,20991200
2024-08-30 23:00:00,50.5570182800293,20991200,50.5570182800293,20991200,50.5570182800293,20991200
2024-09-03 23:00:00,50.79928970336914,20991200,50.79928970336914,20991200,50.79928970336914,20991200
2024-09-04 23:00:00,50.83805847167969,20991200,50.83805847167969,20991200,50.83805847167969,20991200
2024-09-05 23:00:00,50.88650894165039,20991200,50.88650894165039,20991200,50.88650894165039,20991200
2024-09-06 23:00:00,50.954341888427734,20991200,50.954341888427734,20991200,50.954341888427734,20991200
2024-09-09 23:00:00,50.96403503417969,20991200,50.96403503417969,20991200,50.96403503417969,20991200
2024-09-10 23:00:00,51.10940170288086,20991200,51.10940170288086,20991200,51.10940170288086,20991200
2024-09-11 23:00:00,51.099708557128906,20991200,51.099708557128906,20991200,51.099708557128906,20991200
2024-09-12 23:00:00,51.07063674926758,20991200,51.07063674926758,20991200,51.07063674926758,20991200
2024-09-13 23:00:00,51.13846969604492,20991200,51.13846969604492,20991200,51.13846969604492,20991200
2024-09-16 23:00:00,51.206302642822266,20991200,51.206302642822266,20991200,51.206302642822266,20991200
2024-09-17 23:00:00,51.16754150390625,20991200,51.16754150390625,20991200,51.16754150390625,20991200
2024-09-18 23:00:00,51.0512580871582,20991200,51.0512580871582,20991200,51.0512580871582,20991200
2024-09-19 23:00:00,51.099708557128906,20991200,51.099708557128906,20991200,51.099708557128906,20991200
2024-09-20 23:00:00,51.17723846435547,20991200,51.17723846435547,20991200,51.17723846435547,20991200
2024-09-23 23:00:00,51.15785217285156,20991200,51.15785217285156,20991200,51.15785217285156,20991200
2024-09-24 23:00:00,51.225685119628906,20991200,51.225685119628906,20991200,51.225685119628906,20991200
2024-09-25 23:00:00,51.196617126464844,20991200,51.196617126464844,20991200,51.196617126464844,20991200
2024-09-26 23:00:00,51.21600341796875,20991200,51.21600341796875,20991200,51.21600341796875,20991200
2024-09-27 23:00:00,51.409812927246094,20991200,51.409812927246094,20991200,51.409812927246094,20991200
2024-09-30 23:00:00,51.429195404052734,20991200,51.429195404052734,20991200,51.429195404052734,20991200
2024-10-01 23:00:00,51.50697326660156,20991200,51.50697326660156,20991200,51.50697326660156,20991200
2024-10-02 23:00:00,51.58474349975586,20991200,51.58474349975586,20991200,51.58474349975586,20991200
2024-10-03 23:00:00,51.42919921875,20991200,51.42919921875,20991200,51.42919921875,20991200
2024-10-04 23:00:00,51.312538146972656,20991200,51.312538146972656,20991200,51.312538146972656,20991200
2024-10-07 23:00:00,51.069488525390625,20991200,51.069488525390625,20991200,51.069488525390625,20991200
2024-10-08 23:00:00,51.18614959716797,20991200,51.18614959716797,20991200,51.18614959716797,20991200
2024-10-09 23:00:00,51.05976104736328,20991200,51.05976104736328,20991200,51.05976104736328,20991200
2024-10-10 23:00:00,51.088924407958984,20991200,51.088924407958984,20991200,51.088924407958984,20991200
2024-10-11 23:00:00,51.19587326049805,20991200,51.19587326049805,20991200,51.19587326049805,20991200
2024-10-14 23:00:00,51.088924407958984,20991200,51.088924407958984,20991200,51.088924407958984,20991200
2024-10-15 23:00:00,51.25420379638672,20991200,51.25420379638672,20991200,51.25420379638672,20991200
2024-10-16 23:00:00,51.28336715698242,20991200,51.28336715698242,20991200,51.28336715698242,20991200
2024-10-17 23:00:00,51.234764099121094,20991200,51.234764099121094,20991200,51.234764099121094,20991200
2024-10-18 23:00:00,51.25420379638672,20991200,51.25420379638672,20991200,51.25420379638672,20991200
2024-10-21 23:00:00,51.079200744628906,20991200,51.079200744628906,20991200,51.079200744628906,20991200
2024-10-22 23:00:00,50.85559844970703,20991200,50.85559844970703,20991200,50.85559844970703,20991200
2024-10-23 23:00:00,50.505611419677734,20991200,50.505611419677734,20991200,50.505611419677734,20991200
2024-10-24 23:00:00,50.593109130859375,20991200,50.593109130859375,20991200,50.593109130859375,20991200
2024-10-25 23:00:00,50.7194938659668,20991200,50.7194938659668,20991200,50.7194938659668,20991200
2024-10-28 23:00:00,50.70977020263672,20991200,50.70977020263672,20991200,50.70977020263672,20991200
2024-10-29 23:00:00,50.748661041259766,20991200,50.748661041259766,20991200,50.748661041259766,20991200
2024-10-30 23:00:00,50.73893737792969,20991200,50.73893737792969,20991200,50.73893737792969,20991200
2024-10-31 23:00:00,50.7778205871582,20991200,50.7778205871582,20991200,50.7778205871582,20991200
2024-11-01 23:00:00,50.77294921875,20991200,50.77294921875,20991200,50.77294921875,20991200
2024-11-04 23:00:00,50.96807861328125,20991200,50.96807861328125,20991200,50.96807861328125,20991200
2024-11-05 23:00:00,51.01686096191406,20991200,51.01686096191406,20991200,51.01686096191406,20991200
2024-11-06 23:00:00,50.28512191772461,20991200,50.28512191772461,20991200,50.28512191772461,20991200
2024-11-07 23:00:00,50.42171859741211,20991200,50.42171859741211,20991200,50.42171859741211,20991200
2024-11-08 23:00:00,50.94856262207031,20991200,50.94856262207031,20991200,50.94856262207031,20991200
2024-11-11 23:00:00,50.97783660888672,20991200,50.97783660888672,20991200,50.97783660888672,20991200
2024-11-12 23:00:00,50.84123992919922,20991200,50.84123992919922,20991200,50.84123992919922,20991200
2024-11-13 23:00:00,50.91929626464844,20991200,50.91929626464844,20991200,50.91929626464844,20991200
2024-11-14 23:00:00,50.870506286621094,20991200,50.870506286621094,20991200,50.870506286621094,20991200
2024-11-15 23:00:00,51.03636932373047,20991200,51.03636932373047,20991200,51.03636932373047,20991200
2024-11-18 23:00:00,51.065643310546875,20991200,51.065643310546875,20991200,51.065643310546875,20991200
2024-11-19 23:00:00,51.09490966796875,20991200,51.09490966796875,20991200,51.09490966796875,20991200
2024-11-20 23:00:00,51.08515930175781,20991200,51.08515930175781,20991200,51.08515930175781,20991200
2024-11-21 23:00:00,51.0461311340332,20991200,51.0461311340332,20991200,51.0461311340332,20991200
2024-11-22 23:00:00,51.11442184448242,20991200,51.11442184448242,20991200,51.11442184448242,20991200
2024-11-25 23:00:00,51.3095588684082,20991200,51.3095588684082,20991200,51.3095588684082,20991200
2024-11-26 23:00:00,51.31930923461914,20991200,51.31930923461914,20991200,51.31930923461914,20991200
2024-11-27 23:00:00,51.446144104003906,20991200,51.446144104003906,20991200,51.446144104003906,20991200
2024-11-29 23:00:00,51.5632209777832,20991200,51.5632209777832,20991200,51.5632209777832,20991200
2024-12-02 23:00:00,51.58084487915039,20991200,51.58084487915039,20991200,51.58084487915039,20991200
2024-12-03 23:00:00,51.53190612792969,20991200,51.53190612792969,20991200,51.53190612792969,20991200
2024-12-04 23:00:00,51.63957214355469,20991200,51.63957214355469,20991200,51.63957214355469,20991200
2024-12-05 23:00:00,51.53190612792969,20991200,51.53190612792969,20991200,51.53190612792969,20991200
2024-12-06 23:00:00,51.63957214355469,20991200,51.63957214355469,20991200,51.63957214355469,20991200
2024-12-09 23:00:00,51.54168701171875,20991200,51.54168701171875,20991200,51.54168701171875,20991200
2024-12-10 23:00:00,51.45360565185547,20991200,51.45360565185547,20991200,51.45360565185547,20991200
2024-12-11 23:00:00,51.336151123046875,20991200,51.336151123046875,20991200,51.336151123046875,20991200
2024-12-12 23:00:00,51.19912338256836,20991200,51.19912338256836,20991200,51.19912338256836,20991200
2024-12-13 23:00:00,51.00337219238281,20991200,51.00337219238281,20991200,51.00337219238281,20991200
2024-12-16 23:00:00,51.15998077392578,20991200,51.15998077392578,20991200,51.15998077392578,20991200
2024-12-17 23:00:00,51.00337219238281,20991200,51.00337219238281,20991200,51.00337219238281,20991200
2024-12-18 23:00:00,50.65101623535156,20991200,50.65101623535156,20991200,50.65101623535156,20991200
2024-12-19 23:00:00,50.005035400390625,20991200,50.005035400390625,20991200,50.005035400390625,20991200
2024-12-20 23:00:00,50.28887176513672,20991200,50.28887176513672,20991200,50.28887176513672,20991200
2024-12-23 23:00:00,50.35738754272461,20991200,50.35738754272461,20991200,50.35738754272461,20991200
2024-12-24 23:00:00,50.44548416137695,20991200,50.44548416137695,20991200,50.44548416137695,20991200
2024-12-26 23:00:00,50.739105224609375,20991200,50.739105224609375,20991200,50.739105224609375,20991200
2024-12-27 23:00:00,50.70766830444336,20991200,50.70766830444336,20991200,50.70766830444336,20991200
2024-12-30 23:00:00,50.88448715209961,20991200,50.88448715209961,20991200,50.88448715209961,20991200
2024-12-31 23:00:00,50.99254608154297,20991200,50.99254608154297,20991200,50.99254608154297,20991200
2025-01-02 23:00:00,50.89431381225586,20991200,50.89431381225586,20991200,50.89431381225586,20991200
2025-01-03 23:00:00,50.972900390625,20991200,50.972900390625,20991200,50.972900390625,20991200
2025-01-06 23:00:00,50.982723236083984,20991200,50.982723236083984,20991200,50.982723236083984,20991200
2025-01-07 23:00:00,50.92378234863281,20991200,50.92378234863281,20991200,50.92378234863281,20991200
2025-01-08 23:00:00,50.874664306640625,20991200,50.874664306640625,20991200,50.874664306640625,20991200
2025-01-10 23:00:00,50.57997131347656,20991200,50.57997131347656,20991200,50.57997131347656,20991200
2025-01-13 23:00:00,50.46208572387695,20991200,50.46208572387695,20991200,50.46208572387695,20991200
2025-01-14 23:00:00,50.44244384765625,20991200,50.44244384765625,20991200,50.44244384765625,20991200
2025-01-15 23:00:00,50.66837692260742,20991200,50.66837692260742,20991200,50.66837692260742,20991200
2025-01-16 23:00:00,50.70766830444336,20991200,50.70766830444336,20991200,50.70766830444336,20991200
2025-01-17 23:00:00,50.77643585205078,20991200,50.77643585205078,20991200,50.77643585205078,20991200
2025-01-21 23:00:00,50.864837646484375,20991200,50.864837646484375,20991200,50.864837646484375,20991200
2025-01-22 23:00:00,50.88448715209961,20991200,50.88448715209961,20991200,50.88448715209961,20991200
2025-01-23 23:00:00,50.75678634643555,20991200,50.75678634643555,20991200,50.75678634643555,20991200
2025-01-24 23:00:00,50.855018615722656,20991200,50.855018615722656,20991200,50.855018615722656,20991200
2025-01-27 23:00:00,51.04166030883789,20991200,51.04166030883789,20991200,51.04166030883789,20991200
2025-01-28 23:00:00,50.94343185424805,20991200,50.94343185424805,20991200,50.94343185424805,20991200
2025-01-29 23:00:00,50.77643585205078,20991200,50.77643585205078,20991200,50.77643585205078,20991200
2025-01-30 23:00:00,50.89431381225586,20991200,50.89431381225586,20991200,50.89431381225586,20991200
2025-01-31 23:00:00,51.04166030883789,20991200,51.04166030883789,20991200,51.04166030883789,20991200
2025-02-03 23:00:00,51.147193908691406,20991200,51.147193908691406,20991200,51.147193908691406,20991200
2025-02-04 23:00:00,51.27540588378906,20991200,51.27540588378906,20991200,51.27540588378906,20991200
2025-02-05 23:00:00,51.45293045043945,20991200,51.45293045043945,20991200,51.45293045043945,20991200
2025-02-06 23:00:00,51.47265625,20991200,51.47265625,20991200,51.47265625,20991200
2025-02-07 23:00:00,51.27540588378906,20991200,51.27540588378906,20991200,51.27540588378906,20991200
2025-02-10 23:00:00,51.28527069091797,20991200,51.28527069091797,20991200,51.28527069091797,20991200
2025-02-11 23:00:00,51.24581527709961,20991200,51.24581527709961,20991200,51.24581527709961,20991200
2025-02-12 23:00:00,50.83158874511719,20991200,50.83158874511719,20991200,50.83158874511719,20991200
2025-02-13 23:00:00,51.12746810913086,20991200,51.12746810913086,20991200,51.12746810913086,20991200
2025-02-14 23:00:00,51.19650650024414,20991200,51.19650650024414,20991200,51.19650650024414,20991200
2025-02-18 23:00:00,51.07815170288086,20991200,51.07815170288086,20991200,51.07815170288086,20991200
2025-02-19 23:00:00,51.1373291015625,20991200,51.1373291015625,20991200,51.1373291015625,20991200
2025-02-20 23:00:00,51.16691970825195,20991200,51.16691970825195,20991200,51.16691970825195,20991200
2025-02-21 23:00:00,51.39375305175781,20991200,51.39375305175781,20991200,51.39375305175781,20991200
2025-02-24 23:00:00,51.423343658447266,20991200,51.423343658447266,20991200,51.423343658447266,20991200
2025-02-25 23:00:00,51.49237823486328,20991200,51.49237823486328,20991200,51.49237823486328,20991200
2025-02-26 23:00:00,51.70935821533203,20991200,51.70935821533203,20991200,51.70935821533203,20991200
2025-02-27 23:00:00,51.70935821533203,20991200,51.70935821533203,20991200,51.70935821533203,20991200
2025-02-28 23:00:00,51.807979583740234,20991200,51.807979583740234,20991200,51.807979583740234,20991200
2025-03-03 23:00:00,51.78720474243164,20991200,51.78720474243164,20991200,51.78720474243164,20991200
2025-03-04 23:00:00,51.43107986450195,20991200,51.43107986450195,20991200,51.43107986450195,20991200
2025-03-05 23:00:00,51.3618278503418,20991200,51.3618278503418,20991200,51.3618278503418,20991200
2025-03-06 23:00:00,51.26290512084961,20991200,51.26290512084961,20991200,51.26290512084961,20991200
2025-03-07 23:00:00,51.272804260253906,20991200,51.272804260253906,20991200,51.272804260253906,20991200
2025-03-10 23:00:00,51.3321533203125,20991200,51.3321533203125,20991200,51.3321533203125,20991200
2025-03-11 23:00:00,51.06505584716797,20991200,51.06505584716797,20991200,51.06505584716797,20991200
2025-03-12 23:00:00,51.02548599243164,20991200,51.02548599243164,20991200,51.02548599243164,20991200
2025-03-13 23:00:00,51.23322677612305,20991200,51.23322677612305,20991200,51.23322677612305,20991200
2025-03-14 23:00:00,51.18376541137695,20991200,51.18376541137695,20991200,51.18376541137695,20991200
2025-03-17 23:00:00,51.203548431396484,20991200,51.203548431396484,20991200,51.203548431396484,20991200
2025-03-18 23:00:00,51.213443756103516,20991200,51.213443756103516,20991200,51.213443756103516,20991200
2025-03-19 23:00:00,51.213443756103516,20991200,51.213443756103516,20991200,51.213443756103516,20991200
2025-03-20 23:00:00,51.24312210083008,20991200,51.24312210083008,20991200,51.24312210083008,20991200
2025-03-21 23:00:00,51.16398239135742,20991200,51.16398239135742,20991200,51.16398239135742,20991200
2025-03-24 23:00:00,51.06505584716797,20991200,51.06505584716797,20991200,51.06505584716797,20991200
2025-03-25 23:00:00,50.98591613769531,20991200,50.98591613769531,20991200,50.98591613769531,20991200
2025-03-26 23:00:00,50.451725006103516,20991200,50.451725006103516,20991200,50.451725006103516,20991200
2025-03-27 23:00:00,50.243980407714844,20991200,50.243980407714844,20991200,50.243980407714844,20991200
2025-03-28 23:00:00,50.49129104614258,20991200,50.49129104614258,20991200,50.49129104614258,20991200
2025-03-31 23:00:00,50.62978744506836,20991200,50.62978744506836,20991200,50.62978744506836,20991200
2025-04-01 23:00:00,50.8869514465332,20991200,50.8869514465332,20991200,50.8869514465332,20991200
2025-04-02 23:00:00,50.72808837890625,20991200,50.72808837890625,20991200,50.72808837890625,20991200
2025-04-03 23:00:00,50.986244201660156,20991200,50.986244201660156,20991200,50.986244201660156,20991200
2025-04-04 23:00:00,50.93659973144531,20991200,50.93659973144531,20991200,50.93659973144531,20991200
2025-04-07 23:00:00,49.16920852661133,20991200,49.16920852661133,20991200,49.16920852661133,20991200
2025-04-08 23:00:00,48.73232650756836,20991200,48.73232650756836,20991200,48.73232650756836,20991200
2025-04-09 23:00:00,49.20892333984375,20991200,49.20892333984375,20991200,49.20892333984375,20991200
2025-04-10 23:00:00,49.50680160522461,20991200,49.50680160522461,20991200,49.50680160522461,20991200
2025-04-11 23:00:00,48.911048889160156,20991200,48.911048889160156,20991200,48.911048889160156,20991200
2025-04-14 23:00:00,49.21885299682617,20991200,49.21885299682617,20991200,49.21885299682617,20991200
2025-04-15 23:00:00,49.318145751953125,20991200,49.318145751953125,20991200,49.318145751953125,20991200
2025-04-16 23:00:00,49.44722366333008,20991200,49.44722366333008,20991200,49.44722366333008,20991200
2025-04-17 23:00:00,49.56637191772461,20991200,49.56637191772461,20991200,49.56637191772461,20991200
2025-04-21 23:00:00,49.09970474243164,20991200,49.09970474243164,20991200,49.09970474243164,20991200
2025-04-22 23:00:00,49.04012680053711,20991200,49.04012680053711,20991200,49.04012680053711,20991200
2025-04-23 23:00:00,49.34793472290039,20991200,49.34793472290039,20991200,49.34793472290039,20991200
2025-04-24 23:00:00,49.69545364379883,20991200,49.69545364379883,20991200,49.69545364379883,20991200
2025-04-25 23:00:00,49.79475021362305,20991200,49.79475021362305,20991200,49.79475021362305,20991200
2025-04-28 23:00:00,49.844390869140625,20991200,49.844390869140625,20991200,49.844390869140625,20991200
2025-04-29 23:00:00,49.963539123535156,20991200,49.963539123535156,20991200,49.963539123535156,20991200
2025-04-30 23:00:00,50.04297637939453,20991200,50.04297637939453,20991200,50.04297637939453,20991200
2025-05-01 23:00:00,50.015079498291016,20991200,50.015079498291016,20991200,50.015079498291016,20991200
2025-05-02 23:00:00,49.96526336669922,20991200,49.96526336669922,20991200,49.96526336669922,20991200
2025-05-05 23:00:00,49.79589080810547,20991200,49.79589080810547,20991200,49.79589080810547,20991200
2025-05-06 23:00:00,49.955299377441406,20991200,49.955299377441406,20991200,49.955299377441406,20991200
2025-05-07 23:00:00,50.08481979370117,20991200,50.08481979370117,20991200,50.08481979370117,20991200
2025-05-08 23:00:00,49.845703125,20991200,49.845703125,20991200,49.845703125,20991200
2025-05-09 23:00:00,49.845703125,20991200,49.845703125,20991200,49.845703125,20991200
2025-05-12 23:00:00,49.81581497192383,20991200,49.81581497192383,20991200,49.81581497192383,20991200
2025-05-13 23:00:00,49.91544723510742,20991200,49.91544723510742,20991200,49.91544723510742,20991200
2025-05-14 23:00:00,49.636478424072266,20991200,49.636478424072266,20991200,49.636478424072266,20991200
2025-05-15 23:00:00,49.74607467651367,20991200,49.74607467651367,20991200,49.74607467651367,20991200
2025-05-16 23:00:00,49.74607467651367,20991200,49.74607467651367,20991200,49.74607467651367,20991200
2025-05-19 23:00:00,49.736106872558594,20991200,49.736106872558594,20991200,49.736106872558594,20991200
2025-05-20 23:00:00,49.58666229248047,20991200,49.58666229248047,20991200,49.58666229248047,20991200
2025-05-21 23:00:00,49.3475456237793,20991200,49.3475456237793,20991200,49.3475456237793,20991200
2025-05-22 23:00:00,49.36747360229492,20991200,49.36747360229492,20991200,49.36747360229492,20991200
2025-05-23 23:00:00,49.47706985473633,20991200,49.47706985473633,20991200,49.47706985473633,20991200
2025-05-27 23:00:00,49.736106872558594,20991200,49.736106872558594,20991200,49.736106872558594,20991200
2025-05-28 23:00:00,49.70621871948242,20991200,49.70621871948242,20991200,49.70621871948242,20991200
2025-05-29 23:00:00,49.76599884033203,20991200,49.76599884033203,20991200,49.76599884033203,20991200
2025-05-30 23:00:00,49.76599884033203,20991200,49.76599884033203,20991200,49.76599884033203,20991200
2025-06-02 23:00:00,49.560001373291016,20991200,49.560001373291016,20991200,49.560001373291016,20991200
2025-06-03 23:00:00,49.470001220703125,20991200,49.470001220703125,20991200,49.470001220703125,20991200
2025-06-04 23:00:00,49.619998931884766,20991200,49.619998931884766,20991200,49.619998931884766,20991200
2025-06-05 23:00:00,49.560001373291016,20991200,49.560001373291016,20991200,49.560001373291016,20991200
2025-06-06 23:00:00,49.380001068115234,20991200,49.380001068115234,20991200,49.380001068115234,20991200
2025-06-09 23:00:00,49.529998779296875,20991200,49.529998779296875,20991200,49.529998779296875,20991200
2025-06-10 23:00:00,49.5,20991200,49.5,20991200,49.5,20991200
2025-06-11 23:00:00,49.58000183105469,20991200,49.58000183105469,20991200,49.58000183105469,20991200
2025-06-12 23:00:00,49.81999969482422,20991200,49.81999969482422,20991200,49.81999969482422,20991200
2025-06-13 23:00:00,49.65999984741211,20991200,49.65999984741211,20991200,49.65999984741211,20991200
2025-06-16 23:00:00,49.77000045776367,20991200,49.77000045776367,20991200,49.77000045776367,20991200
2025-06-17 23:00:00,49.880001068115234,20991200,49.880001068115234,20991200,49.880001068115234,20991200
2025-06-18 23:00:00,49.849998474121094,20991200,49.849998474121094,20991200,49.849998474121094,20991200
2025-06-20 23:00:00,49.95000076293945,20991200,49.95000076293945,20991200,49.95000076293945,20991200
