DATETIME,CARRY,CARRY_CONTRACT,PRICE,PRICE_CONTRACT,FORWARD,FORWARD_CONTRACT
2020-01-02 23:00:00,299.9971008300781,20991200,299.9971008300781,20991200,299.9971008300781,20991200
2020-01-03 23:00:00,297.68963623046875,20991200,297.68963623046875,20991200,297.68963623046875,20991200
2020-01-06 23:00:00,298.8662414550781,20991200,298.8662414550781,20991200,298.8662414550781,20991200
2020-01-07 23:00:00,298.04815673828125,20991200,298.04815673828125,20991200,298.04815673828125,20991200
2020-01-08 23:00:00,299.56494140625,20991200,299.56494140625,20991200,299.56494140625,20991200
2020-01-09 23:00:00,301.5875244140625,20991200,301.5875244140625,20991200,301.5875244140625,20991200
2020-01-10 23:00:00,300.7509460449219,20991200,300.7509460449219,20991200,300.7509460449219,20991200
2020-01-13 23:00:00,302.85626220703125,20991200,302.85626220703125,20991200,302.85626220703125,20991200
2020-01-14 23:00:00,302.3873596191406,20991200,302.3873596191406,20991200,302.3873596191406,20991200
2020-01-15 23:00:00,303.0676574707031,20991200,303.0676574707031,20991200,303.0676574707031,20991200
2020-01-16 23:00:00,305.5867004394531,20991200,305.5867004394531,20991200,305.5867004394531,20991200
2020-01-17 23:00:00,306.597900390625,20991200,306.597900390625,20991200,306.597900390625,20991200
2020-01-21 23:00:00,305.9359436035156,20991200,305.9359436035156,20991200,305.9359436035156,20991200
2020-01-22 23:00:00,306.0003967285156,20991200,306.0003967285156,20991200,306.0003967285156,20991200
2020-01-23 23:00:00,306.3773193359375,20991200,306.3773193359375,20991200,306.3773193359375,20991200
2020-01-24 23:00:00,303.5916748046875,20991200,303.5916748046875,20991200,303.5916748046875,20991200
2020-01-27 23:00:00,298.6640625,20991200,298.6640625,20991200,298.6640625,20991200
2020-01-28 23:00:00,301.844970703125,20991200,301.844970703125,20991200,301.844970703125,20991200
2020-01-29 23:00:00,301.63348388671875,20991200,301.63348388671875,20991200,301.63348388671875,20991200
2020-01-30 23:00:00,302.54364013671875,20991200,302.54364013671875,20991200,302.54364013671875,20991200
2020-01-31 23:00:00,297.16552734375,20991200,297.16552734375,20991200,297.16552734375,20991200
2020-02-03 23:00:00,299.2983703613281,20991200,299.2983703613281,20991200,299.2983703613281,20991200
2020-02-04 23:00:00,303.9410095214844,20991200,303.9410095214844,20991200,303.9410095214844,20991200
2020-02-05 23:00:00,307.32427978515625,20991200,307.32427978515625,20991200,307.32427978515625,20991200
2020-02-06 23:00:00,308.5009460449219,20991200,308.5009460449219,20991200,308.5009460449219,20991200
2020-02-07 23:00:00,306.82769775390625,20991200,306.82769775390625,20991200,306.82769775390625,20991200
2020-02-10 23:00:00,309.09844970703125,20991200,309.09844970703125,20991200,309.09844970703125,20991200
2020-02-11 23:00:00,309.6684875488281,20991200,309.6684875488281,20991200,309.6684875488281,20991200
2020-02-12 23:00:00,311.65423583984375,20991200,311.65423583984375,20991200,311.65423583984375,20991200
2020-02-13 23:00:00,311.2680969238281,20991200,311.2680969238281,20991200,311.2680969238281,20991200
2020-02-14 23:00:00,311.7185974121094,20991200,311.7185974121094,20991200,311.7185974121094,20991200
2020-02-18 23:00:00,310.9739685058594,20991200,310.9739685058594,20991200,310.9739685058594,20991200
2020-02-19 23:00:00,312.4632568359375,20991200,312.4632568359375,20991200,312.4632568359375,20991200
2020-02-20 23:00:00,311.18536376953125,20991200,311.18536376953125,20991200,311.18536376953125,20991200
2020-02-21 23:00:00,307.9860534667969,20991200,307.9860534667969,20991200,307.9860534667969,20991200
2020-02-24 23:00:00,297.7078857421875,20991200,297.7078857421875,20991200,297.7078857421875,20991200
2020-02-25 23:00:00,288.78125,20991200,288.78125,20991200,288.78125,20991200
2020-02-26 23:00:00,287.66876220703125,20991200,287.66876220703125,20991200,287.66876220703125,20991200
2020-02-27 23:00:00,274.6142883300781,20991200,274.6142883300781,20991200,274.6142883300781,20991200
2020-02-28 23:00:00,272.0401611328125,20991200,272.0401611328125,20991200,272.0401611328125,20991200
2020-03-02 23:00:00,285.3612976074219,20991200,285.3612976074219,20991200,285.3612976074219,20991200
2020-03-03 23:00:00,277.1791687011719,20991200,277.1791687011719,20991200,277.1791687011719,20991200
2020-03-04 23:00:00,289.3603515625,20991200,289.3603515625,20991200,289.3603515625,20991200
2020-03-05 23:00:00,279.2569580078125,20991200,279.2569580078125,20991200,279.2569580078125,20991200
2020-03-06 23:00:00,274.6051025390625,20991200,274.6051025390625,20991200,274.6051025390625,20991200
2020-03-09 23:00:00,252.63299560546875,20991200,252.63299560546875,20991200,252.63299560546875,20991200
2020-03-10 23:00:00,266.1931457519531,20991200,266.1931457519531,20991200,266.1931457519531,20991200
2020-03-11 23:00:00,253.2489471435547,20991200,253.2489471435547,20991200,253.2489471435547,20991200
2020-03-12 23:00:00,228.8773956298828,20991200,228.8773956298828,20991200,228.8773956298828,20991200
2020-03-13 23:00:00,249.6451873779297,20991200,249.6451873779297,20991200,249.6451873779297,20991200
2020-03-16 23:00:00,220.75051879882812,20991200,220.75051879882812,20991200,220.75051879882812,20991200
2020-03-17 23:00:00,234.78872680664062,20991200,234.78872680664062,20991200,234.78872680664062,20991200
2020-03-18 23:00:00,221.71578979492188,20991200,221.71578979492188,20991200,221.71578979492188,20991200
2020-03-19 23:00:00,222.5339813232422,20991200,222.5339813232422,20991200,222.5339813232422,20991200
2020-03-20 23:00:00,212.51324462890625,20991200,212.51324462890625,20991200,212.51324462890625,20991200
2020-03-23 23:00:00,206.5283966064453,20991200,206.5283966064453,20991200,206.5283966064453,20991200
2020-03-24 23:00:00,226.0458526611328,20991200,226.0458526611328,20991200,226.0458526611328,20991200
2020-03-25 23:00:00,228.9330291748047,20991200,228.9330291748047,20991200,228.9330291748047,20991200
2020-03-26 23:00:00,242.7169647216797,20991200,242.7169647216797,20991200,242.7169647216797,20991200
2020-03-27 23:00:00,235.1959686279297,20991200,235.1959686279297,20991200,235.1959686279297,20991200
2020-03-30 23:00:00,242.7077178955078,20991200,242.7077178955078,20991200,242.7077178955078,20991200
2020-03-31 23:00:00,239.0443115234375,20991200,239.0443115234375,20991200,239.0443115234375,20991200
2020-04-01 23:00:00,228.3132781982422,20991200,228.3132781982422,20991200,228.3132781982422,20991200
2020-04-02 23:00:00,233.66954040527344,20991200,233.66954040527344,20991200,233.66954040527344,20991200
2020-04-03 23:00:00,230.36697387695312,20991200,230.36697387695312,20991200,230.36697387695312,20991200
2020-04-06 23:00:00,245.89004516601562,20991200,245.89004516601562,20991200,245.89004516601562,20991200
2020-04-07 23:00:00,245.9918670654297,20991200,245.9918670654297,20991200,245.9918670654297,20991200
2020-04-08 23:00:00,254.40089416503906,20991200,254.40089416503906,20991200,254.40089416503906,20991200
2020-04-09 23:00:00,258.21234130859375,20991200,258.21234130859375,20991200,258.21234130859375,20991200
2020-04-13 23:00:00,255.73304748535156,20991200,255.73304748535156,20991200,255.73304748535156,20991200
2020-04-14 23:00:00,263.4945983886719,20991200,263.4945983886719,20991200,263.4945983886719,20991200
2020-04-15 23:00:00,257.7034606933594,20991200,257.7034606933594,20991200,257.7034606933594,20991200
2020-04-16 23:00:00,259.0726318359375,20991200,259.0726318359375,20991200,259.0726318359375,20991200
2020-04-17 23:00:00,266.03863525390625,20991200,266.03863525390625,20991200,266.03863525390625,20991200
2020-04-20 23:00:00,261.3021240234375,20991200,261.3021240234375,20991200,261.3021240234375,20991200
2020-04-21 23:00:00,253.34629821777344,20991200,253.34629821777344,20991200,253.34629821777344,20991200
2020-04-22 23:00:00,259.0819091796875,20991200,259.0819091796875,20991200,259.0819091796875,20991200
2020-04-23 23:00:00,259.0079040527344,20991200,259.0079040527344,20991200,259.0079040527344,20991200
2020-04-24 23:00:00,262.6342468261719,20991200,262.6342468261719,20991200,262.6342468261719,20991200
2020-04-27 23:00:00,266.6028747558594,20991200,266.6028747558594,20991200,266.6028747558594,20991200
2020-04-28 23:00:00,265.1689758300781,20991200,265.1689758300781,20991200,265.1689758300781,20991200
2020-04-29 23:00:00,272.0980224609375,20991200,272.0980224609375,20991200,272.0980224609375,20991200
2020-04-30 23:00:00,269.3504638671875,20991200,269.3504638671875,20991200,269.3504638671875,20991200
2020-05-01 23:00:00,262.2919006347656,20991200,262.2919006347656,20991200,262.2919006347656,20991200
2020-05-04 23:00:00,263.3095397949219,20991200,263.3095397949219,20991200,263.3095397949219,20991200
2020-05-05 23:00:00,265.631591796875,20991200,265.631591796875,20991200,265.631591796875,20991200
2020-05-06 23:00:00,263.883056640625,20991200,263.883056640625,20991200,263.883056640625,20991200
2020-05-07 23:00:00,267.0099792480469,20991200,267.0099792480469,20991200,267.0099792480469,20991200
2020-05-08 23:00:00,271.4781494140625,20991200,271.4781494140625,20991200,271.4781494140625,20991200
2020-05-11 23:00:00,271.4688720703125,20991200,271.4688720703125,20991200,271.4688720703125,20991200
2020-05-12 23:00:00,265.9368896484375,20991200,265.9368896484375,20991200,265.9368896484375,20991200
2020-05-13 23:00:00,261.3761291503906,20991200,261.3761291503906,20991200,261.3761291503906,20991200
2020-05-14 23:00:00,264.50299072265625,20991200,264.50299072265625,20991200,264.50299072265625,20991200
2020-05-15 23:00:00,265.65008544921875,20991200,265.65008544921875,20991200,265.65008544921875,20991200
2020-05-18 23:00:00,273.8649597167969,20991200,273.8649597167969,20991200,273.8649597167969,20991200
2020-05-19 23:00:00,271.0433654785156,20991200,271.0433654785156,20991200,271.0433654785156,20991200
2020-05-20 23:00:00,275.6688537597656,20991200,275.6688537597656,20991200,275.6688537597656,20991200
2020-05-21 23:00:00,273.6520690917969,20991200,273.6520690917969,20991200,273.6520690917969,20991200
2020-05-22 23:00:00,274.20721435546875,20991200,274.20721435546875,20991200,274.20721435546875,20991200
2020-05-26 23:00:00,277.6855773925781,20991200,277.6855773925781,20991200,277.6855773925781,20991200
2020-05-27 23:00:00,281.7374267578125,20991200,281.7374267578125,20991200,281.7374267578125,20991200
2020-05-28 23:00:00,281.1824035644531,20991200,281.1824035644531,20991200,281.1824035644531,20991200
2020-05-29 23:00:00,282.32025146484375,20991200,282.32025146484375,20991200,282.32025146484375,20991200
2020-06-01 23:00:00,283.70782470703125,20991200,283.70782470703125,20991200,283.70782470703125,20991200
2020-06-02 23:00:00,286.0668640136719,20991200,286.0668640136719,20991200,286.0668640136719,20991200
2020-06-03 23:00:00,289.915283203125,20991200,289.915283203125,20991200,289.915283203125,20991200
2020-06-04 23:00:00,288.94390869140625,20991200,288.94390869140625,20991200,288.94390869140625,20991200
2020-06-05 23:00:00,296.4742736816406,20991200,296.4742736816406,20991200,296.4742736816406,20991200
2020-06-08 23:00:00,300.1006164550781,20991200,300.1006164550781,20991200,300.1006164550781,20991200
2020-06-09 23:00:00,297.88958740234375,20991200,297.88958740234375,20991200,297.88958740234375,20991200
2020-06-10 23:00:00,296.1319580078125,20991200,296.1319580078125,20991200,296.1319580078125,20991200
2020-06-11 23:00:00,278.9991149902344,20991200,278.9991149902344,20991200,278.9991149902344,20991200
2020-06-12 23:00:00,282.4868469238281,20991200,282.4868469238281,20991200,282.4868469238281,20991200
2020-06-15 23:00:00,285.0793762207031,20991200,285.0793762207031,20991200,285.0793762207031,20991200
2020-06-16 23:00:00,290.5600891113281,20991200,290.5600891113281,20991200,290.5600891113281,20991200
2020-06-17 23:00:00,289.25030517578125,20991200,289.25030517578125,20991200,289.25030517578125,20991200
2020-06-18 23:00:00,289.4732971191406,20991200,289.4732971191406,20991200,289.4732971191406,20991200
2020-06-19 23:00:00,287.70831298828125,20991200,287.70831298828125,20991200,287.70831298828125,20991200
2020-06-22 23:00:00,289.7705078125,20991200,289.7705078125,20991200,289.7705078125,20991200
2020-06-23 23:00:00,290.9502258300781,20991200,290.9502258300781,20991200,290.9502258300781,20991200
2020-06-24 23:00:00,283.6024475097656,20991200,283.6024475097656,20991200,283.6024475097656,20991200
2020-06-25 23:00:00,286.5749816894531,20991200,286.5749816894531,20991200,286.5749816894531,20991200
2020-06-26 23:00:00,279.7380065917969,20991200,279.7380065917969,20991200,279.7380065917969,20991200
2020-06-29 23:00:00,283.9368896484375,20991200,283.9368896484375,20991200,283.9368896484375,20991200
2020-06-30 23:00:00,287.6804504394531,20991200,287.6804504394531,20991200,287.6804504394531,20991200
2020-07-01 23:00:00,289.6497497558594,20991200,289.6497497558594,20991200,289.6497497558594,20991200
2020-07-02 23:00:00,291.1731872558594,20991200,291.1731872558594,20991200,291.1731872558594,20991200
2020-07-06 23:00:00,295.64141845703125,20991200,295.64141845703125,20991200,295.64141845703125,20991200
2020-07-07 23:00:00,292.59442138671875,20991200,292.59442138671875,20991200,292.59442138671875,20991200
2020-07-08 23:00:00,294.7774353027344,20991200,294.7774353027344,20991200,294.7774353027344,20991200
2020-07-09 23:00:00,293.2818298339844,20991200,293.2818298339844,20991200,293.2818298339844,20991200
2020-07-10 23:00:00,296.23583984375,20991200,296.23583984375,20991200,296.23583984375,20991200
2020-07-13 23:00:00,293.60699462890625,20991200,293.60699462890625,20991200,293.60699462890625,20991200
2020-07-14 23:00:00,297.41558837890625,20991200,297.41558837890625,20991200,297.41558837890625,20991200
2020-07-15 23:00:00,300.1930847167969,20991200,300.1930847167969,20991200,300.1930847167969,20991200
2020-07-16 23:00:00,299.1527404785156,20991200,299.1527404785156,20991200,299.1527404785156,20991200
2020-07-17 23:00:00,300.03515625,20991200,300.03515625,20991200,300.03515625,20991200
2020-07-20 23:00:00,302.51544189453125,20991200,302.51544189453125,20991200,302.51544189453125,20991200
2020-07-21 23:00:00,303.0635070800781,20991200,303.0635070800781,20991200,303.0635070800781,20991200
2020-07-22 23:00:00,304.8470458984375,20991200,304.8470458984375,20991200,304.8470458984375,20991200
2020-07-23 23:00:00,301.15924072265625,20991200,301.15924072265625,20991200,301.15924072265625,20991200
2020-07-24 23:00:00,299.2363586425781,20991200,299.2363586425781,20991200,299.2363586425781,20991200
2020-07-27 23:00:00,301.4378662109375,20991200,301.4378662109375,20991200,301.4378662109375,20991200
2020-07-28 23:00:00,299.5799865722656,20991200,299.5799865722656,20991200,299.5799865722656,20991200
2020-07-29 23:00:00,303.1842956542969,20991200,303.1842956542969,20991200,303.1842956542969,20991200
2020-07-30 23:00:00,302.1438293457031,20991200,302.1438293457031,20991200,302.1438293457031,20991200
2020-07-31 23:00:00,304.5219421386719,20991200,304.5219421386719,20991200,304.5219421386719,20991200
2020-08-03 23:00:00,306.64910888671875,20991200,306.64910888671875,20991200,306.64910888671875,20991200
2020-08-04 23:00:00,307.7546081542969,20991200,307.7546081542969,20991200,307.7546081542969,20991200
2020-08-05 23:00:00,309.7518005371094,20991200,309.7518005371094,20991200,309.7518005371094,20991200
2020-08-06 23:00:00,311.85113525390625,20991200,311.85113525390625,20991200,311.85113525390625,20991200
2020-08-07 23:00:00,312.0741882324219,20991200,312.0741882324219,20991200,312.0741882324219,20991200
2020-08-10 23:00:00,313.0123596191406,20991200,313.0123596191406,20991200,313.0123596191406,20991200
2020-08-11 23:00:00,310.392822265625,20991200,310.392822265625,20991200,310.392822265625,20991200
2020-08-12 23:00:00,314.7215881347656,20991200,314.7215881347656,20991200,314.7215881347656,20991200
2020-08-13 23:00:00,314.1828308105469,20991200,314.1828308105469,20991200,314.1828308105469,20991200
2020-08-14 23:00:00,314.15496826171875,20991200,314.15496826171875,20991200,314.15496826171875,20991200
2020-08-17 23:00:00,315.16741943359375,20991200,315.16741943359375,20991200,315.16741943359375,20991200
2020-08-18 23:00:00,315.8363342285156,20991200,315.8363342285156,20991200,315.8363342285156,20991200
2020-08-19 23:00:00,314.5543518066406,20991200,314.5543518066406,20991200,314.5543518066406,20991200
2020-08-20 23:00:00,315.5204772949219,20991200,315.5204772949219,20991200,315.5204772949219,20991200
2020-08-21 23:00:00,316.62591552734375,20991200,316.62591552734375,20991200,316.62591552734375,20991200
2020-08-24 23:00:00,319.8771667480469,20991200,319.8771667480469,20991200,319.8771667480469,20991200
2020-08-25 23:00:00,320.93609619140625,20991200,320.93609619140625,20991200,320.93609619140625,20991200
2020-08-26 23:00:00,324.1966552734375,20991200,324.1966552734375,20991200,324.1966552734375,20991200
2020-08-27 23:00:00,324.90264892578125,20991200,324.90264892578125,20991200,324.90264892578125,20991200
2020-08-28 23:00:00,326.98345947265625,20991200,326.98345947265625,20991200,326.98345947265625,20991200
2020-08-31 23:00:00,325.84088134765625,20991200,325.84088134765625,20991200,325.84088134765625,20991200
2020-09-01 23:00:00,328.8970947265625,20991200,328.8970947265625,20991200,328.8970947265625,20991200
2020-09-02 23:00:00,333.70892333984375,20991200,333.70892333984375,20991200,333.70892333984375,20991200
2020-09-03 23:00:00,322.17156982421875,20991200,322.17156982421875,20991200,322.17156982421875,20991200
2020-09-04 23:00:00,319.5334777832031,20991200,319.5334777832031,20991200,319.5334777832031,20991200
2020-09-08 23:00:00,310.8480224609375,20991200,310.8480224609375,20991200,310.8480224609375,20991200
2020-09-09 23:00:00,316.93243408203125,20991200,316.93243408203125,20991200,316.93243408203125,20991200
2020-09-10 23:00:00,311.39605712890625,20991200,311.39605712890625,20991200,311.39605712890625,20991200
2020-09-11 23:00:00,311.5446472167969,20991200,311.5446472167969,20991200,311.5446472167969,20991200
2020-09-14 23:00:00,315.6876525878906,20991200,315.6876525878906,20991200,315.6876525878906,20991200
2020-09-15 23:00:00,317.29473876953125,20991200,317.29473876953125,20991200,317.29473876953125,20991200
2020-09-16 23:00:00,316.0313415527344,20991200,316.0313415527344,20991200,316.0313415527344,20991200
2020-09-17 23:00:00,313.3188781738281,20991200,313.3188781738281,20991200,313.3188781738281,20991200
2020-09-18 23:00:00,309.64959716796875,20991200,309.64959716796875,20991200,309.64959716796875,20991200
2020-09-21 23:00:00,306.20330810546875,20991200,306.20330810546875,20991200,306.20330810546875,20991200
2020-09-22 23:00:00,309.30596923828125,20991200,309.30596923828125,20991200,309.30596923828125,20991200
2020-09-23 23:00:00,302.1076354980469,20991200,302.1076354980469,20991200,302.1076354980469,20991200
2020-09-24 23:00:00,302.9007568359375,20991200,302.9007568359375,20991200,302.9007568359375,20991200
2020-09-25 23:00:00,307.82781982421875,20991200,307.82781982421875,20991200,307.82781982421875,20991200
2020-09-28 23:00:00,312.94140625,20991200,312.94140625,20991200,312.94140625,20991200
2020-09-29 23:00:00,311.2151794433594,20991200,311.2151794433594,20991200,311.2151794433594,20991200
2020-09-30 23:00:00,313.59466552734375,20991200,313.59466552734375,20991200,313.59466552734375,20991200
2020-10-01 23:00:00,315.62896728515625,20991200,315.62896728515625,20991200,315.62896728515625,20991200
2020-10-02 23:00:00,312.65216064453125,20991200,312.65216064453125,20991200,312.65216064453125,20991200
2020-10-05 23:00:00,318.111083984375,20991200,318.111083984375,20991200,318.111083984375,20991200
2020-10-06 23:00:00,313.59466552734375,20991200,313.59466552734375,20991200,313.59466552734375,20991200
2020-10-07 23:00:00,319.04425048828125,20991200,319.04425048828125,20991200,319.04425048828125,20991200
2020-10-08 23:00:00,321.9184265136719,20991200,321.9184265136719,20991200,321.9184265136719,20991200
2020-10-09 23:00:00,324.745849609375,20991200,324.745849609375,20991200,324.745849609375,20991200
2020-10-12 23:00:00,330.0461120605469,20991200,330.0461120605469,20991200,330.0461120605469,20991200
2020-10-13 23:00:00,327.8998718261719,20991200,327.8998718261719,20991200,327.8998718261719,20991200
2020-10-14 23:00:00,325.8469543457031,20991200,325.8469543457031,20991200,325.8469543457031,20991200
2020-10-15 23:00:00,325.44580078125,20991200,325.44580078125,20991200,325.44580078125,20991200
2020-10-16 23:00:00,325.15643310546875,20991200,325.15643310546875,20991200,325.15643310546875,20991200
2020-10-19 23:00:00,320.2760314941406,20991200,320.2760314941406,20991200,320.2760314941406,20991200
2020-10-20 23:00:00,321.5357971191406,20991200,321.5357971191406,20991200,321.5357971191406,20991200
2020-10-21 23:00:00,320.91058349609375,20991200,320.91058349609375,20991200,320.91058349609375,20991200
2020-10-22 23:00:00,322.7395324707031,20991200,322.7395324707031,20991200,322.7395324707031,20991200
2020-10-23 23:00:00,323.7659606933594,20991200,323.7659606933594,20991200,323.7659606933594,20991200
2020-10-26 23:00:00,317.82183837890625,20991200,317.82183837890625,20991200,317.82183837890625,20991200
2020-10-27 23:00:00,316.73944091796875,20991200,316.73944091796875,20991200,316.73944091796875,20991200
2020-10-28 23:00:00,305.9615173339844,20991200,305.9615173339844,20991200,305.9615173339844,20991200
2020-10-29 23:00:00,309.0129089355469,20991200,309.0129089355469,20991200,309.0129089355469,20991200
2020-10-30 23:00:00,305.7188720703125,20991200,305.7188720703125,20991200,305.7188720703125,20991200
2020-11-02 23:00:00,309.2088623046875,20991200,309.2088623046875,20991200,309.2088623046875,20991200
2020-11-03 23:00:00,314.7331848144531,20991200,314.7331848144531,20991200,314.7331848144531,20991200
2020-11-04 23:00:00,321.6850891113281,20991200,321.6850891113281,20991200,321.6850891113281,20991200
2020-11-05 23:00:00,327.97454833984375,20991200,327.97454833984375,20991200,327.97454833984375,20991200
2020-11-06 23:00:00,327.9465637207031,20991200,327.9465637207031,20991200,327.9465637207031,20991200
2020-11-09 23:00:00,332.0430603027344,20991200,332.0430603027344,20991200,332.0430603027344,20991200
2020-11-10 23:00:00,331.6138610839844,20991200,331.6138610839844,20991200,331.6138610839844,20991200
2020-11-11 23:00:00,334.0027160644531,20991200,334.0027160644531,20991200,334.0027160644531,20991200
2020-11-12 23:00:00,330.82061767578125,20991200,330.82061767578125,20991200,330.82061767578125,20991200
2020-11-13 23:00:00,335.3184814453125,20991200,335.3184814453125,20991200,335.3184814453125,20991200
2020-11-16 23:00:00,339.4802551269531,20991200,339.4802551269531,20991200,339.4802551269531,20991200
2020-11-17 23:00:00,337.7539978027344,20991200,337.7539978027344,20991200,337.7539978027344,20991200
2020-11-18 23:00:00,333.68548583984375,20991200,333.68548583984375,20991200,333.68548583984375,20991200
2020-11-19 23:00:00,335.0385437011719,20991200,335.0385437011719,20991200,335.0385437011719,20991200
2020-11-20 23:00:00,332.78961181640625,20991200,332.78961181640625,20991200,332.78961181640625,20991200
2020-11-23 23:00:00,334.7864990234375,20991200,334.7864990234375,20991200,334.7864990234375,20991200
2020-11-24 23:00:00,340.142822265625,20991200,340.142822265625,20991200,340.142822265625,20991200
2020-11-25 23:00:00,339.6576232910156,20991200,339.6576232910156,20991200,339.6576232910156,20991200
2020-11-27 23:00:00,340.5813903808594,20991200,340.5813903808594,20991200,340.5813903808594,20991200
2020-11-30 23:00:00,339.0323791503906,20991200,339.0323791503906,20991200,339.0323791503906,20991200
2020-12-01 23:00:00,342.76495361328125,20991200,342.76495361328125,20991200,342.76495361328125,20991200
2020-12-02 23:00:00,343.4928283691406,20991200,343.4928283691406,20991200,343.4928283691406,20991200
2020-12-03 23:00:00,343.4275207519531,20991200,343.4275207519531,20991200,343.4275207519531,20991200
2020-12-04 23:00:00,346.37628173828125,20991200,346.37628173828125,20991200,346.37628173828125,20991200
2020-12-07 23:00:00,345.73236083984375,20991200,345.73236083984375,20991200,345.73236083984375,20991200
2020-12-08 23:00:00,346.6935729980469,20991200,346.6935729980469,20991200,346.6935729980469,20991200
2020-12-09 23:00:00,343.6607360839844,20991200,343.6607360839844,20991200,343.6607360839844,20991200
2020-12-10 23:00:00,343.47418212890625,20991200,343.47418212890625,20991200,343.47418212890625,20991200
2020-12-11 23:00:00,343.0448913574219,20991200,343.0448913574219,20991200,343.0448913574219,20991200
2020-12-14 23:00:00,341.4891052246094,20991200,341.4891052246094,20991200,341.4891052246094,20991200
2020-12-15 23:00:00,346.1378173828125,20991200,346.1378173828125,20991200,346.1378173828125,20991200
2020-12-16 23:00:00,346.6907958984375,20991200,346.6907958984375,20991200,346.6907958984375,20991200
2020-12-17 23:00:00,348.62164306640625,20991200,348.62164306640625,20991200,348.62164306640625,20991200
2020-12-18 23:00:00,347.2438049316406,20991200,347.2438049316406,20991200,347.2438049316406,20991200
2020-12-21 23:00:00,346.100341796875,20991200,346.100341796875,20991200,346.100341796875,20991200
2020-12-22 23:00:00,345.4349365234375,20991200,345.4349365234375,20991200,345.4349365234375,20991200
2020-12-23 23:00:00,345.7348937988281,20991200,345.7348937988281,20991200,345.7348937988281,20991200
2020-12-24 23:00:00,347.0750732421875,20991200,347.0750732421875,20991200,347.0750732421875,20991200
2020-12-28 23:00:00,350.0931396484375,20991200,350.0931396484375,20991200,350.0931396484375,20991200
2020-12-29 23:00:00,349.4182434082031,20991200,349.4182434082031,20991200,349.4182434082031,20991200
2020-12-30 23:00:00,349.8775329589844,20991200,349.8775329589844,20991200,349.8775329589844,20991200
2020-12-31 23:00:00,351.83636474609375,20991200,351.83636474609375,20991200,351.83636474609375,20991200
2021-01-04 23:00:00,346.9908142089844,20991200,346.9908142089844,20991200,346.9908142089844,20991200
2021-01-05 23:00:00,349.2869873046875,20991200,349.2869873046875,20991200,349.2869873046875,20991200
2021-01-06 23:00:00,351.3959045410156,20991200,351.3959045410156,20991200,351.3959045410156,20991200
2021-01-07 23:00:00,356.5976867675781,20991200,356.5976867675781,20991200,356.5976867675781,20991200
2021-01-08 23:00:00,358.6315002441406,20991200,358.6315002441406,20991200,358.6315002441406,20991200
2021-01-11 23:00:00,356.2883605957031,20991200,356.2883605957031,20991200,356.2883605957031,20991200
2021-01-12 23:00:00,356.3445739746094,20991200,356.3445739746094,20991200,356.3445739746094,20991200
2021-01-13 23:00:00,357.2442932128906,20991200,357.2442932128906,20991200,357.2442932128906,20991200
2021-01-14 23:00:00,356.00714111328125,20991200,356.00714111328125,20991200,356.00714111328125,20991200
2021-01-15 23:00:00,353.43902587890625,20991200,353.43902587890625,20991200,353.43902587890625,20991200
2021-01-19 23:00:00,356.2039794921875,20991200,356.2039794921875,20991200,356.2039794921875,20991200
2021-01-20 23:00:00,361.1058044433594,20991200,361.1058044433594,20991200,361.1058044433594,20991200
2021-01-21 23:00:00,361.4245300292969,20991200,361.4245300292969,20991200,361.4245300292969,20991200
2021-01-22 23:00:00,360.19671630859375,20991200,360.19671630859375,20991200,360.19671630859375,20991200
2021-01-25 23:00:00,361.6306457519531,20991200,361.6306457519531,20991200,361.6306457519531,20991200
2021-01-26 23:00:00,361.096435546875,20991200,361.096435546875,20991200,361.096435546875,20991200
2021-01-27 23:00:00,352.2862548828125,20991200,352.2862548828125,20991200,352.2862548828125,20991200
2021-01-28 23:00:00,355.2667236328125,20991200,355.2667236328125,20991200,355.2667236328125,20991200
2021-01-29 23:00:00,348.20916748046875,20991200,348.20916748046875,20991200,348.20916748046875,20991200
2021-02-01 23:00:00,353.9076843261719,20991200,353.9076843261719,20991200,353.9076843261719,20991200
2021-02-02 23:00:00,358.9314270019531,20991200,358.9314270019531,20991200,358.9314270019531,20991200
2021-02-03 23:00:00,359.21258544921875,20991200,359.21258544921875,20991200,359.21258544921875,20991200
2021-02-04 23:00:00,363.2802429199219,20991200,363.2802429199219,20991200,363.2802429199219,20991200
2021-02-05 23:00:00,364.704833984375,20991200,364.704833984375,20991200,364.704833984375,20991200
2021-02-08 23:00:00,367.4510192871094,20991200,367.4510192871094,20991200,367.4510192871094,20991200
2021-02-09 23:00:00,367.1417541503906,20991200,367.1417541503906,20991200,367.1417541503906,20991200
2021-02-10 23:00:00,366.9918212890625,20991200,366.9918212890625,20991200,366.9918212890625,20991200
2021-02-11 23:00:00,367.6103820800781,20991200,367.6103820800781,20991200,367.6103820800781,20991200
2021-02-12 23:00:00,369.44744873046875,20991200,369.44744873046875,20991200,369.44744873046875,20991200
2021-02-16 23:00:00,369.1568908691406,20991200,369.1568908691406,20991200,369.1568908691406,20991200
2021-02-17 23:00:00,369.2037353515625,20991200,369.2037353515625,20991200,369.2037353515625,20991200
2021-02-18 23:00:00,367.63848876953125,20991200,367.63848876953125,20991200,367.63848876953125,20991200
2021-02-19 23:00:00,366.9449462890625,20991200,366.9449462890625,20991200,366.9449462890625,20991200
2021-02-22 23:00:00,364.1519470214844,20991200,364.1519470214844,20991200,364.1519470214844,20991200
2021-02-23 23:00:00,364.5362548828125,20991200,364.5362548828125,20991200,364.5362548828125,20991200
2021-02-24 23:00:00,368.5382385253906,20991200,368.5382385253906,20991200,368.5382385253906,20991200
2021-02-25 23:00:00,359.699951171875,20991200,359.699951171875,20991200,359.699951171875,20991200
2021-02-26 23:00:00,357.816162109375,20991200,357.816162109375,20991200,357.816162109375,20991200
2021-03-01 23:00:00,366.4950866699219,20991200,366.4950866699219,20991200,366.4950866699219,20991200
2021-03-02 23:00:00,363.67388916015625,20991200,363.67388916015625,20991200,363.67388916015625,20991200
2021-03-03 23:00:00,358.8188781738281,20991200,358.8188781738281,20991200,358.8188781738281,20991200
2021-03-04 23:00:00,354.3763732910156,20991200,354.3763732910156,20991200,354.3763732910156,20991200
2021-03-05 23:00:00,360.90899658203125,20991200,360.90899658203125,20991200,360.90899658203125,20991200
2021-03-08 23:00:00,359.1470031738281,20991200,359.1470031738281,20991200,359.1470031738281,20991200
2021-03-09 23:00:00,364.2081604003906,20991200,364.2081604003906,20991200,364.2081604003906,20991200
2021-03-10 23:00:00,366.4388732910156,20991200,366.4388732910156,20991200,366.4388732910156,20991200
2021-03-11 23:00:00,370.20654296875,20991200,370.20654296875,20991200,370.20654296875,20991200
2021-03-12 23:00:00,370.7877502441406,20991200,370.7877502441406,20991200,370.7877502441406,20991200
2021-03-15 23:00:00,373.037109375,20991200,373.037109375,20991200,373.037109375,20991200
2021-03-16 23:00:00,372.5121765136719,20991200,372.5121765136719,20991200,372.5121765136719,20991200
2021-03-17 23:00:00,373.73065185546875,20991200,373.73065185546875,20991200,373.73065185546875,20991200
2021-03-18 23:00:00,368.2757873535156,20991200,368.2757873535156,20991200,368.2757873535156,20991200
2021-03-19 23:00:00,367.5917053222656,20991200,367.5917053222656,20991200,367.5917053222656,20991200
2021-03-22 23:00:00,370.49713134765625,20991200,370.49713134765625,20991200,370.49713134765625,20991200
2021-03-23 23:00:00,367.6103820800781,20991200,367.6103820800781,20991200,367.6103820800781,20991200
2021-03-24 23:00:00,365.7264709472656,20991200,365.7264709472656,20991200,365.7264709472656,20991200
2021-03-25 23:00:00,367.8152160644531,20991200,367.8152160644531,20991200,367.8152160644531,20991200
2021-03-26 23:00:00,373.7679748535156,20991200,373.7679748535156,20991200,373.7679748535156,20991200
2021-03-29 23:00:00,373.5799255371094,20991200,373.5799255371094,20991200,373.5799255371094,20991200
2021-03-30 23:00:00,372.6583251953125,20991200,372.6583251953125,20991200,372.6583251953125,20991200
2021-03-31 23:00:00,374.1159362792969,20991200,374.1159362792969,20991200,374.1159362792969,20991200
2021-04-01 23:00:00,378.12213134765625,20991200,378.12213134765625,20991200,378.12213134765625,20991200
2021-04-05 23:00:00,383.54833984375,20991200,383.54833984375,20991200,383.54833984375,20991200
2021-04-06 23:00:00,383.3132019042969,20991200,383.3132019042969,20991200,383.3132019042969,20991200
2021-04-07 23:00:00,383.7928161621094,20991200,383.7928161621094,20991200,383.7928161621094,20991200
2021-04-08 23:00:00,385.57958984375,20991200,385.57958984375,20991200,385.57958984375,20991200
2021-04-09 23:00:00,388.3726806640625,20991200,388.3726806640625,20991200,388.3726806640625,20991200
2021-04-12 23:00:00,388.53253173828125,20991200,388.53253173828125,20991200,388.53253173828125,20991200
2021-04-13 23:00:00,389.67041015625,20991200,389.67041015625,20991200,389.67041015625,20991200
2021-04-14 23:00:00,388.3726806640625,20991200,388.3726806640625,20991200,388.3726806640625,20991200
2021-04-15 23:00:00,392.5480651855469,20991200,392.5480651855469,20991200,392.5480651855469,20991200
2021-04-16 23:00:00,393.9304504394531,20991200,393.9304504394531,20991200,393.9304504394531,20991200
2021-04-19 23:00:00,392.00262451171875,20991200,392.00262451171875,20991200,392.00262451171875,20991200
2021-04-20 23:00:00,389.1532287597656,20991200,389.1532287597656,20991200,389.1532287597656,20991200
2021-04-21 23:00:00,392.79266357421875,20991200,392.79266357421875,20991200,392.79266357421875,20991200
2021-04-22 23:00:00,389.30364990234375,20991200,389.30364990234375,20991200,389.30364990234375,20991200
2021-04-23 23:00:00,393.38507080078125,20991200,393.38507080078125,20991200,393.38507080078125,20991200
2021-04-26 23:00:00,394.2690734863281,20991200,394.2690734863281,20991200,394.2690734863281,20991200
2021-04-27 23:00:00,394.1467590332031,20991200,394.1467590332031,20991200,394.1467590332031,20991200
2021-04-28 23:00:00,393.99627685546875,20991200,393.99627685546875,20991200,393.99627685546875,20991200
2021-04-29 23:00:00,396.4884033203125,20991200,396.4884033203125,20991200,396.4884033203125,20991200
2021-04-30 23:00:00,393.92108154296875,20991200,393.92108154296875,20991200,393.92108154296875,20991200
2021-05-03 23:00:00,394.7675476074219,20991200,394.7675476074219,20991200,394.7675476074219,20991200
2021-05-04 23:00:00,392.3694763183594,20991200,392.3694763183594,20991200,392.3694763183594,20991200
2021-05-05 23:00:00,392.4257507324219,20991200,392.4257507324219,20991200,392.4257507324219,20991200
2021-05-06 23:00:00,395.6138000488281,20991200,395.6138000488281,20991200,395.6138000488281,20991200
2021-05-07 23:00:00,398.4820861816406,20991200,398.4820861816406,20991200,398.4820861816406,20991200
2021-05-10 23:00:00,394.60760498046875,20991200,394.60760498046875,20991200,394.60760498046875,20991200
2021-05-11 23:00:00,391.0904235839844,20991200,391.0904235839844,20991200,391.0904235839844,20991200
2021-05-12 23:00:00,382.73016357421875,20991200,382.73016357421875,20991200,382.73016357421875,20991200
2021-05-13 23:00:00,387.2723693847656,20991200,387.2723693847656,20991200,387.2723693847656,20991200
2021-05-14 23:00:00,393.25341796875,20991200,393.25341796875,20991200,393.25341796875,20991200
2021-05-17 23:00:00,392.3130187988281,20991200,392.3130187988281,20991200,392.3130187988281,20991200
2021-05-18 23:00:00,388.9368591308594,20991200,388.9368591308594,20991200,388.9368591308594,20991200
2021-05-19 23:00:00,387.8836364746094,20991200,387.8836364746094,20991200,387.8836364746094,20991200
2021-05-20 23:00:00,391.9838562011719,20991200,391.9838562011719,20991200,391.9838562011719,20991200
2021-05-21 23:00:00,391.75811767578125,20991200,391.75811767578125,20991200,391.75811767578125,20991200
2021-05-24 23:00:00,395.698486328125,20991200,395.698486328125,20991200,395.698486328125,20991200
2021-05-25 23:00:00,394.84271240234375,20991200,394.84271240234375,20991200,394.84271240234375,20991200
2021-05-26 23:00:00,395.56683349609375,20991200,395.56683349609375,20991200,395.56683349609375,20991200
2021-05-27 23:00:00,395.77374267578125,20991200,395.77374267578125,20991200,395.77374267578125,20991200
2021-05-28 23:00:00,396.5260925292969,20991200,396.5260925292969,20991200,396.5260925292969,20991200
2021-06-01 23:00:00,396.2156982421875,20991200,396.2156982421875,20991200,396.2156982421875,20991200
2021-06-02 23:00:00,396.8739929199219,20991200,396.8739929199219,20991200,396.8739929199219,20991200
2021-06-03 23:00:00,395.3599548339844,20991200,395.3599548339844,20991200,395.3599548339844,20991200
2021-06-04 23:00:00,398.9617919921875,20991200,398.9617919921875,20991200,398.9617919921875,20991200
2021-06-07 23:00:00,398.62322998046875,20991200,398.62322998046875,20991200,398.62322998046875,20991200
2021-06-08 23:00:00,398.6419677734375,20991200,398.6419677734375,20991200,398.6419677734375,20991200
2021-06-09 23:00:00,398.0024719238281,20991200,398.0024719238281,20991200,398.0024719238281,20991200
2021-06-10 23:00:00,399.9312744140625,20991200,399.9312744140625,20991200,399.9312744140625,20991200
2021-06-11 23:00:00,400.5913391113281,20991200,400.5913391113281,20991200,400.5913391113281,20991200
2021-06-14 23:00:00,401.5534362792969,20991200,401.5534362792969,20991200,401.5534362792969,20991200
2021-06-15 23:00:00,400.7706298828125,20991200,400.7706298828125,20991200,400.7706298828125,20991200
2021-06-16 23:00:00,398.55426025390625,20991200,398.55426025390625,20991200,398.55426025390625,20991200
2021-06-17 23:00:00,398.4316101074219,20991200,398.4316101074219,20991200,398.4316101074219,20991200
2021-06-18 23:00:00,393.0745849609375,20991200,393.0745849609375,20991200,393.0745849609375,20991200
2021-06-21 23:00:00,398.6202392578125,20991200,398.6202392578125,20991200,398.6202392578125,20991200
2021-06-22 23:00:00,400.5158996582031,20991200,400.5158996582031,20991200,400.5158996582031,20991200
2021-06-23 23:00:00,400.2801818847656,20991200,400.2801818847656,20991200,400.2801818847656,20991200
2021-06-24 23:00:00,402.60028076171875,20991200,402.60028076171875,20991200,402.60028076171875,20991200
2021-06-25 23:00:00,404.0810546875,20991200,404.0810546875,20991200,404.0810546875,20991200
2021-06-28 23:00:00,404.9393310546875,20991200,404.9393310546875,20991200,404.9393310546875,20991200
2021-06-29 23:00:00,405.1184997558594,20991200,405.1184997558594,20991200,405.1184997558594,20991200
2021-06-30 23:00:00,405.4769287109375,20991200,405.4769287109375,20991200,405.4769287109375,20991200
2021-07-01 23:00:00,407.76873779296875,20991200,407.76873779296875,20991200,407.76873779296875,20991200
2021-07-02 23:00:00,410.87164306640625,20991200,410.87164306640625,20991200,410.87164306640625,20991200
2021-07-06 23:00:00,409.8248291015625,20991200,409.8248291015625,20991200,409.8248291015625,20991200
2021-07-07 23:00:00,411.5035400390625,20991200,411.5035400390625,20991200,411.5035400390625,20991200
2021-07-08 23:00:00,408.2026062011719,20991200,408.2026062011719,20991200,408.2026062011719,20991200
2021-07-09 23:00:00,412.541015625,20991200,412.541015625,20991200,412.541015625,20991200
2021-07-12 23:00:00,414.0689697265625,20991200,414.0689697265625,20991200,414.0689697265625,20991200
2021-07-13 23:00:00,412.6165466308594,20991200,412.6165466308594,20991200,412.6165466308594,20991200
2021-07-14 23:00:00,413.1635437011719,20991200,413.1635437011719,20991200,413.1635437011719,20991200
2021-07-15 23:00:00,411.74884033203125,20991200,411.74884033203125,20991200,411.74884033203125,20991200
2021-07-16 23:00:00,408.6364440917969,20991200,408.6364440917969,20991200,408.6364440917969,20991200
2021-07-19 23:00:00,402.53436279296875,20991200,402.53436279296875,20991200,402.53436279296875,20991200
2021-07-20 23:00:00,408.3724060058594,20991200,408.3724060058594,20991200,408.3724060058594,20991200
2021-07-21 23:00:00,411.6828308105469,20991200,411.6828308105469,20991200,411.6828308105469,20991200
2021-07-22 23:00:00,412.57879638671875,20991200,412.57879638671875,20991200,412.57879638671875,20991200
2021-07-23 23:00:00,416.643798828125,20991200,416.643798828125,20991200,416.643798828125,20991200
2021-07-26 23:00:00,417.75665283203125,20991200,417.75665283203125,20991200,417.75665283203125,20991200
2021-07-27 23:00:00,415.8515319824219,20991200,415.8515319824219,20991200,415.8515319824219,20991200
2021-07-28 23:00:00,415.6251220703125,20991200,415.6251220703125,20991200,415.6251220703125,20991200
2021-07-29 23:00:00,417.4737243652344,20991200,417.4737243652344,20991200,417.4737243652344,20991200
2021-07-30 23:00:00,415.361083984375,20991200,415.361083984375,20991200,415.361083984375,20991200
2021-08-02 23:00:00,414.521728515625,20991200,414.521728515625,20991200,414.521728515625,20991200
2021-08-03 23:00:00,417.83209228515625,20991200,417.83209228515625,20991200,417.83209228515625,20991200
2021-08-04 23:00:00,415.8420715332031,20991200,415.8420715332031,20991200,415.8420715332031,20991200
2021-08-05 23:00:00,418.4263000488281,20991200,418.4263000488281,20991200,418.4263000488281,20991200
2021-08-06 23:00:00,419.1524658203125,20991200,419.1524658203125,20991200,419.1524658203125,20991200
2021-08-09 23:00:00,418.8601379394531,20991200,418.8601379394531,20991200,418.8601379394531,20991200
2021-08-10 23:00:00,419.3505859375,20991200,419.3505859375,20991200,419.3505859375,20991200
2021-08-11 23:00:00,420.34088134765625,20991200,420.34088134765625,20991200,420.34088134765625,20991200
2021-08-12 23:00:00,421.32177734375,20991200,421.32177734375,20991200,421.32177734375,20991200
2021-08-13 23:00:00,422.38751220703125,20991200,422.38751220703125,20991200,422.38751220703125,20991200
2021-08-16 23:00:00,423.47210693359375,20991200,423.47210693359375,20991200,423.47210693359375,20991200
2021-08-17 23:00:00,420.5955810546875,20991200,420.5955810546875,20991200,420.5955810546875,20991200
2021-08-18 23:00:00,416.0589904785156,20991200,416.0589904785156,20991200,416.0589904785156,20991200
2021-08-19 23:00:00,416.6720886230469,20991200,416.6720886230469,20991200,416.6720886230469,20991200
2021-08-20 23:00:00,419.9919128417969,20991200,419.9919128417969,20991200,419.9919128417969,20991200
2021-08-23 23:00:00,423.6513366699219,20991200,423.6513366699219,20991200,423.6513366699219,20991200
2021-08-24 23:00:00,424.386962890625,20991200,424.386962890625,20991200,424.386962890625,20991200
2021-08-25 23:00:00,425.2735595703125,20991200,425.2735595703125,20991200,425.2735595703125,20991200
2021-08-26 23:00:00,422.7647399902344,20991200,422.7647399902344,20991200,422.7647399902344,20991200
2021-08-27 23:00:00,426.4807434082031,20991200,426.4807434082031,20991200,426.4807434082031,20991200
2021-08-30 23:00:00,428.37652587890625,20991200,428.37652587890625,20991200,428.37652587890625,20991200
2021-08-31 23:00:00,427.91436767578125,20991200,427.91436767578125,20991200,427.91436767578125,20991200
2021-09-01 23:00:00,428.1029357910156,20991200,428.1029357910156,20991200,428.1029357910156,20991200
2021-09-02 23:00:00,429.3855895996094,20991200,429.3855895996094,20991200,429.3855895996094,20991200
2021-09-03 23:00:00,429.1969909667969,20991200,429.1969909667969,20991200,429.1969909667969,20991200
2021-09-07 23:00:00,427.81060791015625,20991200,427.81060791015625,20991200,427.81060791015625,20991200
2021-09-08 23:00:00,427.2447204589844,20991200,427.2447204589844,20991200,427.2447204589844,20991200
2021-09-09 23:00:00,425.3395690917969,20991200,425.3395690917969,20991200,425.3395690917969,20991200
2021-09-10 23:00:00,422.0951232910156,20991200,422.0951232910156,20991200,422.0951232910156,20991200
2021-09-13 23:00:00,423.0760192871094,20991200,423.0760192871094,20991200,423.0760192871094,20991200
2021-09-14 23:00:00,420.8218994140625,20991200,420.8218994140625,20991200,420.8218994140625,20991200
2021-09-15 23:00:00,424.32098388671875,20991200,424.32098388671875,20991200,424.32098388671875,20991200
2021-09-16 23:00:00,423.5286865234375,20991200,423.5286865234375,20991200,423.5286865234375,20991200
2021-09-17 23:00:00,419.44488525390625,20991200,419.44488525390625,20991200,419.44488525390625,20991200
2021-09-20 23:00:00,412.3713073730469,20991200,412.3713073730469,20991200,412.3713073730469,20991200
2021-09-21 23:00:00,412.13555908203125,20991200,412.13555908203125,20991200,412.13555908203125,20991200
2021-09-22 23:00:00,416.20050048828125,20991200,416.20050048828125,20991200,416.20050048828125,20991200
2021-09-23 23:00:00,421.1896667480469,20991200,421.1896667480469,20991200,421.1896667480469,20991200
2021-09-24 23:00:00,421.997314453125,20991200,421.997314453125,20991200,421.997314453125,20991200
2021-09-27 23:00:00,420.6718444824219,20991200,420.6718444824219,20991200,420.6718444824219,20991200
2021-09-28 23:00:00,412.2743835449219,20991200,412.2743835449219,20991200,412.2743835449219,20991200
2021-09-29 23:00:00,412.98431396484375,20991200,412.98431396484375,20991200,412.98431396484375,20991200
2021-09-30 23:00:00,407.87200927734375,20991200,407.87200927734375,20991200,407.87200927734375,20991200
2021-10-01 23:00:00,412.72869873046875,20991200,412.72869873046875,20991200,412.72869873046875,20991200
2021-10-04 23:00:00,407.3702392578125,20991200,407.3702392578125,20991200,407.3702392578125,20991200
2021-10-05 23:00:00,411.6400146484375,20991200,411.6400146484375,20991200,411.6400146484375,20991200
2021-10-06 23:00:00,413.3915100097656,20991200,413.3915100097656,20991200,413.3915100097656,20991200
2021-10-07 23:00:00,416.81866455078125,20991200,416.81866455078125,20991200,416.81866455078125,20991200
2021-10-08 23:00:00,416.2032165527344,20991200,416.2032165527344,20991200,416.2032165527344,20991200
2021-10-11 23:00:00,413.0979309082031,20991200,413.0979309082031,20991200,413.0979309082031,20991200
2021-10-12 23:00:00,412.05657958984375,20991200,412.05657958984375,20991200,412.05657958984375,20991200
2021-10-13 23:00:00,413.5240478515625,20991200,413.5240478515625,20991200,413.5240478515625,20991200
2021-10-14 23:00:00,420.6056213378906,20991200,420.6056213378906,20991200,420.6056213378906,20991200
2021-10-15 23:00:00,423.8339538574219,20991200,423.8339538574219,20991200,423.8339538574219,20991200
2021-10-18 23:00:00,425.0646667480469,20991200,425.0646667480469,20991200,425.0646667480469,20991200
2021-10-19 23:00:00,428.4066467285156,20991200,428.4066467285156,20991200,428.4066467285156,20991200
2021-10-20 23:00:00,430.05401611328125,20991200,430.05401611328125,20991200,430.05401611328125,20991200
2021-10-21 23:00:00,431.171142578125,20991200,431.171142578125,20991200,431.171142578125,20991200
2021-10-22 23:00:00,430.650390625,20991200,430.650390625,20991200,430.650390625,20991200
2021-10-25 23:00:00,432.9036560058594,20991200,432.9036560058594,20991200,432.9036560058594,20991200
2021-10-26 23:00:00,433.39593505859375,20991200,433.39593505859375,20991200,433.39593505859375,20991200
2021-10-27 23:00:00,431.46466064453125,20991200,431.46466064453125,20991200,431.46466064453125,20991200
2021-10-28 23:00:00,435.6113586425781,20991200,435.6113586425781,20991200,435.6113586425781,20991200
2021-10-29 23:00:00,436.4349670410156,20991200,436.4349670410156,20991200,436.4349670410156,20991200
2021-11-01 23:00:00,437.3343811035156,20991200,437.3343811035156,20991200,437.3343811035156,20991200
2021-11-02 23:00:00,439.0574035644531,20991200,439.0574035644531,20991200,439.0574035644531,20991200
2021-11-03 23:00:00,441.7555847167969,20991200,441.7555847167969,20991200,441.7555847167969,20991200
2021-11-04 23:00:00,443.7816467285156,20991200,443.7816467285156,20991200,443.7816467285156,20991200
2021-11-05 23:00:00,445.34375,20991200,445.34375,20991200,445.34375,20991200
2021-11-08 23:00:00,445.8076171875,20991200,445.8076171875,20991200,445.8076171875,20991200
2021-11-09 23:00:00,444.2549743652344,20991200,444.2549743652344,20991200,444.2549743652344,20991200
2021-11-10 23:00:00,440.7426452636719,20991200,440.7426452636719,20991200,440.7426452636719,20991200
2021-11-11 23:00:00,440.9224853515625,20991200,440.9224853515625,20991200,440.9224853515625,20991200
2021-11-12 23:00:00,444.16986083984375,20991200,444.16986083984375,20991200,444.16986083984375,20991200
2021-11-15 23:00:00,444.28338623046875,20991200,444.28338623046875,20991200,444.28338623046875,20991200
2021-11-16 23:00:00,446.0538024902344,20991200,446.0538024902344,20991200,446.0538024902344,20991200
2021-11-17 23:00:00,445.0028991699219,20991200,445.0028991699219,20991200,445.0028991699219,20991200
2021-11-18 23:00:00,446.4703369140625,20991200,446.4703369140625,20991200,446.4703369140625,20991200
2021-11-19 23:00:00,445.7414245605469,20991200,445.7414245605469,20991200,445.7414245605469,20991200
2021-11-22 23:00:00,444.4064636230469,20991200,444.4064636230469,20991200,444.4064636230469,20991200
2021-11-23 23:00:00,445.0218505859375,20991200,445.0218505859375,20991200,445.0218505859375,20991200
2021-11-24 23:00:00,446.1769104003906,20991200,446.1769104003906,20991200,446.1769104003906,20991200
2021-11-26 23:00:00,436.084716796875,20991200,436.084716796875,20991200,436.084716796875,20991200
2021-11-29 23:00:00,441.6514587402344,20991200,441.6514587402344,20991200,441.6514587402344,20991200
2021-11-30 23:00:00,433.25396728515625,20991200,433.25396728515625,20991200,433.25396728515625,20991200
2021-12-01 23:00:00,428.1983642578125,20991200,428.1983642578125,20991200,428.1983642578125,20991200
2021-12-02 23:00:00,434.797119140625,20991200,434.797119140625,20991200,434.797119140625,20991200
2021-12-03 23:00:00,430.8965759277344,20991200,430.8965759277344,20991200,430.8965759277344,20991200
2021-12-06 23:00:00,436.084716796875,20991200,436.084716796875,20991200,436.084716796875,20991200
2021-12-07 23:00:00,445.14501953125,20991200,445.14501953125,20991200,445.14501953125,20991200
2021-12-08 23:00:00,446.31884765625,20991200,446.31884765625,20991200,446.31884765625,20991200
2021-12-09 23:00:00,443.3082275390625,20991200,443.3082275390625,20991200,443.3082275390625,20991200
2021-12-10 23:00:00,447.5591125488281,20991200,447.5591125488281,20991200,447.5591125488281,20991200
2021-12-13 23:00:00,443.5967102050781,20991200,443.5967102050781,20991200,443.5967102050781,20991200
2021-12-14 23:00:00,440.46258544921875,20991200,440.46258544921875,20991200,440.46258544921875,20991200
2021-12-15 23:00:00,447.38629150390625,20991200,447.38629150390625,20991200,447.38629150390625,20991200
2021-12-16 23:00:00,443.28338623046875,20991200,443.28338623046875,20991200,443.28338623046875,20991200
2021-12-17 23:00:00,438.885986328125,20991200,438.885986328125,20991200,438.885986328125,20991200
2021-12-20 23:00:00,433.9568786621094,20991200,433.9568786621094,20991200,433.9568786621094,20991200
2021-12-21 23:00:00,441.6877746582031,20991200,441.6877746582031,20991200,441.6877746582031,20991200
2021-12-22 23:00:00,446.1419982910156,20991200,446.1419982910156,20991200,446.1419982910156,20991200
2021-12-23 23:00:00,448.8773193359375,20991200,448.8773193359375,20991200,448.8773193359375,20991200
2021-12-27 23:00:00,455.30712890625,20991200,455.30712890625,20991200,455.30712890625,20991200
2021-12-28 23:00:00,454.9556884765625,20991200,454.9556884765625,20991200,454.9556884765625,20991200
2021-12-29 23:00:00,455.43060302734375,20991200,455.43060302734375,20991200,455.43060302734375,20991200
2021-12-30 23:00:00,454.14837646484375,20991200,454.14837646484375,20991200,454.14837646484375,20991200
2021-12-31 23:00:00,453.0182189941406,20991200,453.0182189941406,20991200,453.0182189941406,20991200
2022-01-03 23:00:00,455.7249755859375,20991200,455.7249755859375,20991200,455.7249755859375,20991200
2022-01-04 23:00:00,455.57305908203125,20991200,455.57305908203125,20991200,455.57305908203125,20991200
2022-01-05 23:00:00,446.69287109375,20991200,446.69287109375,20991200,446.69287109375,20991200
2022-01-06 23:00:00,446.3605041503906,20991200,446.3605041503906,20991200,446.3605041503906,20991200
2022-01-07 23:00:00,444.57501220703125,20991200,444.57501220703125,20991200,444.57501220703125,20991200
2022-01-10 23:00:00,443.7392272949219,20991200,443.7392272949219,20991200,443.7392272949219,20991200
2022-01-11 23:00:00,448.1175231933594,20991200,448.1175231933594,20991200,448.1175231933594,20991200
2022-01-12 23:00:00,449.3046875,20991200,449.3046875,20991200,449.3046875,20991200
2022-01-13 23:00:00,443.1408996582031,20991200,443.1408996582031,20991200,443.1408996582031,20991200
2022-01-14 23:00:00,443.2928466796875,20991200,443.2928466796875,20991200,443.2928466796875,20991200
2022-01-18 23:00:00,435.45745849609375,20991200,435.45745849609375,20991200,435.45745849609375,20991200
2022-01-19 23:00:00,430.9556884765625,20991200,430.9556884765625,20991200,430.9556884765625,20991200
2022-01-20 23:00:00,426.1689453125,20991200,426.1689453125,20991200,426.1689453125,20991200
2022-01-21 23:00:00,417.8681640625,20991200,417.8681640625,20991200,417.8681640625,20991200
2022-01-24 23:00:00,419.3308410644531,20991200,419.3308410644531,20991200,419.3308410644531,20991200
2022-01-25 23:00:00,414.50616455078125,20991200,414.50616455078125,20991200,414.50616455078125,20991200
2022-01-26 23:00:00,413.54693603515625,20991200,413.54693603515625,20991200,413.54693603515625,20991200
2022-01-27 23:00:00,411.3909606933594,20991200,411.3909606933594,20991200,411.3909606933594,20991200
2022-01-28 23:00:00,421.4487609863281,20991200,421.4487609863281,20991200,421.4487609863281,20991200
2022-01-31 23:00:00,429.0657043457031,20991200,429.0657043457031,20991200,429.0657043457031,20991200
2022-02-01 23:00:00,432.0289001464844,20991200,432.0289001464844,20991200,432.0289001464844,20991200
2022-02-02 23:00:00,436.1792907714844,20991200,436.1792907714844,20991200,436.1792907714844,20991200
2022-02-03 23:00:00,426.0550231933594,20991200,426.0550231933594,20991200,426.0550231933594,20991200
2022-02-04 23:00:00,428.19195556640625,20991200,428.19195556640625,20991200,428.19195556640625,20991200
2022-02-07 23:00:00,426.6723327636719,20991200,426.6723327636719,20991200,426.6723327636719,20991200
2022-02-08 23:00:00,430.0629577636719,20991200,430.0629577636719,20991200,430.0629577636719,20991200
2022-02-09 23:00:00,436.4072265625,20991200,436.4072265625,20991200,436.4072265625,20991200
2022-02-10 23:00:00,428.6953125,20991200,428.6953125,20991200,428.6953125,20991200
2022-02-11 23:00:00,420.1191101074219,20991200,420.1191101074219,20991200,420.1191101074219,20991200
2022-02-14 23:00:00,418.7514953613281,20991200,418.7514953613281,20991200,418.7514953613281,20991200
2022-02-15 23:00:00,425.4851379394531,20991200,425.4851379394531,20991200,425.4851379394531,20991200
2022-02-16 23:00:00,425.9695739746094,20991200,425.9695739746094,20991200,425.9695739746094,20991200
2022-02-17 23:00:00,417.032470703125,20991200,417.032470703125,20991200,417.032470703125,20991200
2022-02-18 23:00:00,414.1546936035156,20991200,414.1546936035156,20991200,414.1546936035156,20991200
2022-02-22 23:00:00,409.6623840332031,20991200,409.6623840332031,20991200,409.6623840332031,20991200
2022-02-23 23:00:00,402.197509765625,20991200,402.197509765625,20991200,402.197509765625,20991200
2022-02-24 23:00:00,408.5227966308594,20991200,408.5227966308594,20991200,408.5227966308594,20991200
2022-02-25 23:00:00,417.5168151855469,20991200,417.5168151855469,20991200,417.5168151855469,20991200
2022-02-28 23:00:00,416.6716003417969,20991200,416.6716003417969,20991200,416.6716003417969,20991200
2022-03-01 23:00:00,410.2132263183594,20991200,410.2132263183594,20991200,410.2132263183594,20991200
2022-03-02 23:00:00,417.697265625,20991200,417.697265625,20991200,417.697265625,20991200
2022-03-03 23:00:00,415.6932678222656,20991200,415.6932678222656,20991200,415.6932678222656,20991200
2022-03-04 23:00:00,412.1412353515625,20991200,412.1412353515625,20991200,412.1412353515625,20991200
2022-03-07 23:00:00,400.031982421875,20991200,400.031982421875,20991200,400.031982421875,20991200
2022-03-08 23:00:00,397.0498046875,20991200,397.0498046875,20991200,397.0498046875,20991200
2022-03-09 23:00:00,407.7344055175781,20991200,407.7344055175781,20991200,407.7344055175781,20991200
2022-03-10 23:00:00,405.86346435546875,20991200,405.86346435546875,20991200,405.86346435546875,20991200
2022-03-11 23:00:00,400.80133056640625,20991200,400.80133056640625,20991200,400.80133056640625,20991200
2022-03-14 23:00:00,397.7716369628906,20991200,397.7716369628906,20991200,397.7716369628906,20991200
2022-03-15 23:00:00,406.5283508300781,20991200,406.5283508300781,20991200,406.5283508300781,20991200
2022-03-16 23:00:00,415.5318298339844,20991200,415.5318298339844,20991200,415.5318298339844,20991200
2022-03-17 23:00:00,420.69842529296875,20991200,420.69842529296875,20991200,420.69842529296875,20991200
2022-03-18 23:00:00,425.2002258300781,20991200,425.2002258300781,20991200,425.2002258300781,20991200
2022-03-21 23:00:00,425.1147766113281,20991200,425.1147766113281,20991200,425.1147766113281,20991200
2022-03-22 23:00:00,430.30035400390625,20991200,430.30035400390625,20991200,430.30035400390625,20991200
2022-03-23 23:00:00,424.9057922363281,20991200,424.9057922363281,20991200,424.9057922363281,20991200
2022-03-24 23:00:00,431.0528869628906,20991200,431.0528869628906,20991200,431.0528869628906,20991200
2022-03-25 23:00:00,433.2256164550781,20991200,433.2256164550781,20991200,433.2256164550781,20991200
2022-03-28 23:00:00,436.26531982421875,20991200,436.26531982421875,20991200,436.26531982421875,20991200
2022-03-29 23:00:00,441.83026123046875,20991200,441.83026123046875,20991200,441.83026123046875,20991200
2022-03-30 23:00:00,439.0859680175781,20991200,439.0859680175781,20991200,439.0859680175781,20991200
2022-03-31 23:00:00,432.3203125,20991200,432.3203125,20991200,432.3203125,20991200
2022-04-01 23:00:00,433.3684997558594,20991200,433.3684997558594,20991200,433.3684997558594,20991200
2022-04-04 23:00:00,437.18963623046875,20991200,437.18963623046875,20991200,437.18963623046875,20991200
2022-04-05 23:00:00,431.5579528808594,20991200,431.5579528808594,20991200,431.5579528808594,20991200
2022-04-06 23:00:00,427.365234375,20991200,427.365234375,20991200,427.365234375,20991200
2022-04-07 23:00:00,429.48065185546875,20991200,429.48065185546875,20991200,429.48065185546875,20991200
2022-04-08 23:00:00,428.337158203125,20991200,428.337158203125,20991200,428.337158203125,20991200
2022-04-11 23:00:00,420.9331970214844,20991200,420.9331970214844,20991200,420.9331970214844,20991200
2022-04-12 23:00:00,419.32281494140625,20991200,419.32281494140625,20991200,419.32281494140625,20991200
2022-04-13 23:00:00,424.230224609375,20991200,424.230224609375,20991200,424.230224609375,20991200
2022-04-14 23:00:00,418.9892578125,20991200,418.9892578125,20991200,418.9892578125,20991200
2022-04-18 23:00:00,419.1417236328125,20991200,419.1417236328125,20991200,419.1417236328125,20991200
2022-04-19 23:00:00,425.9073181152344,20991200,425.9073181152344,20991200,425.9073181152344,20991200
2022-04-20 23:00:00,425.5261535644531,20991200,425.5261535644531,20991200,425.5261535644531,20991200
2022-04-21 23:00:00,419.3609313964844,20991200,419.3609313964844,20991200,419.3609313964844,20991200
2022-04-22 23:00:00,407.6307373046875,20991200,407.6307373046875,20991200,407.6307373046875,20991200
2022-04-25 23:00:00,410.1463928222656,20991200,410.1463928222656,20991200,410.1463928222656,20991200
2022-04-26 23:00:00,398.20660400390625,20991200,398.20660400390625,20991200,398.20660400390625,20991200
2022-04-27 23:00:00,399.4071960449219,20991200,399.4071960449219,20991200,399.4071960449219,20991200
2022-04-28 23:00:00,409.4411926269531,20991200,409.4411926269531,20991200,409.4411926269531,20991200
2022-04-29 23:00:00,394.08050537109375,20991200,394.08050537109375,20991200,394.08050537109375,20991200
2022-05-02 23:00:00,396.6152038574219,20991200,396.6152038574219,20991200,396.6152038574219,20991200
2022-05-03 23:00:00,398.4542541503906,20991200,398.4542541503906,20991200,398.4542541503906,20991200
2022-05-04 23:00:00,410.45123291015625,20991200,410.45123291015625,20991200,410.45123291015625,20991200
2022-05-05 23:00:00,395.8815002441406,20991200,395.8815002441406,20991200,395.8815002441406,20991200
2022-05-06 23:00:00,393.74700927734375,20991200,393.74700927734375,20991200,393.74700927734375,20991200
2022-05-09 23:00:00,381.0830078125,20991200,381.0830078125,20991200,381.0830078125,20991200
2022-05-10 23:00:00,381.83575439453125,20991200,381.83575439453125,20991200,381.83575439453125,20991200
2022-05-11 23:00:00,375.8134765625,20991200,375.8134765625,20991200,375.8134765625,20991200
2022-05-12 23:00:00,375.26080322265625,20991200,375.26080322265625,20991200,375.26080322265625,20991200
2022-05-13 23:00:00,384.4085998535156,20991200,384.4085998535156,20991200,384.4085998535156,20991200
2022-05-16 23:00:00,382.7886657714844,20991200,382.7886657714844,20991200,382.7886657714844,20991200
2022-05-17 23:00:00,390.716796875,20991200,390.716796875,20991200,390.716796875,20991200
2022-05-18 23:00:00,375.02252197265625,20991200,375.02252197265625,20991200,375.02252197265625,20991200
2022-05-19 23:00:00,372.6784973144531,20991200,372.6784973144531,20991200,372.6784973144531,20991200
2022-05-20 23:00:00,372.8690185546875,20991200,372.8690185546875,20991200,372.8690185546875,20991200
2022-05-23 23:00:00,379.83465576171875,20991200,379.83465576171875,20991200,379.83465576171875,20991200
2022-05-24 23:00:00,377.1094055175781,20991200,377.1094055175781,20991200,377.1094055175781,20991200
2022-05-25 23:00:00,380.4444885253906,20991200,380.4444885253906,20991200,380.4444885253906,20991200
2022-05-26 23:00:00,387.88665771484375,20991200,387.88665771484375,20991200,387.88665771484375,20991200
2022-05-27 23:00:00,397.5967102050781,20991200,397.5967102050781,20991200,397.5967102050781,20991200
2022-05-31 23:00:00,395.32879638671875,20991200,395.32879638671875,20991200,395.32879638671875,20991200
2022-06-01 23:00:00,392.1271057128906,20991200,392.1271057128906,20991200,392.1271057128906,20991200
2022-06-02 23:00:00,399.5120849609375,20991200,399.5120849609375,20991200,399.5120849609375,20991200
2022-06-03 23:00:00,392.95611572265625,20991200,392.95611572265625,20991200,392.95611572265625,20991200
2022-06-06 23:00:00,394.1376953125,20991200,394.1376953125,20991200,394.1376953125,20991200
2022-06-07 23:00:00,397.7968444824219,20991200,397.7968444824219,20991200,397.7968444824219,20991200
2022-06-08 23:00:00,393.4897155761719,20991200,393.4897155761719,20991200,393.4897155761719,20991200
2022-06-09 23:00:00,384.24932861328125,20991200,384.24932861328125,20991200,384.24932861328125,20991200
2022-06-10 23:00:00,372.9127502441406,20991200,372.9127502441406,20991200,372.9127502441406,20991200
2022-06-13 23:00:00,358.57476806640625,20991200,358.57476806640625,20991200,358.57476806640625,20991200
2022-06-14 23:00:00,357.6189270019531,20991200,357.6189270019531,20991200,357.6189270019531,20991200
2022-06-15 23:00:00,362.713623046875,20991200,362.713623046875,20991200,362.713623046875,20991200
2022-06-16 23:00:00,350.7939758300781,20991200,350.7939758300781,20991200,350.7939758300781,20991200
2022-06-17 23:00:00,351.43438720703125,20991200,351.43438720703125,20991200,351.43438720703125,20991200
2022-06-21 23:00:00,360.371826171875,20991200,360.371826171875,20991200,360.371826171875,20991200
2022-06-22 23:00:00,359.7504577636719,20991200,359.7504577636719,20991200,359.7504577636719,20991200
2022-06-23 23:00:00,363.3540954589844,20991200,363.3540954589844,20991200,363.3540954589844,20991200
2022-06-24 23:00:00,374.7002258300781,20991200,374.7002258300781,20991200,374.7002258300781,20991200
2022-06-27 23:00:00,373.3428649902344,20991200,373.3428649902344,20991200,373.3428649902344,20991200
2022-06-28 23:00:00,365.724609375,20991200,365.724609375,20991200,365.724609375,20991200
2022-06-29 23:00:00,365.4665832519531,20991200,365.4665832519531,20991200,365.4665832519531,20991200
2022-06-30 23:00:00,362.4173278808594,20991200,362.4173278808594,20991200,362.4173278808594,20991200
2022-07-01 23:00:00,366.18341064453125,20991200,366.18341064453125,20991200,366.18341064453125,20991200
2022-07-05 23:00:00,366.96728515625,20991200,366.96728515625,20991200,366.96728515625,20991200
2022-07-06 23:00:00,368.2767639160156,20991200,368.2767639160156,20991200,368.2767639160156,20991200
2022-07-07 23:00:00,373.7347717285156,20991200,373.7347717285156,20991200,373.7347717285156,20991200
2022-07-08 23:00:00,373.4384765625,20991200,373.4384765625,20991200,373.4384765625,20991200
2022-07-11 23:00:00,369.18487548828125,20991200,369.18487548828125,20991200,369.18487548828125,20991200
2022-07-12 23:00:00,365.8680114746094,20991200,365.8680114746094,20991200,365.8680114746094,20991200
2022-07-13 23:00:00,363.9945068359375,20991200,363.9945068359375,20991200,363.9945068359375,20991200
2022-07-14 23:00:00,363.1151123046875,20991200,363.1151123046875,20991200,363.1151123046875,20991200
2022-07-15 23:00:00,370.0451354980469,20991200,370.0451354980469,20991200,370.0451354980469,20991200
2022-07-18 23:00:00,367.05328369140625,20991200,367.05328369140625,20991200,367.05328369140625,20991200
2022-07-19 23:00:00,376.9179382324219,20991200,376.9179382324219,20991200,376.9179382324219,20991200
2022-07-20 23:00:00,379.25018310546875,20991200,379.25018310546875,20991200,379.25018310546875,20991200
2022-07-21 23:00:00,383.1214294433594,20991200,383.1214294433594,20991200,383.1214294433594,20991200
2022-07-22 23:00:00,379.708984375,20991200,379.708984375,20991200,379.708984375,20991200
2022-07-25 23:00:00,380.10089111328125,20991200,380.10089111328125,20991200,380.10089111328125,20991200
2022-07-26 23:00:00,375.58917236328125,20991200,375.58917236328125,20991200,375.58917236328125,20991200
2022-07-27 23:00:00,385.30078125,20991200,385.30078125,20991200,385.30078125,20991200
2022-07-28 23:00:00,390.1948547363281,20991200,390.1948547363281,20991200,390.1948547363281,20991200
2022-07-29 23:00:00,395.9969177246094,20991200,395.9969177246094,20991200,395.9969177246094,20991200
2022-08-01 23:00:00,394.72564697265625,20991200,394.72564697265625,20991200,394.72564697265625,20991200
2022-08-02 23:00:00,392.2117004394531,20991200,392.2117004394531,20991200,392.2117004394531,20991200
2022-08-03 23:00:00,398.32928466796875,20991200,398.32928466796875,20991200,398.32928466796875,20991200
2022-08-04 23:00:00,397.94696044921875,20991200,397.94696044921875,20991200,397.94696044921875,20991200
2022-08-05 23:00:00,397.2491455078125,20991200,397.2491455078125,20991200,397.2491455078125,20991200
2022-08-08 23:00:00,396.9050598144531,20991200,396.9050598144531,20991200,396.9050598144531,20991200
2022-08-09 23:00:00,395.2418518066406,20991200,395.2418518066406,20991200,395.2418518066406,20991200
2022-08-10 23:00:00,403.5196228027344,20991200,403.5196228027344,20991200,403.5196228027344,20991200
2022-08-11 23:00:00,403.6629943847656,20991200,403.6629943847656,20991200,403.6629943847656,20991200
2022-08-12 23:00:00,410.3063659667969,20991200,410.3063659667969,20991200,410.3063659667969,20991200
2022-08-15 23:00:00,412.1128845214844,20991200,412.1128845214844,20991200,412.1128845214844,20991200
2022-08-16 23:00:00,412.9731750488281,20991200,412.9731750488281,20991200,412.9731750488281,20991200
2022-08-17 23:00:00,409.8666687011719,20991200,409.8666687011719,20991200,409.8666687011719,20991200
2022-08-18 23:00:00,411.07098388671875,20991200,411.07098388671875,20991200,411.07098388671875,20991200
2022-08-19 23:00:00,405.632080078125,20991200,405.632080078125,20991200,405.632080078125,20991200
2022-08-22 23:00:00,397.1249084472656,20991200,397.1249084472656,20991200,397.1249084472656,20991200
2022-08-23 23:00:00,396.2454528808594,20991200,396.2454528808594,20991200,396.2454528808594,20991200
2022-08-24 23:00:00,397.4786071777344,20991200,397.4786071777344,20991200,397.4786071777344,20991200
2022-08-25 23:00:00,403.0799560546875,20991200,403.0799560546875,20991200,403.0799560546875,20991200
2022-08-26 23:00:00,389.305908203125,20991200,389.305908203125,20991200,389.305908203125,20991200
2022-08-29 23:00:00,386.9640197753906,20991200,386.9640197753906,20991200,386.9640197753906,20991200
2022-08-30 23:00:00,382.52874755859375,20991200,382.52874755859375,20991200,382.52874755859375,20991200
2022-08-31 23:00:00,379.6516418457031,20991200,379.6516418457031,20991200,379.6516418457031,20991200
2022-09-01 23:00:00,380.9516296386719,20991200,380.9516296386719,20991200,380.9516296386719,20991200
2022-09-02 23:00:00,376.879638671875,20991200,376.879638671875,20991200,376.879638671875,20991200
2022-09-06 23:00:00,375.3788757324219,20991200,375.3788757324219,20991200,375.3788757324219,20991200
2022-09-07 23:00:00,382.17510986328125,20991200,382.17510986328125,20991200,382.17510986328125,20991200
2022-09-08 23:00:00,384.5838928222656,20991200,384.5838928222656,20991200,384.5838928222656,20991200
2022-09-09 23:00:00,390.7206115722656,20991200,390.7206115722656,20991200,390.7206115722656,20991200
2022-09-12 23:00:00,394.9359130859375,20991200,394.9359130859375,20991200,394.9359130859375,20991200
2022-09-13 23:00:00,377.70172119140625,20991200,377.70172119140625,20991200,377.70172119140625,20991200
2022-09-14 23:00:00,379.1450500488281,20991200,379.1450500488281,20991200,379.1450500488281,20991200
2022-09-15 23:00:00,374.7671813964844,20991200,374.7671813964844,20991200,374.7671813964844,20991200
2022-09-16 23:00:00,371.92822265625,20991200,371.92822265625,20991200,371.92822265625,20991200
2022-09-19 23:00:00,374.8244934082031,20991200,374.8244934082031,20991200,374.8244934082031,20991200
2022-09-20 23:00:00,370.4179382324219,20991200,370.4179382324219,20991200,370.4179382324219,20991200
2022-09-21 23:00:00,364.0996398925781,20991200,364.0996398925781,20991200,364.0996398925781,20991200
2022-09-22 23:00:00,361.0217590332031,20991200,361.0217590332031,20991200,361.0217590332031,20991200
2022-09-23 23:00:00,355.0284729003906,20991200,355.0284729003906,20991200,355.0284729003906,20991200
2022-09-26 23:00:00,351.52734375,20991200,351.52734375,20991200,351.52734375,20991200
2022-09-27 23:00:00,350.6241760253906,20991200,350.6241760253906,20991200,350.6241760253906,20991200
2022-09-28 23:00:00,357.43621826171875,20991200,357.43621826171875,20991200,357.43621826171875,20991200
2022-09-29 23:00:00,350.0860595703125,20991200,350.0860595703125,20991200,350.0860595703125,20991200
2022-09-30 23:00:00,344.5903625488281,20991200,344.5903625488281,20991200,344.5903625488281,20991200
2022-10-03 23:00:00,353.7083435058594,20991200,353.7083435058594,20991200,353.7083435058594,20991200
2022-10-04 23:00:00,364.53656005859375,20991200,364.53656005859375,20991200,364.53656005859375,20991200
2022-10-05 23:00:00,363.68145751953125,20991200,363.68145751953125,20991200,363.68145751953125,20991200
2022-10-06 23:00:00,360.0879821777344,20991200,360.0879821777344,20991200,360.0879821777344,20991200
2022-10-07 23:00:00,350.0476379394531,20991200,350.0476379394531,20991200,350.0476379394531,20991200
2022-10-10 23:00:00,347.4439392089844,20991200,347.4439392089844,20991200,347.4439392089844,20991200
2022-10-11 23:00:00,345.0611267089844,20991200,345.0611267089844,20991200,345.0611267089844,20991200
2022-10-12 23:00:00,343.9466247558594,20991200,343.9466247558594,20991200,343.9466247558594,20991200
2022-10-13 23:00:00,353.1029968261719,20991200,353.1029968261719,20991200,353.1029968261719,20991200
2022-10-14 23:00:00,345.0131530761719,20991200,345.0131530761719,20991200,345.0131530761719,20991200
2022-10-17 23:00:00,353.8908996582031,20991200,353.8908996582031,20991200,353.8908996582031,20991200
2022-10-18 23:00:00,357.9454650878906,20991200,357.9454650878906,20991200,357.9454650878906,20991200
2022-10-19 23:00:00,355.5915222167969,20991200,355.5915222167969,20991200,355.5915222167969,20991200
2022-10-20 23:00:00,352.56500244140625,20991200,352.56500244140625,20991200,352.56500244140625,20991200
2022-10-21 23:00:00,361.07763671875,20991200,361.07763671875,20991200,361.07763671875,20991200
2022-10-24 23:00:00,365.5165710449219,20991200,365.5165710449219,20991200,365.5165710449219,20991200
2022-10-25 23:00:00,371.3869934082031,20991200,371.3869934082031,20991200,371.3869934082031,20991200
2022-10-26 23:00:00,368.5814514160156,20991200,368.5814514160156,20991200,368.5814514160156,20991200
2022-10-27 23:00:00,366.6214904785156,20991200,366.6214904785156,20991200,366.6214904785156,20991200
2022-10-28 23:00:00,375.22064208984375,20991200,375.22064208984375,20991200,375.22064208984375,20991200
2022-10-31 23:00:00,372.5880432128906,20991200,372.5880432128906,20991200,372.5880432128906,20991200
2022-11-01 23:00:00,371.1084289550781,20991200,371.1084289550781,20991200,371.1084289550781,20991200
2022-11-02 23:00:00,361.5965270996094,20991200,361.5965270996094,20991200,361.5965270996094,20991200
2022-11-03 23:00:00,357.9646911621094,20991200,357.9646911621094,20991200,357.9646911621094,20991200
2022-11-04 23:00:00,363.0280456542969,20991200,363.0280456542969,20991200,363.0280456542969,20991200
2022-11-07 23:00:00,366.57342529296875,20991200,366.57342529296875,20991200,366.57342529296875,20991200
2022-11-08 23:00:00,368.5622863769531,20991200,368.5622863769531,20991200,368.5622863769531,20991200
2022-11-09 23:00:00,361.0391845703125,20991200,361.0391845703125,20991200,361.0391845703125,20991200
2022-11-10 23:00:00,380.8125,20991200,380.8125,20991200,380.8125,20991200
2022-11-11 23:00:00,384.4826965332031,20991200,384.4826965332031,20991200,384.4826965332031,20991200
2022-11-14 23:00:00,381.2544250488281,20991200,381.2544250488281,20991200,381.2544250488281,20991200
2022-11-15 23:00:00,384.4923095703125,20991200,384.4923095703125,20991200,384.4923095703125,20991200
2022-11-16 23:00:00,381.66754150390625,20991200,381.66754150390625,20991200,381.66754150390625,20991200
2022-11-17 23:00:00,380.38006591796875,20991200,380.38006591796875,20991200,380.38006591796875,20991200
2022-11-18 23:00:00,382.1864318847656,20991200,382.1864318847656,20991200,382.1864318847656,20991200
2022-11-21 23:00:00,380.7259826660156,20991200,380.7259826660156,20991200,380.7259826660156,20991200
2022-11-22 23:00:00,385.971923828125,20991200,385.971923828125,20991200,385.971923828125,20991200
2022-11-23 23:00:00,388.27789306640625,20991200,388.27789306640625,20991200,388.27789306640625,20991200
2022-11-25 23:00:00,388.2490234375,20991200,388.2490234375,20991200,388.2490234375,20991200
2022-11-28 23:00:00,382.0999755859375,20991200,382.0999755859375,20991200,382.0999755859375,20991200
2022-11-29 23:00:00,381.44659423828125,20991200,381.44659423828125,20991200,381.44659423828125,20991200
2022-11-30 23:00:00,393.2740478515625,20991200,393.2740478515625,20991200,393.2740478515625,20991200
2022-12-01 23:00:00,393.11065673828125,20991200,393.11065673828125,20991200,393.11065673828125,20991200
2022-12-02 23:00:00,392.6878967285156,20991200,392.6878967285156,20991200,392.6878967285156,20991200
2022-12-05 23:00:00,385.6164855957031,20991200,385.6164855957031,20991200,385.6164855957031,20991200
2022-12-06 23:00:00,380.1014709472656,20991200,380.1014709472656,20991200,380.1014709472656,20991200
2022-12-07 23:00:00,379.37127685546875,20991200,379.37127685546875,20991200,379.37127685546875,20991200
2022-12-08 23:00:00,382.3497009277344,20991200,382.3497009277344,20991200,382.3497009277344,20991200
2022-12-09 23:00:00,379.5249938964844,20991200,379.5249938964844,20991200,379.5249938964844,20991200
2022-12-12 23:00:00,384.84783935546875,20991200,384.84783935546875,20991200,384.84783935546875,20991200
2022-12-13 23:00:00,387.92022705078125,20991200,387.92022705078125,20991200,387.92022705078125,20991200
2022-12-14 23:00:00,385.5946960449219,20991200,385.5946960449219,20991200,385.5946960449219,20991200
2022-12-15 23:00:00,376.04168701171875,20991200,376.04168701171875,20991200,376.04168701171875,20991200
2022-12-16 23:00:00,371.44854736328125,20991200,371.44854736328125,20991200,371.44854736328125,20991200
2022-12-19 23:00:00,368.3606262207031,20991200,368.3606262207031,20991200,368.3606262207031,20991200
2022-12-20 23:00:00,368.78521728515625,20991200,368.78521728515625,20991200,368.78521728515625,20991200
2022-12-21 23:00:00,374.28546142578125,20991200,374.28546142578125,20991200,374.28546142578125,20991200
2022-12-22 23:00:00,369.1905212402344,20991200,369.1905212402344,20991200,369.1905212402344,20991200
2022-12-23 23:00:00,371.11077880859375,20991200,371.11077880859375,20991200,371.11077880859375,20991200
2022-12-27 23:00:00,369.68267822265625,20991200,369.68267822265625,20991200,369.68267822265625,20991200
2022-12-28 23:00:00,365.19561767578125,20991200,365.19561767578125,20991200,365.19561767578125,20991200
2022-12-29 23:00:00,371.51611328125,20991200,371.51611328125,20991200,371.51611328125,20991200
2022-12-30 23:00:00,370.74407958984375,20991200,370.74407958984375,20991200,370.74407958984375,20991200
2023-01-03 23:00:00,369.12298583984375,20991200,369.12298583984375,20991200,369.12298583984375,20991200
2023-01-04 23:00:00,371.9985046386719,20991200,371.9985046386719,20991200,371.9985046386719,20991200
2023-01-05 23:00:00,367.7720031738281,20991200,367.7720031738281,20991200,367.7720031738281,20991200
2023-01-06 23:00:00,376.1671142578125,20991200,376.1671142578125,20991200,376.1671142578125,20991200
2023-01-09 23:00:00,375.9065856933594,20991200,375.9065856933594,20991200,375.9065856933594,20991200
2023-01-10 23:00:00,378.60845947265625,20991200,378.60845947265625,20991200,378.60845947265625,20991200
2023-01-11 23:00:00,383.3270568847656,20991200,383.3270568847656,20991200,383.3270568847656,20991200
2023-01-12 23:00:00,384.8226623535156,20991200,384.8226623535156,20991200,384.8226623535156,20991200
2023-01-13 23:00:00,386.33770751953125,20991200,386.33770751953125,20991200,386.33770751953125,20991200
2023-01-17 23:00:00,385.6236877441406,20991200,385.6236877441406,20991200,385.6236877441406,20991200
2023-01-18 23:00:00,379.5444030761719,20991200,379.5444030761719,20991200,379.5444030761719,20991200
2023-01-19 23:00:00,376.8426208496094,20991200,376.8426208496094,20991200,376.8426208496094,20991200
2023-01-20 23:00:00,383.76129150390625,20991200,383.76129150390625,20991200,383.76129150390625,20991200
2023-01-23 23:00:00,388.3158874511719,20991200,388.3158874511719,20991200,388.3158874511719,20991200
2023-01-24 23:00:00,388.0553283691406,20991200,388.0553283691406,20991200,388.0553283691406,20991200
2023-01-25 23:00:00,388.1228332519531,20991200,388.1228332519531,20991200,388.1228332519531,20991200
2023-01-26 23:00:00,392.3879699707031,20991200,392.3879699707031,20991200,392.3879699707031,20991200
2023-01-27 23:00:00,393.3625793457031,20991200,393.3625793457031,20991200,393.3625793457031,20991200
2023-01-30 23:00:00,388.3641052246094,20991200,388.3641052246094,20991200,388.3641052246094,20991200
2023-01-31 23:00:00,393.9994812011719,20991200,393.9994812011719,20991200,393.9994812011719,20991200
2023-02-01 23:00:00,398.2066345214844,20991200,398.2066345214844,20991200,398.2066345214844,20991200
2023-02-02 23:00:00,403.9867248535156,20991200,403.9867248535156,20991200,403.9867248535156,20991200
2023-02-03 23:00:00,399.8277282714844,20991200,399.8277282714844,20991200,399.8277282714844,20991200
2023-02-06 23:00:00,397.3670959472656,20991200,397.3670959472656,20991200,397.3670959472656,20991200
2023-02-07 23:00:00,402.5006103515625,20991200,402.5006103515625,20991200,402.5006103515625,20991200
2023-02-08 23:00:00,398.1101379394531,20991200,398.1101379394531,20991200,398.1101379394531,20991200
2023-02-09 23:00:00,394.7328186035156,20991200,394.7328186035156,20991200,394.7328186035156,20991200
2023-02-10 23:00:00,395.59161376953125,20991200,395.59161376953125,20991200,395.59161376953125,20991200
2023-02-13 23:00:00,400.2426452636719,20991200,400.2426452636719,20991200,400.2426452636719,20991200
2023-02-14 23:00:00,400.0304260253906,20991200,400.0304260253906,20991200,400.0304260253906,20991200
2023-02-15 23:00:00,401.3041076660156,20991200,401.3041076660156,20991200,401.3041076660156,20991200
2023-02-16 23:00:00,395.9003601074219,20991200,395.9003601074219,20991200,395.9003601074219,20991200
2023-02-17 23:00:00,394.8003845214844,20991200,394.8003845214844,20991200,394.8003845214844,20991200
2023-02-21 23:00:00,386.9745788574219,20991200,386.9745788574219,20991200,386.9745788574219,20991200
2023-02-22 23:00:00,386.3183898925781,20991200,386.3183898925781,20991200,386.3183898925781,20991200
2023-02-23 23:00:00,388.3544616699219,20991200,388.3544616699219,20991200,388.3544616699219,20991200
2023-02-24 23:00:00,384.15692138671875,20991200,384.15692138671875,20991200,384.15692138671875,20991200
2023-02-27 23:00:00,385.4981689453125,20991200,385.4981689453125,20991200,385.4981689453125,20991200
2023-02-28 23:00:00,384.02178955078125,20991200,384.02178955078125,20991200,384.02178955078125,20991200
2023-03-01 23:00:00,382.65155029296875,20991200,382.65155029296875,20991200,382.65155029296875,20991200
2023-03-02 23:00:00,385.6622619628906,20991200,385.6622619628906,20991200,385.6622619628906,20991200
2023-03-03 23:00:00,391.8475341796875,20991200,391.8475341796875,20991200,391.8475341796875,20991200
2023-03-06 23:00:00,392.29150390625,20991200,392.29150390625,20991200,392.29150390625,20991200
2023-03-07 23:00:00,386.1061096191406,20991200,386.1061096191406,20991200,386.1061096191406,20991200
2023-03-08 23:00:00,386.78155517578125,20991200,386.78155517578125,20991200,386.78155517578125,20991200
2023-03-09 23:00:00,379.62164306640625,20991200,379.62164306640625,20991200,379.62164306640625,20991200
2023-03-10 23:00:00,374.28546142578125,20991200,374.28546142578125,20991200,374.28546142578125,20991200
2023-03-13 23:00:00,373.5038146972656,20991200,373.5038146972656,20991200,373.5038146972656,20991200
2023-03-14 23:00:00,379.7856750488281,20991200,379.7856750488281,20991200,379.7856750488281,20991200
2023-03-15 23:00:00,377.4504699707031,20991200,377.4504699707031,20991200,377.4504699707031,20991200
2023-03-16 23:00:00,383.9446716308594,20991200,383.9446716308594,20991200,383.9446716308594,20991200
2023-03-17 23:00:00,379.39007568359375,20991200,379.39007568359375,20991200,379.39007568359375,20991200
2023-03-20 23:00:00,383.15338134765625,20991200,383.15338134765625,20991200,383.15338134765625,20991200
2023-03-21 23:00:00,388.1325378417969,20991200,388.1325378417969,20991200,388.1325378417969,20991200
2023-03-22 23:00:00,381.62872314453125,20991200,381.62872314453125,20991200,381.62872314453125,20991200
2023-03-23 23:00:00,382.59576416015625,20991200,382.59576416015625,20991200,382.59576416015625,20991200
2023-03-24 23:00:00,385.12481689453125,20991200,385.12481689453125,20991200,385.12481689453125,20991200
2023-03-27 23:00:00,385.7934875488281,20991200,385.7934875488281,20991200,385.7934875488281,20991200
2023-03-28 23:00:00,385.076416015625,20991200,385.076416015625,20991200,385.076416015625,20991200
2023-03-29 23:00:00,390.6480407714844,20991200,390.6480407714844,20991200,390.6480407714844,20991200
2023-03-30 23:00:00,392.8186340332031,20991200,392.8186340332031,20991200,392.8186340332031,20991200
2023-03-31 23:00:00,398.3321533203125,20991200,398.3321533203125,20991200,398.3321533203125,20991200
2023-04-03 23:00:00,399.74688720703125,20991200,399.74688720703125,20991200,399.74688720703125,20991200
2023-04-04 23:00:00,397.70233154296875,20991200,397.70233154296875,20991200,397.70233154296875,20991200
2023-04-05 23:00:00,396.76239013671875,20991200,396.76239013671875,20991200,396.76239013671875,20991200
2023-04-06 23:00:00,398.2643737792969,20991200,398.2643737792969,20991200,398.2643737792969,20991200
2023-04-10 23:00:00,398.7197570800781,20991200,398.7197570800781,20991200,398.7197570800781,20991200
2023-04-11 23:00:00,398.7100524902344,20991200,398.7100524902344,20991200,398.7100524902344,20991200
2023-04-12 23:00:00,397.21783447265625,20991200,397.21783447265625,20991200,397.21783447265625,20991200
2023-04-13 23:00:00,402.3922119140625,20991200,402.3922119140625,20991200,402.3922119140625,20991200
2023-04-14 23:00:00,401.40386962890625,20991200,401.40386962890625,20991200,401.40386962890625,20991200
2023-04-17 23:00:00,402.88641357421875,20991200,402.88641357421875,20991200,402.88641357421875,20991200
2023-04-18 23:00:00,403.11895751953125,20991200,403.11895751953125,20991200,403.11895751953125,20991200
2023-04-19 23:00:00,403.08990478515625,20991200,403.08990478515625,20991200,403.08990478515625,20991200
2023-04-20 23:00:00,400.8321533203125,20991200,400.8321533203125,20991200,400.8321533203125,20991200
2023-04-21 23:00:00,401.0550231933594,20991200,401.0550231933594,20991200,401.0550231933594,20991200
2023-04-24 23:00:00,401.5589599609375,20991200,401.5589599609375,20991200,401.5589599609375,20991200
2023-04-25 23:00:00,395.18292236328125,20991200,395.18292236328125,20991200,395.18292236328125,20991200
2023-04-26 23:00:00,393.5744323730469,20991200,393.5744323730469,20991200,393.5744323730469,20991200
2023-04-27 23:00:00,401.3844909667969,20991200,401.3844909667969,20991200,401.3844909667969,20991200
2023-04-28 23:00:00,404.7081298828125,20991200,404.7081298828125,20991200,404.7081298828125,20991200
2023-05-01 23:00:00,404.4174499511719,20991200,404.4174499511719,20991200,404.4174499511719,20991200
2023-05-02 23:00:00,399.8923034667969,20991200,399.8923034667969,20991200,399.8923034667969,20991200
2023-05-03 23:00:00,397.01434326171875,20991200,397.01434326171875,20991200,397.01434326171875,20991200
2023-05-04 23:00:00,394.2430114746094,20991200,394.2430114746094,20991200,394.2430114746094,20991200
2023-05-05 23:00:00,401.45233154296875,20991200,401.45233154296875,20991200,401.45233154296875,20991200
2023-05-08 23:00:00,401.66546630859375,20991200,401.66546630859375,20991200,401.66546630859375,20991200
2023-05-09 23:00:00,400.0278625488281,20991200,400.0278625488281,20991200,400.0278625488281,20991200
2023-05-10 23:00:00,401.7139892578125,20991200,401.7139892578125,20991200,401.7139892578125,20991200
2023-05-11 23:00:00,401.1131591796875,20991200,401.1131591796875,20991200,401.1131591796875,20991200
2023-05-12 23:00:00,400.5899353027344,20991200,400.5899353027344,20991200,400.5899353027344,20991200
2023-05-15 23:00:00,401.91741943359375,20991200,401.91741943359375,20991200,401.91741943359375,20991200
2023-05-16 23:00:00,399.2333068847656,20991200,399.2333068847656,20991200,399.2333068847656,20991200
2023-05-17 23:00:00,404.07830810546875,20991200,404.07830810546875,20991200,404.07830810546875,20991200
2023-05-18 23:00:00,407.99298095703125,20991200,407.99298095703125,20991200,407.99298095703125,20991200
2023-05-19 23:00:00,407.40191650390625,20991200,407.40191650390625,20991200,407.40191650390625,20991200
2023-05-22 23:00:00,407.5181884765625,20991200,407.5181884765625,20991200,407.5181884765625,20991200
2023-05-23 23:00:00,403.06085205078125,20991200,403.06085205078125,20991200,403.06085205078125,20991200
2023-05-24 23:00:00,400.03759765625,20991200,400.03759765625,20991200,400.03759765625,20991200
2023-05-25 23:00:00,403.5647277832031,20991200,403.5647277832031,20991200,403.5647277832031,20991200
2023-05-26 23:00:00,408.8651123046875,20991200,408.8651123046875,20991200,408.8651123046875,20991200
2023-05-30 23:00:00,408.942626953125,20991200,408.942626953125,20991200,408.942626953125,20991200
2023-05-31 23:00:00,406.4232482910156,20991200,406.4232482910156,20991200,406.4232482910156,20991200
2023-06-01 23:00:00,410.6092529296875,20991200,410.6092529296875,20991200,410.6092529296875,20991200
2023-06-02 23:00:00,416.46197509765625,20991200,416.46197509765625,20991200,416.46197509765625,20991200
2023-06-05 23:00:00,415.7449035644531,20991200,415.7449035644531,20991200,415.7449035644531,20991200
2023-06-06 23:00:00,416.6266784667969,20991200,416.6266784667969,20991200,416.6266784667969,20991200
2023-06-07 23:00:00,415.2551574707031,20991200,415.2551574707031,20991200,415.2551574707031,20991200
2023-06-08 23:00:00,417.656005859375,20991200,417.656005859375,20991200,417.656005859375,20991200
2023-06-09 23:00:00,418.49200439453125,20991200,418.49200439453125,20991200,418.49200439453125,20991200
2023-06-12 23:00:00,422.29254150390625,20991200,422.29254150390625,20991200,422.29254150390625,20991200
2023-06-13 23:00:00,425.0531005859375,20991200,425.0531005859375,20991200,425.0531005859375,20991200
2023-06-14 23:00:00,425.548828125,20991200,425.548828125,20991200,425.548828125,20991200
2023-06-15 23:00:00,430.8074035644531,20991200,430.8074035644531,20991200,430.8074035644531,20991200
2023-06-16 23:00:00,429.27166748046875,20991200,429.27166748046875,20991200,429.27166748046875,20991200
2023-06-20 23:00:00,427.2401123046875,20991200,427.2401123046875,20991200,427.2401123046875,20991200
2023-06-21 23:00:00,424.9850769042969,20991200,424.9850769042969,20991200,424.9850769042969,20991200
2023-06-22 23:00:00,426.5208435058594,20991200,426.5208435058594,20991200,426.5208435058594,20991200
2023-06-23 23:00:00,423.2742919921875,20991200,423.2742919921875,20991200,423.2742919921875,20991200
2023-06-26 23:00:00,421.4857177734375,20991200,421.4857177734375,20991200,421.4857177734375,20991200
2023-06-27 23:00:00,426.1515197753906,20991200,426.1515197753906,20991200,426.1515197753906,20991200
2023-06-28 23:00:00,426.2875671386719,20991200,426.2875671386719,20991200,426.2875671386719,20991200
2023-06-29 23:00:00,427.98858642578125,20991200,427.98858642578125,20991200,427.98858642578125,20991200
2023-06-30 23:00:00,433.2374267578125,20991200,433.2374267578125,20991200,433.2374267578125,20991200
2023-07-03 23:00:00,433.8595886230469,20991200,433.8595886230469,20991200,433.8595886230469,20991200
2023-07-05 23:00:00,433.1111145019531,20991200,433.1111145019531,20991200,433.1111145019531,20991200
2023-07-06 23:00:00,429.5632629394531,20991200,429.5632629394531,20991200,429.5632629394531,20991200
2023-07-07 23:00:00,428.46490478515625,20991200,428.46490478515625,20991200,428.46490478515625,20991200
2023-07-10 23:00:00,429.6021728515625,20991200,429.6021728515625,20991200,429.6021728515625,20991200
2023-07-11 23:00:00,432.489013671875,20991200,432.489013671875,20991200,432.489013671875,20991200
2023-07-12 23:00:00,435.7355651855469,20991200,435.7355651855469,20991200,435.7355651855469,20991200
2023-07-13 23:00:00,439.4486389160156,20991200,439.4486389160156,20991200,439.4486389160156,20991200
2023-07-14 23:00:00,439.0112609863281,20991200,439.0112609863281,20991200,439.0112609863281,20991200
2023-07-17 23:00:00,440.64422607421875,20991200,440.64422607421875,20991200,440.64422607421875,20991200
2023-07-18 23:00:00,443.8421325683594,20991200,443.8421325683594,20991200,443.8421325683594,20991200
2023-07-19 23:00:00,444.65863037109375,20991200,444.65863037109375,20991200,444.65863037109375,20991200
2023-07-20 23:00:00,441.88836669921875,20991200,441.88836669921875,20991200,441.88836669921875,20991200
2023-07-21 23:00:00,441.8786926269531,20991200,441.8786926269531,20991200,441.8786926269531,20991200
2023-07-24 23:00:00,443.8324279785156,20991200,443.8324279785156,20991200,443.8324279785156,20991200
2023-07-25 23:00:00,445.0280456542969,20991200,445.0280456542969,20991200,445.0280456542969,20991200
2023-07-26 23:00:00,445.06695556640625,20991200,445.06695556640625,20991200,445.06695556640625,20991200
2023-07-27 23:00:00,442.18975830078125,20991200,442.18975830078125,20991200,442.18975830078125,20991200
2023-07-28 23:00:00,446.3694152832031,20991200,446.3694152832031,20991200,446.3694152832031,20991200
2023-07-31 23:00:00,447.3025817871094,20991200,447.3025817871094,20991200,447.3025817871094,20991200
2023-08-01 23:00:00,446.0583801269531,20991200,446.0583801269531,20991200,446.0583801269531,20991200
2023-08-02 23:00:00,439.8277282714844,20991200,439.8277282714844,20991200,439.8277282714844,20991200
2023-08-03 23:00:00,438.5641174316406,20991200,438.5641174316406,20991200,438.5641174316406,20991200
2023-08-04 23:00:00,436.52294921875,20991200,436.52294921875,20991200,436.52294921875,20991200
2023-08-07 23:00:00,440.3818054199219,20991200,440.3818054199219,20991200,440.3818054199219,20991200
2023-08-08 23:00:00,438.53497314453125,20991200,438.53497314453125,20991200,438.53497314453125,20991200
2023-08-09 23:00:00,435.5703430175781,20991200,435.5703430175781,20991200,435.5703430175781,20991200
2023-08-10 23:00:00,435.7647399902344,20991200,435.7647399902344,20991200,435.7647399902344,20991200
2023-08-11 23:00:00,435.50225830078125,20991200,435.50225830078125,20991200,435.50225830078125,20991200
2023-08-14 23:00:00,437.8351135253906,20991200,437.8351135253906,20991200,437.8351135253906,20991200
2023-08-15 23:00:00,432.8778076171875,20991200,432.8778076171875,20991200,432.8778076171875,20991200
2023-08-16 23:00:00,429.64105224609375,20991200,429.64105224609375,20991200,429.64105224609375,20991200
2023-08-17 23:00:00,426.3361511230469,20991200,426.3361511230469,20991200,426.3361511230469,20991200
2023-08-18 23:00:00,426.4139099121094,20991200,426.4139099121094,20991200,426.4139099121094,20991200
2023-08-21 23:00:00,429.29107666015625,20991200,429.29107666015625,20991200,429.29107666015625,20991200
2023-08-22 23:00:00,428.0663146972656,20991200,428.0663146972656,20991200,428.0663146972656,20991200
2023-08-23 23:00:00,432.7903747558594,20991200,432.7903747558594,20991200,432.7903747558594,20991200
2023-08-24 23:00:00,426.97772216796875,20991200,426.97772216796875,20991200,426.97772216796875,20991200
2023-08-25 23:00:00,430.0298156738281,20991200,430.0298156738281,20991200,430.0298156738281,20991200
2023-08-28 23:00:00,432.6250915527344,20991200,432.6250915527344,20991200,432.6250915527344,20991200
2023-08-29 23:00:00,438.8751525878906,20991200,438.8751525878906,20991200,438.8751525878906,20991200
2023-08-30 23:00:00,440.7997741699219,20991200,440.7997741699219,20991200,440.7997741699219,20991200
2023-08-31 23:00:00,440.0221862792969,20991200,440.0221862792969,20991200,440.0221862792969,20991200
2023-09-01 23:00:00,440.9552917480469,20991200,440.9552917480469,20991200,440.9552917480469,20991200
2023-09-05 23:00:00,439.0598449707031,20991200,439.0598449707031,20991200,439.0598449707031,20991200
2023-09-06 23:00:00,436.0076904296875,20991200,436.0076904296875,20991200,436.0076904296875,20991200
2023-09-07 23:00:00,434.80242919921875,20991200,434.80242919921875,20991200,434.80242919921875,20991200
2023-09-08 23:00:00,435.33709716796875,20991200,435.33709716796875,20991200,435.33709716796875,20991200
2023-09-11 23:00:00,438.2822570800781,20991200,438.2822570800781,20991200,438.2822570800781,20991200
2023-09-12 23:00:00,435.9104919433594,20991200,435.9104919433594,20991200,435.9104919433594,20991200
2023-09-13 23:00:00,436.3187561035156,20991200,436.3187561035156,20991200,436.3187561035156,20991200
2023-09-14 23:00:00,440.216552734375,20991200,440.216552734375,20991200,440.216552734375,20991200
2023-09-15 23:00:00,434.53997802734375,20991200,434.53997802734375,20991200,434.53997802734375,20991200
2023-09-18 23:00:00,435.2884521484375,20991200,435.2884521484375,20991200,435.2884521484375,20991200
2023-09-19 23:00:00,434.31640625,20991200,434.31640625,20991200,434.31640625,20991200
2023-09-20 23:00:00,430.2048034667969,20991200,430.2048034667969,20991200,430.2048034667969,20991200
2023-09-21 23:00:00,423.15765380859375,20991200,423.15765380859375,20991200,423.15765380859375,20991200
2023-09-22 23:00:00,422.14678955078125,20991200,422.14678955078125,20991200,422.14678955078125,20991200
2023-09-25 23:00:00,423.89642333984375,20991200,423.89642333984375,20991200,423.89642333984375,20991200
2023-09-26 23:00:00,417.6929626464844,20991200,417.6929626464844,20991200,417.6929626464844,20991200
2023-09-27 23:00:00,417.80035400390625,20991200,417.80035400390625,20991200,417.80035400390625,20991200
2023-09-28 23:00:00,420.2414855957031,20991200,420.2414855957031,20991200,420.2414855957031,20991200
2023-09-29 23:00:00,419.3236083984375,20991200,419.3236083984375,20991200,419.3236083984375,20991200
2023-10-02 23:00:00,419.1771240234375,20991200,419.1771240234375,20991200,419.1771240234375,20991200
2023-10-03 23:00:00,413.59173583984375,20991200,413.59173583984375,20991200,413.59173583984375,20991200
2023-10-04 23:00:00,416.5211486816406,20991200,416.5211486816406,20991200,416.5211486816406,20991200
2023-10-05 23:00:00,416.3258361816406,20991200,416.3258361816406,20991200,416.3258361816406,20991200
2023-10-06 23:00:00,421.21795654296875,20991200,421.21795654296875,20991200,421.21795654296875,20991200
2023-10-09 23:00:00,423.9910888671875,20991200,423.9910888671875,20991200,423.9910888671875,20991200
2023-10-10 23:00:00,426.2076721191406,20991200,426.2076721191406,20991200,426.2076721191406,20991200
2023-10-11 23:00:00,428.0141296386719,20991200,428.0141296386719,20991200,428.0141296386719,20991200
2023-10-12 23:00:00,425.4460754394531,20991200,425.4460754394531,20991200,425.4460754394531,20991200
2023-10-13 23:00:00,423.2099304199219,20991200,423.2099304199219,20991200,423.2099304199219,20991200
2023-10-16 23:00:00,427.6138000488281,20991200,427.6138000488281,20991200,427.6138000488281,20991200
2023-10-17 23:00:00,427.7406921386719,20991200,427.7406921386719,20991200,427.7406921386719,20991200
2023-10-18 23:00:00,422.13580322265625,20991200,422.13580322265625,20991200,422.13580322265625,20991200
2023-10-19 23:00:00,418.30810546875,20991200,418.30810546875,20991200,418.30810546875,20991200
2023-10-20 23:00:00,413.162109375,20991200,413.162109375,20991200,413.162109375,20991200
2023-10-23 23:00:00,412.4395446777344,20991200,412.4395446777344,20991200,412.4395446777344,20991200
2023-10-24 23:00:00,415.5446472167969,20991200,415.5446472167969,20991200,415.5446472167969,20991200
2023-10-25 23:00:00,409.6370544433594,20991200,409.6370544433594,20991200,409.6370544433594,20991200
2023-10-26 23:00:00,404.6961669921875,20991200,404.6961669921875,20991200,404.6961669921875,20991200
2023-10-27 23:00:00,402.84088134765625,20991200,402.84088134765625,20991200,402.84088134765625,20991200
2023-10-30 23:00:00,407.6255798339844,20991200,407.6255798339844,20991200,407.6255798339844,20991200
2023-10-31 23:00:00,410.05694580078125,20991200,410.05694580078125,20991200,410.05694580078125,20991200
2023-11-01 23:00:00,414.5389404296875,20991200,414.5389404296875,20991200,414.5389404296875,20991200
2023-11-02 23:00:00,422.5263977050781,20991200,422.5263977050781,20991200,422.5263977050781,20991200
2023-11-03 23:00:00,426.3150939941406,20991200,426.3150939941406,20991200,426.3150939941406,20991200
2023-11-06 23:00:00,427.3404235839844,20991200,427.3404235839844,20991200,427.3404235839844,20991200
2023-11-07 23:00:00,428.4731140136719,20991200,428.4731140136719,20991200,428.4731140136719,20991200
2023-11-08 23:00:00,428.82464599609375,20991200,428.82464599609375,20991200,428.82464599609375,20991200
2023-11-09 23:00:00,425.5924987792969,20991200,425.5924987792969,20991200,425.5924987792969,20991200
2023-11-10 23:00:00,432.2520446777344,20991200,432.2520446777344,20991200,432.2520446777344,20991200
2023-11-13 23:00:00,431.7540588378906,20991200,431.7540588378906,20991200,431.7540588378906,20991200
2023-11-14 23:00:00,440.2199401855469,20991200,440.2199401855469,20991200,440.2199401855469,20991200
2023-11-15 23:00:00,441.1085510253906,20991200,441.1085510253906,20991200,441.1085510253906,20991200
2023-11-16 23:00:00,441.6553649902344,20991200,441.6553649902344,20991200,441.6553649902344,20991200
2023-11-17 23:00:00,442.1240539550781,20991200,442.1240539550781,20991200,442.1240539550781,20991200
2023-11-20 23:00:00,445.67840576171875,20991200,445.67840576171875,20991200,445.67840576171875,20991200
2023-11-21 23:00:00,444.65313720703125,20991200,444.65313720703125,20991200,444.65313720703125,20991200
2023-11-22 23:00:00,446.3424072265625,20991200,446.3424072265625,20991200,446.3424072265625,20991200
2023-11-24 23:00:00,446.6744079589844,20991200,446.6744079589844,20991200,446.6744079589844,20991200
2023-11-27 23:00:00,445.8443908691406,20991200,445.8443908691406,20991200,445.8443908691406,20991200
2023-11-28 23:00:00,446.22528076171875,20991200,446.22528076171875,20991200,446.22528076171875,20991200
2023-11-29 23:00:00,446.02020263671875,20991200,446.02020263671875,20991200,446.02020263671875,20991200
2023-11-30 23:00:00,447.6313781738281,20991200,447.6313781738281,20991200,447.6313781738281,20991200
2023-12-01 23:00:00,450.277587890625,20991200,450.277587890625,20991200,450.277587890625,20991200
2023-12-04 23:00:00,448.05126953125,20991200,448.05126953125,20991200,448.05126953125,20991200
2023-12-05 23:00:00,447.9535827636719,20991200,447.9535827636719,20991200,447.9535827636719,20991200
2023-12-06 23:00:00,446.0982971191406,20991200,446.0982971191406,20991200,446.0982971191406,20991200
2023-12-07 23:00:00,449.5256652832031,20991200,449.5256652832031,20991200,449.5256652832031,20991200
2023-12-08 23:00:00,451.4689025878906,20991200,451.4689025878906,20991200,451.4689025878906,20991200
2023-12-11 23:00:00,453.2265319824219,20991200,453.2265319824219,20991200,453.2265319824219,20991200
2023-12-12 23:00:00,455.47235107421875,20991200,455.47235107421875,20991200,455.47235107421875,20991200
2023-12-13 23:00:00,461.7119445800781,20991200,461.7119445800781,20991200,461.7119445800781,20991200
2023-12-14 23:00:00,463.15716552734375,20991200,463.15716552734375,20991200,463.15716552734375,20991200
2023-12-15 23:00:00,462.3759765625,20991200,462.3759765625,20991200,462.3759765625,20991200
2023-12-18 23:00:00,464.9440612792969,20991200,464.9440612792969,20991200,464.9440612792969,20991200
2023-12-19 23:00:00,467.6293640136719,20991200,467.6293640136719,20991200,467.6293640136719,20991200
2023-12-20 23:00:00,460.9283142089844,20991200,460.9283142089844,20991200,460.9283142089844,20991200
2023-12-21 23:00:00,465.6048278808594,20991200,465.6048278808594,20991200,465.6048278808594,20991200
2023-12-22 23:00:00,466.49700927734375,20991200,466.49700927734375,20991200,466.49700927734375,20991200
2023-12-26 23:00:00,468.5068054199219,20991200,468.5068054199219,20991200,468.5068054199219,20991200
2023-12-27 23:00:00,469.3989562988281,20991200,469.3989562988281,20991200,469.3989562988281,20991200
2023-12-28 23:00:00,469.61468505859375,20991200,469.61468505859375,20991200,469.61468505859375,20991200
2023-12-29 23:00:00,468.27154541015625,20991200,468.27154541015625,20991200,468.27154541015625,20991200
2024-01-02 23:00:00,465.5852355957031,20991200,465.5852355957031,20991200,465.5852355957031,20991200
2024-01-03 23:00:00,461.7812194824219,20991200,461.7812194824219,20991200,461.7812194824219,20991200
2024-01-04 23:00:00,460.3596496582031,20991200,460.3596496582031,20991200,460.3596496582031,20991200
2024-01-05 23:00:00,460.9086608886719,20991200,460.9086608886719,20991200,460.9086608886719,20991200
2024-01-08 23:00:00,467.2519226074219,20991200,467.2519226074219,20991200,467.2519226074219,20991200
2024-01-09 23:00:00,466.81072998046875,20991200,466.81072998046875,20991200,466.81072998046875,20991200
2024-01-10 23:00:00,469.4283752441406,20991200,469.4283752441406,20991200,469.4283752441406,20991200
2024-01-11 23:00:00,469.1734924316406,20991200,469.1734924316406,20991200,469.1734924316406,20991200
2024-01-12 23:00:00,469.5754699707031,20991200,469.5754699707031,20991200,469.5754699707031,20991200
2024-01-16 23:00:00,467.94793701171875,20991200,467.94793701171875,20991200,467.94793701171875,20991200
2024-01-17 23:00:00,465.320556640625,20991200,465.320556640625,20991200,465.320556640625,20991200
2024-01-18 23:00:00,469.3107604980469,20991200,469.3107604980469,20991200,469.3107604980469,20991200
2024-01-19 23:00:00,475.1833801269531,20991200,475.1833801269531,20991200,475.1833801269531,20991200
2024-01-22 23:00:00,476.2127990722656,20991200,476.2127990722656,20991200,476.2127990722656,20991200
2024-01-23 23:00:00,477.6932373046875,20991200,477.6932373046875,20991200,477.6932373046875,20991200
2024-01-24 23:00:00,478.0559997558594,20991200,478.0559997558594,20991200,478.0559997558594,20991200
2024-01-25 23:00:00,480.7226867675781,20991200,480.7226867675781,20991200,480.7226867675781,20991200
2024-01-26 23:00:00,480.2226867675781,20991200,480.2226867675781,20991200,480.2226867675781,20991200
2024-01-29 23:00:00,483.9972839355469,20991200,483.9972839355469,20991200,483.9972839355469,20991200
2024-01-30 23:00:00,483.63446044921875,20991200,483.63446044921875,20991200,483.63446044921875,20991200
2024-01-31 23:00:00,475.6932067871094,20991200,475.6932067871094,20991200,475.6932067871094,20991200
2024-02-01 23:00:00,482.0070495605469,20991200,482.0070495605469,20991200,482.0070495605469,20991200
2024-02-02 23:00:00,486.9776916503906,20991200,486.9776916503906,20991200,486.9776916503906,20991200
2024-02-05 23:00:00,485.3502197265625,20991200,485.3502197265625,20991200,485.3502197265625,20991200
2024-02-06 23:00:00,486.6639404296875,20991200,486.6639404296875,20991200,486.6639404296875,20991200
2024-02-07 23:00:00,490.614990234375,20991200,490.614990234375,20991200,490.614990234375,20991200
2024-02-08 23:00:00,490.9385070800781,20991200,490.9385070800781,20991200,490.9385070800781,20991200
2024-02-09 23:00:00,493.7817077636719,20991200,493.7817077636719,20991200,493.7817077636719,20991200
2024-02-12 23:00:00,493.5169677734375,20991200,493.5169677734375,20991200,493.5169677734375,20991200
2024-02-13 23:00:00,486.88946533203125,20991200,486.88946533203125,20991200,486.88946533203125,20991200
2024-02-14 23:00:00,491.232666015625,20991200,491.232666015625,20991200,491.232666015625,20991200
2024-02-15 23:00:00,494.4679870605469,20991200,494.4679870605469,20991200,494.4679870605469,20991200
2024-02-16 23:00:00,492.1150207519531,20991200,492.1150207519531,20991200,492.1150207519531,20991200
2024-02-20 23:00:00,489.37969970703125,20991200,489.37969970703125,20991200,489.37969970703125,20991200
2024-02-21 23:00:00,489.8208312988281,20991200,489.8208312988281,20991200,489.8208312988281,20991200
2024-02-22 23:00:00,500.0562744140625,20991200,500.0562744140625,20991200,500.0562744140625,20991200
2024-02-23 23:00:00,500.34063720703125,20991200,500.34063720703125,20991200,500.34063720703125,20991200
2024-02-26 23:00:00,498.4582824707031,20991200,498.4582824707031,20991200,498.4582824707031,20991200
2024-02-27 23:00:00,499.3406066894531,20991200,499.3406066894531,20991200,499.3406066894531,20991200
2024-02-28 23:00:00,498.7131652832031,20991200,498.7131652832031,20991200,498.7131652832031,20991200
2024-02-29 23:00:00,500.4484558105469,20991200,500.4484558105469,20991200,500.4484558105469,20991200
2024-03-01 23:00:00,505.291748046875,20991200,505.291748046875,20991200,505.291748046875,20991200
2024-03-04 23:00:00,504.6936950683594,20991200,504.6936950683594,20991200,504.6936950683594,20991200
2024-03-05 23:00:00,499.5955505371094,20991200,499.5955505371094,20991200,499.5955505371094,20991200
2024-03-06 23:00:00,502.3014221191406,20991200,502.3014221191406,20991200,502.3014221191406,20991200
2024-03-07 23:00:00,507.29168701171875,20991200,507.29168701171875,20991200,507.29168701171875,20991200
2024-03-08 23:00:00,504.2132568359375,20991200,504.2132568359375,20991200,504.2132568359375,20991200
2024-03-11 23:00:00,503.9680480957031,20991200,503.9680480957031,20991200,503.9680480957031,20991200
2024-03-12 23:00:00,509.2231750488281,20991200,509.2231750488281,20991200,509.2231750488281,20991200
2024-03-13 23:00:00,508.40936279296875,20991200,508.40936279296875,20991200,508.40936279296875,20991200
2024-03-14 23:00:00,507.3014831542969,20991200,507.3014831542969,20991200,507.3014831542969,20991200
2024-03-15 23:00:00,503.1739501953125,20991200,503.1739501953125,20991200,503.1739501953125,20991200
2024-03-18 23:00:00,506.7230529785156,20991200,506.7230529785156,20991200,506.7230529785156,20991200
2024-03-19 23:00:00,509.6545104980469,20991200,509.6545104980469,20991200,509.6545104980469,20991200
2024-03-20 23:00:00,514.389892578125,20991200,514.389892578125,20991200,514.389892578125,20991200
2024-03-21 23:00:00,515.978271484375,20991200,515.978271484375,20991200,515.978271484375,20991200
2024-03-22 23:00:00,515.289794921875,20991200,515.289794921875,20991200,515.289794921875,20991200
2024-03-25 23:00:00,513.6768188476562,20991200,513.6768188476562,20991200,513.6768188476562,20991200
2024-03-26 23:00:00,512.5949096679688,20991200,512.5949096679688,20991200,512.5949096679688,20991200
2024-03-27 23:00:00,517.0601196289062,20991200,517.0601196289062,20991200,517.0601196289062,20991200
2024-03-28 23:00:00,517.0699462890625,20991200,517.0699462890625,20991200,517.0699462890625,20991200
2024-04-01 23:00:00,516.2340087890625,20991200,516.2340087890625,20991200,516.2340087890625,20991200
2024-04-02 23:00:00,512.8604736328125,20991200,512.8604736328125,20991200,512.8604736328125,20991200
2024-04-03 23:00:00,513.4308471679688,20991200,513.4308471679688,20991200,513.4308471679688,20991200
2024-04-04 23:00:00,507.1166076660156,20991200,507.1166076660156,20991200,507.1166076660156,20991200
2024-04-05 23:00:00,512.407958984375,20991200,512.407958984375,20991200,512.407958984375,20991200
2024-04-08 23:00:00,512.545654296875,20991200,512.545654296875,20991200,512.545654296875,20991200
2024-04-09 23:00:00,513.18505859375,20991200,513.18505859375,20991200,513.18505859375,20991200
2024-04-10 23:00:00,508.2083435058594,20991200,508.2083435058594,20991200,508.2083435058594,20991200
2024-04-11 23:00:00,512.0145874023438,20991200,512.0145874023438,20991200,512.0145874023438,20991200
2024-04-12 23:00:00,504.8544921875,20991200,504.8544921875,20991200,504.8544921875,20991200
2024-04-15 23:00:00,498.5993347167969,20991200,498.5993347167969,20991200,498.5993347167969,20991200
2024-04-16 23:00:00,497.6452941894531,20991200,497.6452941894531,20991200,497.6452941894531,20991200
2024-04-17 23:00:00,494.7536926269531,20991200,494.7536926269531,20991200,494.7536926269531,20991200
2024-04-18 23:00:00,493.6128234863281,20991200,493.6128234863281,20991200,493.6128234863281,20991200
2024-04-19 23:00:00,489.33447265625,20991200,489.33447265625,20991200,489.33447265625,20991200
2024-04-22 23:00:00,493.848876953125,20991200,493.848876953125,20991200,493.848876953125,20991200
2024-04-23 23:00:00,499.7992248535156,20991200,499.7992248535156,20991200,499.7992248535156,20991200
2024-04-24 23:00:00,499.6025085449219,20991200,499.6025085449219,20991200,499.6025085449219,20991200
2024-04-25 23:00:00,497.4878845214844,20991200,497.4878845214844,20991200,497.4878845214844,20991200
2024-04-26 23:00:00,502.35638427734375,20991200,502.35638427734375,20991200,502.35638427734375,20991200
2024-04-29 23:00:00,504.14642333984375,20991200,504.14642333984375,20991200,504.14642333984375,20991200
2024-04-30 23:00:00,496.1306457519531,20991200,496.1306457519531,20991200,496.1306457519531,20991200
2024-05-01 23:00:00,494.57666015625,20991200,494.57666015625,20991200,494.57666015625,20991200
2024-05-02 23:00:00,499.10089111328125,20991200,499.10089111328125,20991200,499.10089111328125,20991200
2024-05-03 23:00:00,505.3758239746094,20991200,505.3758239746094,20991200,505.3758239746094,20991200
2024-05-06 23:00:00,510.6376647949219,20991200,510.6376647949219,20991200,510.6376647949219,20991200
2024-05-07 23:00:00,511.29656982421875,20991200,511.29656982421875,20991200,511.29656982421875,20991200
2024-05-08 23:00:00,511.2474670410156,20991200,511.2474670410156,20991200,511.2474670410156,20991200
2024-05-09 23:00:00,514.0505981445312,20991200,514.0505981445312,20991200,514.0505981445312,20991200
2024-05-10 23:00:00,514.7684936523438,20991200,514.7684936523438,20991200,514.7684936523438,20991200
2024-05-13 23:00:00,514.9454956054688,20991200,514.9454956054688,20991200,514.9454956054688,20991200
2024-05-14 23:00:00,517.296142578125,20991200,517.296142578125,20991200,517.296142578125,20991200
2024-05-15 23:00:00,523.708740234375,20991200,523.708740234375,20991200,523.708740234375,20991200
2024-05-16 23:00:00,522.4793701171875,20991200,522.4793701171875,20991200,522.4793701171875,20991200
2024-05-17 23:00:00,523.364501953125,20991200,523.364501953125,20991200,523.364501953125,20991200
2024-05-20 23:00:00,523.9742431640625,20991200,523.9742431640625,20991200,523.9742431640625,20991200
2024-05-21 23:00:00,525.2528686523438,20991200,525.2528686523438,20991200,525.2528686523438,20991200
2024-05-22 23:00:00,523.7578735351562,20991200,523.7578735351562,20991200,523.7578735351562,20991200
2024-05-23 23:00:00,519.9320068359375,20991200,519.9320068359375,20991200,519.9320068359375,20991200
2024-05-24 23:00:00,523.3842163085938,20991200,523.3842163085938,20991200,523.3842163085938,20991200
2024-05-28 23:00:00,523.7874755859375,20991200,523.7874755859375,20991200,523.7874755859375,20991200
2024-05-29 23:00:00,520.0402221679688,20991200,520.0402221679688,20991200,520.0402221679688,20991200
2024-05-30 23:00:00,516.6668090820312,20991200,516.6668090820312,20991200,516.6668090820312,20991200
2024-05-31 23:00:00,521.2303466796875,20991200,521.2303466796875,20991200,521.2303466796875,20991200
2024-06-03 23:00:00,521.5548706054688,20991200,521.5548706054688,20991200,521.5548706054688,20991200
2024-06-04 23:00:00,522.322021484375,20991200,522.322021484375,20991200,522.322021484375,20991200
2024-06-05 23:00:00,528.5772705078125,20991200,528.5772705078125,20991200,528.5772705078125,20991200
2024-06-06 23:00:00,528.5575561523438,20991200,528.5575561523438,20991200,528.5575561523438,20991200
2024-06-07 23:00:00,527.8887329101562,20991200,527.8887329101562,20991200,527.8887329101562,20991200
2024-06-10 23:00:00,529.4624633789062,20991200,529.4624633789062,20991200,529.4624633789062,20991200
2024-06-11 23:00:00,530.775390625,20991200,530.775390625,20991200,530.775390625,20991200
2024-06-12 23:00:00,535.19482421875,20991200,535.19482421875,20991200,535.19482421875,20991200
2024-06-13 23:00:00,536.3193969726562,20991200,536.3193969726562,20991200,536.3193969726562,20991200
2024-06-14 23:00:00,536.5068359375,20991200,536.5068359375,20991200,536.5068359375,20991200
2024-06-17 23:00:00,540.896728515625,20991200,540.896728515625,20991200,540.896728515625,20991200
2024-06-18 23:00:00,542.2086791992188,20991200,542.2086791992188,20991200,542.2086791992188,20991200
2024-06-20 23:00:00,540.5316772460938,20991200,540.5316772460938,20991200,540.5316772460938,20991200
2024-06-21 23:00:00,539.6142578125,20991200,539.6142578125,20991200,539.6142578125,20991200
2024-06-24 23:00:00,538.233154296875,20991200,538.233154296875,20991200,538.233154296875,20991200
2024-06-25 23:00:00,540.2752075195312,20991200,540.2752075195312,20991200,540.2752075195312,20991200
2024-06-26 23:00:00,541.1038208007812,20991200,541.1038208007812,20991200,541.1038208007812,20991200
2024-06-27 23:00:00,541.89306640625,20991200,541.89306640625,20991200,541.89306640625,20991200
2024-06-28 23:00:00,539.831298828125,20991200,539.831298828125,20991200,539.831298828125,20991200
2024-07-01 23:00:00,540.9953002929688,20991200,540.9953002929688,20991200,540.9953002929688,20991200
2024-07-02 23:00:00,544.447998046875,20991200,544.447998046875,20991200,544.447998046875,20991200
2024-07-03 23:00:00,546.8352661132812,20991200,546.8352661132812,20991200,546.8352661132812,20991200
2024-07-05 23:00:00,550.2189331054688,20991200,550.2189331054688,20991200,550.2189331054688,20991200
2024-07-08 23:00:00,550.860107421875,20991200,550.860107421875,20991200,550.860107421875,20991200
2024-07-09 23:00:00,551.3731079101562,20991200,551.3731079101562,20991200,551.3731079101562,20991200
2024-07-10 23:00:00,556.6212158203125,20991200,556.6212158203125,20991200,556.6212158203125,20991200
2024-07-11 23:00:00,551.8958740234375,20991200,551.8958740234375,20991200,551.8958740234375,20991200
2024-07-12 23:00:00,555.4275512695312,20991200,555.4275512695312,20991200,555.4275512695312,20991200
2024-07-15 23:00:00,556.9762573242188,20991200,556.9762573242188,20991200,556.9762573242188,20991200
2024-07-16 23:00:00,560.281005859375,20991200,560.281005859375,20991200,560.281005859375,20991200
2024-07-17 23:00:00,552.458251953125,20991200,552.458251953125,20991200,552.458251953125,20991200
2024-07-18 23:00:00,548.0880737304688,20991200,548.0880737304688,20991200,548.0880737304688,20991200
2024-07-19 23:00:00,544.5170288085938,20991200,544.5170288085938,20991200,544.5170288085938,20991200
2024-07-22 23:00:00,550.1695556640625,20991200,550.1695556640625,20991200,550.1695556640625,20991200
2024-07-23 23:00:00,549.252197265625,20991200,549.252197265625,20991200,549.252197265625,20991200
2024-07-24 23:00:00,536.8521728515625,20991200,536.8521728515625,20991200,536.8521728515625,20991200
2024-07-25 23:00:00,534.0209350585938,20991200,534.0209350585938,20991200,534.0209350585938,20991200
2024-07-26 23:00:00,539.9891967773438,20991200,539.9891967773438,20991200,539.9891967773438,20991200
2024-07-29 23:00:00,540.364013671875,20991200,540.364013671875,20991200,540.364013671875,20991200
2024-07-30 23:00:00,537.4539184570312,20991200,537.4539184570312,20991200,537.4539184570312,20991200
2024-07-31 23:00:00,545.8389282226562,20991200,545.8389282226562,20991200,545.8389282226562,20991200
2024-08-01 23:00:00,538.667236328125,20991200,538.667236328125,20991200,538.667236328125,20991200
2024-08-02 23:00:00,528.5262451171875,20991200,528.5262451171875,20991200,528.5262451171875,20991200
2024-08-05 23:00:00,513.1470336914062,20991200,513.1470336914062,20991200,513.1470336914062,20991200
2024-08-06 23:00:00,518.0202026367188,20991200,518.0202026367188,20991200,518.0202026367188,20991200
2024-08-07 23:00:00,514.4393310546875,20991200,514.4393310546875,20991200,514.4393310546875,20991200
2024-08-08 23:00:00,526.3558959960938,20991200,526.3558959960938,20991200,526.3558959960938,20991200
2024-08-09 23:00:00,528.6051635742188,20991200,528.6051635742188,20991200,528.6051635742188,20991200
2024-08-12 23:00:00,528.8616333007812,20991200,528.8616333007812,20991200,528.8616333007812,20991200
2024-08-13 23:00:00,537.6610107421875,20991200,537.6610107421875,20991200,537.6610107421875,20991200
2024-08-14 23:00:00,539.4169921875,20991200,539.4169921875,20991200,539.4169921875,20991200
2024-08-15 23:00:00,548.6504516601562,20991200,548.6504516601562,20991200,548.6504516601562,20991200
2024-08-16 23:00:00,549.8933715820312,20991200,549.8933715820312,20991200,549.8933715820312,20991200
2024-08-19 23:00:00,555.0032958984375,20991200,555.0032958984375,20991200,555.0032958984375,20991200
2024-08-20 23:00:00,554.1746826171875,20991200,554.1746826171875,20991200,554.1746826171875,20991200
2024-08-21 23:00:00,556.3350830078125,20991200,556.3350830078125,20991200,556.3350830078125,20991200
2024-08-22 23:00:00,551.6295776367188,20991200,551.6295776367188,20991200,551.6295776367188,20991200
2024-08-23 23:00:00,557.5879516601562,20991200,557.5879516601562,20991200,557.5879516601562,20991200
2024-08-26 23:00:00,556.009521484375,20991200,556.009521484375,20991200,556.009521484375,20991200
2024-08-27 23:00:00,557.0255737304688,20991200,557.0255737304688,20991200,557.0255737304688,20991200
2024-08-28 23:00:00,553.7702026367188,20991200,553.7702026367188,20991200,553.7702026367188,20991200
2024-08-29 23:00:00,553.8590698242188,20991200,553.8590698242188,20991200,553.8590698242188,20991200
2024-08-30 23:00:00,559.0872802734375,20991200,559.0872802734375,20991200,559.0872802734375,20991200
2024-09-03 23:00:00,547.7526245117188,20991200,547.7526245117188,20991200,547.7526245117188,20991200
2024-09-04 23:00:00,546.6083374023438,20991200,546.6083374023438,20991200,546.6083374023438,20991200
2024-09-05 23:00:00,545.0891723632812,20991200,545.0891723632812,20991200,545.0891723632812,20991200
2024-09-06 23:00:00,536.0234985351562,20991200,536.0234985351562,20991200,536.0234985351562,20991200
2024-09-09 23:00:00,542.0409545898438,20991200,542.0409545898438,20991200,542.0409545898438,20991200
2024-09-10 23:00:00,544.0435791015625,20991200,544.0435791015625,20991200,544.0435791015625,20991200
2024-09-11 23:00:00,549.9131469726562,20991200,549.9131469726562,20991200,549.9131469726562,20991200
2024-09-12 23:00:00,554.5692749023438,20991200,554.5692749023438,20991200,554.5692749023438,20991200
2024-09-13 23:00:00,557.4103393554688,20991200,557.4103393554688,20991200,557.4103393554688,20991200
2024-09-16 23:00:00,558.337646484375,20991200,558.337646484375,20991200,558.337646484375,20991200
2024-09-17 23:00:00,558.5447998046875,20991200,558.5447998046875,20991200,558.5447998046875,20991200
2024-09-18 23:00:00,556.877685546875,20991200,556.877685546875,20991200,556.877685546875,20991200
2024-09-19 23:00:00,566.4268188476562,20991200,566.4268188476562,20991200,566.4268188476562,20991200
2024-09-20 23:00:00,565.2429809570312,20991200,565.2429809570312,20991200,565.2429809570312,20991200
2024-09-23 23:00:00,566.8115234375,20991200,566.8115234375,20991200,566.8115234375,20991200
2024-09-24 23:00:00,568.4589233398438,20991200,568.4589233398438,20991200,568.4589233398438,20991200
2024-09-25 23:00:00,567.1170043945312,20991200,567.1170043945312,20991200,567.1170043945312,20991200
2024-09-26 23:00:00,569.5433349609375,20991200,569.5433349609375,20991200,569.5433349609375,20991200
2024-09-27 23:00:00,568.5133666992188,20991200,568.5133666992188,20991200,568.5133666992188,20991200
2024-09-30 23:00:00,571.23681640625,20991200,571.23681640625,20991200,571.23681640625,20991200
2024-10-01 23:00:00,565.8395385742188,20991200,565.8395385742188,20991200,565.8395385742188,20991200
2024-10-02 23:00:00,566.0672607421875,20991200,566.0672607421875,20991200,566.0672607421875,20991200
2024-10-03 23:00:00,564.9879150390625,20991200,564.9879150390625,20991200,564.9879150390625,20991200
2024-10-04 23:00:00,570.1177368164062,20991200,570.1177368164062,20991200,570.1177368164062,20991200
2024-10-07 23:00:00,565.0077514648438,20991200,565.0077514648438,20991200,565.0077514648438,20991200
2024-10-08 23:00:00,570.3652954101562,20991200,570.3652954101562,20991200,570.3652954101562,20991200
2024-10-09 23:00:00,574.2374267578125,20991200,574.2374267578125,20991200,574.2374267578125,20991200
2024-10-10 23:00:00,573.227294921875,20991200,573.227294921875,20991200,573.227294921875,20991200
2024-10-11 23:00:00,576.7132568359375,20991200,576.7132568359375,20991200,576.7132568359375,20991200
2024-10-14 23:00:00,581.4668579101562,20991200,581.4668579101562,20991200,581.4668579101562,20991200
2024-10-15 23:00:00,576.8519287109375,20991200,576.8519287109375,20991200,576.8519287109375,20991200
2024-10-16 23:00:00,579.4168090820312,20991200,579.4168090820312,20991200,579.4168090820312,20991200
2024-10-17 23:00:00,579.5851440429688,20991200,579.5851440429688,20991200,579.5851440429688,20991200
2024-10-18 23:00:00,581.7738037109375,20991200,581.7738037109375,20991200,581.7738037109375,20991200
2024-10-21 23:00:00,580.9122314453125,20991200,580.9122314453125,20991200,580.9122314453125,20991200
2024-10-22 23:00:00,580.4566650390625,20991200,580.4566650390625,20991200,580.4566650390625,20991200
2024-10-23 23:00:00,575.1682739257812,20991200,575.1682739257812,20991200,575.1682739257812,20991200
2024-10-24 23:00:00,576.3963623046875,20991200,576.3963623046875,20991200,576.3963623046875,20991200
2024-10-25 23:00:00,576.2676391601562,20991200,576.2676391601562,20991200,576.2676391601562,20991200
2024-10-28 23:00:00,578.0006713867188,20991200,578.0006713867188,20991200,578.0006713867188,20991200
2024-10-29 23:00:00,578.8919677734375,20991200,578.8919677734375,20991200,578.8919677734375,20991200
2024-10-30 23:00:00,577.0301513671875,20991200,577.0301513671875,20991200,577.0301513671875,20991200
2024-10-31 23:00:00,565.7107543945312,20991200,565.7107543945312,20991200,565.7107543945312,20991200
2024-11-01 23:00:00,568.166748046875,20991200,568.166748046875,20991200,568.166748046875,20991200
2024-11-04 23:00:00,567.0278930664062,20991200,567.0278930664062,20991200,567.0278930664062,20991200
2024-11-05 23:00:00,573.8809814453125,20991200,573.8809814453125,20991200,573.8809814453125,20991200
2024-11-06 23:00:00,588.1316528320312,20991200,588.1316528320312,20991200,588.1316528320312,20991200
2024-11-07 23:00:00,592.7168579101562,20991200,592.7168579101562,20991200,592.7168579101562,20991200
2024-11-08 23:00:00,595.3115234375,20991200,595.3115234375,20991200,595.3115234375,20991200
2024-11-11 23:00:00,595.7669677734375,20991200,595.7669677734375,20991200,595.7669677734375,20991200
2024-11-12 23:00:00,593.94482421875,20991200,593.94482421875,20991200,593.94482421875,20991200
2024-11-13 23:00:00,594.3904418945312,20991200,594.3904418945312,20991200,594.3904418945312,20991200
2024-11-14 23:00:00,590.4589233398438,20991200,590.4589233398438,20991200,590.4589233398438,20991200
2024-11-15 23:00:00,582.9620971679688,20991200,582.9620971679688,20991200,582.9620971679688,20991200
2024-11-18 23:00:00,585.388427734375,20991200,585.388427734375,20991200,585.388427734375,20991200
2024-11-19 23:00:00,587.4285278320312,20991200,587.4285278320312,20991200,587.4285278320312,20991200
2024-11-20 23:00:00,587.6958618164062,20991200,587.6958618164062,20991200,587.6958618164062,20991200
2024-11-21 23:00:00,590.7064208984375,20991200,590.7064208984375,20991200,590.7064208984375,20991200
2024-11-22 23:00:00,592.657470703125,20991200,592.657470703125,20991200,592.657470703125,20991200
2024-11-25 23:00:00,594.4102172851562,20991200,594.4102172851562,20991200,594.4102172851562,20991200
2024-11-26 23:00:00,597.916015625,20991200,597.916015625,20991200,597.916015625,20991200
2024-11-27 23:00:00,595.9948120117188,20991200,595.9948120117188,20991200,595.9948120117188,20991200
2024-11-29 23:00:00,599.2133178710938,20991200,599.2133178710938,20991200,599.2133178710938,20991200
2024-12-02 23:00:00,600.8374633789062,20991200,600.8374633789062,20991200,600.8374633789062,20991200
2024-12-03 23:00:00,601.0850830078125,20991200,601.0850830078125,20991200,601.0850830078125,20991200
2024-12-04 23:00:00,604.7888793945312,20991200,604.7888793945312,20991200,604.7888793945312,20991200
2024-12-05 23:00:00,603.8281860351562,20991200,603.8281860351562,20991200,603.8281860351562,20991200
2024-12-06 23:00:00,604.9175415039062,20991200,604.9175415039062,20991200,604.9175415039062,20991200
2024-12-09 23:00:00,601.7980346679688,20991200,601.7980346679688,20991200,601.7980346679688,20991200
2024-12-10 23:00:00,600.0551147460938,20991200,600.0551147460938,20991200,600.0551147460938,20991200
2024-12-11 23:00:00,604.679931640625,20991200,604.679931640625,20991200,604.679931640625,20991200
2024-12-12 23:00:00,601.4712524414062,20991200,601.4712524414062,20991200,601.4712524414062,20991200
2024-12-13 23:00:00,601.3622436523438,20991200,601.3622436523438,20991200,601.3622436523438,20991200
2024-12-16 23:00:00,603.92724609375,20991200,603.92724609375,20991200,603.92724609375,20991200
2024-12-17 23:00:00,601.2976684570312,20991200,601.2976684570312,20991200,601.2976684570312,20991200
2024-12-18 23:00:00,583.6179809570312,20991200,583.6179809570312,20991200,583.6179809570312,20991200
2024-12-19 23:00:00,583.190673828125,20991200,583.190673828125,20991200,583.190673828125,20991200
2024-12-20 23:00:00,589.650390625,20991200,589.650390625,20991200,589.650390625,20991200
2024-12-23 23:00:00,593.9336547851562,20991200,593.9336547851562,20991200,593.9336547851562,20991200
2024-12-24 23:00:00,600.6119384765625,20991200,600.6119384765625,20991200,600.6119384765625,20991200
2024-12-26 23:00:00,600.32373046875,20991200,600.32373046875,20991200,600.32373046875,20991200
2024-12-27 23:00:00,593.8243408203125,20991200,593.8243408203125,20991200,593.8243408203125,20991200
2024-12-30 23:00:00,587.31494140625,20991200,587.31494140625,20991200,587.31494140625,20991200
2024-12-31 23:00:00,585.0291748046875,20991200,585.0291748046875,20991200,585.0291748046875,20991200
2025-01-02 23:00:00,583.8068237304688,20991200,583.8068237304688,20991200,583.8068237304688,20991200
2025-01-03 23:00:00,590.92236328125,20991200,590.92236328125,20991200,590.92236328125,20991200
2025-01-06 23:00:00,594.5894775390625,20991200,594.5894775390625,20991200,594.5894775390625,20991200
2025-01-07 23:00:00,587.9013061523438,20991200,587.9013061523438,20991200,587.9013061523438,20991200
2025-01-08 23:00:00,588.5174560546875,20991200,588.5174560546875,20991200,588.5174560546875,20991200
2025-01-10 23:00:00,579.71240234375,20991200,579.71240234375,20991200,579.71240234375,20991200
2025-01-13 23:00:00,580.5570678710938,20991200,580.5570678710938,20991200,580.5570678710938,20991200
2025-01-14 23:00:00,581.362060546875,20991200,581.362060546875,20991200,581.362060546875,20991200
2025-01-15 23:00:00,591.93603515625,20991200,591.93603515625,20991200,591.93603515625,20991200
2025-01-16 23:00:00,590.932373046875,20991200,590.932373046875,20991200,590.932373046875,20991200
2025-01-17 23:00:00,596.537353515625,20991200,596.537353515625,20991200,596.537353515625,20991200
2025-01-21 23:00:00,601.9436645507812,20991200,601.9436645507812,20991200,601.9436645507812,20991200
2025-01-22 23:00:00,605.5213012695312,20991200,605.5213012695312,20991200,605.5213012695312,20991200
2025-01-23 23:00:00,608.9002685546875,20991200,608.9002685546875,20991200,608.9002685546875,20991200
2025-01-24 23:00:00,607.1014404296875,20991200,607.1014404296875,20991200,607.1014404296875,20991200
2025-01-27 23:00:00,598.63427734375,20991200,598.63427734375,20991200,598.63427734375,20991200
2025-01-28 23:00:00,603.7225341796875,20991200,603.7225341796875,20991200,603.7225341796875,20991200
2025-01-29 23:00:00,601.1585083007812,20991200,601.1585083007812,20991200,601.1585083007812,20991200
2025-01-30 23:00:00,604.1697387695312,20991200,604.1697387695312,20991200,604.1697387695312,20991200
2025-01-31 23:00:00,600.9100341796875,20991200,600.9100341796875,20991200,600.9100341796875,20991200
2025-02-03 23:00:00,596.9547729492188,20991200,596.9547729492188,20991200,596.9547729492188,20991200
2025-02-04 23:00:00,600.9398803710938,20991200,600.9398803710938,20991200,600.9398803710938,20991200
2025-02-05 23:00:00,603.4044799804688,20991200,603.4044799804688,20991200,603.4044799804688,20991200
2025-02-06 23:00:00,605.6207275390625,20991200,605.6207275390625,20991200,605.6207275390625,20991200
2025-02-07 23:00:00,600.055419921875,20991200,600.055419921875,20991200,600.055419921875,20991200
2025-02-10 23:00:00,603.9808959960938,20991200,603.9808959960938,20991200,603.9808959960938,20991200
2025-02-11 23:00:00,604.4579467773438,20991200,604.4579467773438,20991200,604.4579467773438,20991200
2025-02-12 23:00:00,602.4505004882812,20991200,602.4505004882812,20991200,602.4505004882812,20991200
2025-02-13 23:00:00,608.870361328125,20991200,608.870361328125,20991200,608.870361328125,20991200
2025-02-14 23:00:00,608.88037109375,20991200,608.88037109375,20991200,608.88037109375,20991200
2025-02-18 23:00:00,610.6691284179688,20991200,610.6691284179688,20991200,610.6691284179688,20991200
2025-02-19 23:00:00,612.0306396484375,20991200,612.0306396484375,20991200,612.0306396484375,20991200
2025-02-20 23:00:00,609.655517578125,20991200,609.655517578125,20991200,609.655517578125,20991200
2025-02-21 23:00:00,599.1311645507812,20991200,599.1311645507812,20991200,599.1311645507812,20991200
2025-02-24 23:00:00,596.2789916992188,20991200,596.2789916992188,20991200,596.2789916992188,20991200
2025-02-25 23:00:00,593.3771362304688,20991200,593.3771362304688,20991200,593.3771362304688,20991200
2025-02-26 23:00:00,593.5758666992188,20991200,593.5758666992188,20991200,593.5758666992188,20991200
2025-02-27 23:00:00,584.1348266601562,20991200,584.1348266601562,20991200,584.1348266601562,20991200
2025-02-28 23:00:00,593.3373413085938,20991200,593.3373413085938,20991200,593.3373413085938,20991200
2025-03-03 23:00:00,583.15087890625,20991200,583.15087890625,20991200,583.15087890625,20991200
2025-03-04 23:00:00,576.1148071289062,20991200,576.1148071289062,20991200,576.1148071289062,20991200
2025-03-05 23:00:00,582.4254760742188,20991200,582.4254760742188,20991200,582.4254760742188,20991200
2025-03-06 23:00:00,571.9706420898438,20991200,571.9706420898438,20991200,571.9706420898438,20991200
2025-03-07 23:00:00,574.9223022460938,20991200,574.9223022460938,20991200,574.9223022460938,20991200
2025-03-10 23:00:00,559.9457397460938,20991200,559.9457397460938,20991200,559.9457397460938,20991200
2025-03-11 23:00:00,555.1754760742188,20991200,555.1754760742188,20991200,555.1754760742188,20991200
2025-03-12 23:00:00,557.9978637695312,20991200,557.9978637695312,20991200,557.9978637695312,20991200
2025-03-13 23:00:00,550.6238403320312,20991200,550.6238403320312,20991200,550.6238403320312,20991200
2025-03-14 23:00:00,562.0525512695312,20991200,562.0525512695312,20991200,562.0525512695312,20991200
2025-03-17 23:00:00,566.077392578125,20991200,566.077392578125,20991200,566.077392578125,20991200
2025-03-18 23:00:00,560.1808471679688,20991200,560.1808471679688,20991200,560.1808471679688,20991200
2025-03-19 23:00:00,566.241943359375,20991200,566.241943359375,20991200,566.241943359375,20991200
2025-03-20 23:00:00,564.9758911132812,20991200,564.9758911132812,20991200,564.9758911132812,20991200
2025-03-21 23:00:00,564.81640625,20991200,564.81640625,20991200,564.81640625,20991200
2025-03-24 23:00:00,574.9248046875,20991200,574.9248046875,20991200,574.9248046875,20991200
2025-03-25 23:00:00,576.1610107421875,20991200,576.1610107421875,20991200,576.1610107421875,20991200
2025-03-26 23:00:00,569.6412963867188,20991200,569.6412963867188,20991200,569.6412963867188,20991200
2025-03-27 23:00:00,567.846923828125,20991200,567.846923828125,20991200,567.846923828125,20991200
2025-03-28 23:00:00,556.3826904296875,20991200,556.3826904296875,20991200,556.3826904296875,20991200
2025-03-31 23:00:00,560.1510009765625,20991200,560.1510009765625,20991200,560.1510009765625,20991200
2025-04-01 23:00:00,562.025146484375,20991200,562.025146484375,20991200,562.025146484375,20991200
2025-04-02 23:00:00,565.4344482421875,20991200,565.4344482421875,20991200,565.4344482421875,20991200
2025-04-03 23:00:00,538.388916015625,20991200,538.388916015625,20991200,538.388916015625,20991200
2025-04-04 23:00:00,506.0299377441406,20991200,506.0299377441406,20991200,506.0299377441406,20991200
2025-04-07 23:00:00,504.80377197265625,20991200,504.80377197265625,20991200,504.80377197265625,20991200
2025-04-08 23:00:00,497.2473449707031,20991200,497.2473449707031,20991200,497.2473449707031,20991200
2025-04-09 23:00:00,544.5496826171875,20991200,544.5496826171875,20991200,544.5496826171875,20991200
2025-04-10 23:00:00,525.4193725585938,20991200,525.4193725585938,20991200,525.4193725585938,20991200
2025-04-11 23:00:00,535.3085327148438,20991200,535.3085327148438,20991200,535.3085327148438,20991200
2025-04-14 23:00:00,539.8344116210938,20991200,539.8344116210938,20991200,539.8344116210938,20991200
2025-04-15 23:00:00,538.508544921875,20991200,538.508544921875,20991200,538.508544921875,20991200
2025-04-16 23:00:00,526.4960327148438,20991200,526.4960327148438,20991200,526.4960327148438,20991200
2025-04-17 23:00:00,527.0243530273438,20991200,527.0243530273438,20991200,527.0243530273438,20991200
2025-04-21 23:00:00,514.7726440429688,20991200,514.7726440429688,20991200,514.7726440429688,20991200
2025-04-22 23:00:00,527.732177734375,20991200,527.732177734375,20991200,527.732177734375,20991200
2025-04-23 23:00:00,536.17578125,20991200,536.17578125,20991200,536.17578125,20991200
2025-04-24 23:00:00,547.5103759765625,20991200,547.5103759765625,20991200,547.5103759765625,20991200
2025-04-25 23:00:00,551.4680786132812,20991200,551.4680786132812,20991200,551.4680786132812,20991200
2025-04-28 23:00:00,551.7073364257812,20991200,551.7073364257812,20991200,551.7073364257812,20991200
2025-04-29 23:00:00,555.2163696289062,20991200,555.2163696289062,20991200,555.2163696289062,20991200
2025-04-30 23:00:00,556.2232666015625,20991200,556.2232666015625,20991200,556.2232666015625,20991200
2025-05-01 23:00:00,559.3634033203125,20991200,559.3634033203125,20991200,559.3634033203125,20991200
2025-05-02 23:00:00,567.5678100585938,20991200,567.5678100585938,20991200,567.5678100585938,20991200
2025-05-05 23:00:00,564.4076538085938,20991200,564.4076538085938,20991200,564.4076538085938,20991200
2025-05-06 23:00:00,559.7920532226562,20991200,559.7920532226562,20991200,559.7920532226562,20991200
2025-05-07 23:00:00,562.01513671875,20991200,562.01513671875,20991200,562.01513671875,20991200
2025-05-08 23:00:00,565.5640869140625,20991200,565.5640869140625,20991200,565.5640869140625,20991200
2025-05-09 23:00:00,565.1254272460938,20991200,565.1254272460938,20991200,565.1254272460938,20991200
2025-05-12 23:00:00,583.8868408203125,20991200,583.8868408203125,20991200,583.8868408203125,20991200
2025-05-13 23:00:00,588.1036987304688,20991200,588.1036987304688,20991200,588.1036987304688,20991200
2025-05-14 23:00:00,588.442626953125,20991200,588.442626953125,20991200,588.442626953125,20991200
2025-05-15 23:00:00,591.3335571289062,20991200,591.3335571289062,20991200,591.3335571289062,20991200
2025-05-16 23:00:00,595.1815795898438,20991200,595.1815795898438,20991200,595.1815795898438,20991200
2025-05-19 23:00:00,595.92919921875,20991200,595.92919921875,20991200,595.92919921875,20991200
2025-05-20 23:00:00,593.7161865234375,20991200,593.7161865234375,20991200,593.7161865234375,20991200
2025-05-21 23:00:00,583.846923828125,20991200,583.846923828125,20991200,583.846923828125,20991200
2025-05-22 23:00:00,583.9367065429688,20991200,583.9367065429688,20991200,583.9367065429688,20991200
2025-05-23 23:00:00,580.1884155273438,20991200,580.1884155273438,20991200,580.1884155273438,20991200
2025-05-27 23:00:00,592.0912475585938,20991200,592.0912475585938,20991200,592.0912475585938,20991200
2025-05-28 23:00:00,588.6021118164062,20991200,588.6021118164062,20991200,588.6021118164062,20991200
2025-05-29 23:00:00,590.9348754882812,20991200,590.9348754882812,20991200,590.9348754882812,20991200
2025-05-30 23:00:00,590.3068237304688,20991200,590.3068237304688,20991200,590.3068237304688,20991200
2025-06-02 23:00:00,593.736083984375,20991200,593.736083984375,20991200,593.736083984375,20991200
2025-06-03 23:00:00,597.065673828125,20991200,597.065673828125,20991200,597.065673828125,20991200
2025-06-04 23:00:00,596.9061889648438,20991200,596.9061889648438,20991200,596.9061889648438,20991200
2025-06-05 23:00:00,594.1248779296875,20991200,594.1248779296875,20991200,594.1248779296875,20991200
2025-06-06 23:00:00,600.1261596679688,20991200,600.1261596679688,20991200,600.1261596679688,20991200
2025-06-09 23:00:00,600.6943969726562,20991200,600.6943969726562,20991200,600.6943969726562,20991200
2025-06-10 23:00:00,604.1436157226562,20991200,604.1436157226562,20991200,604.1436157226562,20991200
2025-06-11 23:00:00,602.428955078125,20991200,602.428955078125,20991200,602.428955078125,20991200
2025-06-12 23:00:00,604.6221313476562,20991200,604.6221313476562,20991200,604.6221313476562,20991200
2025-06-13 23:00:00,597.9229736328125,20991200,597.9229736328125,20991200,597.9229736328125,20991200
2025-06-16 23:00:00,603.760009765625,20991200,603.760009765625,20991200,603.760009765625,20991200
2025-06-17 23:00:00,598.760009765625,20991200,598.760009765625,20991200,598.760009765625,20991200
2025-06-18 23:00:00,598.6199951171875,20991200,598.6199951171875,20991200,598.6199951171875,20991200
2025-06-20 23:00:00,596.6599731445312,20991200,596.6599731445312,20991200,596.6599731445312,20991200
