,CORN,CRUDE_W,EUR,EUROSTX,GBP,GOLD,JPY,NASDAQ,SOFR,SP500_micro,US10,US2
2000-01-19,0.0,0.0,0.0,0.0,0.0,0.0,0.0,0.0,0.0,0.0,0.0,0.0
2000-01-20,0.0,0.0,0.0,0.0,0.0,0.0,0.0,0.0,0.0,0.0,0.0,0.0
2000-01-21,0.0,0.0,0.0,0.0,0.0,0.0,0.0,0.0,0.0,0.0,0.0,0.0
2000-01-24,0.0,0.0,0.0,0.0,0.0,0.0,0.0,0.0,0.0,0.0,0.0,0.0
2000-01-25,-0.127875,0.0,0.0,0.0,0.0,0.0,0.0,0.0,0.0,-0.07095,0.0,0.0
2000-01-26,-0.125875,0.0,0.0,0.0,0.0,0.0,0.0,0.0,0.0,-0.0708,0.94609375,0.0
2000-01-27,-0.12725,0.0,0.0,0.0,0.0,0.0,0.0,0.0,0.0,-0.0705,0.94578125,0.0
2000-01-28,-0.12625,0.0,0.0,0.0,0.0,-0.283,0.0,0.0,0.0,-0.0683,0.948828125,0.0
2000-01-31,-0.12425,0.0,0.0,0.0,0.0,-0.2832,0.0,0.0,0.0,-0.07005,0.947734375,0.0
2000-02-01,-0.1255,0.0,0.0,0.0,0.0,-0.2854,0.0,0.0,0.0,-0.07085,0.950859375,0.0
2000-02-02,-0.12525,0.0,0.0,0.0,0.0,0.0,0.0,0.0,0.0,0.0,0.9521875,0.0
2000-02-03,-0.124375,0.0,0.0,0.0,0.0,0.0,0.0,0.0,0.0,0.0,0.95859375,0.0
2000-02-04,-0.1255,0.0,0.0,0.0,0.0,0.0,0.0,0.0,0.0,0.0,0.9546875,0.0
2000-02-07,-0.1265,0.0,0.0,0.0,0.0,0.0,0.0,0.0,0.0,0.0,0.947734375,0.0
2000-02-08,-0.126375,0.0,0.0,0.0,0.0,0.0,0.0,0.0,0.0,0.0,0.95109375,0.0
2000-02-09,-0.126625,0.0,0.0,0.0,0.0,0.0,0.0,0.0,0.0,0.0,0.945859375,0.0
2000-02-10,-0.12775,0.0,0.0,0.0,0.0,0.0,0.0,0.0,0.0,0.0,0.94203125,0.0
2000-02-11,-0.126125,0.0,0.0,0.0,0.0,0.0,0.0,0.0,-2.3114999999999997,-0.06985,0.9440625,0.0
2000-02-14,-0.1265,0.0,0.0,0.0,0.0,0.0,0.0,0.0,-2.313625,-0.06995,0.95,0.0
2000-02-15,-0.126625,0.0,0.0,0.0,0.0,0.0,0.0,0.0,-2.312125,-0.0705,0.948046875,0.0
2000-02-16,-0.127125,0.0,0.0,0.0,0.0,0.0,0.0,0.0,-2.31125,-0.06965,0.947734375,0.0
2000-02-17,-0.126625,0.0,0.0,0.0,0.0,0.0,0.0,0.0,-2.31075,-0.0693,0.945546875,0.0
2000-02-18,-0.12625,0.0,0.0,0.0,0.0,0.0,0.0,0.0,-2.312375,-0.06765,0.95078125,0.0
2000-02-21,-0.12625,0.0,0.0,0.0,0.0,0.0,0.0,0.0,-2.312375,-0.06765,0.95078125,0.0
2000-02-22,-0.125875,0.0,0.0,0.0,0.0,0.0,0.0,0.0,-2.315625,-0.06745,0.96109375,0.0
2000-02-23,-0.123375,0.0,0.0,0.0,0.0,0.0,0.0,0.0,-2.3138750000000003,-0.06825,0.955546875,0.0
2000-02-24,-0.124,0.0,0.0,0.0,0.0,0.0,0.0,0.0,-2.316375,-0.06775,0.96203125,0.0
2000-02-25,-0.122625,0.0,0.0,0.0,0.0,0.0,0.0,0.0,-2.3173749999999997,-0.0669,0.96203125,0.0
2000-02-28,-0.12275,0.0,0.0,0.0,0.0,0.0,0.0,0.0,-2.31525,-0.0674,0.952734375,0.0
2000-02-29,-0.124875,0.0,0.0,0.0,0.0,0.0,0.0,0.0,-2.3155,-0.0686,0.953828125,0.0
2000-03-01,-0.12425,0.0,0.0,0.0,0.0,0.0,0.0,0.0,-2.31625,-0.06925,0.955546875,0.0
2000-03-02,-0.124375,0.0,0.0,0.0,0.0,0.0,0.0,0.0,-2.31625,-0.06925,0.9546875,0.0
2000-03-03,-0.12525,0.2467,0.0,0.0,0.0,0.0,0.0,0.0,-2.317125,0.0,0.956640625,0.0
2000-03-06,-0.1265,0.2502,0.0,0.0,0.0,0.0,0.0,0.0,-2.31575,0.0,0.954375,0.0
2000-03-07,-0.124625,0.2604,0.0,0.0,0.0,0.0,0.0,0.0,-2.316375,0.0,0.955859375,0.0
2000-03-08,-0.125125,0.0,0.0,0.0,0.0,0.0,0.0,0.0,-2.31625,-0.06835,0.955859375,0.0
2000-03-09,-0.126125,0.0,0.0,0.0,0.0,0.0,0.0,0.0,-2.317,-0.0702,0.958359375,0.0
2000-03-10,-0.126,0.0,0.0,0.0,0.0,0.0,0.0,0.0,-2.31525,-0.06995,0.95578125,0.0
2000-03-13,-0.127875,0.0,0.0,0.0,0.0,0.0,0.0,0.0,-2.31575,-0.06915,0.95765625,0.0
2000-03-14,-0.130875,0.0,0.0,0.0,0.0,0.0,0.0,0.0,-2.316,-0.069,0.9625,0.0
2000-03-15,0.0,0.0,0.0,0.0,0.0,0.0,0.0,0.0,-2.31625,0.0,0.964140625,0.0
2000-03-16,0.0,0.0,0.0,0.0,0.0,0.0,0.0,0.0,-2.3173749999999997,0.0,0.9665625,0.0
2000-03-17,0.0,0.0,0.0,0.0,0.0,0.0,0.0,0.0,-2.318375,0.0,0.969765625,0.0
2000-03-20,0.0,0.0,0.0,0.0,0.0,0.0,0.0,0.0,-2.317875,0.0,0.9696875,0.0
2000-03-21,0.0,0.0,0.0,0.0,0.0,0.0,0.0,0.0,-2.318125,0.0,0.971640625,0.0
2000-03-22,0.0,0.0,0.0,0.0,0.0,0.0,0.0,0.0,-2.3177499999999998,0.0,0.972265625,0.0
2000-03-23,0.0,0.0,0.0,0.0,0.0,0.0,0.0,0.0,-2.318875,0.0,0.97359375,0.0
2000-03-24,0.0,0.0,0.0,0.0,0.0,0.0,0.0,0.0,-2.317625,0.0,0.96703125,0.0
2000-03-27,0.0,0.0,0.0,0.0,0.0,0.0,0.0,0.0,-2.318,0.0,0.968046875,0.0
2000-03-28,0.0,0.0,0.0,0.0,0.0,0.0,0.0,0.0,-2.3175,0.0,0.9690625,0.0
2000-03-29,-0.126375,0.0,0.0,0.0,0.0,0.0,0.0,0.0,-2.317125,0.0765,0.97078125,0.0
2000-03-30,-0.129,0.0,0.0,0.0,0.0,0.0,0.0,0.0,-2.31925,0.07525,0.978046875,0.0
2000-03-31,-0.13025,0.0,0.0,0.0,0.0,0.0,0.0,0.0,-2.320625,0.07575,0.98078125,0.0
2000-04-03,-0.12975,0.0,0.0,0.0,0.0,0.0,0.0,0.0,-2.322,0.0764,0.98265625,0.0
2000-04-04,-0.129,0.0,0.0,0.0,0.0,0.0,0.0,0.0,-2.325375,0.07595,0.99015625,0.0
2000-04-05,0.0,0.0,0.0,0.0,0.0,0.0,0.0,0.0,0.0,0.07525,0.0,0.0
2000-04-06,0.0,0.0,0.0,0.0,0.0,0.0,0.0,0.0,0.0,0.07585,0.0,0.0
2000-04-07,0.0,0.0,0.0,0.0,0.0,0.0,0.0,0.0,0.0,0.0765,0.0,0.0
2000-04-10,0.0,0.0,0.0,0.0,0.0,0.0,0.0,0.0,0.0,0.0761,0.0,0.0
2000-04-11,0.0,0.0,0.0,0.0,0.0,0.0,0.0,0.0,0.0,0.07595,0.0,0.0
2000-04-12,-0.125875,0.0,0.0,0.0,0.0,0.0,0.0,0.0,0.0,0.0,0.0,0.0
2000-04-13,-0.126875,0.0,0.0,0.0,0.0,0.0,0.0,0.0,0.0,0.0,0.0,0.0
2000-04-14,-0.126375,0.0,0.0,0.0,0.0,0.0,0.0,0.0,0.0,0.0,0.0,0.0
2000-04-17,-0.125375,0.0,0.0,0.0,0.0,0.0,0.0,0.0,0.0,0.0,0.0,0.0
2000-04-18,-0.1255,0.0,0.0,0.0,0.0,0.0,0.0,0.0,0.0,0.0,0.0,0.0
2000-04-19,-0.12725,0.0,0.0,0.0,0.0,0.0,0.0,0.0,0.0,0.0,0.0,0.0
2000-04-20,-0.126875,0.0,0.0,0.0,0.0,0.0,0.0,0.0,0.0,0.0,0.0,0.0
2000-04-21,-0.126875,0.0,0.0,0.0,0.0,0.0,0.0,0.0,0.0,0.0,0.0,0.0
2000-04-24,-0.12725,0.0,0.0,0.0,0.0,0.0,0.0,0.0,0.0,0.0,0.0,0.0
2000-04-25,-0.12875,0.0,0.0,0.0,0.0,0.0,0.0,0.0,0.0,0.0,0.0,0.0
2000-04-26,-0.12725,0.0,0.0,0.0,0.0,0.0,0.0,0.0,0.0,0.0,0.0,0.0
2000-04-27,-0.126,0.0,0.0,0.0,0.0,0.0,0.0,0.0,0.0,0.0,0.0,0.0
2000-04-28,-0.125,0.0,0.0,0.0,0.0,0.0,0.0,0.0,0.0,0.0,0.0,0.0
2000-05-01,-0.130875,0.0,0.0,0.0,0.0,0.0,0.0,0.0,0.0,0.0,0.0,0.0
2000-05-02,-0.131375,0.0,0.0,0.0,0.0,0.0,0.0,0.0,0.0,0.0,0.0,0.0
2000-05-03,-0.133625,0.0,0.0,0.0,0.0,0.0,0.0,0.0,0.0,0.0,0.0,0.0
2000-05-04,0.0,0.0,0.0,0.0,0.0,0.0,0.0,0.0,0.0,-0.07115,0.0,0.0
2000-05-05,0.0,0.0,0.0,0.0,0.0,0.0,0.0,0.0,0.0,-0.072,0.0,0.0
2000-05-08,0.0,0.0,0.0,0.0,0.0,0.0,0.0,0.0,0.0,-0.0715,0.0,0.0
2000-05-09,0.0,0.0,0.0,0.0,0.0,0.0,0.0,0.0,0.0,-0.07095,0.0,0.0
2000-05-10,0.0,0.0,0.0,0.0,0.0,0.0,0.0,0.0,0.0,-0.0694,0.0,0.0
2000-05-11,0.0,0.0,0.0,0.0,0.0,0.0,0.0,0.0,0.0,-0.07075,0.0,0.0
2000-05-12,0.0,0.0,0.0,0.0,0.0,0.0,0.0,0.0,0.0,-0.07155,0.0,0.0
2000-05-15,0.0,0.0,0.0,0.0,0.0,0.0,0.0,0.0,0.0,-0.0729,0.0,0.0
2000-05-16,0.0,0.0,0.0,0.0,0.0,-0.2762,0.0,0.0,0.0,0.0,0.0,0.0
2000-05-17,0.0,0.2684,0.0,0.0,0.0,-0.2738,0.0,0.0,0.0,0.0,0.0,0.0
2000-05-18,0.0,0.2736,0.0,0.0,0.0,-0.2737,0.0,0.0,0.0,0.0,0.0,0.0
2000-05-19,0.0,0.2726,0.0,0.0,0.0,-0.2746,0.0,0.0,0.0,0.0,0.0,0.0
2000-05-22,0.0,0.0,0.0,0.0,0.0,0.0,0.0,0.0,0.0,-0.0702,0.0,0.0
2000-05-23,0.0,0.0,0.0,0.0,0.0,0.0,0.0,0.0,0.0,-0.0691,0.0,0.0
2000-05-24,0.0,0.0,0.0,0.0,0.0,-0.2738,0.0,0.0,0.0,-0.0701,0.0,0.0
2000-05-25,-0.12475,0.0,0.0,0.0,0.0,-0.2707,0.0,0.0,0.0,-0.06945,0.0,0.0
2000-05-26,-0.126125,0.0,0.0,0.0,0.0,0.0,0.0,0.0,0.0,-0.0694,0.0,0.0
2000-05-29,-0.126125,0.0,0.0,0.0,0.0,0.0,0.0,0.0,0.0,-0.0694,0.0,0.0
2000-05-30,-0.1215,0.0,0.0,0.0,0.0,0.0,0.0,0.0,0.0,-0.0714,0.0,0.0
2000-05-31,-0.122,0.0,0.0,0.0,0.0,0.0,0.0,0.0,0.0,-0.0711,0.0,0.0
2000-06-01,-0.122,0.0,0.0,0.0,0.0,0.0,0.0,0.0,0.0,-0.0726,0.0,0.0
2000-06-02,-0.12425,0.0,0.0,0.0,0.0,0.0,0.0,0.0,0.0,-0.0738,0.0,0.0
2000-06-05,-0.121875,0.0,0.0,0.0,0.0,0.0,0.0,0.0,0.0,0.0,0.0,0.0
2000-06-06,-0.122375,0.0,0.0,0.0,0.0,0.0,0.0,0.0,0.0,0.07315,0.0,1.9778125
2000-06-07,-0.119625,0.0,0.0,0.0,0.0,0.0,0.0,0.0,0.0,0.07365,0.0,1.97734375
2000-06-08,-0.11925,0.0,0.0,0.0,0.0,0.0,0.0,0.0,0.0,0.0733,0.0,1.9771875
2000-06-09,-0.11975,0.0,0.0,0.0,0.0,0.0,0.0,0.0,0.0,0.0731,0.0,1.97609375
2000-06-12,-0.11425,0.0,0.0,0.0,0.0,0.0,0.0,0.0,0.0,0.07235,0.0,1.97765625
2000-06-13,-0.114,0.0,0.0,0.0,0.0,0.0,0.0,0.0,0.0,0.07475,0.0,1.9790625
2000-06-14,-0.111625,0.0,0.0,0.0,0.0,0.0,0.0,0.0,0.0,0.0749,0.0,1.98140625
2000-06-15,-0.112875,0.0,0.0,0.0,0.0,0.0,0.0,0.0,0.0,0.0749,0.0,1.98125
2000-06-16,-0.11375,0.0,0.0,0.0,0.0,0.0,0.0,0.0,0.0,0.0744,0.0,1.98421875
2000-06-19,-0.112625,0.0,0.0,0.0,0.0,0.0,0.0,0.0,0.0,0.07525,0.0,1.9834375
2000-06-20,-0.11125,0.0,0.0,0.0,0.0,0.0,0.0,0.0,0.0,0.07495,0.0,1.981875
2000-06-21,-0.111875,0.0,0.0,0.0,0.0,0.0,0.0,0.0,0.0,0.07495,0.0,1.97890625
2000-06-22,-0.22325,0.0,0.0,0.0,0.0,0.0,0.0,0.0,0.0,0.0738,0.0,1.9790625
2000-06-23,-0.21925,0.0,0.0,0.0,0.0,0.0,0.0,0.0,0.0,0.0732,0.0,1.97734375
2000-06-26,-0.21475,0.0,0.0,0.0,0.0,0.0,0.0,0.0,0.0,0.074,0.0,1.98015625
2000-06-27,-0.21725,0.0,0.0,0.0,0.0,0.0,0.0,0.0,0.0,0.07355,0.0,1.9796875
2000-06-28,-0.213,0.0,0.0,0.0,0.0,0.0,0.0,0.0,0.0,0.07355,0.0,1.97953125
2000-06-29,-0.216,0.0,0.0,0.0,0.0,0.0,0.0,0.0,0.0,0.0729,0.0,1.9809375
2000-06-30,-0.2075,0.0,0.0,0.0,0.0,0.0,0.0,0.0,0.0,0.07345,0.0,1.98375
2000-07-03,-0.20275,0.0,0.0,0.0,0.0,0.0,0.0,0.0,0.0,0.0745,0.0,1.983125
2000-07-04,-0.20275,0.0,0.0,0.0,0.0,0.0,0.0,0.0,0.0,0.0745,0.0,1.983125
2000-07-05,-0.204,0.0,0.0,0.0,0.0,0.0,0.0,0.0,0.0,0.07315,0.0,1.98703125
2000-07-06,-0.2,0.0,0.0,0.0,0.0,0.0,0.0,0.0,0.0,0.0737,0.0,1.9853125
2000-07-07,-0.2025,0.0,0.0,0.0,0.0,0.0,0.0,0.0,0.0,0.07475,0.0,1.98703125
2000-07-10,-0.19875,0.0,0.0,0.0,0.0,0.0,0.0,0.0,0.0,0.07455,0.0,1.98671875
2000-07-11,-0.19675,0.0,0.0,0.0,0.0,0.0,0.0,0.0,0.0,0.07475,0.0,1.9865625
2000-07-12,-0.1975,0.0,0.0,0.0,0.0,0.0,0.0,0.0,0.0,0.0753,0.0,1.985625
2000-07-13,-0.19775,0.0,0.0,0.0,0.0,0.0,0.0,0.0,0.0,0.07545,0.0,1.98765625
2000-07-14,-0.19425,0.0,0.0,0.0,0.0,0.0,0.0,0.0,0.0,0.0762,0.0,1.9834375
2000-07-17,-0.19125,0.0,0.0,0.0,0.0,0.0,0.0,0.0,0.0,0.0761,0.0,1.98140625
2000-07-18,-0.1925,0.0,0.0,0.0,0.0,0.0,0.0,0.0,0.0,0.0756,0.0,1.98171875
2000-07-19,-0.1935,0.0,0.0,0.0,0.0,0.0,0.0,0.0,0.0,0.075,0.0,1.98140625
2000-07-20,-0.198,0.0,0.0,0.0,0.0,0.0,0.0,0.0,0.0,0.07585,0.0,1.986875
2000-07-21,-0.19975,0.0,0.0,0.0,0.0,0.0,0.0,0.0,0.0,0.0745,0.0,1.986875
2000-07-24,-0.19625,0.0,0.0,0.0,0.0,0.0,0.0,0.0,0.0,0.07405,0.0,1.98578125
2000-07-25,-0.19475,0.0,0.0,0.0,0.0,0.0,0.0,0.0,0.0,0.07425,0.0,1.98625
2000-07-26,-0.19225,0.0,0.0,0.0,0.0,0.0,0.0,0.0,0.0,0.07345,0.0,1.9865625
2000-07-27,-0.19275,0.0,0.0,0.0,0.0,0.0,0.0,0.0,0.0,0.0732,0.0,1.98765625
2000-07-28,-0.192,0.0,0.0,0.0,0.0,-0.2777,0.0,0.0,0.0,-0.0716,0.0,1.98703125
2000-07-31,-0.19225,0.0,0.0,0.0,0.0,-0.2768,0.0,0.0,0.0,-0.072,0.0,1.98703125
2000-08-01,-0.192,0.0,0.0,0.0,0.0,-0.2802,0.0,0.0,0.0,-0.0724,0.0,1.98828125
2000-08-02,-0.19275,0.0,0.0,0.0,0.0,-0.2797,0.0,0.0,0.0,-0.07265,0.0,1.9896875
2000-08-03,-0.192,0.0,0.0,0.0,0.0,-0.2764,0.0,0.0,0.0,-0.0731,0.0,1.99
2000-08-04,-0.19075,0.0,0.0,0.0,0.0,-0.2756,0.0,0.0,0.0,-0.0736,0.0,1.99296875
2000-08-07,-0.19,0.0,0.0,0.0,0.0,-0.2761,0.0,0.0,0.0,-0.0743,0.0,1.99140625
2000-08-08,-0.19175,0.0,0.0,0.0,0.0,-0.2757,0.0,0.0,0.0,-0.0746,0.0,1.99265625
2000-08-09,-0.19075,0.0,0.0,0.0,0.0,-0.2744,0.0,0.0,0.0,-0.07405,0.0,1.9921875
2000-08-10,-0.1895,0.0,0.0,0.0,0.0,-0.2747,0.0,0.0,0.0,-0.07365,0.0,1.9928125
2000-08-11,-0.18725,0.0,0.0,0.0,0.0,-0.2774,0.0,0.0,0.0,-0.0739,0.0,1.98984375
2000-08-14,-0.188,0.0,0.0,0.0,0.0,-0.2767,0.0,0.0,0.0,0.0,0.0,1.99
2000-08-15,-0.188,0.0,0.0,0.0,0.0,-0.2767,0.0,0.0,0.0,0.0,0.0,1.98859375
2000-08-16,-0.191,0.0,0.0,0.0,0.0,-0.2794,0.0,0.0,0.0,0.0,0.0,1.98796875
2000-08-17,-0.191,0.0,0.0,0.0,0.0,-0.2797,0.0,0.0,0.0,0.0,0.0,1.98828125
2000-08-18,-0.18975,0.0,0.0,0.0,0.0,-0.2788,0.0,0.0,0.0,0.0,0.0,1.98921875
2000-08-21,-0.18875,0.0,0.0,0.0,0.0,-0.2771,0.0,0.0,0.0,0.07535,0.0,1.9890625
2000-08-22,-0.188,0.0,0.0,0.0,0.0,-0.2754,0.0,0.0,0.0,0.07535,0.0,1.98953125
2000-08-23,-0.1875,0.0,0.0,0.0,0.0,-0.2728,0.0,0.0,0.0,0.07555,0.0,1.99125
2000-08-24,-0.18825,0.0,0.0,0.0,0.0,-0.2746,0.0,0.0,0.0,0.0758,0.0,1.99203125
2000-08-25,-0.18875,0.0,0.0,0.0,0.0,-0.2757,0.0,0.0,0.0,0.07565,0.0,1.99203125
2000-08-28,-0.19175,0.0,0.0,0.0,0.0,-0.2757,0.0,0.0,0.0,0.07595,0.0,1.99203125
2000-08-29,-0.1965,0.0,0.0,0.0,0.0,-0.2747,0.0,0.0,0.0,0.0759,0.0,1.99203125
2000-08-30,-0.19375,0.3182,0.0,0.0,0.0,-0.2754,0.0,0.0,0.0,0.0752,0.0,3.978125
2000-08-31,-0.1965,0.3158,0.0,0.0,0.0,-0.2796,0.0,0.0,0.0,0.0761,0.0,3.9896875
2000-09-01,-0.19425,0.3179,0.0,0.0,0.0,-0.2783,0.0,0.0,0.0,0.0762,0.0,3.9896875
2000-09-04,-0.19425,0.3179,0.0,0.0,0.0,-0.2783,0.0,0.0,0.0,0.0762,0.0,3.9896875
2000-09-05,-0.198,0.32310000000000005,0.0,0.0,0.0,-0.2771,0.0,0.0,0.0,0.0756,0.0,3.9896875
2000-09-06,-0.19375,0.3322,0.0,0.0,0.0,-0.2753,0.0,0.0,0.0,0.0747,0.0,3.9896875
2000-09-07,-0.19325,0.3376,0.0,0.0,0.0,-0.2751,0.0,0.0,0.0,0.07535,0.0,3.99375
2000-09-08,-0.1955,0.0,0.0,0.0,0.0,-0.2742,0.0,0.0,0.0,0.0748,0.0,1.99734375
2000-09-11,-0.196,0.0,0.0,0.0,0.0,-0.274,0.0,0.0,0.0,0.0746,0.0,1.9965625
2000-09-12,-0.194,0.0,0.0,0.0,0.0,-0.2738,0.0,0.0,0.0,0.0741,0.0,1.99640625
2000-09-13,-0.1915,0.0,0.0,0.0,0.0,-0.2737,0.0,0.0,0.0,0.0754,0.0,1.9984375
2000-09-14,-0.18975,0.0,0.0,0.0,0.0,-0.2732,0.0,0.0,0.0,0.07515,0.0,1.99796875
2000-09-15,-0.18775,0.0,0.0,0.0,0.0,-0.273,0.0,0.0,0.0,0.07415,0.0,1.999375
2000-09-18,-0.1895,0.0,0.0,0.0,0.0,-0.27210000000000006,0.0,0.0,0.0,0.0,0.0,2.00078125
2000-09-19,-0.18725,0.0,0.0,0.0,0.0,-0.2726,0.0,0.0,0.0,0.0,0.0,2.0
2000-09-20,-0.188,0.0,0.0,0.0,0.0,-0.2697,0.0,0.0,0.0,0.0,0.0,1.998125
2000-09-21,-0.19025,0.0,0.0,0.0,0.0,-0.2708,0.0,0.0,0.0,0.0,0.0,1.9984375
2000-09-22,-0.194,0.0,0.0,0.0,0.0,-0.2723,0.0,0.0,0.0,0.0,0.0,2.0
2000-09-25,-0.19325,0.0,0.0,0.0,0.0,-0.2744,0.0,0.0,0.0,-0.07285,0.0,1.9990625
2000-09-26,-0.1945,0.0,0.0,0.0,0.0,-0.2742,0.0,0.0,0.0,-0.07215,0.0,2.00046875
2000-09-27,-0.1945,0.0,0.0,0.0,0.0,-0.2784,0.0,0.0,0.0,-0.1447,0.0,4.0009375
2000-09-28,-0.19625,0.0,0.0,0.0,0.0,-0.2756,0.0,0.0,0.0,-0.1476,0.0,3.9990625
2000-09-29,-0.19775,0.0,0.0,0.0,0.0,-0.2769,0.0,0.0,0.0,-0.1454,0.0,4.0003125
2000-10-02,-0.19925,0.0,0.0,0.0,0.0,-0.2763,0.0,0.0,0.0,-0.1457,0.0,4.0009375
2000-10-03,-0.2035,0.0,0.0,0.0,0.0,-0.2748,0.0,0.0,0.0,-0.1441,0.0,3.998125
2000-10-04,-0.20425,0.0,0.0,0.0,0.0,-0.2732,0.0,0.0,0.0,-0.145,0.0,3.9965625
2000-10-05,-0.2035,0.0,0.0,0.0,0.0,-0.2734,0.0,0.0,0.0,-0.1457,0.0,3.998125
2000-10-06,-0.20325,0.0,0.0,0.0,0.0,-0.27210000000000006,0.0,0.0,0.0,-0.1426,0.0,3.99875
2000-10-09,-0.2015,0.0,0.0,0.0,0.0,-0.2729,0.0,0.0,0.0,-0.1416,0.0,3.99875
2000-10-10,-0.2035,0.0,0.0,0.0,0.0,-0.2751,0.0,0.0,0.0,-0.1391,0.0,4.0
2000-10-11,-0.2045,0.0,0.0,0.0,0.0,-0.273,0.0,0.0,0.0,-0.1379,0.0,4.0028125
2000-10-12,-0.208,0.0,0.0,0.0,0.0,-0.2788,0.0,0.0,0.0,-0.1345,0.0,4.01
2000-10-13,-0.208,0.0,0.0,0.0,0.0,-0.2748,0.0,0.0,0.0,-0.1385,0.0,4.011875
2000-10-16,-0.20675,0.0,0.0,0.0,0.0,-0.2739,0.0,0.0,0.0,-0.1392,0.0,4.0078125
2000-10-17,-0.2075,0.0,0.0,0.0,0.0,-0.2734,0.0,0.0,0.0,-0.136,0.0,4.0121875
2000-10-18,-0.247,0.0,0.0,0.0,0.0,-0.2726,0.0,0.0,0.0,-0.1353,0.0,4.0121875
2000-10-19,-0.24675,0.0,0.0,0.0,0.0,-0.2723,0.0,0.0,0.0,-0.1402,0.0,4.0103125
2000-10-20,-0.24575,0.0,0.0,0.0,0.0,-0.2733,0.0,0.0,0.0,-0.1411,0.0,4.0109375
2000-10-23,-0.2445,0.0,0.0,0.0,0.0,-0.272,0.0,0.0,0.0,-0.1417,0.0,4.0128125
2000-10-24,-0.2455,0.0,0.0,0.0,0.0,-0.27210000000000006,0.0,0.0,0.0,-0.1404,0.0,4.0103125
2000-10-25,-0.245,0.0,0.0,0.0,0.0,-0.26789999999999997,0.0,0.0,0.0,-0.1374,0.0,4.0059375
2000-10-26,-0.24425,0.0,0.0,0.0,0.0,-0.26660000000000006,0.0,0.0,0.0,-0.1371,0.0,4.0046875
2000-10-27,-0.24325,0.0,0.0,0.0,0.0,-0.26589999999999997,0.0,0.0,0.0,-0.1401,0.0,4.0028125
2000-10-30,-0.24325,0.0,0.0,0.0,0.0,-0.2658,0.0,0.0,0.0,-0.1413,0.0,4.00125
2000-10-31,-0.248,0.0,0.0,0.0,0.0,-0.26639999999999997,0.0,0.0,0.0,-0.1441,0.0,4.0025
2000-11-01,-0.248,0.0,0.0,0.0,0.0,-0.26539999999999997,0.0,0.0,0.0,-0.1432,0.0,4.00625
2000-11-02,-0.2535,0.0,0.0,0.0,0.0,-0.26589999999999997,0.0,0.0,0.0,-0.1435,0.0,4.0065625
2000-11-03,-0.254,0.0,0.0,0.0,0.0,-0.26610000000000006,0.0,0.0,0.0,-0.1436,0.0,4.0015625
2000-11-06,-0.25525,0.0,0.0,0.0,0.0,-0.266,0.0,0.0,0.0,-0.1446,0.0,3.9990625
2000-11-07,-0.25575,0.0,0.0,0.0,0.0,-0.26539999999999997,0.0,0.0,0.0,-0.1444,0.0,3.9990625
2000-11-08,-0.25675,0.0,0.0,0.0,0.0,-0.26610000000000006,0.0,0.0,0.0,-0.1413,0.0,3.9990625
2000-11-09,-0.12775,0.0,0.0,0.0,0.0,-0.26689999999999997,0.0,0.0,2.33,-0.1404,0.0,4.0025
2000-11-10,-0.1265,0.0,0.0,0.0,0.0,-0.2655,0.0,0.0,2.3302499999999995,-0.1373,0.0,4.0034375
2000-11-13,-0.1265,0.0,0.0,0.0,0.0,-0.2653,0.0,0.0,2.331125,-0.1359,0.0,4.0059375
2000-11-14,-0.125625,0.0,0.0,0.0,0.0,-0.26539999999999997,0.0,0.0,2.33125,-0.1394,0.0,4.004375
2000-11-15,-0.125125,0.0,0.0,0.0,0.0,-0.26560000000000006,0.0,0.0,2.332,-0.1397,0.0,4.005
2000-11-16,-0.126,0.0,0.0,0.0,0.0,-0.2663,0.0,0.0,2.333125,-0.1379,0.0,4.0065625
2000-11-17,-0.127375,0.0,0.0,0.0,0.0,-0.2662,0.0,0.0,2.332375,-0.1371,0.0,4.005625
2000-11-20,-0.127,0.0,0.0,0.0,0.0,-0.2668,0.0,0.0,2.3325,-0.1348,0.0,4.006875
2000-11-21,-0.12675,0.0,0.0,0.0,0.0,-0.26610000000000006,0.0,0.0,2.332375,-0.1356,0.0,4.006875
2000-11-22,-0.12625,0.0,0.0,0.0,0.0,-0.2667,0.0,0.0,2.333125,-0.1324,0.0,4.0115625
2000-11-23,-0.12625,0.0,0.0,0.0,0.0,-0.2667,0.0,0.0,2.333125,-0.1324,0.0,4.0115625
2000-11-24,-0.12675,0.0,0.0,0.0,0.0,-0.2667,0.0,0.0,2.33275,-0.1347,0.0,4.008125
2000-11-27,-0.126625,0.0,0.0,0.0,0.0,-0.2703,0.0,0.0,2.3329999999999997,-0.1359,0.0,4.008125
2000-11-28,-0.12575,0.0,0.0,0.0,0.0,-0.2698,0.0,0.0,2.334375,-0.1339,0.0,4.011875
2000-11-29,-0.12475,0.0,0.0,0.0,0.0,-0.26960000000000006,0.0,0.0,2.3357500000000004,-0.1335,0.0,4.0265625
2000-11-30,-0.125875,0.0,0.0,0.0,0.0,-0.2733,0.0,0.0,2.337875,-0.19815,0.0,4.0334375
2000-12-01,-0.12625,0.0,0.0,0.0,0.0,-0.2719,0.0,0.0,2.336875,-0.19815,0.0,4.029375
2000-12-04,-0.1255,0.0,0.0,0.0,0.0,-0.2738,0.0,0.0,2.33725,-0.1995,0.0,4.0325
2000-12-05,-0.12575,0.0,0.0,0.0,0.0,-0.2733,0.0,0.0,2.3405,-0.20625000000000002,0.0,4.0428125
2000-12-06,-0.125125,0.0,0.0,0.0,0.0,-0.2773,0.0,0.0,2.343875,-0.2031,0.0,4.04875
2000-12-07,-0.12375,0.0,0.0,0.0,0.0,0.0,0.0,0.0,2.345375,-0.20055,0.0,4.0471875
2000-12-08,-0.125875,0.0,0.0,0.0,0.0,0.0,0.0,0.0,2.34425,-0.2007,0.0,4.04375
2000-12-11,-0.125375,0.0,0.0,0.0,0.0,-0.2731,0.0,0.0,2.344,-0.1384,0.0,4.0415625
2000-12-12,-0.125125,0.0,0.0,0.0,0.0,-0.2732,0.0,0.0,2.343625,-0.1379,0.0,4.0415625
2000-12-13,-0.1255,0.0,0.0,0.0,0.0,-0.2712,0.0,0.0,2.3458749999999995,-0.1378,0.0,4.04625
2000-12-14,-0.125875,0.0,0.0,0.0,0.0,-0.2715,0.0,0.0,2.34775,-0.1358,0.0,4.04875
2000-12-15,-0.12575,0.0,0.0,0.0,0.0,-0.2729,0.0,0.0,2.3489999999999998,-0.1326,0.0,4.0509375
2000-12-18,-0.12825,0.0,0.0,0.0,0.0,-0.272,0.0,0.0,2.349875,-0.1346,0.0,4.054375
2000-12-19,-0.129,0.0,0.0,0.0,0.0,-0.272,0.0,0.0,2.34925,-0.1318,0.0,4.051875
2000-12-20,-0.128375,0.0,0.0,0.0,0.0,-0.2747,0.0,0.0,2.3517499999999996,-0.128,0.0,4.06125
2000-12-21,0.0,0.0,0.0,0.0,0.0,0.0,0.0,0.0,2.353,-0.19334999999999997,0.0,4.068125
2000-12-22,0.0,0.0,0.0,0.0,0.0,0.0,0.0,0.0,2.353375,-0.19905,0.0,4.0709375
2000-12-25,0.0,0.0,0.0,0.0,0.0,0.0,0.0,0.0,2.353375,-0.19905,0.0,4.0709375
2000-12-26,0.0,0.0,0.0,0.0,0.0,0.0,0.0,0.0,2.352375,-0.20055,0.0,4.07
2000-12-27,0.0,0.0,0.0,0.0,0.0,0.0,0.0,0.0,2.35075,-0.2025,0.0,4.064375
2000-12-28,0.0,0.0,0.0,0.0,0.0,0.0,0.0,0.0,2.349125,-0.20295000000000002,0.0,4.0609375
2000-12-29,0.0,0.0,0.0,0.0,0.0,0.0,0.0,0.0,2.3495,-0.20025,0.0,4.063125
2001-01-01,0.0,0.0,0.0,0.0,0.0,0.0,0.0,0.0,2.3495,-0.20025,0.0,4.063125
2001-01-02,0.0,0.0,0.0,0.0,0.0,-0.27,0.0,0.0,2.356375,-0.195,0.0,4.0825
2001-01-03,0.0,0.0,0.0,0.0,0.0,-0.2693,0.0,0.0,2.350625,-0.1359,0.0,2.03765625
2001-01-04,0.0,0.0,0.0,0.0,0.0,-0.26839999999999997,0.0,0.0,2.35425,-0.1349,0.0,2.04390625
2001-01-05,0.0,0.0,0.0,0.0,0.0,-0.269,0.0,0.0,2.359125,-0.1305,0.0,2.04984375
2001-01-08,0.0,0.0,0.0,0.0,0.0,-0.269,0.0,0.0,2.3614999999999995,-0.1309,0.0,2.05234375
2001-01-09,0.0,0.0,0.0,0.0,0.0,-0.2685,0.0,0.0,2.35875,-0.1309,0.0,2.0471875
2001-01-10,0.0,0.0,0.0,0.0,0.0,-0.26560000000000006,0.0,0.0,2.355125,-0.1328,0.0,2.04296875
2001-01-11,0.0,0.0,0.0,0.0,0.0,-0.2648,0.0,0.0,2.3535,-0.1335,0.0,2.04296875
2001-01-12,0.0,0.0,0.0,0.0,0.0,-0.26460000000000006,0.0,0.0,2.35,-0.133,0.0,2.0375
2001-01-15,0.0,0.0,0.0,0.0,0.0,-0.26460000000000006,0.0,0.0,2.35,-0.133,0.0,2.0375
2001-01-16,0.0,0.0,0.0,0.0,0.0,-0.26389999999999997,0.0,0.0,2.349875,-0.1336,0.0,2.03828125
2001-01-17,0.0,0.0,0.0,0.0,0.0,-0.2638,0.0,0.0,2.3521249999999996,-0.1342,0.0,2.04
2001-01-18,-0.126375,0.0,0.0,0.0,0.0,-0.2648,0.0,0.0,2.354,-0.0678,0.0,2.0446875
2001-01-19,-0.12475,0.0,0.0,0.0,0.0,-0.26489999999999997,0.0,0.0,2.3515,-0.0674,0.0,2.0425
2001-01-22,-0.125,0.0,0.0,0.0,0.0,-0.267,0.0,0.0,2.35,-0.0679,0.0,2.04296875
2001-01-23,-0.124375,0.0,0.0,0.0,0.0,-0.2667,0.0,0.0,2.34775,-0.0683,0.0,2.0403125
2001-01-24,-0.125,0.0,0.0,0.0,0.0,-0.26460000000000006,0.0,0.0,2.34775,-0.0685,0.0,2.03875
2001-01-25,-0.124125,0.0,0.0,0.0,0.0,-0.2648,0.0,0.0,2.34925,-0.06825,0.0,2.03953125
2001-01-26,-0.12275,0.0,0.0,0.0,0.0,-0.26289999999999997,0.0,0.0,2.3495,-0.06815,0.0,2.0425
2001-01-29,-0.122125,0.0,0.0,0.0,0.0,-0.2628,0.0,0.0,2.34925,-0.0685,0.0,2.04
2001-01-30,-0.12275,0.0,0.0,0.0,0.0,-0.2655,0.0,0.0,2.351125,-0.06915,0.0,2.0434375
2001-01-31,-0.12225,0.0,0.0,0.0,0.0,-0.268,0.0,0.0,2.354625,-0.06865,0.0,2.0484375
2001-02-01,-0.123125,0.0,0.0,0.0,0.0,-0.2707,0.0,0.0,2.356875,-0.06915,0.0,2.04625
2001-02-02,-0.124375,0.0,0.0,0.0,0.0,-0.2693,0.0,0.0,2.35425,-0.0677,0.0,2.0475
2001-02-05,-0.123875,0.0,0.0,0.0,0.0,-0.26739999999999997,0.0,0.0,2.3535,-0.06815,0.0,2.043125
2001-02-06,-0.124375,0.0,0.0,0.0,0.0,-0.26539999999999997,0.0,0.0,2.3517499999999996,-0.0678,0.0,2.04125
2001-02-07,-0.12375,0.0,0.0,0.0,0.0,-0.26489999999999997,0.0,0.0,2.35275,-0.06745,0.0,2.0434375
2001-02-08,-0.122625,0.0,0.0,0.0,0.0,-0.2622,0.0,0.0,2.3521249999999996,-0.06675,0.0,2.04125
2001-02-09,-0.1225,0.0,0.0,0.0,0.0,-0.262,0.0,0.0,2.3541250000000002,-0.06605,0.0,2.0440625
2001-02-12,-0.12225,0.0,0.0,0.0,0.0,-0.2627,0.0,0.0,2.35375,-0.0667,0.0,2.0434375
2001-02-13,-0.122125,0.0,0.0,0.0,0.0,-0.2622,0.0,0.0,2.353,-0.0663,0.0,2.04125
2001-02-14,-0.123375,0.0,0.0,0.0,0.0,-0.5224,0.0,0.0,2.350375,-0.1319,0.0,2.03734375
2001-02-15,-0.123375,0.0,0.0,0.0,0.0,-0.25689999999999996,0.0,0.0,2.34875,-0.2001,0.0,2.035625
2001-02-16,-0.12325,0.0,0.0,0.0,0.0,-0.2598,0.0,0.0,2.351875,-0.19575,0.0,2.035625
2001-02-19,-0.12325,0.0,0.0,0.0,0.0,-0.2598,0.0,0.0,2.351875,-0.19575,0.0,2.035625
2001-02-20,-0.123625,0.0,0.0,0.0,0.0,-0.25760000000000005,0.0,0.0,2.3521249999999996,-0.1929,0.0,2.0409375
2001-02-21,-0.122625,0.0,0.0,0.0,0.0,-0.25939999999999996,0.0,0.0,2.3513750000000004,-0.18839999999999998,0.0,2.04140625
2001-02-22,-0.122375,0.0,0.0,0.0,0.0,-0.2598,0.0,0.0,2.3515,-0.18855,0.0,2.04421875
2001-02-23,-0.122,0.0,0.0,0.0,0.0,-0.26210000000000006,0.0,0.0,2.35225,-0.18719999999999998,0.0,2.0465625
2001-02-26,-0.121875,0.0,0.0,0.0,0.0,-0.2668,0.0,0.0,2.35275,-0.19095,0.0,2.04921875
2001-02-27,-0.12275,0.0,0.0,0.0,0.0,-0.26839999999999997,0.0,0.0,2.355,-0.18960000000000002,0.0,2.04953125
2001-02-28,-0.124625,0.0,0.0,0.0,0.0,0.0,0.0,0.0,2.357875,-0.2476,0.0,2.05296875
2001-03-01,-0.1255,0.0,0.0,0.0,0.0,0.0,0.0,0.0,2.3585,-0.2486,0.0,2.05296875
2001-03-02,-0.124875,0.0,0.0,0.0,0.0,0.0,0.0,0.0,2.356125,-0.247,0.0,2.05
2001-03-05,-0.12475,0.0,0.0,0.0,0.0,0.0,0.0,0.0,2.355875,-0.2486,0.0,2.0496875
2001-03-06,-0.125,0.0,0.0,0.0,0.0,-0.26089999999999997,0.0,0.0,2.3555,-0.2514,0.0,2.05046875
2001-03-07,-0.123625,0.0,0.0,0.0,0.0,-0.26239999999999997,0.0,0.0,2.35675,-0.2532,0.0,2.05234375
2001-03-08,-0.12375,0.0,0.0,0.0,0.0,0.0,0.0,0.0,2.357125,-0.253,0.0,2.05296875
2001-03-09,-0.1235,0.0,0.0,0.0,0.0,0.0,0.0,0.0,2.35525,-0.2462,0.0,2.05125
2001-03-12,-0.124,0.0,0.0,0.0,0.0,0.0,0.0,0.0,2.355125,-0.2356,0.0,2.05234375
2001-03-13,-0.123625,0.0,0.0,0.0,0.0,0.0,0.0,0.0,2.35425,-0.242,0.0,2.05171875
2001-03-14,-0.122375,0.0,0.0,0.0,0.0,0.0,0.0,0.0,2.356625,-0.2362,0.0,2.05609375
2001-03-15,-0.118875,0.0,0.0,0.0,0.0,0.0,0.0,0.0,2.358625,-0.2372,0.0,2.06
2001-03-16,-0.116875,0.0,0.0,0.0,0.0,0.0,0.0,0.0,2.3595,-0.2324,0.0,2.05953125
2001-03-19,-0.11775,0.0,0.0,0.0,0.0,0.0,0.0,0.0,2.35825,-0.2362,0.0,2.05625
2001-03-20,-0.119,0.0,0.0,0.0,0.0,0.0,0.0,0.0,2.358125,-0.2306,0.0,2.05890625
2001-03-21,-0.118125,0.0,0.0,0.0,0.0,0.0,0.0,0.0,2.359125,-0.2264,0.0,2.05984375
2001-03-22,-0.2315,0.0,0.0,0.0,0.0,-0.26139999999999997,0.0,0.0,2.360625,-0.2238,0.0,2.06234375
2001-03-23,-0.2335,0.0,0.0,0.0,0.0,-0.2617,0.0,0.0,2.3579999999999997,-0.2306,0.0,2.0596875
2001-03-26,-0.236,0.0,0.0,0.0,0.0,-0.26210000000000006,0.0,0.0,2.357,-0.2332,0.0,2.05859375
2001-03-27,-0.23725,0.0,0.0,0.0,0.0,-0.26110000000000005,0.0,0.0,2.352375,-0.238,0.0,2.053125
2001-03-28,-0.2355,0.0,0.0,0.0,0.0,-0.2597,0.0,0.0,2.353,-0.2318,0.0,2.05484375
2001-03-29,-0.23325,0.0,0.0,0.0,0.0,-0.2588,0.0,0.0,2.3535,-0.2324,0.0,2.05703125
2001-03-30,-0.23,0.0,0.0,0.0,0.0,-0.2592,0.0,0.0,2.354625,-0.2338,0.0,2.05984375
2001-04-02,-0.23475,0.0,0.0,0.0,0.0,-0.25660000000000005,0.0,0.0,2.35375,-0.23,0.0,2.0590625
2001-04-03,-0.23575,0.0,0.0,0.0,0.0,-0.25789999999999996,0.0,0.0,2.3545000000000003,-0.2216,0.0,2.06078125
2001-04-04,-0.23825,0.0,0.0,0.0,0.0,-0.25939999999999996,0.0,0.0,2.3555,-0.2226,0.0,2.0628125
2001-04-05,-0.239,0.0,0.0,0.0,0.0,-0.25910000000000005,0.0,0.0,2.3541250000000002,-0.2312,0.0,2.06140625
2001-04-06,-0.23725,0.0,0.0,0.0,0.0,-0.26089999999999997,0.0,0.0,2.3572500000000005,-0.228,0.0,2.0646875
2001-04-09,-0.23725,0.0,0.0,0.0,0.0,-0.2592,0.0,0.0,2.356375,-0.23,0.0,2.0640625
2001-04-10,-0.23575,0.0,0.0,0.0,0.0,-0.2582,0.0,0.0,2.352875,-0.2344,0.0,2.059375
2001-04-11,-0.2375,0.0,0.0,0.0,0.0,-0.25960000000000005,0.0,0.0,2.352,-0.2346,0.0,2.0565625
2001-04-12,-0.23825,0.0,0.0,0.0,0.0,-0.26089999999999997,0.0,0.0,2.35025,-0.2388,0.0,2.05453125
2001-04-13,-0.23825,0.0,0.0,0.0,0.0,-0.26089999999999997,0.0,0.0,2.35025,-0.2388,0.0,2.05453125
2001-04-16,-0.239,0.0,0.0,0.0,0.0,-0.26410000000000006,0.0,0.0,2.346125,-0.2364,0.0,2.04953125
2001-04-17,-0.23575,0.0,0.0,0.0,0.0,-0.2618,0.0,0.0,2.349375,-0.239,0.0,2.05296875
2001-04-18,-0.235,0.0,0.0,0.0,0.0,-0.262,0.0,0.0,2.352625,-0.249,0.0,2.05875
2001-04-19,-0.22975,0.0,0.0,0.0,0.0,-0.266,0.0,0.0,2.3489999999999998,-0.18885000000000002,0.0,2.05578125
2001-04-20,-0.22775,0.0,0.0,0.0,0.0,-0.26539999999999997,0.0,0.0,2.3485,-0.1875,0.0,2.0571875
2001-04-23,-0.2225,0.0,0.0,0.0,0.0,-0.2643,0.0,0.0,2.350625,-0.1839,0.0,2.0609375
2001-04-24,-0.2205,0.0,0.0,0.0,0.0,-0.2647,0.0,0.0,2.3510000000000004,-0.1824,0.0,2.06109375
2001-04-25,-0.22175,0.0,0.0,0.0,0.0,-0.26260000000000006,0.0,0.0,2.349125,-0.18480000000000002,0.0,2.05765625
2001-04-26,-0.2265,0.0,0.0,0.0,0.0,-0.2645,0.0,0.0,2.3517499999999996,-0.18615,0.0,2.05953125
2001-04-27,-0.223,0.0,0.0,0.0,0.0,-0.2643,0.0,0.0,2.348375,-0.18885000000000002,0.0,2.05515625
2001-04-30,-0.2265,0.0,0.0,0.0,0.0,-0.26439999999999997,0.0,0.0,2.347625,-0.18795,0.0,2.055
2001-05-01,-0.22675,0.0,0.0,0.0,0.0,-0.2648,0.0,0.0,2.3486249999999997,-0.19095,0.0,2.05640625
2001-05-02,-0.22775,0.0,0.0,0.0,0.0,-0.2658,0.0,0.0,2.3489999999999998,-0.19065,0.0,2.0553125
2001-05-03,-0.227,0.0,0.0,0.0,0.0,-0.2667,0.0,0.0,2.351125,-0.18825,0.0,2.05640625
2001-05-04,-0.22925,0.0,0.0,0.0,0.0,-0.2665,0.0,0.0,2.351875,-0.19110000000000002,0.0,2.0590625
2001-05-07,-0.227,0.0,0.0,0.0,0.0,0.0,0.0,0.0,2.350875,-0.1264,0.0,2.06046875
2001-05-08,-0.224,0.0,0.0,0.0,0.0,0.0,0.0,0.0,2.3510000000000004,-0.1262,0.0,2.0609375
2001-05-09,-0.224,0.0,0.0,0.0,0.0,0.0,0.0,0.0,2.352,-0.1258,0.0,2.06171875
2001-05-10,-0.21725,0.0,0.0,0.0,0.0,0.0,0.0,0.0,2.348125,-0.1262,0.0,2.0590625
2001-05-11,-0.216,0.0,0.0,0.0,0.0,0.0,0.0,0.0,2.341375,-0.1252,0.0,2.05265625
2001-05-14,-0.221,0.0,0.0,0.0,0.0,0.0,0.0,0.0,2.343375,-0.1253,0.0,2.05515625
2001-05-15,-0.2205,0.0,0.0,0.0,0.0,0.0,0.0,0.0,2.34225,-0.1257,0.0,2.0553125
2001-05-16,-0.22025,0.0,0.0,0.0,0.0,0.0,0.0,0.0,2.3423749999999997,-0.1289,0.0,2.05625
2001-05-17,-0.22025,0.0,0.0,0.0,0.0,0.0,0.0,0.0,2.342875,-0.0646,0.0,4.1078125
2001-05-18,-0.21875,0.0,0.0,0.0,0.0,0.0,0.0,0.0,2.343625,-0.0648,0.0,4.1053125
2001-05-21,-0.2125,0.2849,0.0,0.0,0.0,0.0,0.0,0.0,2.344,0.0,0.0,4.104375
2001-05-22,-0.21,0.2826,0.0,0.0,0.0,0.0,0.0,0.0,2.344375,0.0,0.0,4.106875
2001-05-23,-0.21125,0.2816,0.0,0.0,0.0,0.0,0.0,0.0,2.3447500000000003,0.0,0.0,4.10875
2001-05-24,-0.21275,0.0,0.0,0.0,0.0,0.0,0.0,0.0,2.342125,0.0,0.0,4.1034375
2001-05-25,-0.21025,0.0,0.0,0.0,0.0,0.0,0.0,0.0,2.34175,0.0,0.0,4.105625
2001-05-28,-0.21025,0.0,0.0,0.0,0.0,0.0,0.0,0.0,2.34175,0.0,0.0,4.105625
2001-05-29,-0.208,0.0,0.0,0.0,0.0,0.0,0.0,0.0,2.340875,-0.0634,0.0,4.1053125
2001-05-30,-0.209,0.0,0.0,0.0,0.0,0.0,0.0,0.0,2.340125,-0.0625,0.0,4.1065625
2001-05-31,-0.2115,0.0,0.0,0.0,0.0,0.0,0.0,0.0,2.343625,-0.0629,0.0,4.09375
2001-06-01,-0.21775,0.0,0.0,0.0,0.0,0.0,0.0,0.0,2.34425,-0.06325,0.0,4.10125
2001-06-04,-0.215,0.0,0.0,0.0,0.0,0.0,0.0,0.0,2.3447500000000003,-0.0635,0.0,4.1015625
2001-06-05,-0.21425,0.0,0.0,0.0,0.0,0.0,0.0,0.0,2.3465,-0.0642,0.0,4.10875
2001-06-06,-0.21725,0.0,0.0,0.0,0.0,0.0,0.0,0.0,2.346875,-0.0637,0.0,4.108125
2001-06-07,-0.217,0.0,0.0,0.0,0.0,0.0,0.0,0.0,2.345375,-0.06385,0.0,4.108125
2001-06-08,-0.2155,0.0,0.0,0.0,0.0,0.0,0.0,0.0,2.343,-0.0633,0.0,4.1040625
2001-06-11,-0.21725,0.2829,0.0,0.0,0.0,0.0,0.0,0.0,2.3447500000000003,-0.18839999999999998,1.035859375,4.108125
2001-06-12,-0.21575,0.2841,0.0,0.0,0.0,0.0,0.0,0.0,2.3465,-0.18825,1.0390625,4.110625
2001-06-13,-0.21525,0.2817,0.0,0.0,0.0,0.0,0.0,0.0,2.346375,-0.18795,1.038359375,4.111875
2001-06-14,-0.2135,0.281,0.0,0.0,0.0,0.0,0.0,0.0,2.347125,-0.2446,1.0415625,4.1159375
2001-06-15,-0.20925,0.2788,0.0,0.0,0.0,0.0,0.0,0.0,2.34575,-0.2454,1.040546875,4.118125
2001-06-18,-0.209,0.0,0.0,0.0,0.0,0.0,0.0,0.0,2.34525,-0.305,1.041328125,4.12125
2001-06-19,-0.21125,0.0,0.0,0.0,0.0,0.0,0.0,0.0,2.345,-0.306,1.0421875,4.1221875
2001-06-20,-0.20875,0.0,0.0,0.0,0.0,0.0,0.0,0.0,2.343375,-0.3075,1.044375,4.125
2001-06-21,-0.20625,0.0,0.0,0.0,0.0,0.0,0.0,0.0,2.343875,-0.31074999999999997,1.044765625,4.124375
2001-06-22,-0.2055,0.0,0.0,0.0,0.0,0.0,0.0,0.0,2.34675,-0.30874999999999997,1.05,4.1296875
2001-06-25,-0.203,0.0,0.0,0.0,0.0,0.0,0.0,0.0,2.34625,-0.30575,1.0490625,4.128125
2001-06-26,-0.20375,0.0,0.0,0.0,0.0,0.0,0.0,0.0,2.34375,-0.30525,1.04359375,4.1221875
2001-06-27,-0.2065,0.0,0.0,0.0,0.0,0.0,0.0,0.0,2.341875,-0.36569999999999997,1.0421875,4.1146875
2001-06-28,-0.20825,0.0,0.0,0.0,0.0,0.0,0.0,0.0,2.33875,-0.3681,1.03515625,4.103125
2001-06-29,-0.20825,0.0,0.0,0.0,0.0,0.0,0.0,0.0,2.337375,-0.36960000000000004,1.03015625,4.1028125
2001-07-02,-0.21075,0.0,0.0,0.0,0.0,0.0,0.0,0.0,2.338625,-0.3741,1.03515625,4.1084375
2001-07-03,-0.21375,0.0,0.0,0.0,0.0,0.0,0.0,0.0,2.338,-0.3735,1.031640625,4.105
2001-07-04,-0.21375,0.0,0.0,0.0,0.0,0.0,0.0,0.0,2.338,-0.3735,1.031640625,4.105
2001-07-05,-0.21725,0.0,0.0,0.0,0.0,-0.2658,-1.00125,0.0,2.337125,-0.3055,1.029765625,4.103125
2001-07-06,-0.2185,0.0,0.0,0.0,0.0,-0.26660000000000006,-0.999125,0.0,2.338375,-0.2985,1.033828125,4.11125
2001-07-09,-0.22325,0.0,0.0,0.0,0.0,-0.267,-1.0037499999999875,0.0,2.33925,-0.30025,1.03578125,4.1115625
2001-07-10,-0.2285,0.0,0.0,0.0,0.0,-0.2667,-1.004125,0.0,2.340625,-0.29675,1.04015625,4.116875
2001-07-11,-0.11825,0.0,0.0,0.0,0.0,-0.2688,-1.012125,0.0,2.3405,-0.3555,1.040234375,4.116875
2001-07-12,-0.123,0.0,0.0,0.0,0.0,-0.26710000000000006,-1.0164999999999875,0.0,2.34125,-0.3645,1.043828125,4.118125
2001-07-13,-0.11825,0.0,0.0,0.0,0.0,-0.26760000000000006,-1.007375,0.0,2.34175,-0.3065,1.0440625,4.1159375
2001-07-16,-0.11425,0.0,0.0,0.0,0.0,-0.26739999999999997,-1.0028750000000002,0.0,2.34325,-0.30275,1.048046875,4.12
2001-07-17,-0.11825,0.0,0.0,0.0,0.0,-0.26860000000000006,-1.0054999999999874,0.0,2.3435,-0.305,1.048046875,4.11875
2001-07-18,-0.11425,0.0,0.0,0.0,0.0,0.0,-1.0146249999999999,0.0,2.34625,-0.2424,1.05578125,4.1309375
2001-07-19,-0.114125,0.0,0.0,0.0,0.0,0.0,-1.019,0.0,2.345625,-0.2446,1.05359375,4.1284375
2001-07-20,-0.11025,0.0,0.0,0.0,0.0,0.0,-1.023625,0.0,2.34525,-0.243,1.053046875,4.1290625
2001-07-23,-0.110375,0.0,0.0,0.0,0.0,0.0,-1.0102499999999874,0.0,2.34575,-0.2384,1.054375,4.1290625
2001-07-24,-0.11325,0.0,0.0,0.0,0.0,0.0,-1.0145,0.0,2.34625,-0.2945,1.05578125,4.1309375
2001-07-25,-0.115625,0.0,0.0,0.0,0.0,-0.2678,-1.0164999999999875,0.0,2.3451250000000003,-0.35760000000000003,1.050859375,4.1284375
2001-07-26,-0.11475,0.0,0.0,0.0,0.0,-0.2663,-1.0154999999999998,0.0,2.3458749999999995,-0.3015,1.0525,6.200156250000001
2001-07-27,-0.115875,0.0,0.0,0.0,0.0,-0.26739999999999997,-1.01625,0.0,2.347625,-0.3025,1.056328125,6.208125
2001-07-30,-0.114,0.0,0.0,0.0,0.0,-0.26460000000000006,-1.0037499999999875,0.0,2.347875,-0.3025,1.05765625,6.2095312499999995
2001-07-31,-0.115125,0.0,0.0,0.0,0.0,-0.26789999999999997,-1.0039999999999998,0.0,2.35,-0.30374999999999996,1.06109375,6.21515625
2001-08-01,-0.113375,0.0,0.0,0.0,0.0,-0.269,0.0,0.0,2.34875,-0.2444,1.05859375,6.2123437500000005
2001-08-02,-0.1125,0.0,0.0,0.0,0.0,-0.269,0.0,0.0,2.346375,-0.2452,1.0540625,6.204375000000001
2001-08-03,-0.111,0.0,0.0,0.0,0.0,-0.2695,0.0,0.0,2.345,-0.244,1.053046875,6.2034375
2001-08-06,-0.112125,0.0,0.0,0.0,0.0,-0.26860000000000006,0.0,0.0,2.345625,-0.2406,1.05359375,6.208125
2001-08-07,-0.113875,0.0,0.0,0.0,0.0,-0.26860000000000006,0.0,0.0,2.3455,-0.2416,1.053046875,6.2071875
2001-08-08,-0.11475,0.0,0.0,0.0,0.0,-0.2693,0.0,0.0,2.3485,-0.29625,1.060859375,6.2203124999999995
2001-08-09,-0.11575,0.0,0.0,0.0,0.0,0.0,0.0,0.0,2.347625,-0.3564,1.05765625,6.21984375
2001-08-10,-0.117125,0.0,0.0,0.0,0.0,0.0,0.0,0.0,2.3486249999999997,-0.3573,1.060234375,6.2259375
2001-08-13,0.0,0.0,0.0,0.0,0.0,0.0,0.0,0.0,2.35075,-0.4172,1.0625,6.2315625
2001-08-14,0.0,0.0,0.0,0.0,0.0,0.0,0.0,0.0,2.35,-0.4172,1.0615625,6.22640625
2001-08-15,0.0,0.0,0.0,0.0,0.0,0.0,0.0,0.0,2.349125,-0.41335,1.059453125,6.219375
2001-08-16,0.0,0.0,0.0,0.0,0.0,0.0,0.0,-0.3187,2.350125,-0.05925,1.063359375,6.2250000000000005
2001-08-17,-0.114125,0.0,0.0,0.0,0.0,0.0,0.0,-0.3042,2.35225,0.0,1.069140625,6.23390625
2001-08-20,-0.1125,0.0,0.0,0.0,0.0,0.0,0.0,-0.3085,2.3505,0.0,1.06546875,6.22453125
2001-08-21,-0.113875,0.0,0.0,0.0,0.0,0.0,0.0,-0.2952,2.351625,0.0,1.06625,6.226875
2001-08-22,-0.114,0.0,0.0,0.0,0.0,0.0,0.0,-0.3036,2.3515,0.0,1.06578125,6.2240625000000005
2001-08-23,-0.115875,0.0,0.0,0.0,0.0,0.0,0.0,-0.3004,2.352375,0.0,1.0671875,6.226875
2001-08-24,-0.114125,0.0,0.0,0.0,0.0,0.0,0.0,0.0,4.703499999999999,-0.3564,1.065546875,6.223593750000001
2001-08-27,-0.1155,0.0,0.0,0.0,0.0,0.0,0.0,0.0,4.703499999999999,-0.3543,1.06515625,6.221718749999999
2001-08-28,-0.1145,0.0,0.0,0.0,0.0,0.0,0.0,0.0,4.70875,-0.3492,1.07125,6.23109375
2001-08-29,-0.115625,0.0,0.0,0.0,0.0,0.0,0.0,0.0,4.71325,-0.3456,1.068046875,6.2357812500000005
2001-08-30,-0.115,0.0,0.0,0.0,0.0,0.0,0.0,-0.2911,4.713,-0.05645,1.0671875,6.2250000000000005
2001-08-31,-0.116125,0.2734,0.0,0.0,0.0,0.0,0.0,-0.2945,4.711,-0.05675,1.065,6.2212499999999995
2001-09-03,-0.116125,0.2734,0.0,0.0,0.0,0.0,0.0,-0.2949,4.711,-0.05675,1.065,6.2212499999999995
2001-09-04,-0.115625,0.2707,0.0,0.0,0.0,0.0,0.0,-0.2853,4.701,-0.05655,1.05375,6.2006250000000005
2001-09-05,-0.114875,0.0,0.0,0.0,0.0,0.0,0.0,-0.2838,4.704,-0.0567,1.05546875,6.20296875
2001-09-06,-0.113125,0.0,0.0,0.0,0.0,0.0,0.0,-0.2725,4.711,-0.1104,1.06375,4.14625
2001-09-07,-0.112875,0.2819,0.0,0.0,0.0,0.0,0.0,-0.2707,4.71375,-0.16244999999999998,1.06875,4.155
2001-09-10,-0.11325,0.2789,0.0,0.0,0.0,0.0,0.0,-0.2741,4.7115,-0.1644,1.06609375,4.15625
2001-09-11,-0.11325,0.2789,0.0,0.0,0.0,-0.2723,0.0,-0.2741,4.71525,-0.16425,1.075546875,4.17875
2001-09-12,-0.11325,0.2789,0.0,0.0,0.0,-0.2723,0.0,-0.2741,4.71525,-0.16425,1.075546875,4.17875
2001-09-13,-0.11475,0.2789,0.0,0.0,0.0,-0.2723,0.0,-0.2741,4.72025,-0.16425,1.084375,4.201875
2001-09-14,-0.112125,0.2967,0.0,0.0,0.0,0.0,0.0,-0.2741,4.727,-0.16425,1.089453125,4.206875
2001-09-17,-0.110875,0.2913,0.0,0.0,0.0,0.2903,0.0,-0.252,4.7235,-0.15660000000000002,1.0846875,4.20125
2001-09-18,-0.10925,0.0,0.0,0.0,0.0,0.2886,0.0,-0.2466,4.71925,-0.15585000000000002,1.078046875,4.2
2001-09-19,-0.108,0.0,0.0,0.0,0.0,0.2915,0.0,-0.2416,4.7165,-0.15255,1.0796875,4.2065625
2001-09-20,-0.109375,0.0,0.0,0.0,0.0,0.289,0.0,-0.2337,4.71875,-0.1476,1.07546875,4.2009375
2001-09-21,-0.108625,0.0,0.0,0.0,0.0,0.29189999999999994,0.0,-0.2274,4.7235,-0.14595,1.079140625,4.2
2001-09-24,-0.107875,0.0,0.0,0.0,0.0,0.2897,0.0,-0.2388,4.7205,-0.1512,1.077265625,4.1975
2001-09-25,-0.10775,0.0,0.0,0.0,0.0,0.2905,0.0,-0.2402,4.7225,-0.1527,1.079375,4.203125
2001-09-26,-0.108375,0.0,0.0,0.0,0.0,0.2933,0.0,-0.2318,4.7245,-0.1521,1.0846875,4.2071875
2001-09-27,-0.108,0.0,0.0,0.0,0.0,0.2917,0.0,-0.2296,4.7295,-0.15345,1.089140625,4.2103125
2001-09-28,-0.10725,0.0,0.0,0.0,0.0,0.29239999999999994,0.0,-0.235,4.72775,-0.15660000000000002,1.087734375,4.2053125
2001-10-01,-0.10525,0.0,0.0,0.0,0.0,0.2932,0.0,-0.2319,4.72725,-0.15645,1.09046875,4.2075
2001-10-02,-0.20925,0.0,0.0,0.0,0.0,0.29089999999999994,0.0,-0.2327,7.092,-0.1056,1.09328125,4.2125
2001-10-03,-0.21075,0.0,0.0,0.0,0.0,0.2916,0.0,-0.25,7.092749999999999,-0.1074,1.094765625,4.211875
2001-10-04,-0.2115,0.0,0.0,0.0,0.0,0.2916,0.0,-0.2529,7.0905000000000005,-0.1075,1.094453125,4.2125
2001-10-05,-0.21425,0.0,0.0,0.0,0.0,0.2925,0.0,-0.2561,7.089,-0.1072,1.09515625,4.21625
2001-10-08,-0.2155,0.0,0.0,0.0,0.0,0.29339999999999994,0.0,-0.2572,7.089,-0.1065,1.09515625,4.21625
2001-10-09,-0.213,0.0,0.0,0.0,0.0,0.2897,0.0,-0.2509,7.082625,-0.1059,1.09,4.21375
2001-10-10,-0.21425,0.0,0.0,0.0,0.0,0.2867,0.0,-0.2626,7.08375,-0.1083,1.09078125,4.2109375
2001-10-11,-0.319875,0.0,0.0,0.0,0.0,0.2826,0.0,0.0,7.075124999999999,-0.275,1.085,4.2040625
2001-10-12,-0.31275,0.0,0.0,0.0,0.0,0.2857,0.0,0.0,7.0755,-0.27349999999999997,1.085546875,4.209375
2001-10-15,-0.309,0.0,0.0,0.0,0.0,0.0,0.0,0.0,7.08075,-0.32789999999999997,1.090546875,4.2128125
2001-10-16,-0.310125,0.0,0.0,0.0,0.0,0.0,0.0,0.0,7.084875,-0.3297,1.092734375,4.2134375
2001-10-17,-0.311625,0.0,0.0,0.0,0.0,0.0,0.0,0.0,7.085625,-0.3228,1.093046875,6.31828125
2001-10-18,-0.365625,0.0,0.0,0.0,0.0,0.0,0.0,0.0,7.08675,-0.3219,1.09359375,6.32015625
2001-10-19,-0.3675,0.0,0.0,0.0,0.0,0.0,0.0,0.0,7.084124999999999,-0.3219,1.089375,6.3196875
2001-10-22,-0.365625,0.0,0.0,0.0,0.0,0.0,0.0,0.0,7.083375,-0.3282,1.09,6.3196875
2001-10-23,-0.366375,0.0,0.0,0.0,0.0,0.0,0.0,0.0,7.08,-0.32639999999999997,1.08859375,6.32015625
2001-10-24,-0.370125,0.0,0.0,0.0,0.0,0.0,0.0,0.0,7.08375,-0.3255,1.0925,6.328125
2001-10-25,-0.370125,0.0,0.0,0.0,0.0,0.0,0.0,0.0,7.087875,-0.27575,1.096328125,6.3412500000000005
2001-10-26,-0.369375,0.0,0.0,0.0,0.0,0.0,0.0,0.0,7.0874999999999995,-0.2204,1.097265625,6.343125
2001-10-29,-0.366375,0.0,0.0,0.0,0.0,0.0,0.0,0.0,7.0923750000000005,-0.2146,1.100546875,6.3492187499999995
2001-10-30,-0.36975,-0.2172,0.0,0.0,0.0,0.0,0.0,0.0,7.097249999999999,-0.2118,2.2125,6.36140625
2001-10-31,-0.36975,-0.2132,0.0,0.0,0.0,0.0,0.0,0.0,7.107374999999999,-0.2122,2.2303125,6.36609375
2001-11-01,-0.3705,-0.2087,0.0,0.0,0.0,0.0,0.0,0.0,7.1114999999999995,-0.2166,2.2315625,6.36046875
2001-11-02,-0.367875,-0.2099,0.0,0.0,0.0,0.0,0.0,0.0,4.7315,-0.1635,2.2165625,6.3609374999999995
2001-11-05,-0.36675,-0.2079,0.0,0.0,0.0,0.0,0.0,0.0,4.7345,-0.1656,2.22453125,6.36375
2001-11-06,-0.4885,-0.2062,0.0,0.0,0.0,0.0,0.0,0.0,4.738,-0.1121,2.22875,6.37171875
2001-11-07,-0.487,-0.2067,0.0,0.0,0.0,0.0,0.0,0.0,4.7435,-0.112,2.2403125,6.3778125
2001-11-08,-0.487,-0.2135,0.0,0.0,0.0,0.0,0.0,0.0,4.738,-0.0562,1.1125,6.36609375
2001-11-09,-0.491,-0.2208,0.0,0.0,0.0,0.0,0.0,0.0,4.73775,-0.0562,1.1115625,6.36375
2001-11-12,-0.491,-0.2152,0.0,0.0,0.0,0.0,0.0,0.0,4.73775,-0.05585,1.1115625,6.36375
2001-11-13,-0.492,-0.2165,0.0,0.0,0.0,0.0,0.0,0.0,4.734000000000001,-0.0571,1.105859375,6.3571875
2001-11-14,-0.494,-0.2047,0.0,0.0,0.0,0.0,0.0,0.0,4.7265,0.0,1.09578125,4.2246875
2001-11-15,-0.4915,-0.1943,0.0,0.0,0.0,-0.2753,0.0,0.0,4.711,0.0,1.079375,4.2040625
2001-11-16,-0.492,-0.199,0.0,0.0,0.0,-0.2749,0.0,0.0,4.703499999999999,0.0,1.0690625,4.195
2001-11-19,-0.496,-0.2019,0.0,0.0,0.0,-0.2729,0.0,0.0,4.71025,0.0,1.078828125,2.1053125
2001-11-20,-0.496,-0.2049,0.0,0.0,0.0,-0.2732,0.0,0.0,4.705,0.0,1.0715625,2.1028125
2001-11-21,-0.496,-0.2026,0.0,0.0,0.0,-0.2731,0.0,0.0,4.69675,0.0,1.064140625,2.09703125
2001-11-22,-0.496,-0.2026,0.0,0.0,0.0,-0.2731,0.0,0.0,4.69675,0.0,1.064140625,2.09703125
2001-11-23,-0.4955,-0.2026,0.0,0.0,0.0,-0.2731,0.0,0.0,4.69475,0.0,1.06078125,2.0946875
2001-11-26,-0.487,-0.2,0.0,0.0,0.0,-0.2725,0.0,0.0,4.6925,0.0,1.06078125,2.0946875
2001-11-27,-0.487,0.0,0.0,0.0,0.0,-0.2734,0.0,0.0,4.696,0.0,1.066875,2.09859375
2001-11-28,-0.4795,0.0,0.0,0.0,0.0,-0.2741,0.0,0.0,4.693,-0.05645,1.0540625,2.09859375
2001-11-29,-0.4835,-0.2016,0.0,0.0,0.0,-0.2747,0.0,0.0,4.70375,-0.05725,1.067734375,2.09390625
2001-11-30,-0.370875,0.0,0.0,0.0,0.0,-0.2749,0.0,0.0,4.708,-0.057,1.069453125,2.0965625
2001-12-03,-0.367125,0.0,0.0,0.0,0.0,-0.2779,0.0,0.0,4.71,-0.05645,1.07203125,2.09703125
2001-12-04,-0.366375,0.0,0.0,0.0,0.0,-0.2763,0.0,0.0,4.714500000000001,-0.0574,1.07625,2.0978125
2001-12-05,-0.364875,0.0,0.0,0.0,0.0,-0.2746,0.0,0.0,4.701,0.0,1.058046875,2.0871875
2001-12-06,-0.36224999999999996,-0.2014,0.0,0.0,0.0,-0.275,0.0,0.0,4.6935,0.1169,1.05015625,2.0834375
2001-12-07,-0.36375,-0.208,0.0,0.0,0.0,-0.2747,0.0,0.0,4.6845,0.1161,1.039453125,2.0815625
2001-12-10,-0.364125,-0.2021,0.0,0.0,0.0,-0.273,0.0,0.0,4.68275,0.057,1.0421875,2.084375
2001-12-11,-0.364125,-0.1985,0.0,0.0,0.0,-0.2729,0.0,0.0,4.686,0.0568,1.0465625,2.0875
2001-12-12,-0.359625,-0.1997,0.0,0.0,0.0,-0.2745,-0.990625,0.0,4.68975,-0.0569625,1.054375,2.08984375
2001-12-13,-0.359625,-0.1985,0.0,0.0,0.0,-0.2746,-0.990375,0.0,4.68425,-0.05585,1.04515625,2.08546875
2001-12-14,-0.35924999999999996,-0.2061,0.0,0.0,0.0,0.0,-0.9821249999999998,0.0,4.6775,-0.11265,1.039765625,2.083125
2001-12-17,-0.35624999999999996,-0.206,0.0,0.0,0.0,0.0,-0.98475,0.0,4.668,-0.1138,1.03625,2.0815625
2001-12-18,-0.475,0.0,0.0,0.0,0.0,0.0,-0.9824999999999875,0.0,4.6765,-0.114575,1.043828125,2.08453125
2001-12-19,-0.475,0.0,0.0,0.0,0.0,0.0,-0.9801249999999875,0.0,4.681,-0.115325,1.05015625,2.085625
2001-12-20,-0.4735,0.0,0.0,0.0,0.0,0.0,-0.976375,0.0,4.68025,-0.114225,1.049375,2.0846875
2001-12-21,-0.4705,0.0,0.0,0.0,0.0,0.0,-0.967875,0.0,4.6795,-0.057425,1.04625,2.08390625
2001-12-24,-0.4705,0.0,0.0,0.0,0.0,0.0,-0.967625,0.0,4.67675,-0.0573625,1.042734375,2.0828125
2001-12-25,-0.4705,0.0,0.0,0.0,0.0,0.0,-0.967625,0.0,4.67675,-0.0573625,1.042734375,2.0828125
2001-12-26,-0.467,0.0,0.0,0.0,0.0,0.0,-0.959375,0.0,4.6735,-0.05765,1.039453125,2.080625
2001-12-27,-0.468,0.0,0.0,0.0,0.0,0.0,-0.95275,0.0,4.67975,-0.057975,1.04609375,2.08421875
2001-12-28,-0.469,0.0,0.0,0.0,0.0,0.0,-0.957,0.0,4.67975,-0.0579625,1.045234375,2.0859375
2001-12-31,-0.4695,0.0,0.0,0.0,0.0,0.0,-0.953625,0.0,4.686,-0.0574625,1.051328125,2.08984375
2002-01-01,-0.4695,0.0,0.0,0.0,0.0,0.0,-0.953625,0.0,4.686,-0.0574625,1.051328125,2.08984375
2002-01-02,-0.4675,0.0,0.0,0.0,0.0,0.0,-0.9494999999999875,0.0,4.679,-0.0577,1.043046875,2.08421875
2002-01-03,-0.4685,0.0,0.0,0.0,0.0,0.0,-0.95175,0.0,4.68175,-0.058325,1.04578125,2.085625
2002-01-04,-0.469,0.0,0.0,0.0,0.0,0.0,-0.957625,0.0,4.6825,0.0587625,1.04546875,4.1721875
2002-01-07,-0.473,0.0,0.0,0.0,0.0,0.0,-0.957,0.0,4.690250000000001,0.0583375,1.053046875,4.1821875
2002-01-08,-0.476,0.0,0.0,0.0,0.0,0.0,-0.9449999999999875,0.0,4.68975,0.0581625,1.052734375,4.1828125
2002-01-09,-0.476,0.0,0.0,0.0,0.0,0.0,-0.945625,0.0,4.691,0.0,1.053046875,4.1859375
2002-01-10,-0.474,0.0,0.0,0.0,0.0,0.2874,-0.944875,0.0,4.69575,0.0,1.060234375,4.194375
2002-01-11,-0.4785,0.0,0.0,0.0,0.0,0.2877,-0.9502499999999875,0.0,4.702750000000001,0.0,1.066328125,4.2084375
2002-01-14,-0.477,0.0,0.0,0.0,0.0,0.2857,-0.950625,0.0,4.703,-0.114025,1.0671875,4.2084375
2002-01-15,-0.4805,-0.2017,0.0,0.0,0.0,0.2847,-0.954875,0.0,4.704,-0.1149,1.07015625,4.2075
2002-01-16,-0.4835,-0.2042,0.0,0.0,0.0,0.2876,-0.95075,0.0,4.70175,-0.1126,1.069453125,4.204375
2002-01-17,-0.4795,-0.1979,0.0,0.0,0.0,0.2847,-0.9467499999999874,0.0,4.69475,-0.113425,1.063046875,4.1959375
2002-01-18,-0.4775,-0.1985,0.0,0.0,0.0,0.2834,-0.945125,0.0,4.697,-0.1129,1.066328125,4.200625
2002-01-21,-0.4775,-0.1985,0.0,0.0,0.0,0.2834,-0.945125,0.0,4.697,-0.1129,1.066328125,4.200625
2002-01-22,-0.4735,-0.2012,0.0,0.0,0.0,0.0,-0.93575,0.0,4.6975,-0.168225,1.06578125,4.1971875
2002-01-23,-0.473,-0.2021,0.0,0.0,0.0,0.0,-0.933375,0.0,4.69225,-0.16935,1.059140625,4.191875
2002-01-24,-0.4735,-0.2026,0.0,0.0,0.0,0.0,-0.929625,0.0,4.690250000000001,-0.16998749999999999,1.05703125,4.185625
2002-01-25,-0.4725,-0.2061,0.0,0.0,0.0,0.0,-0.9328749999999875,0.0,4.68825,-0.16998749999999999,1.054453125,4.1853125
2002-01-28,-0.4705,0.0,0.0,0.0,0.0,0.0,-0.93925,0.0,4.68825,-0.170325,1.054765625,4.1859375
2002-01-29,-0.4675,-0.2031,0.0,0.0,0.0,0.0,-0.939125,0.0,4.694,-0.2201,1.06265625,4.1971875
2002-01-30,-0.4675,-0.2016,0.0,0.0,0.0,0.0,-0.943375,0.0,4.69525,-0.2231,1.063046875,4.1959375
2002-01-31,-0.4675,-0.2051,0.0,0.0,0.0,0.0,-0.9295,0.0,4.69325,-0.169575,1.05875,4.1875
2002-02-01,-0.465,0.0,0.0,0.0,0.0,0.2868,-0.94075,0.0,4.69625,-0.168525,1.0625,4.194375
2002-02-04,-0.4675,0.0,0.0,0.0,0.0,0.2901,-0.947,0.0,4.7005,-0.1642875,1.068828125,4.2025
2002-02-05,-0.5843750000000001,0.0,0.0,0.0,0.0,0.0,0.0,0.0,4.701,-0.27225,1.069453125,4.2021875
2002-02-06,-0.578125,-0.2045,0.0,0.0,0.0,0.2983,-0.93775,0.0,4.69925,-0.2708125,1.0675,4.20375
2002-02-07,-0.578125,-0.2045,0.0,0.0,0.0,0.30060000000000003,-0.9381249999999874,0.0,4.69875,-0.26925,1.065546875,4.2034375
2002-02-08,-0.578125,-0.2088,0.0,0.0,0.0,0.30439999999999995,-0.93,0.0,4.702000000000001,-0.274125,1.069453125,4.2090625
2002-02-11,-0.5775,0.0,0.0,0.0,0.0,0.3008,-0.93825,0.0,4.7025,-0.22205,1.06828125,4.2078125
2002-02-12,-0.579375,0.0,0.0,0.0,0.0,0.3013,0.0,0.0,4.7005,-0.2215,1.063046875,4.200625
2002-02-13,-0.5868749999999999,0.0,0.0,0.0,0.0,0.3,0.0,0.0,4.699,-0.22375,1.06125,4.1984375
2002-02-14,-0.5868749999999999,0.0,0.0,0.0,0.0,0.3002,0.0,0.0,4.702000000000001,-0.22335,1.0640625,4.199375
2002-02-15,-0.581875,0.0,0.0,0.0,0.0,0.29889999999999994,0.0,0.0,4.707,-0.22095,1.07078125,4.2078125
2002-02-18,-0.581875,0.0,0.0,0.0,0.0,0.29889999999999994,0.0,0.0,4.707,-0.22095,1.07078125,4.2078125
2002-02-19,-0.583125,0.0,0.0,0.0,0.0,0.2936,0.0,0.0,4.70625,-0.21675,1.069453125,4.208125
2002-02-20,-0.5868749999999999,0.0,0.0,0.0,0.0,0.0,0.0,0.0,4.70675,-0.2202,1.07,4.206875
2002-02-21,-0.5868749999999999,0.0,0.0,0.0,0.0,0.2935,0.0,0.0,4.7075,-0.26975,1.070546875,4.2078125
2002-02-22,-0.583125,0.0,0.0,0.0,0.0,0.2935,0.0,0.0,4.7095,-0.2729375,1.073828125,4.2096875
2002-02-25,-0.5743750000000001,0.0,0.0,0.0,0.0,0.0,0.0,0.0,4.7085,-0.2219,1.072265625,4.2075
2002-02-26,-0.568125,0.0,0.0,0.0,0.0,0.2982,0.0,0.0,4.70625,-0.2216,1.054140625,4.20375
2002-02-27,-0.573125,0.0,0.0,0.0,0.0,0.29660000000000003,0.0,0.0,4.713,-0.2223,1.06203125,4.179375
2002-02-28,-0.5743750000000001,0.0,0.0,0.0,0.0,0.29710000000000003,0.0,0.0,4.714,-0.2214,1.059140625,4.1746875
2002-03-01,-0.57875,0.0,0.0,0.0,0.0,0.29839999999999994,0.0,0.0,4.7090000000000005,-0.169875,1.051640625,4.1646875
2002-03-04,-0.5750000000000001,0.0,0.0,0.0,0.0,0.29710000000000003,0.0,0.0,4.7075,-0.115175,1.049765625,4.1615625
2002-03-05,-0.5775,0.0,0.0,0.0,0.0,0.29439999999999994,0.0,0.0,4.708,-0.05745,1.049453125,4.160625
2002-03-06,-0.5750000000000001,0.0,0.0,0.0,0.0,0.29389999999999994,0.0,0.0,4.70575,-0.058125,1.04765625,4.1609375
2002-03-07,-0.573125,0.0,0.0,0.0,0.0,0.0,0.0,0.0,4.69625,0.0,1.035234375,4.1459375
2002-03-08,-0.57375,0.0,0.0,0.0,0.0,0.0,0.0,0.0,4.6875,0.0,1.02828125,4.134375
2002-03-11,-0.57625,0.0,0.0,0.0,0.0,0.0,0.0,0.0,4.689500000000001,0.0,1.02828125,4.134375
2002-03-12,-0.5775,0.0,0.0,0.0,0.0,0.0,0.0,0.0,4.692,0.0583375,1.029453125,4.136875
2002-03-13,-0.570625,0.0,0.0,0.0,0.0,0.2938,0.0,0.0,4.695,0.115725,1.03359375,4.1425
2002-03-14,-0.57125,0.0,0.0,0.0,0.0,0.0,0.0,0.0,4.686,0.057775,1.023046875,4.13125
2002-03-15,-0.566875,0.0,0.0,0.0,0.0,0.0,0.0,0.0,4.68825,0.0583375,1.0265625,4.131875
2002-03-18,-0.568125,0.0,0.0,0.0,0.0,0.0,0.0,0.0,4.691,0.0583625,1.03,4.1325
2002-03-19,-0.568125,0.0,0.0,0.0,0.0,0.293,0.0,0.0,4.690250000000001,0.117425,1.02828125,4.133125
2002-03-20,-0.566875,0.0,0.0,0.0,0.0,0.29239999999999994,0.0,0.0,4.6825,0.115225,1.023046875,4.126875
2002-03-21,-0.565625,0.0,0.0,0.0,0.0,0.2931,0.0,0.0,4.6835,0.0576375,1.025,4.1271875
2002-03-22,-0.56375,0.0,0.0,0.0,0.0,0.29760000000000003,0.0,0.0,4.6825,0.057475,1.024453125,4.1246875
2002-03-25,-0.561875,0.0,0.0,0.0,0.0,0.2977,0.0,0.0,4.68175,0.056775,1.02359375,4.123125
2002-03-26,-0.56375,0.0,0.0,0.0,0.0,0.2968,0.0,0.0,4.68625,0.0571,1.028359375,4.130625
2002-03-27,-0.566875,0.0,0.0,0.0,0.0,0.3022,0.0,0.0,4.68625,0.05725,1.029140625,4.135
2002-03-28,-0.56,0.0,0.0,0.0,0.0,0.30260000000000004,0.0,0.0,4.682,0.0574625,1.024453125,4.131875
2002-03-29,-0.56,0.0,0.0,0.0,0.0,0.30260000000000004,0.0,0.0,4.682,0.0574625,1.024453125,4.131875
2002-04-01,-0.56125,0.2553,0.0,0.0,0.0,0.3032,0.0,0.0,4.68075,0.0,1.0246875,4.1315625
2002-04-02,-0.561875,0.2607,0.0,0.0,0.0,0.307,0.0,0.0,4.6865,0.0,1.03078125,4.1390625
2002-04-03,-0.555625,0.2598,0.0,0.0,0.0,0.3035,0.0,0.0,4.69225,-0.0565125,1.036328125,4.1465625
2002-04-04,-0.555625,0.0,0.0,0.0,0.0,0.302,0.0,0.0,4.692,-0.112575,1.0365625,4.145625
2002-04-05,-0.555625,0.0,0.0,0.0,0.0,0.301,0.0,0.0,4.6955,-0.11255,1.042265625,4.151875
2002-04-08,-0.5575,0.0,0.0,0.0,0.0,0.3013,0.0,0.0,4.693,-0.11275,1.04,4.1521875
2002-04-09,-0.556875,0.0,0.0,0.0,0.0,0.2995,0.0,0.0,4.69425,-0.11205,1.042265625,4.155
2002-04-10,-0.553125,0.0,0.0,0.0,0.0,0.3025,0.0,0.0,4.695,-0.1132,1.04109375,4.1553125
2002-04-11,-0.55125,0.0,0.0,0.0,0.0,0.303,0.0,0.0,4.69525,-0.1104,1.04265625,4.1571875
2002-04-12,-0.5475,0.0,0.0,0.0,0.0,0.30289999999999995,0.0,0.0,4.697,-0.1112,1.046640625,4.163125
2002-04-15,-0.544375,0.0,0.0,0.0,0.0,0.3007,0.0,0.0,4.6979999999999995,-0.110425,1.04875,4.1665625
2002-04-16,-0.548125,0.0,0.0,0.0,0.896125,0.2995,0.0,0.0,4.6975,-0.0564875,1.045859375,4.1634375
2002-04-17,-0.5525,0.0,0.0,0.0,0.8995,0.3028,0.0,0.0,4.696,-0.0564,1.043046875,4.1640625
2002-04-18,-0.548125,0.0,0.0,0.0,0.90225,0.3052,0.0,0.0,4.697,-0.05615,1.0440625,4.1671875
2002-04-19,-0.5425,0.0,0.0,0.0,0.90225,0.303,0.0,0.0,4.69775,-0.0563375,1.045234375,4.1684375
2002-04-22,-0.54625,0.0,0.0,0.0,0.903125,0.30360000000000004,0.0,0.0,4.7005,-0.0554125,1.047265625,4.1696875
2002-04-23,-0.548125,0.0,0.0,0.0,0.9015,0.6092000000000001,0.0,0.0,4.70125,-0.110325,1.0475,4.168125
2002-04-24,-0.54625,0.0,0.0,0.0,0.90225,0.6096,0.0,0.0,4.707,-0.16376249999999998,1.052734375,4.1759375
2002-04-25,-0.54625,0.0,0.0,0.0,0.9065,0.6172000000000001,0.0,0.0,4.70775,-0.2185,1.054140625,4.1784375
2002-04-26,-0.54875,0.0,0.0,0.0,0.908125,0.31210000000000004,0.0,-0.2504,4.70925,0.0,1.05703125,4.18
2002-04-29,-0.5425,0.0,0.0,0.0,0.90925,0.623,0.0,-0.2502,4.707,0.0,1.054453125,4.180625
2002-04-30,-0.543125,0.0,0.0,0.0,0.908375,0.3092,0.0,-0.256,4.7095,0.0,1.055546875,4.1821875
2002-05-01,-0.549375,0.0,0.0,0.0,0.912,0.30939999999999995,0.0,-0.2543,4.71075,0.0,1.058046875,4.185625
2002-05-02,-0.5425,0.0,0.0,0.0,0.912125,0.30860000000000004,0.0,-0.2458,4.7075,0.0,1.0540625,4.1821875
2002-05-03,-0.544375,0.0,0.0,0.0,0.914875,0.625,0.0,-0.2395,4.7090000000000005,-0.05365,1.058359375,4.1884375
2002-05-06,-0.54375,0.0,0.0,0.0,0.915375,0.623,0.0,-0.2331,4.707,-0.0525875,1.0571875,4.1878125
2002-05-07,-0.55375,0.0,0.0,0.0,0.915125,0.6237999999999999,0.0,-0.2312,4.708,-0.052375,1.05828125,4.1915625
2002-05-08,-0.4425,0.0,0.0,0.0,0.907625,0.617,0.0,0.0,4.70075,-0.2173,1.048359375,4.1784375
2002-05-09,-0.4435,0.0,0.0,0.0,0.909875,0.6196,0.0,0.0,4.704249999999999,-0.2148,1.0515625,4.183125
2002-05-10,-0.444,0.2603,0.0,0.0,0.912125,0.6226,0.0,0.0,4.708,-0.26349999999999996,1.056875,4.19
2002-05-13,-0.461,0.2637,0.0,0.0,0.908875,0.6217999999999999,0.0,0.0,4.70325,-0.26887500000000003,1.050546875,4.18375
2002-05-14,-0.346125,0.269,0.0,0.0,0.903875,0.30760000000000004,0.0,0.0,4.701,-0.164775,1.044453125,4.1746875
2002-05-15,-0.23175,0.0,0.0,0.0,0.91075,0.618,0.0,0.0,4.70475,-0.10945,1.0471875,4.178125
2002-05-16,-0.2285,0.0,0.0,0.0,0.908875,0.6202000000000001,0.0,0.0,4.7082500000000005,-0.1099,1.0525,4.18375
2002-05-17,-0.22425,0.0,0.0,0.0,0.9105,0.6217999999999999,0.0,0.0,4.706,-0.110525,1.04828125,4.17625
2002-05-20,-0.2265,0.0,0.0,0.0,0.91075,0.632,0.0,0.0,4.71175,-0.10935,1.052734375,4.181875
2002-05-21,-0.22625,0.0,0.0,0.0,0.910875,0.6322000000000001,0.0,0.0,4.71375,-0.1083,1.05625,4.18625
2002-05-22,-0.22375,0.0,0.0,0.0,0.910375,0.6366,0.0,0.0,4.7155,-0.1085,1.06,4.1909375
2002-05-23,-0.22375,0.0,0.0,0.0,0.90775,0.6456,0.0,0.0,4.714500000000001,-0.1097,1.057265625,4.186875
2002-05-24,-0.22125,0.0,0.0,0.0,0.90975,0.3207,0.0,-0.2515,4.71375,0.0,1.059375,4.1875
2002-05-27,-0.22125,0.0,0.0,0.0,0.90975,0.3207,0.0,-0.2515,4.71375,0.0,1.059375,4.1875
2002-05-28,-0.224,0.0,0.0,0.0,0.911125,0.6482000000000001,0.0,-0.2506,4.71475,0.0,1.06015625,4.1871875
2002-05-29,-0.228,0.0,0.0,0.0,0.913,0.651,0.0,-0.2437,4.71925,0.0,1.050234375,4.1921875
2002-05-30,-0.2295,0.0,0.0,0.0,0.915,0.6534,0.0,-0.246,4.720750000000001,0.0,1.053828125,4.16625
2002-05-31,-0.23,0.0,0.0,0.0,0.90925,0.655,0.0,-0.2419,4.71925,0.0,1.052734375,4.163125
2002-06-03,-0.22625,0.0,0.0,0.0,0.91325,0.6554,0.0,-0.233,4.71975,0.0,1.053359375,4.1646875
2002-06-04,-0.227,0.0,0.0,0.0,0.91175,0.6576,0.0,-0.2362,4.721500000000001,-0.052075,1.05515625,4.1684375
2002-06-05,-0.22675,0.0,0.0,0.0,0.911375,0.32210000000000005,0.0,-0.2388,4.72,-0.10505,1.05359375,4.168125
2002-06-06,-0.225,0.0,0.0,0.0,0.911875,0.3258,0.0,-0.2327,4.7225,-0.10295,1.05609375,4.1740625
2002-06-07,-0.2225,0.0,0.0,0.0,0.911875,0.6507999999999999,0.0,-0.2275,4.719,-0.1542375,1.053359375,4.17
2002-06-10,-0.223,0.0,0.0,0.0,0.912,0.3195,0.0,-0.2274,4.7195,-0.2064,1.055,4.17
2002-06-11,-0.22,0.0,0.0,0.0,0.919625,0.3205,0.0,-0.2208,4.722999999999999,-0.1521375,2.1171875,4.1759375
2002-06-12,-0.223,0.0,0.0,0.0,0.918875,0.32110000000000005,0.0,-0.2252,4.72375,-0.15318749999999998,2.1225,4.18
2002-06-13,-0.2275,0.0,0.0,0.0,0.919375,0.3185,0.0,-0.2237,4.72575,-0.1517625,2.12875,4.1834375
2002-06-14,-0.2255,0.0,0.0,0.0,0.922875,0.3198,0.0,-0.2233,4.731,-0.15150000000000002,2.145,4.191875
2002-06-17,-0.2245,0.0,0.0,0.0,0.919375,0.31810000000000005,0.0,-0.2308,4.72825,-0.155475,2.13671875,4.1896875
2002-06-18,-0.22275,0.0,0.0,0.0,0.927,0.3197,0.0,-0.235,4.728,-0.104525,2.13828125,4.1921875
2002-06-19,-0.22425,0.0,0.0,0.0,0.92675,0.3203,0.0,-0.2206,4.73025,-0.102025,2.15609375,4.203125
2002-06-20,-0.22625,0.0,0.0,0.0,0.93175,0.3237,0.0,-0.2139,4.7245,-0.100775,2.14046875,4.1928125
2002-06-21,-0.22675,0.0,0.0,0.0,0.930375,0.32510000000000006,0.0,-0.2083,4.728,-0.0992,2.1521875,4.1984375
2002-06-24,-0.11775,0.2589,0.0,0.0,0.933125,0.3247,0.0,-0.2127,4.7235,-0.1994,2.1421875,4.193125
2002-06-25,-0.11925,0.256,0.0,0.0,0.936125,0.3205,0.0,-0.2054,4.72275,-0.1949,2.143125,4.194375
2002-06-26,-0.119875,0.2586,0.0,0.0,0.95075,0.3208,0.0,-0.2059,4.728,-0.19495,2.1609375,4.2084375
2002-06-27,-0.12225,0.2594,0.0,0.0,0.950125,0.31960000000000005,0.0,-0.2119,4.722,-0.248,1.07328125,4.200625
2002-06-28,-0.12175,0.2603,0.0,0.0,0.95275,0.31389999999999996,0.0,-0.2108,4.7225,-0.2475,1.072265625,4.1990625
2002-07-01,0.0,0.2603,0.0,0.0,0.952125,0.31439999999999996,0.0,-0.2004,4.72525,-0.29085,1.073046875,4.201875
2002-07-02,0.0,0.2597,0.0,0.0,0.95375,0.3132,0.0,-0.1934,4.7295,-0.28425,1.079140625,4.210625
2002-07-03,0.0,0.2598,0.0,0.0,0.948375,0.3113,0.0,-0.1996,4.729,-0.285975,1.078359375,4.2115625
2002-07-04,0.0,0.2598,0.0,0.0,0.948375,0.3113,0.0,-0.1996,4.729,-0.285975,1.078359375,4.2115625
2002-07-05,0.0,0.2598,0.0,0.0,0.94725,0.3113,0.0,-0.2128,4.72225,-0.1982,1.070234375,4.2015625
2002-07-08,0.0,0.0,0.0,0.0,0.956875,0.3125,0.0,-0.205,4.725,-0.1467375,1.0740625,4.2084375
2002-07-09,0.0,0.0,0.0,0.0,0.964125,0.3165,0.0,-0.1989,4.73,-0.1431,1.079375,4.2159375
2002-07-10,-0.11925,0.2603,0.0,0.0,0.963,0.31510000000000005,0.0,-0.1926,4.7365,-0.22974999999999998,1.0865625,4.2259375
2002-07-11,-0.116875,0.2606,0.0,0.0,0.96975,0.31760000000000005,0.0,-0.1997,4.73825,-0.23175,1.088359375,4.2275
2002-07-12,-0.116375,0.2651,0.0,0.0,0.96575,0.31589999999999996,0.0,-0.2002,4.73825,-0.2293125,1.090234375,4.2303125
2002-07-15,-0.118625,0.2619,0.0,0.0,0.978375,0.31989999999999996,0.0,-0.206,4.735499999999999,-0.23012500000000002,1.089375,4.2328125
2002-07-16,-0.12225,0.2685,0.0,0.0,0.978375,0.3175,0.0,-0.2032,4.72875,-0.2258125,1.08359375,4.2225
2002-07-17,-0.12075,0.2692,0.0,0.0,0.979125,0.3177,0.0,-0.2067,4.732,-0.22625,1.087734375,4.2271875
2002-07-18,0.0,0.2673,0.0,0.0,0.979,0.31710000000000005,0.0,-0.1996,4.7365,-0.26265,1.091640625,4.23375
2002-07-19,0.0,0.2691,0.0,0.0,0.98325,0.32389999999999997,0.0,-0.1934,4.7395000000000005,-0.2532,1.0946875,4.23875
2002-07-22,0.0,0.26,0.0,0.0,0.982375,0.3235,0.0,-0.1887,4.74475,-0.245925,1.101640625,4.24625
2002-07-23,0.0,0.2566,0.0,0.0,0.97025,0.0,0.0,-0.1804,4.74775,-0.239025,1.104765625,4.25125
2002-07-24,0.0,0.2599,0.0,0.0,0.981875,0.0,0.0,-0.1904,4.74775,-0.2532,1.106640625,4.253125
2002-07-25,0.0,0.2602,0.0,0.0,0.985875,0.0,0.0,-0.1794,4.74775,-0.251025,1.108359375,4.2575
2002-07-26,0.0,0.0,0.0,0.0,0.975625,0.0,0.0,-0.1825,4.7485,-0.17075,1.11046875,4.264375
2002-07-29,0.0,0.2579,0.0,0.0,0.973375,0.0,0.0,-0.1923,4.7385,-0.1340625,1.099375,4.2503125
2002-07-30,0.0,0.264,0.0,0.0,0.98025,0.0,0.0,-0.1961,4.735,-0.135825,1.097265625,4.2475
2002-07-31,0.0,0.2603,0.0,0.0,0.973875,0.0,0.0,-0.1929,4.74325,-0.13672499999999999,1.10609375,4.2603125
2002-08-01,0.0,0.2566,0.0,0.0,0.97225,0.0,0.0,-0.1834,4.746,-0.1326,1.11046875,4.2678125
2002-08-02,0.0,0.2596,0.0,0.0,0.97825,0.0,0.0,-0.1792,4.7525,-0.12974999999999998,1.121328125,4.2809375
2002-08-05,0.0,0.2567,0.0,0.0,0.973375,0.0,0.0,-0.173,4.7565,-0.1251,1.123828125,4.2853125
2002-08-06,0.0,0.2617,0.0,0.0,0.957875,0.0,0.0,-0.1812,4.7485,-0.12915,1.11375,4.2725
2002-08-07,0.0,0.2567,0.0,0.0,0.958875,0.0,0.0,-0.1838,4.756,-0.1314,1.12078125,4.2821875
2002-08-08,0.0,0.0,0.0,0.0,0.954,0.0,0.0,-0.1898,4.75375,-0.1358625,1.114453125,2.13625
2002-08-09,0.13075,0.0,0.0,0.0,0.950375,0.0,0.0,-0.1878,4.7595,-0.090775,1.1246875,2.13625
2002-08-12,0.136125,0.266,0.0,0.0,0.955125,0.0,0.0,-0.1887,4.76375,-0.135375,1.126875,2.13640625
2002-08-13,0.13975,0.2655,0.0,0.0,0.95725,0.0,0.0,-0.1822,4.76925,-0.1327875,1.133046875,2.1403125
2002-08-14,0.142375,0.2678,0.0,0.0,0.95975,0.3123,0.0,0.0,4.77025,-0.1836,1.132265625,4.271875
2002-08-15,0.142,0.2749,0.0,0.0,0.959125,0.31489999999999996,0.0,0.0,4.764,-0.1861,1.125234375,4.2640625
2002-08-16,0.14125,0.2755,0.0,0.0,0.958875,0.3142,0.0,0.0,4.7555,-0.1856,1.11515625,4.259375
2002-08-19,0.13875,0.2778,0.0,0.0,0.952375,0.0,0.0,0.0,4.75475,-0.14235,1.11703125,4.2625
2002-08-20,0.135375,0.278,0.0,0.0,0.954,0.0,0.0,0.0,4.76375,-0.1409625,1.127265625,4.273125
2002-08-21,0.13625,0.2808,0.0,0.0,0.955875,0.0,0.0,0.0,4.765250000000001,-0.1428375,1.12609375,4.2721875
2002-08-22,0.13575,0.2794,0.0,0.0,0.949625,0.0,0.0,0.0,4.76075,-0.14415,1.119765625,4.2628125
2002-08-23,0.13675,0.2791,0.0,0.0,0.948,0.0,0.0,0.0,4.7655,-0.14115,1.125,4.2675
2002-08-26,0.137375,0.2854,0.0,0.0,0.949875,0.0,0.0,0.0,4.768,-0.142125,1.1271875,4.2690625
2002-08-27,0.136125,0.2837,0.0,0.0,0.95825,0.0,0.0,0.0,4.765250000000001,-0.140475,1.121875,4.263125
2002-08-28,0.135125,0.2812,0.0,0.0,0.95875,0.0,0.0,0.0,4.76825,-0.13747499999999999,1.11203125,4.266875
2002-08-29,0.133375,0.2856,0.0,0.0,0.96675,0.0,0.0,0.0,4.77275,-0.1832,1.116328125,4.254375
2002-08-30,0.134,0.2858,0.0,0.0,0.96675,0.0,0.0,-0.1887,4.77475,-0.0458,1.117734375,4.2540625
2002-09-02,0.134,0.2858,0.0,0.0,0.96675,0.0,0.0,-0.1887,4.77475,-0.0458,1.117734375,4.2540625
2002-09-03,0.137125,0.2765,0.0,0.0,0.976,0.0,0.0,-0.181,4.783250000000001,-0.0438875,1.13046875,4.2675
2002-09-04,0.13925,0.2812,0.0,0.0,0.977,0.0,0.0,-0.183,4.7845,-0.0444875,1.132734375,4.2675
2002-09-05,0.14025,0.2883,0.0,0.0,0.97925,0.3187,0.0,-0.1786,4.78825,-0.088325,1.13625,4.2746875
2002-09-06,0.141625,0.2936,0.0,0.0,0.973125,0.32039999999999996,0.0,-0.1841,4.78025,-0.08945,1.12765625,4.263125
2002-09-09,0.144625,0.2956,0.0,0.0,0.97175,0.3217,0.0,-0.1856,4.779249999999999,-0.09005,1.12703125,4.26
2002-09-10,0.2875,0.2966,0.0,0.0,0.971625,0.3183,0.0,0.0,4.78225,-0.1822,1.13046875,4.26125
2002-09-11,0.2925,0.297,0.0,0.0,0.97025,0.317,0.0,0.0,4.77975,-0.1812,1.12546875,4.2559375
2002-09-12,0.141625,0.2887,0.0,0.0,0.975,0.3193,0.0,-0.1845,4.7865,-0.0444625,1.13203125,4.26125
2002-09-13,0.138125,0.2976,0.0,0.0,0.97025,0.0,0.0,-0.1859,4.7909999999999995,-0.0445625,1.1365625,4.2671875
2002-09-16,0.139,0.2976,0.0,0.0,0.9637499999999999,0.3175,0.0,-0.1831,4.7935,-0.04465,1.138828125,4.2678125
2002-09-17,0.13825,0.2918,0.0,0.0,0.956375,0.0,0.0,-0.1795,4.79425,-0.08725,1.14015625,4.2671875
2002-09-18,0.13625,0.2949,0.0,0.0,0.96325,0.32089999999999996,0.0,-0.177,4.794,-0.17275,1.14078125,4.2690625
2002-09-19,0.133375,0.2963,0.0,0.0,0.96725,0.32289999999999996,0.0,-0.1745,4.789,-0.16835,1.14578125,4.2759375
2002-09-20,0.0,0.2968,0.0,0.0,0.966375,0.3222,0.0,-0.1751,4.78725,-0.21056249999999999,1.146875,4.276875
2002-09-23,0.0,0.3045,0.0,0.0,0.9645,0.32310000000000005,0.0,-0.1699,4.79225,-0.208625,1.153359375,4.2796875
2002-09-24,0.0,0.3045,0.0,0.0,0.96975,0.326,0.0,-0.1698,4.7935,-0.2051875,1.155,4.2815625
2002-09-25,0.0,0.3029,0.0,0.0,0.9695,0.3223,0.0,-0.1765,4.7885,-0.2103125,1.146875,4.275625
2002-09-26,0.0,0.3021,0.0,0.0,0.96925,0.32039999999999996,0.0,-0.1744,4.78725,-0.213625,1.14703125,4.278125
2002-09-27,0.0,0.3028,0.0,0.0,0.97075,0.3197,0.0,-0.1723,4.79075,-0.2063125,1.152734375,4.2884375
2002-09-30,0.0,0.3021,0.0,0.0,0.976625,0.32389999999999997,0.0,-0.1671,4.79475,-0.20375000000000001,1.1590625,4.298125
2002-10-01,0.0,0.3048,0.0,0.0,0.974625,0.3222,0.0,-0.1773,4.79125,-0.1708,1.1521875,4.2928125
2002-10-02,0.0,0.3028,0.0,0.0,0.974875,0.3228,0.0,-0.1716,4.79025,-0.1661,1.15265625,4.294375
2002-10-03,0.0,0.2964,0.0,0.0,0.9765,0.32239999999999996,0.0,-0.1673,4.79225,-0.1641,1.153359375,4.29625
2002-10-04,0.0,0.2952,0.0,0.0,0.974875,0.3233,0.0,-0.1642,4.79075,-0.16115,1.153828125,4.2928125
2002-10-07,0.0,0.2964,0.0,0.0,0.97375,0.32310000000000005,0.0,-0.1626,4.793,-0.197125,1.157265625,4.295
2002-10-08,0.0,0.2951,0.0,0.0,0.967,0.31939999999999996,0.0,-0.1629,4.79325,-0.20025,1.155859375,4.29125
2002-10-09,0.0,0.2945,0.0,0.0,0.97425,0.3208,0.0,-0.1619,4.79625,-0.19443749999999999,1.1615625,4.3009375
2002-10-10,-0.12575,0.2907,0.0,0.0,0.97425,0.31739999999999996,0.0,-0.1698,4.794,-0.20074999999999998,1.15703125,4.2978125
2002-10-11,-0.123375,0.2943,0.0,0.0,0.972,0.0,0.0,-0.1791,4.789,-0.1677,1.148046875,4.29125
2002-10-14,-0.12275,0.2997,0.0,0.0,0.972,0.0,0.0,-0.1815,4.789,-0.1683,1.148046875,4.29125
2002-10-15,-0.127,0.2976,0.0,0.0,0.96625,0.0,0.0,0.0,7.167,-0.2206875,1.133046875,4.274375
2002-10-16,-0.126625,0.246,0.0,0.0,0.967875,0.0,0.0,-0.1839,7.1613750000000005,-0.0431125,1.13125,4.275625
2002-10-17,-0.12775,0.2475,0.0,0.0,0.96675,0.0,0.0,0.0,7.152375,-0.1758,1.125546875,4.27
2002-10-18,-0.1225,0.2471,0.0,0.0,0.963,0.0,0.0,0.0,7.151999999999999,-0.17665,1.126875,4.269375
2002-10-21,-0.122625,0.2429,0.0,0.0,0.961625,0.0,0.0,0.0,7.145249999999999,-0.17975,1.121328125,4.260625
2002-10-22,-0.122125,0.2439,0.0,0.0,0.96425,0.0,0.0,0.0,7.143375,-0.1783,1.12046875,4.26
2002-10-23,-0.12125,0.2437,0.0,0.0,0.96425,0.0,0.0,0.0,7.143750000000001,-0.17965,1.12125,4.261875
2002-10-24,-0.121375,0.243,0.0,0.0,0.967,0.0,0.0,0.0,7.151625000000001,-0.1761,1.127265625,4.271875
2002-10-25,-0.121375,0.2355,0.0,0.0,0.966375,0.0,0.0,0.0,7.161,-0.1348125,1.131328125,4.2809375
2002-10-28,-0.121625,0.2394,0.0,0.0,0.97175,0.0,0.0,0.0,7.164750000000001,-0.1337625,1.13359375,4.2871875
2002-10-29,-0.122,0.2359,0.0,0.0,0.9715,0.0,0.0,0.0,7.178625,-0.132225,1.143828125,4.2975
2002-10-30,-0.122375,0.2376,0.0,0.0,0.971125,0.0,0.0,0.0,7.17975,-0.13346249999999998,1.14265625,4.2990625
2002-10-31,-0.12275,0.2386,0.0,0.0,0.975,0.0,0.0,0.0,7.18575,-0.132825,1.1471875,4.3034375
2002-11-01,-0.121875,0.0,0.0,0.0,0.974875,0.3192,0.0,0.0,4.78475,-0.044925,1.1425,4.299375
2002-11-04,-0.121375,0.0,0.0,0.0,0.970125,0.3187,0.0,0.0,4.7795,-0.045375,1.138046875,4.2953125
2002-11-05,-0.121125,0.0,0.0,0.0,0.974125,0.31860000000000005,0.0,0.0,4.7795,-0.0457,1.13625,4.2921875
2002-11-06,-0.121375,0.0,0.0,0.0,0.97525,0.31789999999999996,0.0,0.0,4.78275,-0.0462875,1.138359375,4.2915625
2002-11-07,-0.121,0.0,0.0,0.0,0.985625,0.32089999999999996,0.0,0.0,4.79375,-0.045125,1.147734375,4.289375
2002-11-08,-0.120625,0.0,0.0,0.0,0.99125,0.3217,0.0,0.0,4.7945,-0.044575,1.15046875,4.2909375
2002-11-11,-0.1205,0.0,0.0,0.0,0.99125,0.32160000000000005,0.0,0.0,4.7945,-0.087775,1.15046875,4.2909375
2002-11-12,-0.120625,0.0,0.0,0.0,0.990625,0.3247,0.0,0.0,4.794,-0.088475,1.15078125,4.295
2002-11-13,-0.12125,0.0,0.0,0.0,0.9885,0.31889999999999996,0.0,0.0,4.79475,-0.088575,1.15265625,4.29875
2002-11-14,-0.12075,0.0,0.0,0.0,0.985875,0.0,0.0,0.0,4.78475,-0.09025,1.139453125,4.2871875
2002-11-15,-0.12025,0.0,0.0,0.0,0.9855,0.0,0.0,0.0,4.7825,-0.0909,1.137265625,4.285625
2002-11-18,-0.1205,0.0,0.0,0.0,0.98625,0.0,0.0,0.0,4.78575,-0.09,1.1390625,4.2865625
2002-11-19,-0.12075,0.0,0.0,0.0,0.985625,0.0,0.0,0.0,4.78675,-0.0898,1.141328125,4.28625
2002-11-20,-0.12125,0.0,0.0,0.0,0.981375,0.0,0.0,0.0,4.7805,-0.0459375,1.13328125,4.28125
2002-11-21,-0.121,0.2399,0.0,0.0,0.98525,0.0,0.0,0.0,4.776,0.0,1.12859375,4.2765625
2002-11-22,-0.12125,0.2408,0.0,0.0,0.98525,0.0,0.0,0.0,4.77325,0.0,1.1265625,4.2725
2002-11-25,-0.12075,0.2369,0.0,0.0,0.975875,0.0,0.0,0.0,4.773,0.0,1.1265625,4.2734375
2002-11-26,-0.120375,0.24,0.0,0.0,0.9681250000000001,0.0,0.0,0.0,4.778,0.0,1.134453125,4.281875
2002-11-27,-0.120375,0.241,0.0,0.0,0.9645,0.0,0.0,0.0,4.768,0.0,1.107734375,4.2734375
2002-11-28,-0.120375,0.241,0.0,0.0,0.9645,0.0,0.0,0.0,4.768,0.0,1.107734375,4.2734375
2002-11-29,-0.120125,0.241,0.0,0.0,0.97125,0.0,0.0,0.0,4.77025,0.0,1.11109375,4.255
2002-12-02,-0.12,0.2412,0.0,0.0,0.972875,0.0,0.0,0.0,4.768,0.0,1.109765625,4.2534375
2002-12-03,-0.119375,0.2421,0.0,0.0,0.97975,0.0,0.0,0.0,4.76875,0.0,1.1090625,4.255
2002-12-04,-0.121125,0.2392,0.0,0.0,0.979375,0.32310000000000005,0.0,0.0,4.7725,-0.04595,1.113828125,4.2596875
2002-12-05,-0.1195,0.2434,0.0,0.0,0.98125,0.32560000000000006,0.0,0.0,4.77625,-0.045425,1.11828125,4.2625
2002-12-06,-0.119125,0.2426,0.0,0.0,0.983875,0.32710000000000006,0.0,0.0,4.78025,-0.0456875,1.1221875,4.2709375
2002-12-09,-0.119125,0.2436,0.0,0.0,0.98575,0.3265,0.0,0.0,4.78375,-0.08895,1.125859375,4.2740625
2002-12-10,-0.11925,0.2468,0.0,0.0,0.982125,0.3242,0.0,0.0,4.785,-0.0902,1.126328125,4.271875
2002-12-11,-0.119625,0.2427,0.0,0.0,0.98525,0.3255,0.0,0.0,4.78775,-0.090225,1.130546875,4.27625
2002-12-12,-0.119375,0.2459,0.0,0.0,0.9885,0.3321,0.0,0.0,4.78775,-0.0901,1.130234375,4.276875
2002-12-13,-0.12025,0.2453,0.0,0.0,0.9935,0.3338,0.0,0.0,4.784000000000001,-0.132975,1.12703125,4.2771875
2002-12-16,-0.1195,0.2521,0.0,0.0,0.9945,0.3376,0.0,0.0,4.78025,-0.13642500000000002,1.12203125,4.2721875
2002-12-17,-0.12,0.2493,0.0,0.0,0.99275,0.676,0.0,0.0,4.78225,-0.1353,1.124375,4.276875
2002-12-18,-0.12075,0.2503,0.0,0.0,0.99425,0.6854,0.0,0.0,4.78675,-0.13372499999999998,1.129765625,4.2821875
2002-12-19,-0.120625,0.2494,0.0,0.0,0.99625,0.693,0.0,0.0,4.785499999999999,-0.17695,1.1375,4.2903125
2002-12-20,-0.120375,0.2471,0.0,0.0,0.996125,0.341,0.0,0.0,7.17975,-0.17935,1.137734375,4.289375
2002-12-23,-0.121,0.2505,0.0,0.0,0.98925,0.3456,0.0,0.0,7.177874999999999,-0.1794,1.1371875,4.286875
2002-12-24,-0.121,0.2479,0.0,0.0,0.99175,0.6946,0.0,0.0,7.180875,-0.1783,1.14109375,4.293125
2002-12-25,-0.121,0.2479,0.0,0.0,0.99175,0.6946,0.0,0.0,7.180875,-0.1783,1.14109375,4.293125
2002-12-26,-0.12125,0.2514,0.0,0.0,0.9945,0.6988,0.0,0.0,7.180875,-0.17815,1.142265625,4.2959375
2002-12-27,-0.12075,0.2505,0.0,0.0,0.996875,0.6994,0.0,0.0,7.188375000000001,-0.17435,1.150234375,4.303125
2002-12-30,-0.120375,0.244,0.0,0.0,0.998,0.3441,0.0,-0.1986,7.193625000000001,-0.08775,1.15265625,4.3040625
2002-12-31,-0.120375,0.2465,0.0,0.0,1.001375,0.3482,0.0,-0.1974,7.190999999999999,-0.0879,1.15046875,4.30375
2003-01-01,-0.120375,0.2465,0.0,0.0,1.001375,0.3482,0.0,-0.1974,7.190999999999999,-0.0879,1.15046875,4.30375
2003-01-02,-0.120875,0.2468,0.0,0.0,0.990625,0.3465,0.0,0.0,7.171875,-0.1815,1.1340625,4.2875
2003-01-03,-0.120375,0.2511,0.0,0.0,0.99975,0.7032,0.0,0.0,7.17,-0.091,1.134375,4.2890625
2003-01-06,-0.12075,0.2471,0.0,0.0,1.00025,0.7042,0.0,0.0,7.167,-0.09265,1.132265625,4.286875
2003-01-07,0.0,0.2496,0.0,0.0,0.99775,0.3477,0.0,0.0,7.173375,-0.092375,1.135234375,4.2915625
2003-01-08,0.0,0.2504,0.0,0.0,1.002625,0.3543,0.0,0.0,7.174125,-0.091,1.13828125,6.4453125
2003-01-09,0.0,0.2524,0.0,0.0,0.999125,0.7074,0.0,0.0,4.76925,-0.0462375,1.125859375,4.2853125
2003-01-10,0.0,0.2505,0.0,0.0,1.001375,0.7098,0.0,0.0,4.768,-0.046325,1.125546875,4.2890625
2003-01-13,0.0,0.255,0.0,0.0,0.99575,0.7102,0.0,0.0,4.7705,-0.046325,1.128359375,4.2890625
2003-01-14,0.0,0.2582,0.0,0.0,0.99925,0.7048,0.0,0.0,4.7745,0.0,1.1321875,4.2928125
2003-01-15,0.0,0.259,0.0,0.0,0.998125,0.7022,0.0,0.0,4.77575,0.0,1.13328125,4.2946875
2003-01-16,0.0,0.2605,0.0,0.0,1.00325,0.7162,0.0,0.0,4.7755,0.0,1.133046875,4.295
2003-01-17,-0.11925,0.2625,0.0,0.0,1.006625,0.7136,0.0,0.0,4.779,-0.0903,1.138046875,4.299375
2003-01-20,-0.11925,0.2625,0.0,0.0,1.006625,0.7136,0.0,0.0,4.779,-0.0903,1.138046875,4.299375
2003-01-21,-0.119625,0.2616,0.0,0.0,1.006125,0.715,0.0,0.0,4.782,-0.133275,1.140546875,4.3009375
2003-01-22,-0.12,0.2625,0.0,0.0,1.007375,0.7198,0.0,0.0,4.786,-0.1755,1.14546875,6.4565625
2003-01-23,-0.1205,0.2621,0.0,0.0,1.009875,0.7294,0.0,0.0,4.7845,-0.1766,1.14359375,6.4528125
2003-01-24,-0.120375,0.2661,0.0,0.0,1.01775,0.7368,0.0,0.0,4.788,-0.17205,1.146875,6.4575
2003-01-27,-0.120375,0.2628,0.0,0.0,1.01925,0.7388,0.0,0.0,4.78375,-0.2118125,1.143046875,6.45375
2003-01-28,-0.121375,0.2671,0.0,0.0,1.021,0.74,0.0,-0.1997,4.7825,-0.042725,1.1415625,6.45375
2003-01-29,-0.12025,0.2715,0.0,0.0,1.026,0.7326,0.0,0.0,4.77875,-0.2151875,1.13703125,6.4471875
2003-01-30,-0.120875,0.2738,0.0,0.0,1.029875,0.7394,0.0,-0.1974,4.78125,-0.084,1.14046875,6.451874999999999
2003-01-31,-0.122,0.2731,0.0,0.0,1.02625,0.7382,0.0,-0.1969,4.78125,-0.085475,1.141328125,6.451874999999999
2003-02-03,-0.12175,0.2722,0.0,0.0,1.02275,0.7432,0.0,-0.1972,4.77975,-0.08585,1.1396875,6.45140625
2003-02-04,-0.122125,0.2765,0.0,0.0,1.0275,0.7598,0.0,-0.195,4.783,-0.084925,1.144375,6.4575
2003-02-05,-0.121875,0.2786,0.0,0.0,1.024625,0.7544,0.0,-0.1939,4.77875,-0.08445,1.139140625,6.45375
2003-02-06,0.0,0.2784,0.0,0.0,1.020875,0.3707,0.0,-0.195,4.78225,-0.1681,1.143359375,6.4584375000000005
2003-02-07,0.0,0.2823,0.0,0.0,1.017625,0.3705,0.0,-0.1919,4.783250000000001,-0.1661,1.14578125,6.46453125
2003-02-10,0.0,0.2774,0.0,0.0,1.01525,0.3642,0.0,-0.1938,4.7805,-0.1672,1.141640625,6.45890625
2003-02-11,0.0,0.281,0.0,0.0,1.009125,0.363,0.0,-0.1944,4.7815,-0.16595,1.143828125,6.461718749999999
2003-02-12,0.0,0.2816,0.0,0.0,1.007875,0.353,0.0,-0.1917,4.786,-0.16335,1.148046875,6.465
2003-02-13,0.0,0.284,0.0,0.0,1.011125,0.3577,0.0,-0.1923,4.7905,-0.1638,1.15359375,6.47296875
2003-02-14,0.0,0.284,0.0,0.0,1.005125,0.3522,0.0,0.0,4.786,-0.29295,1.14828125,6.466875
2003-02-17,0.0,0.284,0.0,0.0,1.005125,0.3522,0.0,0.0,4.786,-0.29295,1.14828125,6.466875
2003-02-18,0.0,0.2834,0.0,0.0,0.993,0.3443,0.0,0.0,4.78725,-0.25545,1.148828125,6.462187500000001
2003-02-19,0.0,0.2826,0.0,0.0,0.996625,0.35,0.0,0.0,4.7909999999999995,-0.254025,1.153828125,6.46828125
2003-02-20,0.0,0.279,0.0,0.0,0.994625,0.3531,0.0,0.0,4.7945,-0.251625,1.15703125,6.4710937500000005
2003-02-21,0.0,0.2854,0.0,0.0,0.98575,0.0,0.0,0.0,4.7935,-0.2118125,1.15328125,6.46828125
2003-02-24,-0.118125,0.2884,0.0,0.0,0.98925,0.3564,0.0,0.0,4.79525,-0.24975000000000003,1.15703125,6.4715625
2003-02-25,-0.11925,0.2831,0.0,0.0,0.982625,0.3524,0.0,0.0,4.797999999999999,-0.25192499999999995,1.158828125,6.474375
2003-02-26,-0.11975,0.2879,0.0,0.0,0.986,0.3541,0.0,-0.1948,4.80075,-0.12416250000000001,1.14828125,6.475781250000001
2003-02-27,-0.119125,0.2872,0.0,0.0,0.98675,0.0,0.0,0.0,4.80125,-0.251475,2.29890625,6.452343750000001
2003-02-28,-0.119,0.2863,0.0,0.0,0.982875,0.0,0.0,0.0,4.80475,-0.25229999999999997,2.3075,6.45984375
2003-03-03,-0.119375,0.2865,0.0,0.0,0.98575,0.0,0.0,0.0,4.8075,-0.25065,2.3115625,6.46125
2003-03-04,-0.12,0.288,0.0,0.0,0.987375,0.0,0.0,0.0,4.8095,-0.24667500000000003,2.31609375,6.46453125
2003-03-05,-0.120625,0.2897,0.0,0.0,1.000875,0.0,0.0,0.0,4.81175,-0.24885,2.3221875,6.47203125
2003-03-06,-0.12175,0.2916,0.0,0.0,1.001,0.3569,0.0,0.0,4.80875,-0.2876125,2.318125,6.469687500000001
2003-03-07,-0.1215,0.2965,0.0,0.0,1.000125,0.0,0.0,0.0,4.81125,-0.289975,2.32328125,6.47765625
2003-03-10,-0.11975,0.2952,0.0,0.0,0.999625,0.0,0.0,-0.1933,4.81425,-0.16155,2.3303125,6.48375
2003-03-11,-0.118875,0.2956,0.0,0.0,1.00325,0.0,0.0,-0.1916,4.813,-0.16005,2.32546875,6.47765625
2003-03-12,-0.119375,0.3002,0.0,0.0,1.007125,0.0,0.0,-0.1952,4.81075,-0.1609,2.323125,6.469687500000001
2003-03-13,-0.1195,0.2902,0.0,0.0,1.00075,0.0,0.0,0.0,4.80125,-0.16645,2.29890625,4.3009375
2003-03-14,-0.119,0.2857,0.0,0.0,0.990125,0.0,0.0,0.0,4.80325,-0.1666,2.3053125,4.30375
2003-03-17,-0.23425,0.2801,0.0,0.0,0.976125,0.0,0.0,0.0,4.79775,-0.12915,2.2909375,4.2971875
2003-03-18,-0.2335,0.2676,0.0,0.0,0.973875,0.0,0.0,0.0,4.79025,-0.086625,1.14015625,4.2890625
2003-03-19,-0.23425,0.2648,0.0,0.0,0.0,0.0,0.0,0.0,4.77725,-0.087275,1.13578125,4.2890625
2003-03-20,-0.23625,0.2552,0.0,0.0,0.0,0.0,0.0,0.0,4.775,-0.087475,1.13328125,4.2896875
2003-03-21,-0.23425,0.0,0.0,0.0,0.0,0.0,0.0,0.0,4.76775,-0.0446625,1.1265625,6.42609375
2003-03-24,-0.2315,0.0,0.0,0.0,0.0,0.0,0.0,0.0,4.777000000000001,-0.043175,1.135,6.43921875
2003-03-25,-0.23125,0.0,0.0,0.0,0.0,0.0,0.0,0.0,4.77725,-0.0436125,1.13546875,6.4396875
2003-03-26,-0.23125,0.0,0.0,0.0,0.0,0.0,0.0,0.0,4.78,-0.0434,1.137265625,6.444374999999999
2003-03-27,-0.23225,0.0,0.0,0.0,0.0,0.0,0.0,0.0,4.78075,-0.043375,1.139140625,6.452343750000001
2003-03-28,-0.23125,0.0,0.0,0.0,0.0,0.0,0.0,0.0,4.784000000000001,-0.04315,1.143359375,6.46078125
2003-03-31,-0.24,0.0,0.0,0.0,0.0,0.0,0.0,0.0,4.78875,-0.12705,1.14875,6.4659375
2003-04-01,-0.242,0.0,0.0,0.0,0.0,0.0,0.0,0.0,4.789,-0.1285125,1.14859375,6.4673437499999995
2003-04-02,-0.24225,0.0,0.0,0.0,0.0,0.0,0.0,0.0,4.782,-0.1315875,1.140859375,6.45703125
2003-04-03,-0.119875,0.0,0.0,0.0,0.0,0.0,0.0,0.0,4.78475,-0.087325,1.142734375,6.464062500000001
2003-04-04,-0.119875,0.0,0.0,0.0,0.0,0.0,0.0,0.0,4.78375,-0.043925,1.14125,6.464062500000001
2003-04-07,-0.121875,0.0,0.0,0.0,0.0,0.0,0.0,0.0,4.779,0.0,1.136875,6.452343750000001
2003-04-08,-0.12175,0.0,0.0,0.0,0.0,0.0,0.0,0.0,4.7835,0.0,1.1425,4.3078125
2003-04-09,-0.121125,0.0,0.0,0.0,0.0,0.0,0.0,0.0,4.78675,0.0,1.14546875,4.3103125
2003-04-10,-0.11975,0.0,0.0,0.0,0.0,0.0,0.0,0.0,4.78575,0.0,1.14359375,4.3053125
2003-04-11,-0.119875,0.0,0.0,0.0,0.0,0.0,0.0,0.0,4.783,0.0,1.14125,6.4509375
2003-04-14,-0.119,0.0,0.0,0.0,0.0,0.0,0.0,0.0,4.7805,0.0,1.137734375,6.444374999999999
2003-04-15,-0.120625,0.0,0.0,0.0,0.0,0.0,0.0,0.0,4.785,0.0446875,1.14125,6.4471875
2003-04-16,-0.119375,0.0,0.0,0.0,0.0,0.0,0.0,0.0,4.78625,0.0439375,1.14328125,6.450468750000001
2003-04-17,-0.12025,0.0,0.0,0.0,0.0,0.0,0.0,0.0,4.7845,0.0445625,1.1421875,6.448125
2003-04-18,-0.12025,0.0,0.0,0.0,0.0,0.0,0.0,0.0,4.7845,0.0445625,1.1421875,6.448125
2003-04-21,-0.119125,0.0,0.0,0.0,0.0,0.0,0.0,0.0,4.78275,0.04465,1.14015625,6.448125
2003-04-22,-0.119,0.0,0.0,0.0,0.0,0.0,0.0,0.0,4.783,0.09095,1.140546875,6.449999999999999
2003-04-23,-0.11875,0.0,0.0,0.0,0.0,0.0,0.0,0.0,4.783,0.09175,1.1396875,6.45328125
2003-04-24,-0.11775,0.0,0.0,0.0,0.0,0.0,0.0,0.0,4.78825,0.090975,1.14609375,6.462187500000001
2003-04-25,-0.117,0.0,0.0,0.0,0.0,0.0,0.0,0.0,4.78975,0.08985,1.148359375,6.46921875
2003-04-28,-0.11625,0.0,0.0,0.0,0.0,0.0,0.0,0.0,4.78975,0.09135,1.1475,6.4664062499999995
2003-04-29,-0.233,0.0,0.0,0.0,0.0,0.0,0.0,0.0,4.787,0.1374,1.145234375,6.463593749999999
2003-04-30,-0.23275,0.0,0.0,0.0,0.0,0.0,0.0,0.0,4.7935,0.1374,1.15125,6.4771875
2003-05-01,-0.23325,0.0,0.0,0.0,0.0,0.0,0.0,0.0,4.79375,0.13724999999999998,1.1521875,6.47859375
2003-05-02,-0.2345,0.0,0.0,0.0,1.000125,0.0,0.0,0.0,4.79025,0.231875,1.14765625,4.313125
2003-05-05,-0.23925,0.0,0.0,0.0,1.001625,0.0,0.0,0.0,4.7915,0.2315625,1.150234375,4.3153125
2003-05-06,-0.1195,0.0,0.0,0.0,1.007625,0.0,0.0,0.2305,4.79925,0.093475,1.1571875,6.485625000000001
2003-05-07,-0.121,0.0,0.0,0.0,0.995875,0.0,0.0,0.2279,4.810499999999999,0.09295,1.164453125,6.48609375
2003-05-08,-0.120875,0.0,1.43525,0.0,0.0,0.0,0.0,0.0,4.815250000000001,0.23012500000000002,1.166875,4.3221875
2003-05-09,-0.12475,0.0,1.434375,0.0,0.0,0.0,0.0,0.0,4.81375,0.2330625,1.1671875,4.3225
2003-05-12,-0.12425,0.0,1.443,0.0,0.0,0.0,0.0,0.0,4.81625,0.23606249999999998,1.169765625,4.3234375
2003-05-13,0.0,0.0,1.43775,0.0,0.0,0.0,0.0,0.2309,4.81725,0.094275,1.170546875,4.321875
2003-05-14,0.0,0.0,1.4365,0.0,0.0,0.0,0.0,0.0,4.8235,0.2350625,1.175546875,4.3265625
2003-05-15,0.0,0.0,1.4235,0.0,0.0,0.3528,0.0,0.2327,4.82175,0.1419375,1.174140625,4.3221875
2003-05-16,0.0,0.0,1.445625,0.0,0.0,0.3549,0.0,0.2313,4.827750000000001,0.1416375,1.180234375,4.3284375
2003-05-19,0.0,0.0,1.455,0.0,0.0,0.0,0.0,0.0,4.829,0.1845,1.181875,4.3321875
2003-05-20,0.0,0.0,1.4625,0.0,0.0,0.3665,0.0,0.0,4.83275,0.18385,1.187265625,4.3359375
2003-05-21,0.0,0.0,1.4575,0.0,0.0,0.3722,0.0,0.0,4.831,0.1844,1.184375,4.3303125
2003-05-22,0.0,0.0,1.461,0.0,0.0,0.3681,0.0,0.0,4.8332500000000005,0.18615,1.188046875,4.3321875
2003-05-23,0.0,0.0,1.474125,0.0,0.0,0.3688,0.0,0.0,4.83425,0.18645,1.188046875,4.33
2003-05-26,0.0,0.0,1.474125,0.0,0.0,0.3688,0.0,0.0,4.83425,0.18645,1.188046875,4.33
2003-05-27,0.0,0.0,1.48125,0.0,0.0,0.3678,0.0,0.0,4.8335,0.28485000000000005,1.18546875,4.33375
2003-05-28,0.0,0.0,1.46925,0.0,0.0,0.3652,0.0,0.2349,4.8325,0.1428,1.1846875,4.3334375
2003-05-29,0.0,0.0,1.482875,0.0,0.0,0.3696,0.0,0.2358,4.83775,0.1423875,1.185,4.3371875
2003-05-30,0.0,0.0,1.472875,0.0,0.0,0.3656,0.0,0.2398,4.838,0.1444875,1.184375,4.324375
2003-06-02,0.0,0.0,1.46925,0.0,0.0,0.3671,0.0,0.2381,4.8345,0.1452375,1.17875,4.3240625
2003-06-03,0.0,0.0,1.467875,0.0,0.0,0.0,0.0,0.2403,4.839,0.1458375,1.1865625,4.333125
2003-06-04,0.0,0.0,0.0,0.0,1.020125,0.3636,0.0,0.2449,4.84325,0.19725,1.189765625,4.335625
2003-06-05,0.0,0.2728,0.0,0.0,1.037375,0.3695,0.0,0.2468,4.842,0.2476875,1.185859375,4.3309375
2003-06-06,0.0,0.2782,0.0,0.0,1.038375,0.3645,0.0,0.2426,4.83925,0.2469375,1.183828125,4.3296875
2003-06-09,0.0,0.2788,0.0,0.0,1.028125,0.0,0.0,0.2395,4.8435,0.14654999999999999,1.189765625,4.335625
2003-06-10,0.0,0.28,0.0,0.0,1.03175,0.0,0.0,0.2429,4.8505,0.1480125,1.19703125,4.3403125
2003-06-11,0.0,0.2823,0.0,0.0,1.042,0.0,0.0,0.2458,4.84875,0.14958749999999998,1.195859375,4.3396875
2003-06-12,0.0,0.2782,0.0,0.0,1.043,0.0,0.0,0.2472,4.851,0.149925,1.197734375,4.341875
2003-06-13,0.0,0.2718,0.0,0.0,1.04525,0.0,0.0,0.242,4.8534999999999995,0.148275,1.20265625,4.3446875
2003-06-16,0.0,0.2743,0.0,0.0,1.052125,0.0,0.0,0.2492,4.84875,0.1513875,1.196640625,4.3375
2003-06-17,0.0,0.0,0.0,0.0,1.046375,0.3638,0.0,0.2479,4.840999999999999,0.252375,1.189140625,4.3303125
2003-06-18,0.0,0.0,0.0,0.0,1.043125,0.0,0.0,0.2493,4.836,0.20165,1.1825,4.32875
2003-06-19,0.0,0.0,0.0,0.0,1.042375,0.3618,0.0,0.2451,4.827750000000001,0.19875,1.184765625,4.3359375
2003-06-20,0.0,0.0,0.0,0.0,1.032,0.0,0.0,0.2444,4.824,0.09915,1.181640625,4.3328125
2003-06-23,0.0,0.0,0.0,0.0,1.036625,0.0,0.0,0.0,4.829,0.24525000000000002,1.18875,4.3371875
2003-06-24,0.0,0.0,0.0,0.0,1.034,0.0,0.0,0.0,4.8325,0.245375,1.19265625,4.340625
2003-06-25,0.0,0.0,0.0,0.0,1.037875,0.0,0.0,0.0,4.8275,0.243,1.184375,4.3275
2003-06-26,0.0,0.0,0.0,0.0,1.033125,0.0,0.0,0.0,4.81925,0.245875,1.171875,4.3178125
2003-06-27,0.0,0.0,0.0,0.0,1.023875,0.0,0.0,0.0,4.8165,0.2433125,1.170546875,4.3215625
2003-06-30,0.0,0.0,0.0,0.0,1.02925,0.0,0.0,0.0,4.81875,0.2433125,1.174375,4.3259375
2003-07-01,0.0,0.0,0.0,0.0,1.034375,0.0,0.0,0.0,4.817,0.24531250000000002,1.173046875,4.326875
2003-07-02,-0.111875,0.2834,0.0,0.0,1.03525,0.0,0.0,0.2497,4.8185,0.14895,1.174140625,4.329375
2003-07-03,-0.111125,0.2852,0.0,0.0,1.039125,0.0,0.0,0.0,4.814,0.29475,1.16703125,2.16390625
2003-07-04,-0.111125,0.2852,0.0,0.0,1.039125,0.0,0.0,0.0,4.814,0.29475,1.16703125,2.16390625
2003-07-07,-0.22,0.2844,0.0,0.0,1.026,0.0,0.0,0.257,4.808250000000001,0.2005,1.16328125,4.3253125
2003-07-08,-0.224,0.2863,0.0,0.0,1.0165,0.0,0.0,0.2598,4.80525,0.2015,1.16125,4.3221875
2003-07-09,-0.2215,0.2922,0.0,0.0,1.017,0.0,0.0,0.2594,4.807,0.2002,1.163359375,4.3234375
2003-07-10,-0.217,0.2922,0.0,0.0,1.018125,0.0,0.0,0.2545,4.809,0.19775,1.16609375,4.3265625
2003-07-11,-0.21525,0.2943,0.0,0.0,0.0,0.0,0.0,0.2563,4.81375,0.19945,1.17046875,4.3296875
2003-07-14,-0.21475,0.2942,0.0,0.0,0.0,0.0,0.0,0.2599,4.80925,0.2005,1.164375,4.325625
2003-07-15,-0.21225,0.2948,0.0,0.0,0.0,0.0,0.0,0.2596,4.7945,0.2002,1.15015625,4.3178125
2003-07-16,-0.21175,0.2895,0.0,0.0,0.0,0.0,0.0,0.259,4.79025,0.199,1.147265625,4.315
2003-07-17,-0.21175,0.2918,0.0,0.0,0.0,0.0,0.0,0.0,4.7895,0.34326249999999997,1.146640625,4.3159375
2003-07-18,-0.211,0.2942,0.0,0.0,0.0,0.0,0.0,0.0,4.787,0.346675,1.145234375,4.3153125
2003-07-21,-0.21375,0.2943,0.0,0.0,0.0,0.0,0.0,0.0,2.387125,0.2934,1.13109375,4.305
2003-07-22,-0.2135,0.283,0.0,0.0,0.0,0.0,0.0,0.0,2.38675,0.296025,1.13375,4.3084375
2003-07-23,-0.2115,0.2856,0.0,0.0,0.0,0.0,0.0,0.0,2.38825,0.29625,1.136640625,4.3128125
2003-07-24,-0.2115,0.2898,0.0,0.0,0.0,0.0,0.0,0.0,2.387375,0.294075,1.132734375,4.313125
2003-07-25,-0.21225,0.2894,0.0,0.0,0.0,0.0,0.0,0.0,2.38625,0.299025,1.131875,4.315
2003-07-28,-0.21525,0.2888,0.0,0.0,0.0,0.3649,0.0,0.0,2.381625,0.3479,1.12328125,4.30875
2003-07-29,-0.21525,0.2896,0.0,0.0,0.0,0.3617,0.0,0.0,2.376125,0.34615,1.115234375,4.3034375
2003-07-30,-0.21375,0.2935,0.0,0.0,0.0,0.0,0.0,0.0,2.3775,0.246625,1.119375,2.15328125
2003-07-31,-0.212,0.2932,0.0,0.0,0.0,0.0,0.0,0.2558,2.37175,0.098925,1.10625,2.14640625
2003-08-01,-0.214,0.3079,0.0,0.0,0.0,0.0,0.0,0.2535,2.371125,0.048975,1.10546875,2.14359375
2003-08-04,-0.21725,0.3042,0.0,0.0,0.0,0.0,0.0,0.0,2.375,0.19605,1.1165625,2.14953125
2003-08-05,-0.217,0.3076,0.0,0.0,0.0,0.0,0.0,0.0,2.374875,0.1919,1.108359375,2.14375
2003-08-06,-0.219,0.3039,0.0,0.0,0.0,0.0,0.0,0.0,2.381875,0.193,1.12203125,2.1475
2003-08-07,-0.22025,0.3104,0.0,0.0,0.0,0.0,0.0,0.0,2.383875,0.1949,1.1246875,2.14890625
2003-08-08,-0.2215,0.3094,0.0,0.0,0.0,0.0,0.0,0.0,2.38475,0.1956,1.125546875,2.15
2003-08-11,-0.21825,0.3083,0.0,0.0,0.0,0.0,0.0,0.0,2.38075,0.19625,1.12078125,0.0
2003-08-12,-0.114875,0.3076,0.0,0.0,0.0,0.3592,0.0,0.0,2.3815,0.2475,1.1225,0.0
2003-08-13,-0.11475,0.2995,0.0,0.0,0.0,0.3628,0.0,0.0,2.37275,0.24618749999999998,1.10515625,0.0
2003-08-14,-0.11475,0.3008,0.0,0.0,0.0,0.3666,0.0,0.0,2.371125,0.2469375,1.103046875,0.0
2003-08-15,-0.11475,0.3009,0.0,0.0,0.0,0.3638,0.0,0.0,2.373875,0.24762499999999998,1.1071875,0.0
2003-08-18,-0.119125,0.2999,0.0,0.0,0.0,0.359,0.0,0.0,2.376125,0.29962500000000003,1.110859375,0.0
2003-08-19,-0.11625,0.299,0.0,0.0,0.0,0.3621,0.0,0.2605,2.37975,0.15045,1.12,0.0
2003-08-20,-0.118125,0.3018,0.0,0.0,0.0,0.3661,0.0,0.2599,2.3775,0.14985,1.11375,0.0
2003-08-21,0.0,0.3101,0.0,0.0,0.0,0.0,0.0,0.2627,2.3735,0.1503,1.106875,0.0
2003-08-22,0.0,0.3104,0.0,0.0,0.0,0.0,0.0,0.261,2.375,0.148875,1.11203125,0.0
2003-08-25,0.0,0.309,0.0,0.0,0.0,0.0,0.0,0.2614,2.37275,0.14906250000000001,1.1071875,0.0
2003-08-26,0.0,0.3104,0.0,0.0,0.0,0.3659,0.0,0.2617,2.37375,0.09955,1.111328125,0.0
2003-08-27,0.0,0.3046,0.0,0.0,0.0,0.3731,0.0,0.264,2.37125,0.099575,1.107265625,0.0
2003-08-28,0.0,0.3077,0.0,0.0,0.0,0.3706,0.0,0.2663,2.374625,0.100125,1.098828125,0.0
2003-08-29,0.0,0.3083,0.0,0.0,0.0,0.3758,0.0,0.2684,2.3739999999999997,0.1511625,1.0971875,0.0
2003-09-01,0.0,0.3083,0.0,0.0,0.0,0.3758,0.0,0.2684,2.3739999999999997,0.1511625,1.0971875,0.0
2003-09-02,0.0,0.29,0.0,0.0,0.0,0.3733,0.0,0.2726,2.369,0.2044,1.083828125,0.0
2003-09-03,0.0,0.2913,0.0,0.0,0.0,0.374,0.0,0.2723,2.36875,0.2054,1.086328125,0.0
2003-09-04,0.0,0.0,0.0,0.0,0.0,0.373,0.0,0.275,2.372,0.25706249999999997,1.094375,0.0
2003-09-05,0.0,0.0,0.0,0.0,0.0,0.3777,0.0,0.2732,2.379125,0.25556249999999997,1.109453125,0.0
2003-09-08,0.0,0.0,0.0,0.0,0.0,0.3752,0.0,0.2776,2.3785,0.257625,1.108046875,0.0
2003-09-09,0.0,0.0,0.0,0.0,0.0,0.3818,0.0,0.2743,2.37925,0.256,1.1096875,0.0
2003-09-10,0.0,0.0,0.0,0.0,0.0,0.3801,0.0,0.2676,2.38375,0.253375,1.118046875,0.0
2003-09-11,0.0,0.0,0.0,0.0,0.0,0.3798,0.0,0.2705,2.381875,0.2541875,1.11359375,0.0
2003-09-12,0.0,0.0,0.0,0.0,0.0,0.3759,0.0,0.2724,2.3853750000000002,0.254125,1.119453125,0.0
2003-09-15,0.0,0.0,0.0,0.0,0.0,0.3746,0.0,0.27,2.38675,0.2025,1.121875,0.0
2003-09-16,0.0,0.0,0.0,0.0,0.0,0.3736,0.0,0.2772,2.38625,0.20555,1.118359375,0.0
2003-09-17,0.0,0.0,0.0,0.0,0.0,0.3763,0.0,0.2761,2.3895,0.2051,1.124375,2.14859375
2003-09-18,-0.111875,0.0,0.0,0.0,0.0,0.3767,0.0,0.2802,2.384,0.2593125,1.12359375,2.1459375
2003-09-19,-0.113,0.0,0.0,0.0,0.0,0.3819,0.0,0.2789,2.384,0.25825,1.12546875,2.145
2003-09-22,-0.113875,0.0,0.0,0.0,0.0,0.3872,0.0,0.2731,2.3825,0.2553125,1.12109375,2.1453125
2003-09-23,-0.111875,0.0,0.0,0.0,0.0,0.3859,0.0,0.2778,2.3835,0.256375,1.122734375,2.1459375
2003-09-24,-0.112125,0.0,0.0,0.0,0.0,0.3875,0.0,0.0,2.3855,0.3525375,1.129140625,2.148125
2003-09-25,-0.113125,0.0,0.0,0.0,0.0,0.385,0.0,0.0,2.386,0.34921250000000004,1.13109375,2.1484375
2003-09-26,-0.113125,0.0,0.0,0.0,0.0,0.3808,0.0,0.0,2.388875,0.29835,1.13828125,2.15125
2003-09-29,-0.113,0.0,0.0,0.0,0.0,0.3824,0.0,0.0,2.3875,0.301275,1.135,2.15078125
2003-09-30,-0.110125,0.0,0.0,0.0,0.0,0.3861,0.0,0.0,2.391375,0.2485,1.14625,2.1559375
2003-10-01,-0.110125,0.0,0.0,0.0,0.0,0.385,0.0,0.0,2.3905,0.2033,1.14625,4.3140625
2003-10-02,-0.110125,0.0,0.0,0.0,0.0,0.3837,0.0,0.0,2.389375,0.2039,1.14015625,4.3115625
2003-10-03,-0.1115,0.0,0.0,0.0,0.0,0.37,0.0,0.0,2.3829999999999996,0.30855,1.124765625,2.14890625
2003-10-06,-0.110625,0.0,0.0,0.0,0.0,0.3733,0.0,0.0,2.384625,0.31005,1.1296875,2.1509375
2003-10-07,-0.11175,0.0,0.0,0.0,0.0,0.3778,0.0,0.0,2.3826250000000004,0.311175,1.1225,2.14921875
2003-10-08,-0.11075,0.299,0.0,0.0,1.0339375,0.0,0.0,0.2772,2.382875,0.207,1.1240625,4.299375
2003-10-09,-0.110875,0.3109,0.0,0.0,1.0374375,0.0,0.0,0.2795,2.38175,0.2077,1.119453125,4.295625
2003-10-10,-0.108125,0.3199,0.0,0.0,1.03575,0.0,0.0,0.2819,2.3835,0.2081,1.1240625,4.299375
2003-10-13,-0.10875,0.32060000000000005,0.0,0.0,1.03575,0.0,0.0,0.2837,2.3835,0.261125,1.1240625,4.299375
2003-10-14,-0.10925,0.3193,0.0,0.0,1.0416875,0.0,0.0,0.2848,2.38075,0.26187499999999997,1.116328125,4.294375
2003-10-15,-0.10825,0.271,0.0,0.0,1.0380625,0.0,0.0,0.2833,2.379,0.261125,1.1121875,4.2884375
2003-10-16,-0.21475,0.2699,0.0,0.0,1.04175,0.0,0.0,0.2856,2.375875,0.314775,1.10578125,4.2740625
2003-10-17,-0.21425,0.2657,0.0,0.0,1.0426875,0.0,0.0,0.2787,2.3785,0.2594375,1.11265625,4.2796875
2003-10-20,-0.23425,0.2648,0.0,0.0,1.0421875,0.0,0.0,0.2823,2.3798749999999997,0.2613125,1.114453125,4.2815625
2003-10-21,-0.2345,0.2642,0.0,0.0,1.041,0.0,0.0,0.2839,2.38075,0.26087499999999997,1.114765625,4.2815625
2003-10-22,-0.23775,0.2634,0.0,0.0,1.05375,0.3868,0.0,0.0,2.383625,0.4122,1.122734375,2.144375
2003-10-23,-0.12425,0.2661,0.0,0.0,1.0554375,0.385,0.0,0.0,2.3826250000000004,0.359975,1.120546875,2.14359375
2003-10-24,-0.123,0.2639,0.0,0.0,1.0573125,0.3892,0.0,0.0,2.385875,0.3605,1.1296875,2.1471875
2003-10-27,-0.123125,0.2639,0.0,0.0,1.056,0.3882,0.0,0.0,2.384375,0.3607625,1.125234375,2.1446875
2003-10-28,-0.1235,0.2629,0.0,0.0,1.0569375,0.3834,0.0,0.2847,2.387,0.20895,1.13265625,4.298125
2003-10-29,-0.124375,0.2611,0.0,0.0,1.0591875,0.387,0.0,0.2843,2.38425,0.20925,1.12578125,4.29375
2003-10-30,-0.12475,0.2592,0.0,0.0,1.056375,0.3844,0.0,0.2848,2.381375,0.2097,1.119453125,4.2875
2003-10-31,-0.1245,0.2624,0.0,0.0,1.055875,0.3846,0.0,0.2836,2.3815,0.2099,1.123046875,4.289375
2003-11-03,-0.12325,0.2616,0.0,0.0,1.04475,0.0,0.0,0.2878,2.3795,0.31627500000000003,1.117734375,4.284375
2003-11-04,-0.120625,0.2606,0.0,0.0,1.04725,0.0,0.0,0.2861,2.38175,0.315675,1.122265625,4.288125
2003-11-05,-0.12225,0.2695,0.0,0.0,1.042375,0.0,0.0,0.2883,2.38,0.31605,1.118046875,4.2828125
2003-11-06,-0.121625,0.2661,0.0,0.0,1.03925,0.0,0.0,0.2895,2.377625,0.31755,1.1140625,4.2784375
2003-11-07,-0.122,0.2681,0.0,0.0,1.042,0.0,0.0,0.2867,2.376625,0.31515000000000004,1.111328125,4.275
2003-11-10,-0.121375,0.2687,0.0,0.0,1.042125,0.3867,0.0,0.2833,2.37575,0.20925,1.110859375,4.273125
2003-11-11,-0.121375,0.2707,0.0,0.0,1.042125,0.3882,0.0,0.2823,2.37575,0.20915,1.110859375,4.273125
2003-11-12,-0.122625,0.27,0.0,0.0,1.0430625,0.395,0.0,0.2884,2.378,0.2114,1.11515625,4.2759375
2003-11-13,-0.123875,0.2732,0.0,0.0,1.05175,0.3943,0.0,0.288,2.38325,0.2116,1.126328125,4.286875
2003-11-14,-0.123875,0.2726,0.0,0.0,1.0519375,0.398,0.0,0.2819,2.3855,0.2098,1.1325,4.2925
2003-11-17,-0.123875,0.2712,0.0,0.0,1.0558125,0.3915,0.0,0.279,2.38725,0.2087,1.136328125,4.2965625
2003-11-18,-0.12275,0.2817,0.0,0.0,1.0616875,0.3976,0.0,0.0,2.387625,0.3614625,1.13765625,4.2953125
2003-11-19,-0.122125,0.2745,0.0,0.0,1.0585,0.3949,0.0,0.0,2.385625,0.36435,1.132265625,4.2903125
2003-11-20,-0.122375,0.272,0.0,0.0,1.062625,0.3937,0.0,0.0,2.38775,0.3612,1.138046875,4.295625
2003-11-21,-0.122375,0.2709,0.0,0.0,1.0630625,0.396,0.0,0.0,2.387625,0.3626875,1.138359375,4.2965625
2003-11-24,-0.121625,0.2625,0.0,0.0,1.0583125,0.3915,0.0,0.0,2.385,0.367325,1.1321875,4.290625
2003-11-25,-0.122375,0.2646,0.0,0.0,1.059875,0.3911,0.0,0.0,2.386125,0.3686375,1.135,4.29375
2003-11-26,-0.122875,0.2702,0.0,0.0,1.0673125,0.3968,0.0,0.0,2.384375,0.4227,1.130546875,4.2871875
2003-11-27,-0.122875,0.2702,0.0,0.0,1.0673125,0.3968,0.0,0.0,2.384375,0.4227,1.130546875,4.2871875
2003-11-28,-0.123375,0.2702,0.0,0.0,1.0751875,0.3968,0.0,0.285,2.382125,0.31732499999999997,1.108828125,4.2840625
2003-12-01,-0.1235,0.268,0.0,0.0,1.073625,0.4027,0.0,0.2887,2.37925,0.3207,1.103828125,4.25
2003-12-02,-0.123625,0.2721,0.0,0.0,1.0795,0.4046,0.0,0.2871,2.380125,0.3201,1.105546875,4.2521875
2003-12-03,-0.124625,0.2734,0.0,0.0,1.0783125,0.4048,0.0,0.2836,2.3795,0.3195,1.102734375,4.250625
2003-12-04,-0.12425,0.2756,0.0,0.0,1.0758125,0.4042,0.0,0.2866,2.381,0.32085,1.1075,4.25375
2003-12-05,-0.12375,0.2742,0.0,0.0,1.0803125,0.4073,0.0,0.282,2.3865,0.2655625,1.12109375,4.2703125
2003-12-08,-0.1235,0.2831,0.0,0.0,1.08225,0.4075,0.0,0.2835,2.384875,0.26725,1.11703125,4.2659375
2003-12-09,0.0,0.2781,0.0,0.0,1.09075,0.4089,0.0,0.0,2.382125,0.4242,1.11,2.130625
2003-12-10,0.0,0.2807,0.0,0.0,1.08925,0.407,0.0,0.0,2.38375,0.4243,1.114375,2.13296875
2003-12-11,0.0,0.2804,0.0,0.0,1.0915,0.4054,0.0,0.0,2.3875,0.4289,1.122265625,2.1384375
2003-12-12,0.0,0.2863,0.0,0.0,1.0916875,0.4101,0.0,0.2845,2.3875,0.268125,1.12125,4.2765625
2003-12-15,0.0,0.2874,0.0,0.0,1.0925000000000002,0.4099,0.0,0.0,2.38625,0.480375,1.118828125,4.273125
2003-12-16,0.0,0.2854,0.0,0.0,1.0889375,0.4084,0.0,0.0,2.3875,0.48307500000000003,1.122265625,4.2759375
2003-12-17,0.0,0.2881,0.0,0.0,1.096,0.4127,0.0,0.0,2.388,0.4843125,1.125859375,4.2784375
2003-12-18,0.0,0.29,0.0,0.0,1.1000625,0.4111,0.0,0.2867,2.3885000000000005,0.32655,1.128359375,4.278125
2003-12-19,0.0,0.2853,0.0,0.0,1.097,0.4099,0.0,0.2857,2.38875,0.32565,1.129140625,4.2815625
2003-12-22,0.0,0.2805,0.0,0.0,1.0950625,0.4113,0.0,0.2867,2.38775,0.327825,1.127265625,4.2796875
2003-12-23,0.0,0.2814,0.0,0.0,1.095375,0.4116,0.0,0.2889,2.384125,0.32805,1.119375,4.2715625
2003-12-24,0.0,0.2876,0.0,0.0,1.10275,0.4128,0.0,0.2893,2.386375,0.32789999999999997,1.12625,4.28125
2003-12-25,0.0,0.2876,0.0,0.0,1.10275,0.4128,0.0,0.2893,2.386375,0.32789999999999997,1.12625,4.28125
2003-12-26,0.0,0.2876,0.0,0.0,1.100625,0.4128,0.0,0.289,2.38775,0.32805,1.13,4.284375
2003-12-29,0.0,0.2847,0.0,0.0,1.101625,0.4153,0.0,0.294,2.386,0.332325,1.12359375,4.280625
2003-12-30,0.0,0.2874,0.0,0.0,1.1051875,0.4172,0.0,0.2949,2.38475,0.332325,1.12109375,4.2803125
2003-12-31,0.0,0.2869,0.0,0.0,1.1086875,0.4161,0.0,0.2942,2.386,0.33315,1.12265625,4.2809375
2004-01-01,0.0,0.2869,0.0,0.0,1.1086875,0.4161,0.0,0.2942,2.386,0.33315,1.12265625,4.2809375
2004-01-02,0.0,0.2869,0.0,0.0,1.1146875,0.4161,0.0,0.2933,2.38325,0.3327,1.113359375,4.27375
2004-01-05,0.0,0.2942,0.0,0.0,1.1239375,0.4248,0.0,0.2991,2.3826250000000004,0.336,1.113046875,4.2740625
2004-01-06,0.0,0.2948,0.0,0.0,1.1334375,0.4232,0.0,0.3009,2.38625,0.3366,1.12203125,4.2825
2004-01-07,0.0,0.2945,0.0,0.0,1.1310625,0.4223,0.0,0.3034,2.387375,0.33765,1.125,4.28375
2004-01-08,0.0,0.2978,0.0,0.0,1.138875,0.4244,0.0,0.3062,2.387375,0.33885,1.125234375,4.2834375
2004-01-09,0.0,0.299,0.0,0.0,1.1485,0.4268,0.0,0.3043,2.392375,0.336,1.139140625,4.2978125
2004-01-12,0.0,0.3013,0.0,0.0,1.1483125,0.4266,0.0,0.3089,2.3935,0.33847499999999997,1.1396875,4.2978125
2004-01-13,0.0,0.299,0.0,0.0,1.145875,0.424,0.0,0.3057,2.3958749999999998,0.336375,1.144375,4.3021875
2004-01-14,0.0,0.2991,0.0,0.0,1.14075,0.422,0.0,0.3075,2.39675,0.339375,1.146640625,4.3015625
2004-01-15,0.134375,0.2919,0.0,0.0,1.133375,0.4087,0.0,0.3075,2.3965,0.3966375,1.146328125,4.2990625
2004-01-16,0.1355,0.3021,0.0,0.0,1.1169375,0.407,0.0,0.3106,2.394875,0.3983,1.143046875,4.2996875
2004-01-19,0.1355,0.3021,0.0,0.0,1.1169375,0.407,0.0,0.3106,2.394875,0.3983,1.143046875,4.2996875
2004-01-20,0.136625,0.3067,0.0,0.0,1.131875,0.4129,0.0,0.3106,2.394,0.398125,1.140234375,4.29875
2004-01-21,0.13725,0.304,0.0,0.0,1.1383125,0.4112,0.0,0.3094,2.39475,0.40109999999999996,1.141875,4.299375
2004-01-22,0.13625,0.3061,0.0,0.0,1.1478125,0.4101,0.0,0.3069,2.396875,0.4004,1.1475,4.303125
2004-01-23,0.136875,0.3035,0.0,0.0,1.136375,0.408,0.0,0.3066,2.394,0.3990875,1.14,4.299375
2004-01-26,0.138875,0.3022,0.0,0.0,1.1276875,0.0,0.0,0.3109,2.3915,0.4039875,1.135234375,4.2965625
2004-01-27,0.137125,0.2997,0.0,0.0,1.137125,0.0,0.0,0.304,2.393125,0.39987500000000004,1.14,4.3
2004-01-28,0.134,0.2956,0.0,0.0,1.1355,0.4146,0.0,0.2988,2.389,0.28231249999999997,1.128828125,4.2878125
2004-01-29,0.13375,0.2914,0.0,0.0,1.13025,0.0,0.0,0.2999,2.38875,0.22605,1.13,4.286875
2004-01-30,0.137,0.2913,0.0,0.0,1.1361875,0.0,0.0,0.299,2.39025,0.226,1.134375,4.29
2004-02-02,0.13475,0.3009,0.0,0.0,1.1321875,0.0,0.0,0.2978,2.39025,0.2269,1.13375,4.29125
2004-02-03,0.135375,0.2944,0.0,0.0,1.145375,0.0,0.0,0.0,2.392125,0.4532,1.13828125,4.29625
2004-02-04,0.135,0.2892,0.0,0.0,1.1423125,0.0,0.0,0.0,2.3915,0.4496,1.136875,4.2959375
2004-02-05,0.138,0.2926,0.0,0.0,1.142125,0.0,0.0,0.0,2.389,0.4506,1.132265625,4.2896875
2004-02-06,0.13925,0.2893,0.0,0.0,1.1505625,0.0,0.0,0.0,2.391875,0.4556,1.14015625,4.2965625
2004-02-09,0.14175,0.2907,0.0,0.0,1.15775,0.0,0.0,0.2988,2.393125,0.342,1.1421875,4.2975
2004-02-10,0.140125,0.2974,0.0,0.0,1.16575,0.0,0.0,0.2995,2.392125,0.342975,1.139375,4.2934375
2004-02-11,0.141875,0.2995,0.0,0.0,1.176125,0.0,0.0,0.3025,2.395125,0.346575,1.146640625,4.30125
2004-02-12,0.141,0.3017,0.0,0.0,1.178,0.0,0.0,0.3001,2.394375,0.3453,1.1446875,4.300625
2004-02-13,0.140625,0.306,0.0,0.0,1.17425,0.0,0.0,0.2976,2.39575,0.343725,1.14828125,4.305625
2004-02-16,0.140625,0.306,0.0,0.0,1.17425,0.0,0.0,0.2976,2.39575,0.343725,1.14828125,4.305625
2004-02-17,0.1415,0.3125,0.0,0.0,1.18675,0.0,0.0,0.3015,2.395375,0.34695,1.148046875,4.3053125
2004-02-18,0.14025,0.3078,0.0,0.0,1.177125,0.0,0.0,0.3022,2.3954999999999997,0.345375,1.147734375,4.3046875
2004-02-19,0.14175,0.309,0.0,0.0,1.1819375,0.0,0.0,0.2977,2.396,0.344175,1.148046875,4.305625
2004-02-20,0.28475,0.3064,0.0,0.0,1.16,0.0,0.0,0.0,2.3945,0.5146875,1.1446875,4.3025
2004-02-23,0.28825,0.3048,0.0,0.0,1.162125,0.0,0.0,0.0,2.3954999999999997,0.513,1.148828125,4.30625
2004-02-24,0.29225,0.3054,0.0,0.0,0.0,0.0,0.0,0.0,4.79275,0.398475,1.15046875,4.308125
2004-02-25,0.29225,0.3102,0.0,0.0,0.0,0.0,0.0,0.0,4.794,0.40005,1.151328125,4.310625
2004-02-26,0.2945,0.3123,0.0,0.0,0.0,0.0,0.0,0.0,4.7925,0.4001375,1.134375,4.3096875
2004-02-27,0.2955,0.3174,0.0,0.0,0.0,0.0,0.0,0.0,4.795750000000001,0.400575,1.13875,4.290625
2004-03-01,0.2965,0.3254,0.0,0.0,0.0,0.0,0.0,0.0,4.7955,0.4622,1.138046875,4.2890625
2004-03-02,0.292,0.3242,0.0,0.0,0.0,0.0,0.0,0.0,4.7917499999999995,0.4596,1.13375,4.2840625
2004-03-03,0.29325,0.3184,0.0,0.0,0.0,0.0,0.0,0.0,4.79125,0.4603,1.133046875,4.2821875
2004-03-04,0.292,0.3235,0.0,0.0,0.0,0.0,0.0,0.0,4.7935,0.4617,1.13609375,4.28375
2004-03-05,0.2915,0.3262,0.0,0.0,0.0,0.0,0.0,0.0,4.8065,0.5209875,1.1521875,4.3003125
2004-03-08,0.28725,0.3217,0.0,0.0,0.0,0.0,0.0,0.0,4.81175,0.5148,1.1565625,4.304375
2004-03-09,0.295,0.3198,0.0,0.0,0.0,0.0,0.0,0.0,4.81625,0.512775,1.160234375,4.3065625
2004-03-10,0.29175,0.32009999999999994,0.0,0.0,0.0,0.0,0.0,0.0,4.816749999999999,0.3920875,1.1590625,4.304375
2004-03-11,0.29225,0.3254,0.0,0.0,0.0,0.0,0.0,0.0,4.81625,0.33165,1.15875,4.3046875
2004-03-12,0.29475,0.32200000000000006,0.0,0.0,0.0,0.0,0.0,0.0,4.815,0.27949999999999997,1.158046875,4.305
2004-03-15,0.3,0.33,0.0,0.0,0.0,0.0,0.0,0.0,4.814,0.221,1.15703125,4.3034375
2004-03-16,0.2985,0.3295,0.0,0.0,0.0,0.0,0.0,0.0,4.81975,0.22205,1.163046875,4.308125
2004-03-17,0.3,0.336,0.0,0.0,0.0,0.0,0.0,0.0,4.82025,0.2245,1.163046875,4.3078125
2004-03-18,0.30525,0.335,0.0,0.0,0.0,0.0,0.0,0.0,4.81625,0.2246,1.158046875,4.305
2004-03-19,0.3075,0.3362,0.0,0.0,0.0,0.4127,0.0,0.0,4.81325,0.1660875,1.155546875,4.3040625
2004-03-22,0.3165,0.3342,0.0,0.0,0.0,0.4176,0.0,0.0,4.81725,0.1639875,1.16078125,4.3075
2004-03-23,0.31475,0.3368,0.0,0.0,0.0,0.42,0.0,0.0,4.81825,0.109125,1.16109375,4.3075
2004-03-24,0.30875,0.3345,0.0,0.0,0.0,0.4174,0.0,0.0,4.819,0.10915,1.161640625,4.309375
2004-03-25,0.3025,0.3243,0.0,0.0,0.0,0.4169,0.0,0.0,4.81825,0.1106,1.160234375,4.3090625
2004-03-26,0.30175,0.32439999999999997,0.0,0.0,0.0,0.4222,0.0,0.0,4.81175,0.1106,1.1521875,4.303125
2004-03-29,0.30075,0.32270000000000004,0.0,0.0,0.0,0.4171,0.0,0.0,4.808,0.16826249999999998,1.1490625,4.3
2004-03-30,0.30675,0.3289,0.0,0.0,0.0,0.4217,0.0,0.0,4.80775,0.1689,1.148359375,4.2990625
2004-03-31,0.31775,0.32659999999999995,0.0,0.0,0.0,0.4283,0.0,0.0,4.812,0.225,1.1540625,4.3034375
2004-04-01,0.3265,0.3161,0.0,0.0,0.0,0.4288,0.0,0.0,4.808,0.28337500000000004,1.14875,4.298125
2004-04-02,0.33425,0.3184,0.0,0.0,0.0,0.4225,0.0,0.0,4.7915,0.3997,1.129375,2.13984375
2004-04-05,0.33525,0.3186,0.0,0.0,0.0,0.4163,0.0,0.0,4.78475,0.4018875,1.1240625,2.13828125
2004-04-06,0.33225,0.3223,0.0,0.0,0.0,0.4198,0.0,0.0,4.78775,0.4006625,1.128046875,2.1396875
2004-04-07,0.3365,0.3312,0.0,0.0,0.0,0.4237,0.0,0.0,4.7885,0.39978749999999996,1.128359375,2.14
2004-04-08,0.3365,0.3384,0.0,0.0,0.0,0.4207,0.0,0.0,4.78775,0.398825,1.12609375,2.14
2004-04-09,0.3365,0.3384,0.0,0.0,0.0,0.4207,0.0,0.0,4.78775,0.398825,1.12609375,2.14
2004-04-12,0.3265,0.3436,0.0,0.0,0.0,0.4209,0.0,0.0,4.78475,0.4004,1.1240625,2.139375
2004-04-13,0.314,0.3408,0.0,0.0,0.0,0.0,0.0,0.0,4.77775,0.33847499999999997,1.115546875,2.13515625
2004-04-14,0.3195,0.3408,0.0,0.0,0.0,0.0,0.0,0.0,4.774,0.33892500000000003,1.1125,2.13046875
2004-04-15,0.15225,0.3454,0.0,0.0,0.0,0.0,0.0,0.0,4.77275,0.28125,1.111640625,2.13140625
2004-04-16,0.1555,0.3445,0.0,0.0,0.0,0.0,0.0,0.0,4.776,0.2835,1.11625,2.1346875
2004-04-19,0.155125,0.3433,0.0,0.0,0.0,0.0,0.0,0.0,4.7735,0.2834375,1.114140625,2.1334375
2004-04-20,0.15375,0.3402,0.0,0.0,0.0,0.0,0.0,0.0,4.76975,0.278625,1.110859375,2.13140625
2004-04-21,0.151,0.3348,0.0,0.0,0.0,0.0,0.0,0.0,4.7685,0.280625,1.1096875,2.12796875
2004-04-22,0.15225,0.3427,0.0,0.0,0.0,0.0,0.0,0.0,4.77275,0.2841875,1.113828125,2.13046875
2004-04-23,0.15275,0.3415,0.0,0.0,0.0,0.0,0.0,0.0,4.767,0.34185,1.106640625,2.12578125
2004-04-26,0.1515,0.3458,0.0,0.0,0.0,0.0,0.0,0.0,4.76625,0.3414,1.108046875,2.12609375
2004-04-27,0.156,0.3511,0.0,0.0,0.0,0.0,0.0,0.2969,4.76925,0.1707,1.110859375,4.2571875
2004-04-28,0.155,0.3495,0.0,0.0,0.0,0.0,0.0,0.0,4.76425,0.33705,1.105859375,2.12578125
2004-04-29,0.15675,0.3502,0.0,0.0,0.0,0.0,0.0,0.0,4.7595,0.27849999999999997,1.101640625,2.12390625
2004-04-30,0.158625,0.3503,0.0,0.0,0.0,0.0,0.0,0.0,4.76225,0.2212,1.105,2.12546875
2004-05-03,0.159875,0.358,0.0,0.0,0.0,0.0,0.0,0.0,4.76125,0.1674,1.105,4.2503125
2004-05-04,0.16,0.3622,0.0,0.0,0.0,0.0,0.0,0.0,4.7597499999999995,0.167325,1.103046875,4.2515625
2004-05-05,0.157625,0.3659,0.0,0.0,0.0,0.0,0.0,0.0,4.756,0.1683,1.100546875,4.250625
2004-05-06,0.151875,0.3642,0.0,0.0,0.0,0.0,0.0,0.0,4.754249999999999,0.16695,1.09828125,4.2465625
2004-05-07,0.152375,0.3684,0.0,0.0,0.0,0.0,0.0,0.0,4.7415,0.10955,1.084765625,2.11375
2004-05-10,0.146,0.361,0.0,0.0,0.0,0.0,0.0,0.0,4.741,0.054175,1.085546875,2.1153125
2004-05-11,0.0,0.3708,0.0,0.0,0.0,0.0,0.0,0.0,4.7425,0.0546125,1.086875,2.11578125
2004-05-12,0.0,0.376,0.0,0.0,0.0,0.0,0.0,0.0,4.74375,0.0549375,1.085546875,2.1159375
2004-05-13,0.0,0.3791,0.0,0.0,0.0,0.0,0.0,0.0,4.73925,0.0546875,1.08203125,2.1134375
2004-05-14,0.0,0.3823,0.0,0.0,0.0,0.0,0.0,0.0,4.74375,0.0547375,1.087734375,2.1175
2004-05-17,0.0,0.3841,0.0,0.0,0.0,0.0,0.0,0.0,4.75075,0.0,1.09515625,2.120625
2004-05-18,0.0,0.3757,0.0,0.0,0.0,0.0,0.0,0.0,4.7485,0.0,1.09203125,2.11859375
2004-05-19,0.0,0.385,0.0,0.0,0.0,0.0,0.0,0.0,4.7445,0.0,1.087265625,2.11640625
2004-05-20,0.0,0.3801,0.0,0.0,0.0,0.0,0.0,0.0,4.75025,0.0,1.09265625,2.1190625
2004-05-21,0.0,0.3739,0.0,0.0,0.0,0.0,0.0,0.0,4.74675,0.0,1.089453125,2.11765625
2004-05-24,0.0,0.3884,0.0,0.0,0.0,0.0,0.0,0.0,4.74825,0.0,1.09125,2.11859375
2004-05-25,0.0,0.384,0.0,0.0,0.0,0.0,0.0,0.0,4.7485,0.055625,1.09265625,4.2375
2004-05-26,0.0,0.3822,0.0,0.0,0.0,0.0,0.0,0.0,4.753,0.1116,1.097734375,4.2440625
2004-05-27,0.0,0.3736,0.0,0.0,0.0,0.0,0.0,0.0,4.7597499999999995,0.112275,1.103828125,4.2496875
2004-05-28,0.0,0.3782,0.0,0.0,0.0,0.0,0.0,0.0,4.7555,0.112025,1.08375,4.2425
2004-05-31,0.0,0.3782,0.0,0.0,0.0,0.0,0.0,0.0,4.7555,0.112025,1.08375,4.2425
2004-06-01,0.0,0.4005,0.0,0.0,0.0,0.0,0.0,0.0,4.75375,0.1681875,1.08125,4.2078125
2004-06-02,0.159625,0.3815,0.0,0.0,0.0,0.0,0.0,0.0,4.7515,0.2251,1.07875,4.204375
2004-06-03,0.155,0.3771,0.0,0.0,0.0,0.0,0.0,0.0,4.75225,0.223,1.08046875,4.205625
2004-06-04,0.155375,0.372,0.0,0.0,0.0,0.0,0.0,0.0,4.74925,0.22465,1.07546875,4.2
2004-06-07,0.15175,0.3745,0.0,0.0,0.0,0.0,0.0,0.0,4.7515,0.2850625,1.077265625,4.203125
2004-06-08,0.149625,0.0,0.0,0.0,0.0,0.0,0.0,0.0,4.7515,0.2855,1.077265625,4.200625
2004-06-09,0.15125,0.0,0.0,0.0,0.0,0.0,0.0,0.0,4.7495,0.282875,1.074140625,4.195
2004-06-10,0.145375,0.0,0.0,0.0,0.0,0.0,0.0,0.0,4.75075,0.284125,1.07625,4.1946875
2004-06-11,0.145375,0.0,0.0,0.0,0.0,0.0,0.0,0.0,4.75075,0.284125,1.07625,4.1946875
2004-06-14,0.14725,0.0,0.0,0.0,0.0,0.0,0.0,0.0,4.745,0.281375,1.07046875,4.184375
2004-06-15,0.142125,0.0,0.0,0.0,0.0,0.0,0.0,0.0,4.75625,0.2834375,1.08515625,2.09984375
2004-06-16,0.0,0.0,0.0,0.0,0.0,0.0,0.0,0.0,4.75325,0.28325,1.081875,2.09765625
2004-06-17,0.0,0.0,0.0,0.0,0.0,0.0,0.0,0.0,4.75525,0.28275,1.084765625,4.198125
2004-06-18,0.0,0.3795,0.0,0.0,0.0,0.0,0.0,0.0,4.755,0.39690000000000003,1.08359375,4.1984375
2004-06-21,0.0,0.0,0.0,0.0,0.0,0.0,0.0,0.0,4.75625,0.22585,1.08546875,4.2015625
2004-06-22,0.0,0.0,0.0,0.0,0.0,0.0,0.0,0.0,4.7565,0.227,1.084453125,4.2015625
2004-06-23,0.0,0.0,0.0,0.0,0.0,0.0,0.0,0.2993,4.75675,0.1716,1.08546875,4.2034375
2004-06-24,0.0,0.0,0.0,0.0,0.0,0.0,0.0,0.2987,4.7597499999999995,0.1711875,1.0896875,4.2065625
2004-06-25,0.0,0.0,0.0,0.0,0.0,0.0,0.0,0.3011,4.76,0.1702875,1.089765625,4.206875
2004-06-28,0.0,0.0,0.0,0.0,0.0,0.0,0.0,0.2987,4.7545,0.16976249999999998,1.08265625,4.198125
2004-06-29,0.0,0.0,0.0,0.0,0.0,0.0,0.0,0.3015,4.75725,0.1703625,1.08609375,4.2009375
2004-06-30,0.0,0.0,0.0,0.0,0.0,0.0,0.0,0.3042,4.76375,0.171075,1.09328125,4.2109375
2004-07-01,0.0,0.0,0.0,0.0,0.0,0.0,0.0,0.0,4.76825,0.33787500000000004,1.096640625,4.2175
2004-07-02,0.0,0.0,0.0,0.0,0.0,0.0,0.0,0.0,4.77475,0.337725,1.105,4.225
2004-07-05,0.0,0.0,0.0,0.0,0.0,0.0,0.0,0.0,4.77475,0.337725,1.105,4.225
2004-07-06,0.0,0.0,0.0,0.0,0.0,0.0,0.0,0.0,4.77375,0.27875,1.103828125,4.2246875
2004-07-07,0.0,0.0,0.0,0.0,0.0,0.0,0.0,0.0,4.774,0.27949999999999997,1.104140625,4.225625
2004-07-08,-0.126875,0.0,0.0,0.0,0.0,0.4082,0.0,0.0,4.77525,0.111075,1.104765625,4.2271875
2004-07-09,-0.126125,0.0,0.0,0.0,0.0,0.4079,0.0,0.0,4.77575,0.111275,1.10578125,4.228125
2004-07-12,-0.127125,0.0,0.0,0.0,0.0,0.4084,0.0,0.0,4.77675,0.11135,1.10703125,4.2284375
2004-07-13,-0.125875,0.0,0.0,0.0,0.0,0.4023,0.0,0.0,4.77425,0.111425,1.104375,4.225625
2004-07-14,-0.127,0.3966,0.0,0.0,0.0,0.4056,0.0,0.0,4.77275,0.111125,1.1040625,4.2234375
2004-07-15,-0.125125,0.395,0.0,0.0,0.0,0.4044,0.0,0.0,4.7725,0.11035,1.103828125,4.2225
2004-07-16,-0.12375,0.3991,0.0,0.0,0.0,0.4068,0.0,0.0,4.781,0.110275,1.113359375,4.2309375
2004-07-19,-0.1225,0.3993,0.0,0.0,0.0,0.4058,0.0,0.0,4.78025,0.0549375,1.11328125,4.2296875
2004-07-20,-0.121,0.3904,0.0,0.0,0.0,0.0,0.0,0.0,4.774,0.1112,1.10578125,4.22125
2004-07-21,-0.11725,0.3926,0.0,0.0,0.0,0.0,0.0,0.0,4.7715000000000005,0.054525,1.103359375,4.2175
2004-07-22,-0.113875,0.4003,0.0,0.0,0.0,0.0,0.0,0.0,4.773,0.0546875,1.105,4.2190625
2004-07-23,-0.116,0.4045,0.0,0.0,0.0,0.0,0.0,0.0,4.77425,0.0,1.107265625,4.2203125
2004-07-26,-0.115875,0.4017,0.0,0.0,0.0,0.0,0.0,0.0,4.7715000000000005,-0.05415,1.104765625,4.2171875
2004-07-27,-0.115375,0.4041,0.0,0.0,0.0,0.0,0.0,0.0,4.765250000000001,-0.054625,1.0965625,4.21125
2004-07-28,-0.22675,0.4134,0.0,0.0,0.0,0.0,0.0,0.0,4.7665,-0.10955,1.09828125,4.214375
2004-07-29,-0.227,0.4117,0.0,0.0,0.0,0.0,0.0,0.0,4.76925,-0.110025,1.0996875,4.2171875
2004-07-30,-0.2255,0.4199,0.0,0.0,0.0,0.0,0.0,0.0,4.77425,-0.1101,1.1071875,4.2225
2004-08-02,-0.22775,0.4214,0.0,0.0,0.0,0.0,0.0,0.0,4.77525,-0.11055,1.10875,4.225
2004-08-03,-0.22875,0.4265,0.0,0.0,0.0,0.0,0.0,0.0,4.7765,-0.109725,1.11078125,4.2259375
2004-08-04,-0.23125,0.4137,0.0,0.0,0.0,0.0,0.0,0.0,4.7765,-0.1097,1.11015625,4.2259375
2004-08-05,-0.23475,0.4265,0.0,0.0,0.0,0.0,0.0,0.0,4.778,-0.10785,1.112265625,4.2271875
2004-08-06,-0.23675,0.4245,0.0,0.0,0.0,0.0,0.0,-0.2635,4.79225,0.0,1.1271875,4.2478125
2004-08-09,-0.238,0.4338,0.0,0.0,0.0,0.0,0.0,-0.2641,4.79025,0.0,1.124765625,4.2446875
2004-08-10,-0.23575,0.4302,0.0,0.0,0.0,0.0,0.0,-0.2673,4.78625,0.0,1.12125,4.2365625
2004-08-11,-0.232,0.4331,0.0,0.0,0.0,0.0,0.0,-0.2653,4.78775,0.0,1.1225,4.2390625
2004-08-12,-0.229,0.4392,0.0,0.0,0.0,0.0,0.0,-0.2617,4.7895,0.0,1.124375,4.240625
2004-08-13,-0.22825,0.4504,0.0,0.0,0.0,0.0,0.0,-0.2623,4.7935,0.0,1.127734375,4.244375
2004-08-16,-0.233,0.4476,0.0,0.0,0.0,0.0,0.0,-0.2644,4.792,0.0,1.125234375,4.2428125
2004-08-17,-0.23975,0.4525,0.0,0.0,0.0,0.0,0.0,-0.2677,4.7955,0.0,1.129375,4.246875
2004-08-18,-0.23625,0.4537,0.0,0.0,0.0,0.0,0.0,0.0,4.795750000000001,-0.16417500000000002,1.1275,4.246875
2004-08-19,-0.24025,0.4665,0.0,0.0,0.0,0.4079,0.0,0.0,4.797999999999999,-0.16368749999999999,1.128828125,4.249375
2004-08-20,-0.24175,0.4581,0.0,0.0,0.0,0.414,0.0,0.0,4.79625,-0.1648125,1.1271875,4.24625
2004-08-23,-0.24425,0.4522,0.0,0.0,0.0,0.4113,0.0,0.0,4.7935,-0.16443750000000001,1.123828125,4.243125
2004-08-24,-0.242,0.4446,0.0,0.0,0.0,0.0,0.0,0.0,4.7935,-0.054875,1.124140625,4.24375
2004-08-25,-0.237,0.4278,0.0,0.0,0.0,0.0,0.0,0.0,4.79375,-0.0551875,1.125234375,4.244375
2004-08-26,-0.234,0.4238,0.0,0.0,0.0,0.0,0.0,0.0,4.7955,-0.055225,1.128046875,4.2459375
2004-08-27,-0.229,0.4268,0.0,0.0,0.0,0.0,0.0,0.0,4.795750000000001,-0.0554125,1.128046875,4.2459375
2004-08-30,-0.23525,0.4182,0.0,0.0,0.0,0.0,0.0,0.0,4.79775,-0.05495,1.118828125,4.2484375
2004-08-31,-0.23775,0.4175,0.0,0.0,0.0,0.0,0.0,0.0,4.80225,-0.0552,1.123046875,4.2334375
2004-09-01,-0.24275,0.0,0.0,0.0,0.0,0.0,0.0,0.0,4.8035,0.0,1.124375,6.3534375
2004-09-02,-0.23625,0.0,0.0,0.0,0.0,0.0,0.0,0.0,4.7995,0.0,1.12,6.34734375
2004-09-03,-0.231,0.4363,0.0,0.0,0.0,0.0,0.0,0.0,4.79125,0.11145,1.112734375,4.219375
2004-09-06,-0.231,0.4363,0.0,0.0,0.0,0.0,0.0,0.0,4.79125,0.11145,1.112734375,4.219375
2004-09-07,-0.2265,0.4301,0.0,0.0,0.0,0.0,0.0,0.0,4.7945,0.112225,1.11578125,4.2215625
2004-09-08,-0.22675,0.4252,0.0,0.0,0.0,0.0,0.0,0.0,4.80125,0.111875,1.122734375,4.23
2004-09-09,-0.2265,0.442,0.0,0.0,0.0,0.0,0.0,0.0,4.799,0.11175,1.12109375,4.22875
2004-09-10,-0.22225,0.0,0.0,0.0,0.0,0.0,0.0,0.0,4.7985,0.16848749999999998,1.122734375,4.22875
2004-09-13,-0.2205,0.0,0.0,0.0,0.0,0.0,0.0,0.0,4.7995,0.1691625,1.124765625,4.2290625
2004-09-14,-0.218,0.0,0.0,0.0,0.0,0.0,0.0,0.0,4.8015,0.1695,1.126328125,4.231875
2004-09-15,-0.2185,0.0,0.0,0.0,0.0,0.0,0.0,0.0,4.799,0.1681125,1.123359375,4.2290625
2004-09-16,-0.21625,0.0,0.0,0.0,0.0,0.0,0.0,0.0,4.8055,0.168675,1.130546875,4.236875
2004-09-17,-0.21525,0.0,0.0,0.0,0.0,0.0,0.0,0.0,4.801,0.16935,1.126875,4.22875
2004-09-20,-0.21275,0.0,0.0,0.0,0.0,0.0,0.0,0.0,4.807,0.1683375,1.1321875,4.235625
2004-09-21,-0.21275,0.4616,0.0,0.0,0.0,0.4085,0.0,0.0,4.80725,0.338175,1.133046875,4.2334375
2004-09-22,-0.21025,0.4758,0.0,0.0,0.0,0.4074,0.0,0.0,4.80925,0.27825,1.135859375,4.233125
2004-09-23,-0.20775,0.4773,0.0,0.0,0.0,0.411,0.0,0.0,4.801,0.22145,1.132265625,4.226875
2004-09-24,-0.307875,0.4808,0.0,0.0,0.0,0.4081,0.0,0.0,4.7945,0.166725,1.13203125,4.2234375
2004-09-27,-0.311625,0.4893,0.0,0.0,0.0,0.4091,0.0,0.0,4.792,0.1657875,1.134375,4.226875
2004-09-28,-0.31275,0.4919,0.0,0.0,0.0,0.4125,0.0,0.0,4.7865,0.1664625,1.13375,4.22875
2004-09-29,-0.310875,0.4891,0.0,0.0,0.0,0.4147,0.0,0.0,4.7815,0.1672875,1.127734375,4.2228125
2004-09-30,-0.30824999999999997,0.4921,0.0,0.0,0.0,0.4204,0.0,0.0,4.7775,0.16725,1.12625,4.2246875
2004-10-01,-0.309,0.4969,0.0,0.0,0.0,0.4212,0.0,0.0,4.77475,0.16998749999999999,1.1215625,4.22375
2004-10-04,-0.30412500000000003,0.4951,0.0,0.0,0.0,0.4156,0.0,0.0,4.7755,0.2271,1.12265625,4.2225
2004-10-05,-0.30674999999999997,0.5064,0.0,0.0,0.0,0.4198,0.0,0.0,4.7755,0.284125,1.12328125,4.223125
2004-10-06,-0.310875,0.5153,0.0,0.0,0.0,0.42,0.0,0.0,4.77175,0.2856875,1.119375,4.219375
2004-10-07,-0.309,0.5224,0.0,0.0,0.0,0.4195,0.0,0.0,4.7715000000000005,0.282875,1.117734375,4.2190625
2004-10-08,-0.30674999999999997,0.5294,0.0,0.0,0.0,0.4245,0.0,0.0,4.77875,0.28049999999999997,1.12578125,4.22875
2004-10-11,-0.307125,0.5334,0.0,0.0,0.0,0.4234,0.0,0.0,4.77875,0.28150000000000003,1.12578125,4.22875
2004-10-12,-0.30375,0.5218,0.0,0.0,0.0,0.4166,0.0,0.0,4.78075,0.280625,1.12828125,4.23125
2004-10-13,-0.307875,0.5218,0.0,0.0,0.0,0.4146,0.0,0.0,4.783250000000001,0.22245,1.130859375,4.234375
2004-10-14,-0.30637499999999995,0.5406,0.0,0.0,0.0,0.4195,0.0,0.0,4.7865,0.1103,1.135234375,4.239375
2004-10-15,-0.310125,0.4662,0.0,0.0,0.0,0.4201,0.0,0.0,4.78475,0.110825,1.1321875,4.2353125
2004-10-18,-0.306,0.4606,0.0,0.0,0.0,0.4176,0.0,0.0,4.785,0.1113,1.132265625,4.235
2004-10-19,-0.367875,0.4608,0.0,0.0,0.0,0.4216,0.0,0.0,7.178625,0.055175,1.132734375,4.23375
2004-10-20,-0.367125,0.4733,0.0,0.0,0.0,0.4248,0.0,0.0,7.1834999999999996,0.0550875,1.13625,4.2365625
2004-10-21,-0.366375,0.4737,0.0,0.0,0.0,0.4256,0.0,0.0,7.183125,0.0553875,1.13578125,4.23375
2004-10-22,-0.362625,0.4756,0.0,0.0,0.0,0.4256,0.0,0.0,7.1850000000000005,0.0548,1.137265625,4.235625
2004-10-25,-0.366375,0.4734,0.0,0.0,0.0,0.4299,0.0,0.0,7.186875,-0.0547625,1.138828125,6.35484375
2004-10-26,-0.367875,0.4821,0.0,0.0,0.0,0.4276,0.0,0.0,7.186499999999999,-0.055575,1.138046875,6.35484375
2004-10-27,-0.36824999999999997,0.4681,0.0,0.0,0.0,0.4256,0.0,0.0,7.1775,0.0,1.130859375,6.3459375
2004-10-28,-0.367875,0.458,0.0,0.0,0.0,0.4261,0.0,0.0,7.178625,0.056375,1.131875,6.3492187499999995
2004-10-29,-0.364125,0.4666,0.0,0.0,0.0,0.4294,0.0,0.298,7.1838750000000005,0.0,1.135546875,6.3529687500000005
2004-11-01,-0.361875,0.4544,0.0,0.0,0.0,0.4282,0.0,0.2983,7.1782499999999985,0.0,1.13125,6.3478125
2004-11-02,-0.36224999999999996,0.4505,0.0,0.0,0.0,0.4208,0.0,0.2996,7.179375,0.0,1.132265625,6.3496875
2004-11-03,-0.36224999999999996,0.4598,0.0,0.0,0.0,0.4254,0.0,0.3016,7.1805,0.0,1.133046875,6.3515625
2004-11-04,-0.360375,0.4451,0.0,0.0,0.0,0.4308,0.0,0.303,7.1812499999999995,0.174075,1.13265625,6.346875000000001
2004-11-05,-0.363375,0.4542,0.0,0.0,0.0,0.4343,0.0,0.3061,7.1715,0.1751625,1.124140625,6.327187499999999
2004-11-08,-0.3615,0.4517,0.0,0.0,0.0,0.4334,0.0,0.3062,7.1685,0.174975,1.12265625,6.3253125
2004-11-09,-0.3615,0.4413,0.0,0.0,0.0,0.4362,0.0,0.3053,7.16925,0.1746375,1.122734375,6.3253125
2004-11-10,-0.360375,0.4504,0.0,0.0,1.15,0.4345,0.0,0.3045,7.16625,0.349425,1.12015625,4.2134375
2004-11-11,-0.355875,0.4405,0.0,0.0,1.15,0.4354,0.0,0.3082,7.16625,0.35212499999999997,1.12015625,4.2134375
2004-11-12,-0.35924999999999996,0.4382,0.0,0.0,1.159,0.4383,0.0,0.3111,7.17075,0.354825,1.123828125,4.215
2004-11-15,-0.36224999999999996,0.437,0.0,0.0,1.150875,0.4373,0.0,0.3127,7.171875,0.3558,1.124453125,4.2128125
2004-11-16,-0.364875,0.4298,0.0,0.0,1.1561875,0.4405,0.0,0.3111,7.168874999999999,0.35324999999999995,1.123046875,4.2109375
2004-11-17,-0.367125,0.4377,0.0,0.0,1.15975,0.4451,0.0,0.3149,7.1782499999999985,0.4144875,1.128046875,4.215
2004-11-18,-0.366375,0.0,0.0,0.0,1.1555,0.4429,0.0,0.3165,7.180875,0.41474999999999995,1.128828125,4.21375
2004-11-19,-0.360375,0.0,0.0,0.0,1.158375,0.447,0.0,0.3116,7.174125,0.41028749999999997,1.123046875,4.209375
2004-11-22,-0.36,0.4465,0.0,0.0,1.1593125,0.449,0.0,0.3143,7.1775,0.4712,1.124140625,4.20875
2004-11-23,-0.360375,0.4524,0.0,0.0,1.1656875,0.4479,0.0,0.314,7.17675,0.4717,1.12328125,4.206875
2004-11-24,-0.360375,0.4545,0.0,0.0,1.17425,0.4493,0.0,0.3165,7.17375,0.4728,1.1225,4.204375
2004-11-25,-0.360375,0.4545,0.0,0.0,1.17425,0.4493,0.0,0.3165,7.17375,0.4728,1.1225,4.204375
2004-11-26,-0.358875,0.4545,0.0,0.0,1.183875,0.4493,0.0,0.3155,7.17075,0.4723,1.12046875,4.203125
2004-11-29,-0.35624999999999996,0.4596,0.0,0.0,1.1828125,0.4537,0.0,0.3155,7.162875,0.4704,1.107734375,4.201875
2004-11-30,-0.35624999999999996,0.4587,0.0,0.0,1.193125,0.4513,0.0,0.3146,7.1613750000000005,0.4696,1.1075,4.18875
2004-12-01,-0.35475,0.0,0.0,0.0,1.2071875,0.4559,0.0,0.3205,7.1602500000000004,0.4759,1.106328125,6.2840625
2004-12-02,-0.35362499999999997,0.0,0.0,0.0,1.201,0.4523,0.0,0.3226,7.1583749999999995,0.4762,1.10515625,6.28171875
2004-12-03,-0.357,0.0,0.0,0.0,1.2129375,0.4578,0.0,0.3223,7.17,0.5351625,1.115,4.196875
2004-12-06,-0.358875,0.0,0.0,0.0,1.21275,0.4559,0.0,0.3237,7.174125,0.5351625,1.116640625,4.1984375
2004-12-07,-0.354,0.0,0.0,0.0,1.2158125,0.4537,0.0,0.3186,7.175625,0.5299875000000001,1.116640625,4.196875
2004-12-08,-0.354,0.0,0.0,0.0,1.2084375,0.4387,0.0,0.3205,7.1838750000000005,0.4736,1.1240625,4.1996875
2004-12-09,-0.3525,0.0,0.0,0.0,1.2045625,0.4372,0.0,0.3213,7.1812499999999995,0.4754,1.1225,4.199375
2004-12-10,-0.34987500000000005,0.0,0.0,0.0,1.1976875,0.4353,0.0,0.3217,7.1842500000000005,0.4759,1.12375,4.1984375
2004-12-13,-0.35512499999999997,0.0,0.0,0.0,1.198375,0.4403,0.0,0.3245,7.1842500000000005,0.4801,1.124140625,4.1959375
2004-12-14,-0.357,0.0,0.0,0.0,1.1983125,0.4373,0.0,0.327,7.1850000000000005,0.542925,1.12578125,4.1959375
2004-12-15,-0.355875,0.0,0.0,0.0,1.207125,0.0,0.0,0.3266,7.190999999999999,0.6639875,1.12875,4.1975
2004-12-16,-0.35475,0.0,0.0,0.0,1.198875,0.0,0.0,0.3241,7.183125,0.6635749999999999,1.121875,4.1940625
2004-12-17,-0.35475,0.0,0.0,0.0,1.2055,0.0,0.0,0.3221,7.17525,0.6590375,1.120234375,4.1928125
2004-12-20,-0.357,0.0,0.0,0.0,1.21075,0.0,0.0,0.3208,7.17675,0.599375,1.12015625,4.1903125
2004-12-21,-0.35624999999999996,0.0,0.0,0.0,1.197875,0.4429,0.0,0.3232,7.178625,0.5436,1.12203125,4.19125
2004-12-22,-0.35624999999999996,0.0,0.0,0.0,1.1911875,0.4414,0.0,0.3232,7.176000000000001,0.54495,1.120234375,4.1925
2004-12-23,-0.35812499999999997,0.0,0.0,0.0,1.1940625,0.4429,0.0,0.3237,7.1745,0.5452875,1.119765625,4.1934375
2004-12-24,-0.35812499999999997,0.0,0.0,0.0,1.1940625,0.4429,0.0,0.3237,7.1745,0.5452875,1.119765625,4.1934375
2004-12-27,-0.35924999999999996,0.0,0.0,0.0,1.2025625,0.4462,0.0,0.3234,7.168125,0.543825,1.11515625,4.1903125
2004-12-28,-0.477,0.0,0.0,0.0,1.200375,0.4453,0.0,0.326,7.166625,0.668525,1.115,6.28546875
2004-12-29,-0.4715,0.0,0.0,0.0,1.19125,0.0,0.0,0.3267,7.16325,0.7302,1.11265625,6.2798437499999995
2004-12-30,-0.4735,0.0,0.0,0.0,1.1979375,0.0,0.0,0.3256,7.167749999999999,0.72885,1.116640625,6.2835937500000005
2004-12-31,-0.4735,0.0,0.0,0.0,1.1919375,0.0,0.0,0.3257,7.17075,0.72825,1.119375,6.287812499999999
2005-01-03,-0.468,0.0,0.0,0.0,1.1851875,0.0,0.0,0.3231,7.170375,0.6634375,1.11875,6.285
2005-01-04,-0.466,0.0,0.0,0.0,0.0,0.0,0.0,0.3165,7.1655000000000015,0.3573,1.1140625,6.27375
2005-01-05,-0.4665,0.0,0.0,0.0,0.0,0.0,0.0,0.3131,7.16625,0.354975,1.1140625,6.2728125
2005-01-06,-0.476,0.0,0.0,0.0,0.0,0.0,0.0,0.0,7.16625,0.4753,1.114765625,6.276562500000001
2005-01-07,-0.4745,0.0,0.0,0.0,0.0,0.0,0.0,0.0,7.164375,0.4745,1.11375,6.2728125
2005-01-10,-0.4745,0.0,0.0,0.0,0.0,0.0,0.0,0.0,7.164375,0.4767,1.113828125,6.27140625
2005-01-11,-0.4745,0.0,0.0,0.0,0.0,0.0,0.0,0.0,7.167375,0.4144,1.11578125,6.27140625
2005-01-12,-0.465,0.0,0.0,0.0,0.0,0.0,0.0,0.0,7.16625,0.41562499999999997,1.116328125,6.2728125
2005-01-13,-0.463,0.0,0.0,0.0,0.0,0.0,0.0,0.0,7.173,0.3534,1.12,6.276093749999999
2005-01-14,-0.457,0.0,0.0,0.0,0.0,0.0,0.0,0.0,7.171125,0.35512499999999997,1.11828125,6.27
2005-01-17,-0.457,0.0,0.0,0.0,0.0,0.0,0.0,0.0,7.171125,0.3558,1.11828125,6.27
2005-01-18,-0.454,0.0,0.0,0.0,0.0,0.0,0.0,0.0,7.171125,0.358725,1.1190625,6.2690625
2005-01-19,-0.4545,0.0,0.0,0.0,0.0,0.0,0.0,0.0,7.1715,0.35505,1.119140625,6.270468750000001
2005-01-20,-0.457,0.0,0.0,0.0,0.0,0.0,0.0,0.0,7.174125,0.2353,1.12078125,6.276562500000001
2005-01-21,-0.457,0.0,0.0,0.0,0.0,0.0,0.0,0.0,7.1782499999999985,0.175275,1.123046875,6.2826562500000005
2005-01-24,-0.458,0.0,0.0,0.0,0.0,0.0,0.0,0.0,7.17675,0.116625,1.12359375,6.2789062499999995
2005-01-25,-0.4605,0.4718,0.0,0.0,0.0,0.0,0.0,0.0,7.17225,0.116975,1.119453125,6.276093749999999
2005-01-26,-0.4605,0.4668,0.0,0.0,0.0,0.0,0.0,0.0,7.17075,0.117325,1.11875,6.2718750000000005
2005-01-27,-0.456,0.4664,0.0,0.0,0.0,0.0,0.0,0.0,7.168874999999999,0.117475,1.11765625,6.270468750000001
2005-01-28,-0.4555,0.0,0.0,0.0,0.0,0.0,0.0,0.0,7.174125,0.0,1.1225,6.276093749999999
2005-01-31,-0.4575,0.0,0.0,0.0,0.0,0.0,0.0,0.0,7.173375,0.0,1.12265625,6.2718750000000005
2005-02-01,-0.4585,0.0,0.0,0.0,0.0,0.0,0.0,0.0,7.172625,0.0594625,1.122734375,6.27234375
2005-02-02,-0.4555,0.0,0.0,0.0,0.0,0.0,0.0,0.0,7.17225,0.1789875,1.1225,6.26953125
2005-02-03,-0.456,0.0,0.0,0.0,0.0,0.0,0.0,0.0,7.171125,0.178425,1.120234375,6.26578125
2005-02-04,-0.455,0.0,0.0,0.0,0.0,0.0,0.0,0.0,7.177874999999999,0.18030000000000002,1.1265625,6.27234375
2005-02-07,-0.457,0.0,0.0,0.0,0.0,0.0,0.0,0.0,7.178999999999999,0.24015,1.12765625,6.26953125
2005-02-08,-0.4545,0.0,0.0,0.0,0.0,0.0,0.0,0.0,7.1812499999999995,0.24045,1.12828125,6.2671874999999995
2005-02-09,-0.4545,0.0,0.0,0.0,0.0,-0.4145,0.0,0.0,7.19025,0.29825,1.13375,6.2775
2005-02-10,-0.4605,0.0,0.0,0.0,0.0,0.0,0.0,0.0,7.182,0.2393,1.12828125,6.2728125
2005-02-11,-0.4605,0.4589,0.0,0.0,0.0,0.0,0.0,0.0,7.1782499999999985,0.4828,1.125859375,6.2681249999999995
2005-02-14,-0.463,0.4605,0.0,0.0,0.0,0.0,0.0,0.0,7.177874999999999,0.4825,1.1271875,6.26625
2005-02-15,-0.462,0.4588,0.0,0.0,0.0,0.0,0.0,0.3097,7.177125,0.363225,1.125546875,6.26578125
2005-02-16,-0.458,0.4685,0.0,0.0,0.0,0.0,0.0,0.3091,7.171875,0.36315000000000003,1.12109375,6.2592187500000005
2005-02-17,-0.462,0.4658,0.0,0.0,0.0,0.0,0.0,0.0,7.17075,0.4804,1.12,6.262499999999999
2005-02-18,-0.463,0.4733,0.0,0.0,0.0,0.0,0.0,0.0,7.164375,0.4809,1.114765625,6.2578125
2005-02-21,-0.463,0.4733,0.0,0.0,0.0,0.0,0.0,0.0,7.164375,0.4809,1.114765625,6.2578125
2005-02-22,-0.474,0.4921,0.0,0.0,0.0,0.0,0.0,0.0,7.164,0.4739,1.11359375,6.2578125
2005-02-23,-0.471,0.4914,0.0,0.0,0.0,0.0,0.0,0.0,7.163625000000001,0.4771,1.114140625,6.2564062499999995
2005-02-24,-0.472,0.4958,0.0,0.0,0.0,0.4357,0.0,0.0,7.16175,0.4202625,1.113046875,6.253125000000001
2005-02-25,-0.477,0.4983,0.0,0.0,0.0,0.4361,0.0,0.0,7.16175,0.4848,1.104375,6.251250000000001
2005-02-28,-0.484,0.5042,0.0,0.0,0.0,0.4376,0.0,0.0,7.152750000000001,0.4816,1.09875,6.221718749999999
2005-03-01,-0.48,0.5065,0.0,0.0,0.0,0.4339,0.0,0.0,7.149749999999999,0.484,1.098046875,6.223125
2005-03-02,-0.36,0.5169,0.0,0.0,0.0,0.4338,0.0,0.0,7.150874999999999,0.60475,1.098046875,6.2259375
2005-03-03,-0.358875,0.5198,0.0,0.0,0.0,0.4308,0.0,0.0,7.150124999999999,0.605,1.097265625,6.2250000000000005
2005-03-04,-0.357375,0.5215,0.0,0.0,0.0,0.4351,0.0,0.305,7.156499999999999,0.4897,1.1015625,6.227812500000001
2005-03-07,-0.35212499999999997,0.5266,0.0,0.0,0.0,0.4358,0.0,0.3089,7.156499999999999,0.4901,1.1021875,6.22453125
2005-03-08,-0.352875,0.5332,0.0,0.0,0.0,0.4411,0.0,0.3064,7.150124999999999,0.4882,1.0975,6.221718749999999
2005-03-09,-0.35775,0.5347,0.0,0.0,0.0,0.4429,0.0,0.0,4.7585,0.54315,1.089140625,6.216093750000001
2005-03-10,-0.36224999999999996,0.5289,0.0,0.0,0.0,0.4434,0.0,0.0,4.76075,0.5443875,1.0921875,6.215624999999999
2005-03-11,-0.245,0.5375,0.0,0.0,0.0,0.4468,0.0,0.0,4.75525,0.42035,1.0871875,6.2090625
2005-03-14,-0.24275,0.5447,0.0,0.0,0.0,0.4416,0.0,0.0,4.7565,0.4242,1.08828125,6.208125
2005-03-15,-0.2475,0.5474,0.0,0.0,0.0,0.4414,0.0,0.0,4.755,0.360825,1.0871875,6.20765625
2005-03-16,-0.24675,0.5633,0.0,0.0,0.0,0.4442,0.0,0.0,4.7565,0.35760000000000003,1.089375,6.2109375
2005-03-17,-0.245,0.5662,0.0,0.0,0.0,0.4391,0.0,0.0,4.7597499999999995,0.3582,1.0925,6.21515625
2005-03-18,-0.243,0.5752,0.0,0.0,0.0,0.4397,0.0,0.0,4.7555,0.2976875,1.090546875,6.21375
2005-03-21,-0.2385,0.5785,0.0,0.0,0.0,0.0,0.0,0.0,4.7545,0.1779375,1.090234375,6.2128125
2005-03-22,-0.2375,0.5721,0.0,0.0,0.0,0.0,0.0,0.0,4.74825,0.1761375,1.084140625,6.20296875
2005-03-23,-0.23425,0.5564,0.0,0.0,0.0,0.0,0.0,0.0,4.7485,0.176175,1.08359375,6.1978124999999995
2005-03-24,-0.23375,0.5597,0.0,0.0,0.0,0.0,0.0,0.0,4.75025,0.176325,1.084453125,6.1968749999999995
2005-03-25,-0.23375,0.5597,0.0,0.0,0.0,0.0,0.0,0.0,4.75025,0.176325,1.084453125,6.1968749999999995
2005-03-28,-0.23475,0.5477,0.0,0.0,0.0,0.0,0.0,0.0,4.7465,0.17662499999999998,1.082265625,6.19546875
2005-03-29,-0.2345,0.5454,0.0,0.0,0.0,0.0,0.0,0.0,4.7495,0.117,1.08515625,6.19734375
2005-03-30,-0.23425,0.5492,0.0,0.0,0.0,0.0,0.0,0.0,4.75125,0.11855,1.0875,6.198281249999999
2005-03-31,-0.23475,0.566,0.0,0.0,0.0,0.0,0.0,0.0,4.75575,0.1184,1.09265625,6.20671875
2005-04-01,-0.237,0.5863,0.0,0.0,0.0,0.0,0.0,0.0,4.75575,0.117775,1.095234375,6.2132812500000005
2005-04-04,-0.235,0.588,0.0,0.0,0.0,0.0,0.0,0.0,4.758,0.117975,1.095546875,6.21515625
2005-04-05,-0.2305,0.579,0.0,0.0,0.0,0.0,0.0,0.0,4.75625,0.118525,1.0946875,6.2146875
2005-04-06,-0.2315,0.5762,0.0,0.0,0.0,0.0,0.0,0.0,4.7595,0.118925,1.09703125,6.21890625
2005-04-07,-0.2305,0.5609,0.0,0.0,0.0,0.0,0.0,0.0,4.759,0.17928750000000002,1.0946875,6.21703125
2005-04-08,-0.2295,0.5551,0.0,0.0,0.0,0.0,0.0,0.0,4.75525,0.177525,1.093359375,6.2128125
2005-04-11,-0.23075,0.5597,0.0,0.0,0.0,0.0,0.0,0.0,4.757,0.17756249999999998,1.09625,6.21515625
2005-04-12,-0.231,0.5452,0.0,0.0,0.0,0.0,0.0,0.0,4.7625,0.1785,1.1021875,6.2203124999999995
2005-04-13,-0.345375,0.5339,0.0,0.0,0.0,0.0,0.0,0.0,4.7635,0.0588,1.102265625,6.22546875
2005-04-14,-0.463,0.0,0.0,0.0,0.0,0.0,0.0,-0.2882,4.7655,0.0,1.103828125,6.2325
2005-04-15,-0.4605,0.0,0.0,0.0,0.0,0.0,0.0,-0.2829,4.76775,0.0,1.109453125,6.239531250000001
2005-04-18,-0.457,0.0,0.0,0.0,0.0,0.0,0.0,-0.2829,4.7695,0.0,1.11109375,6.24046875
2005-04-19,-0.466,0.0,0.0,0.0,0.0,0.0,0.0,-0.2852,4.77425,0.0,1.114375,6.2446874999999995
2005-04-20,-0.4695,0.0,0.0,0.0,0.0,0.0,0.0,-0.2829,4.77475,0.0,1.113828125,6.24328125
2005-04-21,-0.4715,0.0,0.0,0.0,0.0,0.0,0.0,-0.2898,2.384375,0.0,1.10765625,6.23109375
2005-04-22,-0.468,0.0,0.0,0.0,0.0,0.0,0.0,-0.2863,2.385625,0.0,1.11046875,6.23390625
2005-04-25,-0.4745,0.0,0.0,0.0,0.0,0.0,0.0,-0.2883,2.384875,0.0,1.110234375,6.230625
2005-04-26,-0.4755,0.0,0.0,0.0,0.0,0.0,0.0,-0.2858,2.384125,0.0,1.1096875,6.22875
2005-04-27,-0.4685,0.0,0.0,0.0,0.0,0.0,0.0,-0.2853,2.385625,0.0,1.11203125,6.2320312499999995
2005-04-28,-0.4605,0.0,0.0,0.0,0.0,0.0,0.0,-0.2825,2.388875,0.0,1.116640625,6.23859375
2005-04-29,-0.4615,0.0,0.0,0.0,0.0,0.0,0.0,-0.2851,2.386875,0.0,1.114140625,6.23109375
2005-05-02,-0.453,0.0,0.0,0.0,0.0,0.0,0.0,-0.2855,2.38725,0.0,1.115,6.2329687499999995
2005-05-03,-0.446,0.0,0.0,0.0,0.0,0.0,0.0,-0.2876,2.38675,0.0583,1.11375,6.229687500000001
2005-05-04,-0.335625,0.0,0.0,0.0,0.0,0.0,0.0,0.0,2.387875,0.0,1.11578125,6.2357812500000005
2005-05-05,-0.33825,0.0,0.0,0.0,0.0,0.0,0.0,0.0,2.389375,0.0,1.11828125,6.2446874999999995
2005-05-06,-0.339,0.0,0.0,0.0,0.0,0.0,0.0,0.0,2.385875,0.0,1.11015625,4.150625
2005-05-09,-0.338625,0.0,0.0,0.0,0.0,0.0,0.0,0.0,2.3857500000000003,0.0,1.109140625,4.1484375
2005-05-10,-0.338625,0.0,0.0,0.0,0.0,0.0,0.0,0.0,2.386625,0.0,1.11375,4.1528125
2005-05-11,-0.336375,0.0,0.0,0.0,0.0,0.0,0.0,0.0,2.386875,0.0,1.115,4.15375
2005-05-12,-0.333375,0.0,0.0,0.0,0.0,-0.4222,0.0,0.0,2.38825,-0.115925,1.1165625,4.155625
2005-05-13,-0.332625,0.0,0.0,0.0,0.0,-0.4207,0.0,0.0,2.38975,-0.115675,1.1196875,4.1603125
2005-05-16,-0.33787500000000004,0.0,0.0,0.0,0.0,-0.4193,0.0,0.0,2.388875,-0.1167,1.119765625,4.160625
2005-05-17,-0.33825,0.0,0.0,0.0,0.0,-0.4198,0.0,0.0,2.3895,-0.0587625,1.12078125,4.160625
2005-05-18,-0.343125,0.0,0.0,0.0,0.0,-0.4219,0.0,0.0,2.390875,0.0,1.124375,4.163125
2005-05-19,-0.341625,0.0,0.0,0.0,0.0,-0.4208,0.0,0.0,2.3895,0.0,1.12125,4.1578125
2005-05-20,-0.34650000000000003,0.0,0.0,0.0,0.0,-0.4177,0.0,0.0,2.388625,0.0595125,1.12046875,4.155
2005-05-23,-0.2405,0.0,0.0,0.0,0.0,-0.4169,0.0,0.0,2.390875,0.1794375,1.125234375,4.158125
2005-05-24,-0.23825,0.0,0.0,0.0,0.0,-0.4177,0.0,0.0,2.3915,0.17906249999999999,1.13,4.160625
2005-05-25,-0.23975,0.0,0.0,0.0,0.0,-0.4189,0.0,0.0,2.3915,0.178875,1.1271875,4.16125
2005-05-26,-0.120875,0.0,0.0,0.0,0.0,-0.418,0.0,0.0,2.3915,0.2396,1.12546875,4.1590625
2005-05-27,-0.119375,0.0,0.0,0.0,0.0,-0.4198,0.0,0.0,2.3916250000000003,0.24005,1.12625,4.1584375
2005-05-30,-0.119375,0.0,0.0,0.0,0.0,-0.4198,0.0,0.3113,2.3916250000000003,0.1802625,1.12625,4.1584375
2005-05-31,-0.119625,0.0,0.0,0.0,0.0,-0.4163,0.0,0.0,2.393625,0.29825,1.13265625,4.161875
2005-06-01,-0.120875,0.0,0.0,0.0,0.0,-0.4177,0.0,0.3115,2.397125,0.1801875,1.139140625,4.1640625
2005-06-02,-0.1175,0.0,0.0,0.0,0.0,-0.4248,0.0,0.3143,2.397125,0.1807875,1.14015625,4.1621875
2005-06-03,-0.118125,0.0,0.0,0.0,0.0,-0.4258,0.0,0.0,2.3945,0.299625,1.13375,4.1575
2005-06-06,-0.11925,0.0,0.0,0.0,0.0,-0.4284,0.0,0.0,2.39475,0.2995,1.135546875,4.15625
2005-06-07,-0.119125,0.0,0.0,0.0,0.0,-0.4267,0.0,0.0,2.396125,0.29975,1.139375,4.1584375
2005-06-08,-0.117375,0.0,0.0,0.0,0.0,-0.4266,0.0,0.0,2.39525,0.299,1.1371875,4.155
2005-06-09,-0.11725,0.0,0.0,0.0,0.0,-0.4261,0.0,0.0,2.394875,0.30025,1.135546875,4.1525
2005-06-10,-0.115125,0.0,0.0,0.0,0.0,-0.4293,0.0,0.0,2.392375,0.29975,1.1296875,4.1471875
2005-06-13,-0.117375,0.0,0.0,0.0,0.0,0.0,0.0,0.0,2.391,0.300625,1.12703125,4.1471875
2005-06-14,-0.119375,0.0,0.0,0.0,0.0,0.0,0.0,0.0,2.390125,0.3025,1.1240625,4.1475
2005-06-15,-0.12225,0.0,0.0,0.0,0.0,0.0,0.0,0.0,2.389875,0.3029375,1.12375,4.146875
2005-06-16,-0.12275,0.0,0.0,0.0,0.0,0.0,0.0,0.0,2.3915,0.3039375,1.12703125,4.1496875
2005-06-17,0.0,0.0,0.0,0.0,0.0,0.0,0.0,0.0,2.391125,0.427175,1.12578125,4.14875
2005-06-20,0.0,0.0,0.0,0.0,0.0,0.0,0.0,0.0,2.390125,0.427,1.123828125,4.1478125
2005-06-21,0.0,0.0,0.0,0.0,0.0,0.0,0.0,0.0,2.391875,0.42735,1.128046875,4.149375
2005-06-22,0.0,0.0,0.0,0.0,0.0,0.0,0.0,0.0,2.39525,0.4884,1.136328125,4.156875
2005-06-23,0.0,0.0,0.0,0.0,0.0,0.0,0.0,0.0,2.394375,0.4214,1.135,4.15625
2005-06-24,0.0,0.0,0.0,0.0,0.0,0.0,0.0,0.0,2.3958749999999998,0.2989375,1.13828125,4.1603125
2005-06-27,0.0,0.0,0.0,0.0,0.0,0.0,0.0,0.0,2.396125,0.23925,1.139375,4.1603125
2005-06-28,0.0,0.0,0.0,0.0,0.0,0.0,0.0,0.0,2.394125,0.24135,1.134375,4.155625
2005-06-29,-0.1185,0.0,0.0,0.0,0.0,0.0,0.0,0.0,2.39325,0.18045,1.13265625,4.15375
2005-06-30,-0.115875,0.0,0.0,0.0,0.0,0.0,0.0,0.0,2.394625,0.179325,1.1346875,4.15375
2005-07-01,-0.117875,0.0,0.0,0.0,0.0,0.0,-1.1282499999999998,0.0,2.39175,0.12,1.1275,4.146875
2005-07-04,-0.117875,0.0,0.0,0.0,0.0,0.0,-1.1282499999999998,0.0,2.3916250000000003,0.119825,1.1275,4.146875
2005-07-05,0.0,0.0,0.0,0.0,0.0,0.0,-1.1273749999999998,0.0,2.38975,0.1209,1.1215625,4.14375
2005-07-06,0.0,0.0,0.0,0.0,0.0,0.0,-1.122,0.0,2.39075,0.119825,1.1240625,4.1446875
2005-07-07,0.0,0.0,0.0,0.0,0.0,0.0,-1.123625,0.0,2.391375,0.120275,1.12625,4.1490625
2005-07-08,0.0,0.0,0.0,0.0,0.0,0.0,-1.1221249999999874,0.0,2.39025,0.12165,1.12078125,4.1440625
2005-07-11,0.0,0.0,0.0,0.0,0.0,0.0,-1.12575,0.0,2.38975,0.2447,1.12125,4.1428125
2005-07-12,0.0,0.0,0.0,0.0,0.0,0.0,-1.135125,0.0,2.3885000000000005,0.306375,1.11875,4.14125
2005-07-13,0.0,0.0,0.0,0.0,0.0,0.0,-1.1244999999999874,0.0,2.38825,0.307,1.11765625,4.1403125
2005-07-14,0.0,0.0,0.0,0.0,0.0,0.0,-1.1205,0.0,2.388,0.369525,1.11625,4.1403125
2005-07-15,0.0,0.0,0.0,0.0,0.0,0.0,-1.12075,0.3174,2.387625,0.3078125,1.11703125,4.1396875
2005-07-18,0.0,0.0,0.0,0.0,0.0,0.0,-1.124625,0.3164,2.38775,0.306625,1.11515625,4.138125
2005-07-19,0.0,0.0,0.0,0.0,0.0,0.0,-1.115875,0.32,2.386875,0.3083125,1.1175,4.14
2005-07-20,0.0,0.0,0.0,0.0,0.0,0.0,-1.1155,0.3217,2.388,0.309125,1.118828125,4.1390625
2005-07-21,0.0,0.0,0.0,0.0,0.0,-0.4257,0.0,0.3212,2.384125,0.3075,1.110859375,4.134375
2005-07-22,0.0,0.0,0.0,0.0,0.0,-0.425,0.0,0.3219,2.386,0.30925,1.114140625,4.136875
2005-07-25,0.0,0.0,0.0,0.0,0.0,-0.4259,0.0,0.3208,2.38625,0.3085,1.112734375,4.135
2005-07-26,0.0,0.0,0.0,0.0,0.0,-0.4235,0.0,0.3214,2.3853750000000002,0.30874999999999997,1.113046875,4.1346875
2005-07-27,0.0,0.0,0.0,0.0,0.0,-0.4248,0.0,0.3235,2.3855,0.3099375,1.1115625,4.1321875
2005-07-28,0.0,0.0,0.0,0.0,0.0,-0.4274,0.0,0.3253,2.3865,0.31175,1.116328125,4.13375
2005-07-29,0.0,0.0,0.0,0.0,0.0,-0.4299,0.0,0.3223,2.38425,0.3091875,1.109765625,4.1296875
2005-08-01,0.0,0.0,0.0,0.0,0.0,-0.4347,0.0,0.323,2.38325,0.309375,1.106875,4.128125
2005-08-02,0.0,0.0,0.0,0.0,0.0,0.0,0.0,0.3258,2.38325,0.3735,1.105859375,4.1275
2005-08-03,-0.12,0.0,0.0,0.0,0.0,0.0,0.0,0.3265,2.384375,0.4367125,1.10828125,4.1296875
2005-08-04,-0.11875,0.0,0.0,0.0,0.0,0.0,0.0,0.3233,2.38375,0.43329999999999996,1.106640625,4.1290625
2005-08-05,-0.11725,0.0,0.0,0.0,0.0,0.0,0.0,0.0,2.381,0.4304125,1.10109375,4.1234375
2005-08-08,-0.117875,0.0,0.0,0.0,0.0,0.0,0.0,0.0,2.38,0.4295375,1.099453125,4.1209375
2005-08-09,-0.116375,0.0,0.0,0.0,0.0,0.0,0.0,0.0,2.381,0.4319875,1.101875,4.1228125
2005-08-10,-0.11825,0.0,0.0,0.0,0.0,0.0,0.0,0.0,2.381,0.4318125,1.101875,4.1228125
2005-08-11,-0.119125,0.0,0.0,0.0,0.0,0.0,0.0,0.0,2.383125,0.433475,1.10625,4.12625
2005-08-12,-0.1155,0.0,0.0,0.0,0.0,0.0,0.0,0.0,2.3855,0.43085,1.111640625,4.13
2005-08-15,-0.111625,0.0,0.0,0.0,0.0,0.0,0.0,0.0,2.38475,0.433125,1.109453125,4.128125
2005-08-16,-0.111125,0.0,0.0,0.0,0.0,0.0,0.0,0.0,2.386125,0.427525,1.11328125,4.1309375
2005-08-17,-0.11325,0.0,0.0,0.0,0.0,0.0,0.0,0.0,2.386375,0.36645,1.109453125,4.12875
2005-08-18,-0.112375,0.0,0.0,0.0,0.0,0.0,0.0,0.0,2.386625,0.30525,1.11578125,4.1321875
2005-08-19,-0.11175,0.0,0.0,0.0,0.0,0.0,0.0,0.0,2.38675,0.3059375,1.11578125,4.1315625
2005-08-22,-0.113,0.0,0.0,0.0,0.0,0.0,0.0,0.0,2.3857500000000003,0.306,1.115859375,4.131875
2005-08-23,-0.224,0.0,0.0,0.0,0.0,0.0,0.0,0.0,2.388,0.2443,1.1171875,4.134375
2005-08-24,-0.22225,0.0,0.0,0.0,0.0,0.0,0.0,0.0,2.388125,0.242,1.1175,4.1340625
2005-08-25,-0.21975,0.0,0.0,0.0,0.0,0.0,0.0,0.0,2.388,0.2427,1.11859375,4.13375
2005-08-26,-0.21775,0.0,0.0,0.0,0.0,0.0,0.0,0.0,2.386625,0.1809,1.11578125,4.129375
2005-08-29,-0.2195,0.0,0.0,0.0,0.0,0.0,0.0,0.0,2.387625,0.182175,1.117265625,4.129375
2005-08-30,-0.2185,0.0,0.0,0.0,0.0,0.0,0.0,0.0,2.389375,0.181275,1.11578125,4.13875
2005-08-31,-0.2165,0.0,0.0,0.0,0.0,0.0,0.0,0.0,2.392625,0.183225,1.12078125,4.141875
2005-09-01,-0.22225,0.0,0.0,0.0,0.0,0.0,0.0,0.0,2.3925,0.1832625,1.122734375,4.149375
2005-09-02,-0.21725,0.0,0.0,0.0,0.0,0.0,0.0,0.0,2.3915,0.1829625,1.12203125,4.1484375
2005-09-05,-0.21725,0.0,0.0,0.0,0.0,0.0,0.0,0.0,2.3915,0.18307500000000002,1.12203125,4.1484375
2005-09-06,-0.22125,0.0,0.0,0.0,0.0,0.0,0.0,0.0,2.39075,0.1851375,1.11859375,4.14375
2005-09-07,-0.2175,0.0,0.0,0.0,0.0,0.0,0.0,0.0,2.3896249999999997,0.185325,1.11515625,4.1396875
2005-09-08,-0.21625,0.0,0.0,0.0,0.0,0.0,0.0,0.0,2.389875,0.18480000000000002,1.11515625,4.1390625
2005-09-09,-0.216,0.0,0.0,0.0,0.0,0.45,0.0,0.3218,2.39075,0.1242,1.11578125,4.13875
2005-09-12,-0.2115,0.0,0.0,0.0,0.0,0.4507,0.0,0.3226,2.3895,0.124025,1.1121875,4.136875
2005-09-13,-0.21,0.0,0.0,0.0,0.0,0.0,0.0,0.3246,2.39125,0.1239,1.11515625,4.14
2005-09-14,-0.20775,0.0,0.0,0.0,0.0,0.0,0.0,0.0,2.39,0.2469,1.112734375,4.13875
2005-09-15,-0.2065,0.0,0.0,0.0,0.0,0.0,0.0,0.0,2.388625,0.2467,1.109453125,4.138125
2005-09-16,-0.20625,0.0,0.0,0.0,0.0,0.0,0.0,0.0,2.386375,0.24845,1.10609375,4.1340625
2005-09-19,-0.20625,0.0,0.0,0.0,0.0,0.4673,0.0,0.0,2.387625,0.1238,1.10765625,4.1371875
2005-09-20,-0.20675,0.0,0.0,0.0,0.0,0.4668,0.0,0.0,2.385875,0.12275,1.1071875,4.1321875
2005-09-21,-0.30974999999999997,0.0,0.0,0.0,0.0,0.4694,0.0,0.0,2.387875,0.0608,1.11109375,4.134375
2005-09-22,-0.31237499999999996,0.0,0.0,0.0,0.0,0.467,0.0,0.0,2.3885000000000005,0.0609875,1.112265625,4.135625
2005-09-23,-0.310875,0.0,0.0,0.0,0.0,0.4639,0.0,0.0,2.386125,0.0,1.106640625,2.06484375
2005-09-26,-0.30674999999999997,0.0,0.0,0.0,0.0,0.4662,-1.1238749999999875,0.0,2.384875,0.0,1.10359375,4.1275
2005-09-27,-0.304875,0.0,0.0,0.0,0.0,0.4629,-1.1135,0.0,2.3845,0.0,1.10265625,4.125
2005-09-28,-0.304875,0.0,0.0,0.0,0.0,0.4698,-1.1145,0.0,2.3853750000000002,0.0,1.104375,4.124375
2005-09-29,-0.30524999999999997,0.0,0.0,0.0,0.0,0.4758,-1.11575,0.0,2.3845,0.0,1.1025,4.1221875
2005-09-30,-0.30824999999999997,0.0,0.0,0.0,0.0,0.4723,-1.109625,0.0,2.38325,0.123425,1.099140625,4.1178125
2005-10-03,-0.313125,0.0,0.0,0.0,0.0,0.4693,-1.103875,0.0,2.3815,0.24635,1.095546875,2.0575
2005-10-04,-0.308625,0.0,0.0,0.0,0.0,0.4693,-1.1035000000000001,0.0,2.38175,0.24335,1.09609375,2.05734375
2005-10-05,-0.307125,0.0,0.0,0.0,0.0,0.4693,-1.1058750000000002,0.0,2.3822500000000004,0.120075,1.096640625,2.0578125
2005-10-06,-0.30637499999999995,0.0,0.0,0.0,0.0,0.475,-1.113125,0.0,2.382,0.05985,1.096640625,2.05859375
2005-10-07,-0.30375,0.0,0.0,0.0,0.0,0.4777,-1.10575,0.0,2.382,0.0,1.097265625,2.05859375
2005-10-10,-0.30300000000000005,0.0,0.0,0.0,0.0,0.478,-1.103875,0.0,2.381875,-0.0595,1.097265625,2.05859375
2005-10-11,-0.30375,0.0,0.0,0.0,0.0,0.4798,-1.0993750000000002,0.0,2.38125,-0.11885,1.09625,2.0578125
2005-10-12,-0.308625,0.0,0.0,0.0,0.0,0.4766,-1.101625,0.0,2.380125,-0.11785,1.092265625,2.05671875
2005-10-13,-0.30524999999999997,0.0,0.0,0.0,0.0,0.4738,-1.09975,-0.3072,2.37875,-0.0589,1.09,2.05640625
2005-10-14,-0.30524999999999997,0.0,0.0,0.0,0.0,0.4718,-1.1046249999999997,0.0,2.378125,-0.1785,1.089140625,2.055625
2005-10-17,-0.305625,0.0,0.0,0.0,0.0,0.4766,-1.096,0.0,2.378125,-0.1791375,1.088828125,2.05578125
2005-10-18,-0.30300000000000005,0.0,0.0,0.0,0.0,0.4746,-1.0881249999999998,0.0,2.37875,-0.17722500000000002,1.089765625,2.05625
2005-10-19,-0.370875,0.0,0.0,0.0,0.0,0.4658,-1.0911250000000001,0.0,2.380125,-0.180075,1.09109375,2.05671875
2005-10-20,-0.371625,0.0,0.0,0.0,0.0,0.4632,-1.08975,0.0,2.3798749999999997,-0.176925,1.09125,2.05625
2005-10-21,-0.370125,0.0,0.0,0.0,0.0,0.4691,-1.0848749999999998,0.0,2.38125,-0.17756249999999998,1.095546875,2.058125
2005-10-24,-0.369,0.0,0.0,0.0,0.0,0.467,-1.088625,0.0,2.3795,-0.060125,1.091640625,2.05671875
2005-10-25,-0.36824999999999997,0.0,0.0,0.0,0.0,0.4747,-1.0945,0.0,2.37775,-0.05995,1.087265625,2.05453125
2005-10-26,-0.367125,0.0,0.0,0.0,0.0,0.473,-1.086,0.0,2.37525,-0.0598,1.082265625,2.0521875
2005-10-27,-0.36675,0.0,0.0,0.0,0.0,0.4756,-1.088875,0.0,2.376125,-0.059125,1.0846875,2.05265625
2005-10-28,-0.366,0.0,0.0,0.0,0.0,0.4748,-1.0869999999999875,0.0,2.3760000000000003,-0.0599875,1.084140625,2.0521875
2005-10-31,-0.364875,0.0,0.0,0.0,0.0,0.4669,-1.08025,0.0,2.376125,-0.0604875,1.084453125,2.05203125
2005-11-01,-0.364875,0.0,0.0,0.0,0.0,0.0,-1.077125,0.0,2.375,0.0,1.08359375,2.0509375
2005-11-02,-0.364875,0.0,0.0,0.0,0.0,0.0,-1.07525,0.0,2.37425,0.0,1.08125,2.050625
2005-11-03,-0.366,0.0,0.0,0.0,0.0,0.0,-1.071625,0.0,2.372375,0.0611875,1.0775,2.04953125
2005-11-04,-0.367125,0.0,0.0,0.0,0.0,0.0,-1.062375,0.0,2.372125,0.0611,1.07703125,2.04953125
2005-11-07,-0.3675,0.0,0.0,0.0,0.0,0.0,-1.0685,0.0,2.37275,0.122275,1.078359375,2.04953125
2005-11-08,-0.489,0.0,0.0,0.0,0.0,0.0,-1.07125,0.3273,2.375,0.0,1.083046875,2.05109375
2005-11-09,-0.4865,0.0,0.0,0.0,0.0,0.0,-1.067875,0.3276,2.37325,0.0,1.078828125,2.04890625
2005-11-10,-0.4835,0.0,0.0,0.0,0.0,0.0,-1.062,0.3313,2.3755,0.0,1.083359375,2.05078125
2005-11-11,-0.4865,0.0,0.0,0.0,0.0,0.0,-1.062,0.3318,2.3755,0.0,1.083359375,2.05078125
2005-11-14,-0.49,0.0,0.0,0.0,0.0,0.4691,-1.0568749999999876,0.3318,2.373875,0.123725,1.08015625,2.0490625
2005-11-15,-0.4885,0.0,0.0,0.0,0.0,0.469,-1.055,0.3305,2.37525,0.12325,1.083359375,2.04984375
2005-11-16,-0.4825,0.0,0.0,0.0,0.0,0.4791,-1.05375,0.3323,2.3771249999999995,0.123475,1.08828125,2.0521875
2005-11-17,-0.4825,0.0,0.0,0.0,0.0,0.4869,-1.0571249999999999,0.3369,2.378,0.124525,1.090234375,2.05375
2005-11-18,-0.4815,0.0,0.0,0.0,0.0,0.4862,-1.0523749999999998,0.3366,2.376875,0.1875375,1.087265625,2.0528125
2005-11-21,-0.482,0.0,0.0,0.0,0.0,0.4895,-1.054375,0.3383,2.378125,0.18855,1.09015625,2.05421875
2005-11-22,-0.482,0.0,0.0,0.0,0.0,0.4929,-1.054875,0.3393,2.379,0.2524,1.092734375,2.05703125
2005-11-23,-0.4805,0.0,0.0,0.0,0.0,0.4923,-1.0553750000000002,0.3401,2.37825,0.2537,1.089453125,2.055
2005-11-24,-0.4805,0.0,0.0,0.0,0.0,0.4923,-1.0553750000000002,0.3398,2.379375,0.316875,1.089453125,2.055
2005-11-25,-0.4785,0.0,0.0,0.0,0.0,0.4923,-1.0475,0.3409,2.379125,0.3175,1.09265625,2.05625
2005-11-28,-0.478,0.0,0.0,0.0,0.0,0.4983,-1.0565,0.3385,2.379625,0.31525,1.0940625,2.05625
2005-11-29,-0.476,0.0,0.0,0.0,0.0,0.4991,-1.048,0.3362,2.37775,0.31481250000000005,1.086875,2.0534375
2005-11-30,-0.4755,0.0,0.0,0.0,0.0,0.4987,-1.0456249999999998,0.335,2.376875,0.31275,1.0853125,2.0509375
2005-12-01,-0.479,0.0,0.0,0.0,0.0,0.5063,-1.0397500000000002,0.3408,2.37575,0.316125,1.0834375,2.0496875
2005-12-02,-0.478,0.0,0.0,0.0,0.0,0.507,-1.038625,0.342,2.375875,0.3165,1.0834375,2.05015625
2005-12-05,-0.4855,0.0,0.0,0.0,0.0,0.5126,-1.036625,0.3399,2.374625,0.31587499999999996,1.08046875,2.04890625
2005-12-06,-0.481,0.0,0.0,0.0,0.0,0.5137999999999999,-1.0365000000000002,0.3409,2.3765,0.31637499999999996,1.08578125,2.0509375
2005-12-07,-0.4765,0.0,0.0,0.0,0.0,0.5177999999999999,-1.0345,0.3401,2.3760000000000003,0.3145,1.08453125,2.050625
2005-12-08,-0.478,0.0,0.0,0.0,0.0,0.5227,-1.039875,0.3374,2.377375,0.3141875,1.0890625,2.05296875
2005-12-09,-0.4825,0.0,0.0,0.0,0.0,0.5302000000000001,-1.03725,0.3388,2.3760000000000003,0.31481250000000005,1.0834375,2.05015625
2005-12-12,-0.4885,0.0,0.0,0.0,0.0,0.5315,-1.044375,0.34,2.375375,0.31525,1.0825,2.0496875
2005-12-13,-0.4905,0.0,0.0,0.0,0.0,0.5241,-1.04275,0.3448,2.3760000000000003,0.3831,1.08390625,2.0503125
2005-12-14,-0.488,0.0,0.0,0.0,0.0,0.5095,-1.0657500000000002,0.3437,2.3785,0.44870000000000004,1.08953125,2.05265625
2005-12-15,-0.4855,0.0,0.0,0.0,0.0,0.0,0.0,0.3434,2.378,0.5111,1.08890625,2.0525
2005-12-16,-0.4895,0.0,0.0,0.0,0.0,0.0,0.0,0.3419,2.37875,0.5097,1.090625,2.05296875
2005-12-19,-0.491,0.0,0.0,0.0,0.0,0.0,0.0,0.3359,2.37875,0.443625,1.090625,2.05234375
2005-12-20,-0.4925,0.0,0.0,0.0,0.0,0.0,0.0,0.3359,2.37725,0.38039999999999996,1.089375,2.05125
2005-12-21,-0.492,0.0,0.0,0.0,0.0,0.0,0.0,0.3368,2.3765,0.381,1.0878125,2.05015625
2005-12-22,-0.4955,0.0,0.0,0.0,0.0,0.0,0.0,0.3401,2.377875,0.38265,1.0915625,2.051875
2005-12-23,-0.497,0.0,0.0,0.0,0.0,0.0,0.0,0.34,0.0,0.44677500000000003,1.0959375,2.0525
2005-12-26,-0.497,0.0,0.0,0.0,0.0,0.0,0.0,0.34,0.0,0.44677500000000003,1.0959375,2.0525
2005-12-27,-0.498,0.0,0.0,0.0,0.0,0.5101,0.0,0.3367,0.0,0.2528,1.09828125,2.05375
2005-12-28,-0.498,0.0,0.0,0.0,0.0,0.5163,0.0,0.3362,0.0,0.25305,1.09578125,2.05296875
2005-12-29,-0.369375,0.0,0.0,0.0,0.0,0.5175,-1.07,0.0,2.379,0.378,1.09578125,2.05265625
2005-12-30,-0.372375,0.0,0.0,0.0,0.0,0.5189,-1.068875,0.0,2.37925,0.376425,1.0940625,2.051875
2006-01-02,-0.372375,0.0,0.0,0.0,0.0,0.5189,-1.068875,0.0,2.37925,0.376425,1.0940625,2.051875
2006-01-03,-0.37725,0.0,0.0,0.0,0.0,0.5325,0.0,0.3386,0.0,0.382425,1.0965625,2.054375
2006-01-04,-0.3765,0.0,0.0,0.0,0.0,0.5356,0.0,0.3426,0.0,0.38415,1.0978125,2.05578125
2006-01-05,-0.3735,0.0,0.0,0.0,0.0,0.5277999999999999,0.0,0.3446,0.0,0.44843749999999993,1.0978125,2.0553125
2006-01-06,-0.372375,0.0,0.0,0.0,0.0,0.5412000000000001,0.0,0.3496,0.0,0.45211250000000003,1.0959375,2.05390625
2006-01-09,-0.368625,0.0,0.0,0.0,0.0,0.5505,0.0,0.3509,0.0,0.518,1.0959375,2.0540625
2006-01-10,-0.371625,0.0,0.0,0.0,0.0,0.5457000000000001,0.0,0.352,0.0,0.5184,1.09234375,2.05265625
2006-01-11,-0.3735,0.0,0.0,0.0,0.0,0.5501,0.0,0.3542,0.0,0.5848875,1.09,2.05125
2006-01-12,-0.372,0.0,0.0,0.0,0.0,0.5492999999999999,0.0,0.3528,0.0,0.582075,1.0934375,2.0534375
2006-01-13,-0.373125,0.0,0.0,0.0,0.0,0.557,0.0,0.352,0.0,0.5817375,1.09765625,2.05546875
2006-01-16,-0.373125,0.0,0.0,0.0,0.0,0.557,0.0,0.3527,0.0,0.5826375,1.09765625,2.05546875
2006-01-17,-0.367875,0.0,0.0,0.0,0.0,0.5542999999999999,0.0,0.3503,0.0,0.5802750000000001,1.09859375,2.05546875
2006-01-18,-0.364875,0.0,0.0,0.0,0.0,0.5445,0.0,0.3455,0.0,0.5135,1.09765625,2.05546875
2006-01-19,-0.363375,0.0,0.0,0.0,0.0,0.559,0.0,0.3477,0.0,0.4508875,1.095,2.05390625
2006-01-20,-0.36375,0.0,0.0,0.0,0.0,0.554,0.0,0.0,0.0,0.379425,1.09578125,2.054375
2006-01-23,-0.369,0.0,0.0,0.0,0.0,0.5587000000000001,0.0,0.0,0.0,0.38077500000000003,1.09625,2.05484375
2006-01-24,-0.37424999999999997,0.0,0.0,0.0,0.0,0.5581,0.0,0.0,0.0,0.38115,1.094375,2.05421875
2006-01-25,-0.37837499999999996,0.0,0.0,0.0,0.0,0.5625,0.0,0.0,0.0,0.3813,1.08828125,2.05140625
2006-01-26,-0.37912499999999993,0.0,0.0,0.0,0.0,0.5599,0.0,0.0,0.0,0.383325,1.08546875,2.05015625
2006-01-27,-0.38137499999999996,0.0,0.0,0.0,0.0,0.5588,0.0,0.3445,0.0,0.19338750000000002,1.0865625,2.05
2006-01-30,-0.380625,0.0,0.0,0.0,0.0,0.5658,0.0,0.3447,0.0,0.19327499999999997,1.08484375,2.04890625
2006-01-31,-0.25575,0.0,0.0,0.0,0.0,0.5755,0.0,0.3439,0.0,0.2567,0.0,2.0484375
2006-02-01,-0.254,0.0,0.0,0.0,0.0,0.574,0.0,0.3447,0.0,0.25745,0.0,2.04640625
2006-02-02,-0.25675,0.0,0.0,0.0,0.0,0.5768,0.0,0.0,0.0,0.38160000000000005,0.0,2.04640625
2006-02-03,-0.26,0.0,0.0,0.0,0.0,0.5716,-1.0553750000000002,0.0,2.37625,0.2531,0.0,2.04640625
2006-02-06,-0.2585,0.0,0.0,0.0,0.0,0.5742999999999999,-1.0547499999999999,0.0,2.3760000000000003,0.25375,0.0,2.0453125
2006-02-07,-0.2545,0.0,0.0,0.0,0.0,0.5548,-1.062375,0.0,2.375375,0.188625,0.0,2.04578125
2006-02-08,-0.2565,0.0,0.0,0.0,0.0,0.5538,-1.05825,0.0,2.375,0.1902375,0.0,2.04453125
2006-02-09,-0.26075,0.0,0.0,0.0,0.0,0.5681,-1.0553750000000002,0.0,2.3755,0.1898625,0.0,2.0440625
2006-02-10,-0.25725,0.0,0.0,0.0,0.0,0.5535,-1.0636249999999998,0.0,2.3745,0.126825,0.0,2.04328125
2006-02-13,-0.257,0.0,0.0,0.0,0.0,0.0,-1.0657500000000002,0.0,2.374625,0.1898625,0.0,2.0434375
2006-02-14,-0.25625,0.0,0.0,0.0,0.0,0.0,-1.068,0.0,2.37375,0.1917375,0.0,2.0428125
2006-02-15,-0.2585,0.0,0.0,0.0,0.0,0.0,-1.063875,0.0,2.3739999999999997,0.25645,0.0,2.04265625
2006-02-16,-0.129875,0.0,0.0,0.0,0.0,0.0,-1.063875,0.0,2.3739999999999997,0.387525,0.0,2.04265625
2006-02-17,-0.130875,0.0,0.0,0.0,0.0,0.0,-1.059625,0.0,2.37525,0.38669999999999993,0.0,2.04375
2006-02-20,-0.130875,0.0,0.0,0.0,0.0,0.0,-1.06,0.0,2.37525,0.386625,0.0,2.04375
2006-02-21,-0.130875,0.0,0.0,0.0,0.0,0.0,-1.056,0.0,2.374625,0.385575,0.0,2.04265625
2006-02-22,-0.129625,0.0,0.0,0.0,0.0,0.0,-1.0565,0.0,2.3755,0.387675,0.0,2.04328125
2006-02-23,-0.129875,0.0,0.0,0.0,0.0,0.0,-1.0692500000000003,0.0,2.3745,0.45158750000000003,0.0,2.04203125
2006-02-24,-0.132125,0.0,0.0,0.0,0.0,0.5612,-1.0715,0.0,2.3745,0.45255,0.0,2.0421875
2006-02-27,-0.13225,0.0,0.0,0.0,0.0,0.557,-1.078,0.0,2.374375,0.45289999999999997,0.0,2.04203125
2006-02-28,-0.132125,0.0,0.0,0.0,0.0,0.5639,-1.081875,0.0,2.375625,0.38475000000000004,0.0,2.04375
2006-03-01,-0.13075,0.0,0.0,0.0,0.0,0.5658,-1.077875,0.0,2.374375,0.38760000000000006,0.0,2.0428125
2006-03-02,-0.1325,0.0,0.0,0.0,0.0,0.5704,-1.080375,0.0,2.373,0.38744999999999996,0.0,2.04203125
2006-03-03,-0.13275,0.0,0.0,0.0,0.0,0.568,-1.074375,0.0,2.37175,0.38594999999999996,0.0,2.04078125
2006-03-06,-0.12975,0.0,0.0,0.0,0.0,0.5568,-1.064625,0.0,2.3701250000000003,0.2559,0.0,0.0
2006-03-07,-0.128875,0.0,0.0,0.0,0.0,0.0,-1.06075,0.0,2.37,0.2555,0.0,0.0
2006-03-08,-0.128375,0.0,0.0,0.0,0.0,0.0,-1.061125,0.0,2.370375,0.2559,0.0,0.0
2006-03-09,-0.130375,0.0,0.0,0.0,0.0,0.0,-1.05725,0.0,2.37075,0.2544,0.0,0.0
2006-03-10,-0.1315,0.0,0.0,0.0,0.0,0.0,-1.049875,0.0,2.370375,0.2566,0.0,0.0
2006-03-13,-0.129,0.0,0.0,0.0,0.0,0.0,-1.049875,0.0,2.369875,0.2571,0.0,0.0
2006-03-14,-0.1305,0.0,0.0,0.0,0.0,0.0,-1.0781250000000002,0.0,2.372375,0.32718749999999996,0.0,0.0
2006-03-15,-0.129625,0.0,0.0,0.0,0.0,0.0,-1.0792499999999998,0.0,2.371875,0.45998749999999994,0.0,0.0
2006-03-16,-0.127875,0.0,0.0,0.0,0.0,0.0,-1.08325,0.0,2.3745,0.5267,0.0,0.0
2006-03-17,-0.126625,0.0,0.0,0.0,0.0,0.0,-1.092375,0.3409,2.373875,0.39525,0.0,0.0
2006-03-20,-0.12525,0.0,0.0,0.0,0.0,0.0,-1.088375,0.3411,2.373875,0.39465,0.0,0.0
2006-03-21,-0.126875,0.0,0.0,0.0,0.0,0.5532,-1.08,0.0,2.371875,0.523,0.0,0.0
2006-03-22,-0.126875,0.0,0.0,0.0,0.0,0.0,-1.082,0.0,2.372,0.6572500000000001,0.0,0.0
2006-03-23,-0.125625,0.0,0.0,0.0,0.0,0.0,-1.072125,0.0,2.371125,0.6558750000000001,0.0,0.0
2006-03-24,-0.2515,0.0,0.0,0.0,0.0,0.5605,-1.075875,0.0,2.373375,0.5907375,0.0,0.0
2006-03-27,-0.2545,0.0,0.0,0.0,0.0,0.5674,-1.08325,0.0,2.372375,0.58995,0.0,0.0
2006-03-28,-0.2545,0.0,0.0,0.0,0.0,0.567,-1.071625,0.0,2.370625,0.521,0.0,0.0
2006-03-29,-0.25675,0.0,0.0,0.0,0.0,0.5732999999999999,-1.0724999999999876,0.0,2.3695,0.524,0.0,0.0
2006-03-30,-0.13,0.0,0.0,0.0,0.0,0.5917999999999999,-1.07675,0.345,2.368,0.326875,0.0,0.0
2006-03-31,-0.134,0.0,0.0,0.0,0.0,0.5867000000000001,-1.0731249999999875,0.344,2.36875,0.3258125,0.0,0.0
2006-04-03,-0.134125,0.0,0.0,0.0,0.0,0.5942999999999999,-1.0731249999999875,0.34475,2.368125,0.3264375,0.0,0.0
2006-04-04,0.0,0.0,0.0,0.0,0.0,0.5906,-1.075625,0.3463,2.368375,0.394425,0.0,0.0
2006-04-05,0.0,0.0,0.0,0.0,0.0,0.5925,-1.07625,0.34945,2.369125,0.39569999999999994,0.0,0.0
2006-04-06,0.0,0.0,0.0,0.0,0.0,0.5997000000000001,-1.0724999999999876,0.35095,2.368125,0.461125,0.0,0.0
2006-04-07,0.0,0.0,0.0,0.0,0.0,0.5927000000000001,-1.0668749999999998,0.34795,2.3665,0.4564,0.0,0.0
2006-04-10,0.0,0.0,0.0,0.0,0.0,0.6017999999999999,-1.0644999999999998,0.3471,2.366375,0.456925,0.0,0.0
2006-04-11,0.0,0.0,0.0,0.0,0.0,0.5994,-1.0657500000000002,0.34415,2.367125,0.2588,0.0,0.0
2006-04-12,0.0,0.0,0.0,0.0,0.0,0.6013,-1.064,0.0,2.367125,0.323875,0.0,0.0
2006-04-13,0.0,0.0,0.0,0.0,0.0,0.6013,-1.0642500000000001,0.0,2.363875,0.32356250000000003,0.0,0.0
2006-04-14,0.0,0.0,0.0,0.0,0.0,0.6013,-1.0642500000000001,0.0,2.363875,0.32356250000000003,0.0,0.0
2006-04-17,0.0,0.0,0.0,0.0,0.0,0.6187999999999999,-1.0701249999999998,0.0,2.365125,0.32325,0.0,0.0
2006-04-18,0.0,0.0,0.0,0.0,0.0,0.6233,-1.07475,0.34795,2.3666250000000004,0.197025,0.0,0.0
2006-04-19,0.0,0.0,0.0,0.0,0.0,0.636,-1.07475,0.3489,2.365875,0.1972875,0.0,0.0
2006-04-20,0.0,0.0,0.0,0.0,0.0,0.6231,-1.071875,0.34825,2.365125,0.2634,0.0,0.0
2006-04-21,0.0,0.0,0.0,0.0,0.0,0.6355,-1.0789999999999875,0.3438,2.365375,0.2634,0.0,0.0
2006-04-24,0.0,0.0,0.0,0.0,0.0,0.6239,0.0,0.3443,0.0,0.32862500000000006,0.0,0.0
2006-04-25,0.0,0.0,0.0,0.0,0.0,0.6342000000000001,0.0,0.0,0.0,0.45832500000000004,0.0,0.0
2006-04-26,0.0,0.0,0.0,0.0,0.0,0.642,0.0,0.0,0.0,0.45814999999999995,0.0,0.0
2006-04-27,0.0,0.0,0.0,0.0,0.0,0.6363,0.0,0.3455,0.0,0.32875,0.0,0.0
2006-04-28,0.0,0.0,0.0,0.0,0.0,0.6545,0.0,0.0,0.0,0.5264,0.0,0.0
2006-05-01,0.13575,0.0,0.0,0.0,0.0,0.6602,0.0,0.0,0.0,0.4578875,0.0,0.0
2006-05-02,0.1335,0.0,0.0,0.0,0.0,0.6674,0.0,0.0,0.0,0.4613,0.0,0.0
2006-05-03,0.133,0.0,0.0,0.0,0.0,0.6685,0.0,0.0,0.0,0.4592875,0.0,0.0
2006-05-04,0.0,0.0,0.0,0.0,0.0,0.6765,0.0,0.0,0.0,0.5268,0.0,0.0
2006-05-05,0.0,0.0,0.0,0.0,0.0,0.6843,0.0,0.34405,0.0,0.46514999999999995,0.0,0.0
2006-05-08,0.0,0.0,0.0,0.0,0.0,0.6799,0.0,0.34425,0.0,0.46453750000000005,0.0,0.0
2006-05-09,0.0,0.0,0.0,0.0,0.0,0.7015,0.0,0.34435,0.0,0.46523749999999997,0.0,0.0
2006-05-10,0.0,0.0,0.0,0.0,0.0,0.7057,0.0,0.0,0.0,0.663875,0.0,0.0
2006-05-11,0.0,0.0,0.0,0.0,0.0,0.7215,0.0,0.0,0.0,0.5247,0.0,0.0
2006-05-12,0.0,0.0,0.0,0.0,0.0,0.7118,0.0,0.0,0.0,0.32356250000000003,0.0,0.0
2006-05-15,0.0,0.0,0.0,0.0,0.0,0.685,0.0,0.0,0.0,0.25945,0.0,0.0
2006-05-16,0.1415,0.0,0.0,0.0,0.0,0.6929,0.0,0.0,0.0,0.1295,0.0,0.0
2006-05-17,0.143375,0.0,0.0,0.0,0.0,0.6918,0.0,0.0,0.0,0.1269,0.0,0.0
2006-05-18,0.142625,0.0,0.0,0.0,0.0,0.6809,0.0,-0.31895,0.0,0.1263,0.0,0.0
2006-05-19,0.138625,0.0,0.0,0.0,0.0,0.0,0.0,0.0,0.0,0.0635375,0.0,0.0
2006-05-22,0.139375,0.0,0.0,0.0,0.0,0.0,0.0,0.0,0.0,0.0631,0.0,0.0
2006-05-23,0.13875,0.0,0.0,0.0,0.0,0.0,0.0,0.0,0.0,0.062625,0.0,0.0
2006-05-24,0.137125,0.0,0.0,0.0,0.0,0.0,0.0,0.0,0.0,0.0,0.0,0.0
2006-05-25,0.139,0.0,0.0,0.0,0.0,0.0,0.0,0.0,0.0,0.0,0.0,0.0
2006-05-26,0.1395,0.0,0.0,0.0,0.0,0.0,0.0,0.0,0.0,0.0,0.0,0.0
2006-05-29,0.1395,0.0,0.0,0.0,0.0,0.0,0.0,0.0,0.0,0.0,0.0,0.0
2006-05-30,0.139875,0.0,0.0,0.0,0.0,0.0,0.0,0.0,0.0,0.0,0.0,0.0
2006-05-31,0.1385,0.0,0.0,0.0,0.0,0.0,0.0,0.0,0.0,0.0,0.0,0.0
2006-06-01,0.140375,0.0,0.0,0.0,0.0,0.0,0.0,0.0,0.0,0.0,0.0,0.0
2006-06-02,0.1425,0.0,0.0,0.0,0.0,0.0,0.0,0.0,0.0,0.0,0.0,0.0
2006-06-05,0.139375,0.0,0.0,0.0,0.0,0.0,0.0,0.0,0.0,0.0,0.0,0.0
2006-06-06,0.0,0.0,0.0,0.0,0.0,0.0,0.0,0.0,0.0,-0.0632875,0.0,0.0
2006-06-07,0.0,0.0,0.0,0.0,0.0,0.0,0.0,-0.3125,0.0,0.0,0.0,0.0
2006-06-08,0.0,0.0,0.0,0.0,0.0,0.0,0.0,-0.3113,0.0,0.0,0.0,0.0
2006-06-09,0.0,0.0,0.0,0.0,0.0,0.0,0.0,-0.3099,0.0,-0.06255,0.0,0.0
2006-06-12,0.0,0.0,0.0,0.0,0.0,0.0,0.0,-0.3047,0.0,-0.12365,0.0,0.0
2006-06-13,0.0,0.0,0.0,0.0,0.0,0.0,0.0,-0.3066,0.0,-0.184875,0.0,0.0
2006-06-14,0.0,0.0,0.0,0.0,0.0,0.0,0.0,-0.30915,0.0,-0.1861875,0.0,0.0
2006-06-15,-0.12925,0.0,0.0,0.0,0.0,0.0,0.0,-0.3189,0.0,-0.126775,0.0,0.0
2006-06-16,-0.130625,0.0,0.0,0.0,0.0,0.0,0.0,-0.3151,0.0,-0.126,0.0,0.0
2006-06-19,-0.127875,0.0,0.0,0.0,0.0,0.0,0.0,-0.313,0.0,-0.12485,0.0,0.0
2006-06-20,-0.128,0.0,0.0,0.0,0.0,0.0,0.0,-0.314,0.0,-0.12525,0.0,0.0
2006-06-21,-0.1295,0.0,0.0,0.0,0.0,0.0,0.0,-0.3183,0.0,-0.126175,0.0,0.0
2006-06-22,-0.1285,0.0,0.0,0.0,0.0,0.0,0.0,-0.3147,0.0,-0.1256,0.0,0.0
2006-06-23,-0.127625,0.0,0.0,0.0,0.0,0.0,0.0,-0.3137,0.0,-0.12555,0.0,0.0
2006-06-26,-0.1245,0.0,0.0,0.0,0.0,0.0,-1.0875,-0.3142,0.0,0.0,0.0,0.0
2006-06-27,-0.125625,0.0,0.0,0.0,0.0,0.0,-1.088,-0.30905,0.0,0.0,0.0,0.0
2006-06-28,-0.126,0.0,0.0,0.0,0.0,0.0,-1.0865,-0.3116,0.0,0.0,0.0,0.0
2006-06-29,-0.12725,0.0,0.0,0.0,0.0,0.0,-1.099,0.0,0.0,-0.12825,0.0,0.0
2006-06-30,-0.130125,0.0,0.0,0.0,0.0,0.0,-1.104,0.0,0.0,-0.12795,0.0,0.0
2006-07-03,-0.13425,0.0,0.0,0.0,0.0,0.0,-1.1011250000000001,0.0,0.0,-0.128825,0.0,0.0
2006-07-04,-0.13425,0.0,0.0,0.0,0.0,0.0,-1.1011250000000001,0.0,0.0,-0.0643875,0.0,0.0
2006-07-05,-0.13225,0.0,0.0,0.0,0.0,0.0,-1.092,0.0,0.0,-0.0639875,0.0,0.0
2006-07-06,0.0,0.0,0.0,0.0,0.0,0.0,-1.0965,0.0,0.0,0.0,0.0,0.0
2006-07-07,0.0,0.0,0.0,0.0,0.0,0.0,0.0,-0.31005,0.0,0.0,0.0,0.0
2006-07-10,0.0,0.0,0.0,0.0,0.0,0.0,0.0,-0.30755,0.0,0.0,0.0,0.0
2006-07-11,0.0,0.0,0.0,0.0,0.0,0.0,0.0,-0.309,0.0,0.0641125,0.0,0.0
2006-07-12,0.0,0.7747,0.0,0.0,0.0,0.0,0.0,-0.30335,0.0,-0.1902375,0.0,0.0
2006-07-13,0.0,0.796,0.0,0.0,0.0,0.0,0.0,-0.29795,0.0,-0.18712499999999999,0.0,0.0
2006-07-14,0.0,0.8,0.0,0.0,0.0,0.0,0.0,-0.295,0.0,-0.24845,0.0,0.0
2006-07-17,0.0,0.7854,0.0,0.0,0.0,0.0,0.0,-0.29605,0.0,-0.310125,0.0,0.0
2006-07-18,0.0,0.0,0.0,0.0,0.0,0.0,-1.074375,-0.29735,0.0,-0.124575,0.0,0.0
2006-07-19,0.0,0.0,0.0,0.0,0.0,0.0,-1.078875,-0.29815,0.0,-0.063125,0.0,0.0
2006-07-20,0.0,0.0,0.0,0.0,0.0,0.0,-1.078625,-0.29545,0.0,-0.0627125,0.0,0.0
2006-07-21,0.0,0.0,0.0,0.0,0.0,0.0,-1.08425,-0.29225,0.0,-0.0622375,0.0,0.0
2006-07-24,0.0,0.0,0.0,0.0,0.0,0.0,-1.0783749999999999,-0.2989,0.0,-0.063375,0.0,0.0
2006-07-25,0.0,0.0,0.0,0.0,0.0,0.0,-1.07525,-0.29845,0.0,-0.063575,0.0,0.0
2006-07-26,0.0,0.0,0.0,0.0,0.0,0.0,-1.0831250000000001,-0.29915,0.0,-0.0636625,0.0,0.0
2006-07-27,-0.127125,0.0,0.0,0.0,0.0,0.0,-1.086875,0.0,0.0,-0.0636125,0.0,0.0
2006-07-28,-0.12675,0.0,0.0,0.0,0.0,0.0,-1.0972499999999998,0.0,0.0,-0.0642125,0.0,0.0
2006-07-31,-0.128,0.0,0.0,0.0,0.0,0.0,0.0,-0.30375,0.0,0.128175,0.0,0.0
2006-08-01,-0.128875,0.0,0.0,0.0,0.0,0.0,0.0,-0.29875,0.0,0.127675,0.0,0.0
2006-08-02,-0.132125,0.0,0.0,0.0,0.0,0.0,0.0,0.0,0.0,0.0,0.0,0.0
2006-08-03,-0.131,0.0,0.0,0.0,0.0,0.0,0.0,0.0,0.0,0.0,0.0,0.0
2006-08-04,-0.131125,0.0,0.0,0.0,0.0,0.0,0.0,0.0,0.0,0.0,0.0,0.0
2006-08-07,-0.1285,0.0,0.0,0.0,0.0,0.0,0.0,0.0,0.0,0.0,0.0,0.0
2006-08-08,-0.1265,0.0,0.0,0.0,0.0,0.0,0.0,-0.2985,0.0,0.127675,0.0,0.0
2006-08-09,-0.128375,0.0,0.0,0.0,0.0,0.0,0.0,-0.299,0.0,0.12715,0.0,0.0
2006-08-10,-0.127875,0.0,0.0,0.0,0.0,0.0,0.0,-0.2995,0.0,0.12755,0.0,0.0
2006-08-11,-0.120875,0.0,0.0,0.0,0.0,0.0,0.0,-0.2992,0.0,0.0636125,0.0,0.0
2006-08-14,-0.119125,0.0,0.0,0.0,0.0,0.0,0.0,-0.30005,0.0,0.0,0.0,0.0
2006-08-15,-0.2385,0.0,0.0,0.0,0.0,0.0,0.0,-0.3081,0.0,0.128775,0.0,0.0
2006-08-16,-0.238,0.0,0.0,0.0,0.0,0.0,0.0,0.0,0.0,0.0,0.0,0.0
2006-08-17,-0.2355,0.0,0.0,0.0,0.0,0.0,0.0,0.0,0.0,0.0,0.0,0.0
2006-08-18,-0.23575,0.0,0.0,0.0,0.0,0.0,0.0,0.0,0.0,0.0,0.0,0.0
2006-08-21,-0.2375,0.0,0.0,0.0,0.0,0.0,0.0,0.0,0.0,0.0,0.0,0.0
2006-08-22,-0.236,0.0,0.0,0.0,0.0,0.0,0.0,0.0,0.0,0.0,0.0,0.0
2006-08-23,-0.24,0.0,0.0,0.0,0.0,0.0,0.0,0.0,0.0,0.0,0.0,0.0
2006-08-24,-0.24425,0.0,0.0,0.0,0.0,0.0,0.0,0.0,0.0,0.0,0.0,0.0
2006-08-25,-0.24175,0.0,0.0,0.0,0.0,0.0,0.0,0.0,0.0,0.0,0.0,0.0
2006-08-28,-0.241,0.0,0.0,0.0,0.0,0.0,0.0,0.0,0.0,0.0,0.0,0.0
2006-08-29,-0.23875,0.0,0.0,0.0,0.0,0.0,-1.075625,0.0,2.371875,0.261,0.0,0.0
2006-08-30,-0.24475,0.0,0.0,0.0,0.0,0.0,-1.06975,0.0,2.37225,0.261,0.0,0.0
2006-08-31,-0.248,0.0,0.0,0.0,0.0,0.0,-1.067375,0.0,2.373125,0.32637499999999997,0.0,0.0
2006-09-01,-0.24575,0.0,0.0,0.0,0.0,0.0,-1.0696249999999874,0.0,2.3735,0.39375000000000004,0.0,0.0
2006-09-04,-0.24575,0.0,0.0,0.0,0.0,0.0,0.0,0.0,2.3735,0.394875,0.0,0.0
2006-09-05,-0.24425,0.0,0.0,0.0,0.0,0.0,0.0,0.0,2.37275,0.460075,0.0,-2.04265625
2006-09-06,-0.24075,0.0,0.0,0.0,0.0,0.0,0.0,0.0,2.372375,0.3256875,0.0,-2.04171875
2006-09-07,-0.24575,0.0,0.0,0.0,0.0,0.0,0.0,0.0,2.3725,0.19443749999999999,0.0,-2.04140625
2006-09-08,-0.246,0.0,0.0,0.0,0.0,0.0,-1.0707499999999874,0.0,2.372625,0.129925,0.0,0.0
2006-09-11,-0.2435,0.0,0.0,0.0,0.0,0.0,-1.0642500000000001,0.0,2.372625,0.13005,0.0,0.0
2006-09-12,-0.23775,0.0,0.0,0.0,0.0,0.0,-1.0603749999999998,0.0,2.373375,0.19706249999999997,0.0,0.0
2006-09-13,-0.23775,0.0,0.0,0.0,0.0,0.0,-1.063875,0.0,2.373375,0.33225,0.0,0.0
2006-09-14,-0.23725,0.0,0.0,0.0,0.0,0.0,-1.0635,0.0,4.745,0.46532500000000004,0.0,-2.04078125
2006-09-15,-0.24175,0.0,0.0,0.0,0.0,0.0,-1.0757500000000002,0.0,4.74475,0.4662875,0.0,-2.03921875
2006-09-18,-0.24775,0.0,0.0,0.0,0.0,0.0,-1.0735,0.3305,4.743,0.3335625,0.0,-2.0384375
2006-09-19,-0.2465,0.0,0.0,0.0,0.0,0.0,-1.076375,0.0,4.7475,0.465675,0.0,-2.0415625
2006-09-20,-0.249,0.0,0.0,0.0,0.0,0.0,-1.077875,0.33275,4.7455,0.334125,0.0,-2.04109375
2006-09-21,-0.128625,0.0,0.0,0.0,0.0,0.0,-1.0869999999999875,0.33095,4.75025,0.3325625,0.0,-2.045
2006-09-22,-0.127625,0.0,0.0,0.0,0.0,0.0,-1.085625,0.0,4.7525,0.46409999999999996,0.0,-2.04625
2006-09-25,-0.127375,0.0,0.0,0.0,0.0,0.0,-1.086,0.33305,4.75575,0.3339375,0.0,-2.0471875
2006-09-26,-0.1295,0.0,0.0,0.0,0.0,0.0,-1.07975,0.3347,4.752750000000001,0.3366875,0.0,-2.0459375
2006-09-27,-0.126875,0.0,0.0,0.0,0.0,0.0,-1.07625,0.33545,4.753,0.3369375,0.0,-2.04609375
2006-09-28,-0.132125,0.0,0.0,0.0,0.0,0.0,-1.0724999999999876,0.3347,4.75175,0.40417500000000006,0.0,-2.04546875
2006-09-29,-0.13125,0.0,0.0,0.0,0.0,0.0,-1.0698750000000001,0.33425,4.75025,0.40365,0.0,-2.045
2006-10-02,0.0,0.0,0.0,0.0,0.0,0.0,-1.07375,0.3295,4.751,0.335125,0.0,-2.04625
2006-10-03,0.0,0.0,0.0,0.0,0.0,0.0,-1.07125,0.0,4.751,0.6044625,0.0,-2.0459375
2006-10-04,0.0,0.0,0.0,0.0,0.0,0.0,-1.0707499999999874,0.3385,4.75525,0.4753875,0.0,-2.0484375
2006-10-05,0.0,0.0,0.0,0.0,0.0,0.0,-1.072375,0.34035,4.75175,0.47626250000000003,0.0,-2.04640625
2006-10-06,0.0,0.0,0.0,0.0,0.0,0.0,-1.061625,0.34,4.747,0.4755625,0.0,-2.0428125
2006-10-09,0.0,0.0,0.0,0.0,0.0,0.0,-1.061625,0.34075,4.74525,0.4757375,0.0,-2.0428125
2006-10-10,0.0,0.0,0.0,0.0,0.0,0.0,-1.05375,0.34075,4.743,0.47626250000000003,0.0,-2.0403125
2006-10-11,0.0,-0.5945,0.0,0.0,0.0,0.0,-1.05375,0.3413,4.7415,0.6115499999999999,0.0,-2.0384375
2006-10-12,0.0,-0.5968,0.0,0.0,0.0,0.0,-1.0557499999999875,0.34655,4.7425,0.6168375,0.0,-2.03890625
2006-10-13,0.0,-0.603,0.0,0.0,0.0,0.0,-1.054125,0.34785,4.7405,0.618075,0.0,-2.03796875
2006-10-16,0.0,0.0,0.0,0.0,0.0,0.0,-1.058375,0.34825,4.7425,0.7568,0.0,-2.03859375
2006-10-17,0.0,0.0,0.0,0.0,0.0,0.0,-1.05975,0.34405,4.744,0.7544624999999999,0.0,-2.0390625
2006-10-18,0.0,0.0,0.0,0.0,0.0,0.0,-1.06,0.343,4.74425,0.68625,0.0,-4.0778125
2006-10-19,0.0,0.0,0.0,0.0,0.0,0.0,-1.0665,0.34455,4.743,0.687125,0.0,-4.0765625
2006-10-20,0.0,0.0,0.0,0.0,0.0,0.0,-1.0618750000000001,0.34375,4.743,0.6875,0.0,-4.07625
2006-10-23,0.0,0.0,0.0,0.0,0.0,0.0,-1.056,0.3469,4.7402500000000005,0.690375,0.0,-4.073125
2006-10-24,0.0,0.0,0.0,0.0,0.0,0.0,-1.056,0.34525,4.74125,0.692375,0.0,-4.073125
2006-10-25,0.0,0.0,0.0,0.0,0.0,0.0,-1.058375,0.3481,4.743,0.83355,0.0,-4.075625
2006-10-26,0.0,0.0,0.0,0.0,0.0,0.0,-1.06325,0.3506,4.747249999999999,0.9054500000000001,0.0,-4.0796875
2006-10-27,0.169125,0.0,0.0,0.0,0.0,0.0,-1.07025,0.3463,4.74925,0.8308499999999999,0.0,-4.0840625
2006-10-30,0.167,0.0,0.0,0.0,0.0,0.0,-1.07175,0.34735,4.7495,0.82995,0.0,-4.0834375
2006-10-31,0.163875,0.0,0.0,0.0,0.0,0.0,-1.0759999999999998,0.34855,4.752750000000001,0.82995,0.0,-4.088125
2006-11-01,0.168125,0.0,0.0,0.0,0.0,0.0,-1.0759999999999998,0.34385,4.7555,0.6865,0.0,-4.091875
2006-11-02,0.175,0.0,0.0,0.0,0.0,0.0,-1.0735,0.3433,4.7535,0.6170625,0.0,-4.09
2006-11-03,0.17475,0.0,0.0,0.0,0.0,0.0,-1.065625,0.34275,4.74675,0.615825,0.0,-4.0790625
2006-11-06,0.176875,0.0,0.0,0.0,0.0,0.0,-1.062875,0.34745,4.747,0.6226875,0.0,-4.07875
2006-11-07,0.178375,0.0,0.0,0.0,0.0,0.0,-1.067875,0.35035,4.75025,0.62505,0.0,-4.0821875
2006-11-08,0.179625,0.0,0.0,0.0,0.0,0.0,-1.067625,0.35235,4.75175,0.765325,0.0,-4.08375
2006-11-09,0.174125,0.0,0.0,0.0,0.0,0.0,-1.064875,0.3501,4.75225,0.7612,0.0,-4.0840625
2006-11-10,0.172375,0.0,0.0,0.0,0.0,0.0,-1.068,0.35165,4.75475,0.7616124999999999,0.0,-4.085
2006-11-13,0.17075,0.0,0.0,0.0,0.0,0.0,-1.0635,0.3547,4.75375,0.7634000000000001,0.0,-4.0828125
2006-11-14,0.172625,0.0,0.0,0.0,0.0,0.0,-1.0685,0.35925,4.75625,0.8386500000000001,0.0,-4.084375
2006-11-15,0.172125,0.0,0.0,0.0,0.0,0.0,-1.0636249999999998,0.36025,4.7535,0.910975,0.0,-4.079375
2006-11-16,0.170875,0.0,0.0,0.0,0.0,0.0,-1.062,0.7241,4.75175,0.77275,0.0,-4.0775
2006-11-17,0.169875,0.0,0.0,0.0,0.0,0.0,-1.065,0.7227,4.75575,0.7726124999999999,0.0,-4.0828125
2006-11-20,0.170625,0.0,0.0,0.0,0.0,0.0,-1.062625,0.7245,4.756,0.7728875000000001,0.0,-4.0828125
2006-11-21,0.17275,0.0,0.0,0.0,0.0,0.0,-1.0642500000000001,0.7262,4.7575,0.7734375,0.0,-4.0828125
2006-11-22,0.175625,0.0,0.0,0.0,0.0,0.0,-1.0736249999999998,0.7297,4.75875,0.774675,0.0,-4.0834375
2006-11-23,0.175625,0.0,0.0,0.0,0.0,0.0,-1.0795,0.7294,4.75775,0.8443499999999999,0.0,-4.0834375
2006-11-24,0.180625,0.0,0.0,0.0,0.0,0.0,-1.082,0.7281,4.75925,0.8418000000000001,0.0,-4.085
2006-11-27,0.3675,0.0,0.0,0.0,0.0,0.0,-1.0801249999999998,0.3558,4.7604999999999995,0.69175,0.0,-4.085
2006-11-28,0.36275,0.0,0.0,0.0,0.0,0.0,-1.0795,0.35645,4.7625,0.69425,0.0,-4.0875
2006-11-29,0.36075,0.0,0.0,0.0,0.0,0.0,-1.077375,0.35915,4.76125,0.701125,0.0,-4.095625
2006-11-30,0.362,0.0,0.0,0.0,0.0,0.0,0.0,0.35895,4.765250000000001,0.7015,0.0,-4.1
2006-12-01,0.36025,0.0,0.0,0.0,0.0,0.0,0.0,0.3564,4.7675,0.70025,0.0,-4.1078125
2006-12-04,0.35475,0.0,0.0,0.0,0.0,0.0,0.0,0.3607,4.76825,0.7053750000000001,0.0,-4.1078125
2006-12-05,0.3575,0.0,0.0,0.0,0.0,0.0,0.0,0.3616,4.768,0.708375,0.0,-4.1078125
2006-12-06,0.34925,0.0,0.0,0.0,0.0,0.0,0.0,0.36025,4.76475,0.707375,0.0,-4.1028125
2006-12-07,0.354,0.0,0.0,0.0,0.0,0.0,0.0,0.3553,4.76225,0.704375,0.0,-4.1025
2006-12-08,0.35025,0.0,0.0,0.0,0.0,0.0,0.0,0.3572,4.75925,0.705,0.0,-4.094375
2006-12-11,0.35125,0.0,0.0,0.0,0.0,0.0,0.0,0.35905,4.762,0.7072499999999999,0.0,-4.0953125
2006-12-12,0.35475,0.0,0.0,0.0,0.0,0.0,0.0,0.35625,4.76375,0.7063750000000001,0.0,-4.0990625
2006-12-13,0.3505,0.0,0.0,0.0,0.0,0.0,-1.0644999999999998,0.3614,4.76,0.8559,0.0,-4.0915625
2006-12-14,0.35825,0.0,0.0,0.0,0.0,0.0,-1.0609999999999875,0.3651,4.759,0.8629500000000001,0.0,-4.0896875
2006-12-15,0.361,0.0,0.0,0.0,0.0,0.0,-1.07125,0.3659,4.759,0.8629500000000001,0.0,-4.0896875
2006-12-18,0.36175,0.0,0.0,0.0,0.0,0.0,-1.0707499999999874,0.3622,4.75875,0.8608499999999999,0.0,-4.09
2006-12-19,0.3655,0.0,0.0,0.0,0.0,0.0,-1.071625,0.36065,4.75775,0.86175,0.0,-4.09
2006-12-20,0.365,0.0,0.0,0.0,0.0,0.0,-1.068875,0.35955,4.7565,0.8611500000000001,0.0,-4.09
2006-12-21,0.368,0.0,0.0,0.0,0.0,0.0,-1.06825,0.35705,4.7595,0.85785,0.0,-4.0940625
2006-12-22,0.371,0.0,0.0,0.0,0.0,0.0,-1.063,0.3528,4.7545,0.7101250000000001,0.0,-4.08875
2006-12-25,0.371,0.0,0.0,0.0,0.0,0.0,-1.063,0.3528,4.7545,0.7101250000000001,0.0,-4.08875
2006-12-26,0.3715,0.0,0.0,0.0,0.0,0.0,-1.06075,0.3547,4.756,0.714375,0.0,-4.0890625
2006-12-27,0.37125,0.0,0.0,0.0,0.0,0.0,-1.064375,0.35585,4.75325,0.7184999999999999,0.0,-4.084375
2006-12-28,0.37375,0.0,0.0,0.0,0.0,0.0,-1.0618750000000001,0.3549,4.75075,0.716875,0.0,-4.0821875
2006-12-29,0.37475,0.0,0.0,0.0,0.0,0.0,-1.0605,0.355,4.7505,0.71425,0.0,-4.080625
2007-01-01,0.37475,0.0,0.0,0.0,0.0,0.0,-1.0605,0.355,4.7505,0.71425,0.0,-4.080625
2007-01-02,0.37475,0.0,0.0,0.0,0.0,0.0,-1.0625000000000002,0.355,4.7515,0.71425,0.0,-4.0825
2007-01-03,0.362,-0.6399,0.0,0.0,0.0,0.0,-1.057875,0.3558,4.75325,0.712375,0.0,-4.0846875
2007-01-04,0.359,-0.6161,0.0,0.0,0.0,0.0,-1.059875,0.36245,4.756,0.7137499999999999,0.0,-4.088125
2007-01-05,0.36525,-0.6266,0.0,0.0,0.0,0.0,-1.063875,0.35945,4.7535,0.637425,0.0,-4.0853125
2007-01-08,0.36475,-0.6294,0.0,0.0,0.0,0.0,-1.062625,0.3607,4.754249999999999,0.6401249999999999,0.0,-4.083125
2007-01-09,0.358,-0.6251,0.0,0.0,0.0,0.0,-1.057,0.3621,4.754249999999999,0.639225,0.0,-4.0821875
2007-01-10,0.36,-0.6054,0.0,0.0,0.0,0.0,-1.054625,0.3669,4.7525,0.7122499999999999,0.0,-6.12140625
2007-01-11,0.3745,0.0,0.0,0.0,0.0,0.0,-1.0471249999999874,0.36995,4.74975,0.64395,0.0,-6.1157812499999995
2007-01-12,0.19725,0.0,0.0,0.0,0.0,0.0,-1.04725,0.37245,4.747249999999999,0.720375,0.0,-6.1134375
2007-01-15,0.19725,0.0,0.0,0.0,0.0,0.0,-1.04675,0.3732,4.747249999999999,0.72175,0.0,-6.1134375
2007-01-16,0.193875,0.0,0.0,0.0,0.0,0.0,-1.045,0.37115,4.74875,0.719375,0.0,-6.1148437499999995
2007-01-17,0.389,0.0,0.0,0.0,0.0,0.0,-1.044375,0.36825,4.746,0.8632500000000001,0.0,-6.110156249999999
2007-01-18,0.3915,0.0,0.0,0.0,0.0,0.0,-1.03925,0.3612,4.74925,0.85995,0.0,-6.112031249999999
2007-01-19,0.39075,0.0,0.0,0.0,0.0,0.0,-1.039,0.3613,4.749,0.86205,0.0,-6.10921875
2007-01-22,0.3965,0.0,0.0,0.0,0.0,0.0,-1.03575,0.35845,4.74975,0.78705,0.0,-6.1096875
2007-01-23,0.40275,0.0,0.0,0.0,0.0,0.0,-1.035375,0.3574,4.7475,0.789525,0.0,-6.1068750000000005
2007-01-24,0.39775,0.0,0.0,0.0,0.0,0.0,-1.041125,0.36305,4.74675,0.7954375,0.0,-6.10828125
2007-01-25,0.39925,0.0,0.0,0.0,0.0,0.0,-1.039375,0.35825,2.37125,0.5717,0.0,-6.10359375
2007-01-26,0.3985,0.0,0.0,0.0,0.0,0.0,-1.03525,0.35585,2.37075,0.571,0.0,-6.10265625
2007-01-29,0.3945,0.0,0.0,0.0,0.0,0.0,-1.0321249999999875,0.35735,2.3697500000000002,0.4991875,0.0,-6.10171875
2007-01-30,0.39775,0.0,0.0,0.0,0.0,0.0,-1.0345,0.35785,2.370625,0.5019,0.0,-6.1031249999999995
2007-01-31,0.39475,0.0,0.0,0.0,0.0,0.0,-1.042,0.3605,2.372375,0.50505,0.0,-6.1078125000000005
2007-02-01,0.3925,0.0,0.0,0.0,0.0,0.0,-1.04225,0.36065,2.371875,0.6528375000000001,0.0,-6.10546875
2007-02-02,0.39725,0.0,0.0,0.0,0.0,0.0,-1.0384999999999998,0.36145,2.37275,0.7265,0.0,-6.10734375
2007-02-05,0.395,0.0,0.0,0.0,0.0,0.0,-1.044875,0.3611,2.373375,0.7995625000000001,0.0,-6.10875
2007-02-06,0.3915,0.0,0.0,0.0,0.0,0.0,-1.046875,0.3607,2.374625,0.7992875,0.0,-6.11109375
2007-02-07,0.391,0.0,0.0,0.0,0.0,0.0,-1.041625,0.3646,2.375125,0.8734500000000001,0.0,-6.1134375
2007-02-08,0.3965,0.0,0.0,0.0,0.0,0.6628,-1.037875,0.36435,2.37525,0.9451,0.0,-6.1134375
2007-02-09,0.39925,0.0,0.0,0.0,0.0,0.6723,-1.032625,0.3585,2.3735,0.7936500000000001,0.0,-6.10921875
2007-02-12,0.3985,0.0,0.0,0.0,0.0,0.6673,-1.0305,0.3571,2.373,0.6471,0.0,-6.1068750000000005
2007-02-13,0.403,0.0,0.0,0.0,0.0,0.6685,-1.03625,0.3592,2.372625,0.6522749999999999,0.0,-6.1059375
2007-02-14,0.40125,0.0,0.0,0.0,0.0,0.672,-1.039625,0.36455,2.3755,0.656325,0.0,-6.114375
2007-02-15,0.4045,0.0,0.0,0.0,0.0,0.6714,-1.0514999999999999,0.3662,2.3760000000000003,0.72975,0.0,-6.118125000000001
2007-02-16,0.41325,0.0,0.0,0.0,0.0,0.6728,-1.0523749999999998,0.36545,2.3765,0.80245,0.0,-6.118125000000001
2007-02-19,0.41325,0.0,0.0,0.0,0.0,0.6728,-1.0485,0.3658,2.3765,0.8756999999999999,0.0,-6.118125000000001
2007-02-20,0.41325,0.0,0.0,0.0,0.0,0.661,-1.04575,0.36775,2.37675,0.87705,0.0,-6.1195312500000005
2007-02-21,0.423,0.0,0.0,0.0,0.0,0.0,-1.0376249999999998,0.3689,2.376125,1.1684,0.0,-6.11765625
2007-02-22,0.42775,0.0,0.0,0.0,0.0,0.683,-1.03175,0.37085,2.37525,1.0944375,0.0,-6.1134375
2007-02-23,0.42075,0.0,0.0,0.0,0.0,0.6867,-1.0358749999999999,0.369,2.3763750000000003,1.0903125,0.0,-6.11765625
2007-02-26,0.418,0.0,0.0,0.0,0.0,0.6898,-1.039625,0.36755,2.377375,1.01675,0.0,-6.122343750000001
2007-02-27,0.4095,0.0,0.0,0.0,0.0,0.6872,0.0,0.0,2.3802499999999998,0.3488125,0.0,-6.1392187499999995
2007-02-28,0.42,0.0,0.0,0.0,0.0,0.0,0.0,0.0,2.378375,0.2818,0.0,-6.14859375
2007-03-01,0.41325,0.0,0.0,0.0,0.0,0.0,0.0,0.0,2.37875,0.281,0.0,-6.14953125
2007-03-02,0.40675,0.0,0.0,0.0,0.0,0.0,0.0,0.0,2.37975,0.2078625,0.0,-6.155625
2007-03-05,0.40875,0.0,0.0,0.0,0.0,0.0,0.0,0.0,2.379625,0.137225,0.0,-6.1546875000000005
2007-03-06,0.4065,0.0,0.0,0.0,0.0,0.0,0.0,0.0,2.37925,0.13955,0.0,-6.15234375
2007-03-07,0.40925,0.0,0.0,0.0,0.0,0.0,0.0,0.0,2.38075,0.139325,0.0,-6.1565625
2007-03-08,0.41075,0.0,0.0,0.0,0.0,0.0,0.0,0.0,2.380125,0.140475,0.0,-6.1546875000000005
2007-03-09,0.40775,0.0,0.0,0.0,0.0,0.0,0.0,0.0,2.378,0.1405,0.0,-6.14109375
2007-03-12,0.40275,0.0,0.0,0.0,0.0,0.0,0.0,0.0,2.379,0.1407,0.0,-6.145312499999999
2007-03-13,0.40075,0.0,0.0,0.0,0.0,0.0,0.0,0.0,2.380875,0.1392,0.0,-6.157500000000001
2007-03-14,0.40175,0.0,0.0,0.0,0.0,0.0,0.0,0.0,2.38,0.140175,0.0,-6.155625
2007-03-15,0.3975,0.0,0.0,0.0,0.0,0.0,0.0,0.0,2.380375,0.14035,0.0,-6.151406249999999
2007-03-16,0.403,0.0,0.0,0.0,0.0,0.0,0.0,0.0,2.3798749999999997,0.1399,0.0,-6.14953125
2007-03-19,0.406,0.0,0.0,0.0,0.0,0.0,0.0,0.0,2.3795,0.141575,0.0,-6.145312499999999
2007-03-20,0.40925,0.0,0.0,0.0,0.0,0.0,0.0,0.0,2.379125,0.14235,0.0,-6.148125
2007-03-21,0.4095,0.0,0.0,0.0,0.0,0.0,0.0,0.0,2.3802499999999998,0.21675,0.0,-6.157031249999999
2007-03-22,0.4095,0.0,0.0,0.0,0.0,0.0,0.0,0.0,2.378875,0.21675,0.0,-6.15046875
2007-03-23,0.40975,0.0,0.0,0.0,0.0,0.0,0.0,0.0,2.377875,0.21705,0.0,-6.14671875
2007-03-26,0.40125,0.0,0.0,0.0,0.0,0.0,0.0,0.0,2.378375,0.28905,0.0,-6.15046875
2007-03-27,0.4015,0.0,0.0,0.0,0.0,0.0,0.0,0.0,2.37825,0.2881,0.0,-6.1499999999999995
2007-03-28,0.40075,0.0,0.0,0.0,0.0,0.0,0.0,0.0,2.37775,0.2859,0.0,-6.151875
2007-03-29,0.4035,0.0,0.0,0.0,0.0,0.0,0.0,0.0,2.377,0.2863,0.0,-6.148125
2007-03-30,0.19175,0.0,0.0,0.0,0.0,0.0,0.0,0.0,2.376875,0.2146875,0.0,-6.14671875
2007-04-02,0.18475,0.0,0.0,0.0,0.0,0.0,0.0,0.0,2.3771249999999995,0.2149875,0.0,-6.14671875
2007-04-03,0.18375,0.0,0.0,0.0,0.0,0.0,0.0,0.0,2.376625,0.28945,0.0,-6.1425
2007-04-04,0.19025,0.0,0.0,0.0,0.0,0.0,0.0,0.0,2.37675,0.36212500000000003,0.0,-6.14390625
2007-04-05,0.193375,0.0,0.0,0.0,0.0,0.6794,0.0,0.36565,2.37625,0.29055,0.0,-6.1420312500000005
2007-04-06,0.193375,0.0,0.0,0.0,0.0,0.6794,0.0,0.36565,2.3739999999999997,0.29055,0.0,-6.12890625
2007-04-09,0.19325,0.0,0.0,0.0,0.0,0.6769,0.0,0.3648,2.374125,0.2909,0.0,-6.129375
2007-04-10,0.19725,0.0,0.0,0.0,0.0,0.6815,0.0,0.3659,2.375,0.2912,0.0,-6.133593749999999
2007-04-11,0.193875,0.0,0.0,0.0,0.0,0.6817,0.0,0.36255,2.3745,0.2897,0.0,-6.1312500000000005
2007-04-12,0.193625,0.0,0.0,0.0,0.0,0.6797,0.0,0.36555,2.374375,0.2911,0.0,-6.13078125
2007-04-13,0.1975,0.0,0.0,0.0,0.0,0.6899,0.0,0.36635,2.3735,0.29225,0.0,-6.12609375
2007-04-16,0.195125,0.0,0.0,0.0,0.0,0.6945,0.0,0.36965,2.374375,0.36887499999999995,0.0,-6.127968749999999
2007-04-17,0.18975,0.0,0.0,0.0,0.0,0.6925,0.0,0.37045,2.3760000000000003,0.36975,0.0,-6.135
2007-04-18,0.19075,0.0,0.0,0.0,0.0,0.6933,0.0,0.36965,2.3771249999999995,0.444075,0.0,-6.1392187499999995
2007-04-19,0.19,0.0,0.0,0.0,0.0,0.6883,0.0,0.3698,2.37675,0.5180874999999999,0.0,-6.1392187499999995
2007-04-20,0.187375,0.0,0.0,0.0,0.0,0.6958,0.0,0.3725,2.37675,0.5972,0.0,-6.1392187499999995
2007-04-23,0.18425,0.0,0.0,0.0,0.0,0.6942,0.0,0.3726,2.3771249999999995,0.5953,0.0,-6.14109375
2007-04-24,0.0,0.0,0.0,0.0,0.0,0.6877,0.0,0.37405,2.378375,0.7442500000000001,0.0,-6.14484375
2007-04-25,0.0,0.0,0.0,0.0,0.0,0.6874,0.0,0.3788,2.37725,0.7503749999999999,0.0,-8.188125
2007-04-26,0.0,0.0,0.0,0.0,0.0,0.678,0.0,0.3812,2.375625,0.7513749999999999,0.0,-8.180625
2007-04-27,0.0,0.0,0.0,0.0,0.0,0.6818,0.0,0.38135,2.37575,0.751,0.0,-8.18
2007-04-30,0.0,0.0,0.0,0.0,0.0,0.6835,0.0,0.37585,2.377375,0.7442500000000001,0.0,-8.18875
2007-05-01,0.0,0.0,0.0,0.0,0.0,0.6773,0.0,0.37715,2.377375,0.746375,0.0,-8.18375
2007-05-02,0.0,0.0,0.0,0.0,0.0,0.6751,-1.046375,0.37975,2.37725,0.7505000000000001,0.0,-6.13734375
2007-05-03,0.0,0.0,0.0,0.0,0.0,0.6844,-1.04375,0.3813,2.37675,0.7541249999999999,0.0,-6.1303125000000005
2007-05-04,0.0,0.0,0.0,0.0,0.0,0.6897,-1.0462500000000001,0.7634,2.37775,0.6814125,0.0,-6.134062500000001
2007-05-07,0.0,0.0,0.0,0.0,0.0,0.6904,-1.046625,0.7627,2.377625,0.6814125,0.0,-6.133125
2007-05-08,0.0,0.0,0.0,0.0,0.0,0.6874,-1.047625,0.7622,2.377875,0.6805125,0.0,-6.134062500000001
2007-05-09,0.0,0.0,0.0,0.0,0.0,0.6825,-1.0464999999999998,0.7649,2.37725,0.681975,0.0,-6.127968749999999
2007-05-10,0.0,0.0,0.0,0.0,0.0,0.0,-1.0462500000000001,0.3773,4.755,0.749625,0.0,-6.13171875
2007-05-11,0.0,0.0,0.0,0.0,0.0,0.0,-1.04525,0.3821,4.7535,0.7561249999999999,0.0,-6.129375
2007-05-14,0.0,0.0,0.0,0.0,0.0,0.0,-1.043875,0.37925,4.752000000000001,0.754375,0.0,-6.12703125
2007-05-15,0.0,0.0,0.0,0.0,0.0,0.0,-1.044,0.3767,4.752000000000001,0.7542500000000001,0.0,-6.12609375
2007-05-16,0.0,0.0,0.0,0.0,0.0,0.0,-1.039625,0.38025,4.75125,0.7589999999999999,0.0,-6.12609375
2007-05-17,0.0,0.0,0.0,0.0,0.0,0.0,-1.03475,0.37805,4.74825,0.757625,0.0,-6.1209375
2007-05-18,0.0,0.0,0.0,0.0,0.0,0.0,-1.0355,0.38115,4.74475,0.764,0.0,-6.1171875
2007-05-21,0.0,0.0,0.0,0.0,0.0,0.0,-1.033,0.38325,4.74625,0.764,0.0,-6.118125000000001
2007-05-22,0.0,0.0,0.0,0.0,0.0,0.0,-1.032,0.38405,2.3725,0.9151499999999999,0.0,-6.1148437499999995
2007-05-23,0.0,0.0,0.0,0.0,0.0,0.0,-1.0308749999999876,0.38205,2.371125,0.9153,0.0,-6.114375
2007-05-24,0.0,0.0,0.0,0.0,0.0,0.0,-1.032625,0.3764,2.370625,0.8313250000000001,0.0,-6.11390625
2007-05-25,0.0,0.0,0.0,0.0,0.0,0.0,-1.029875,0.3786,2.37075,0.8344875,0.0,-6.11296875
2007-05-28,0.0,0.0,0.0,0.0,0.0,0.0,-1.0302499999999999,0.37885,2.37075,0.8350374999999999,0.0,-6.11296875
2007-05-29,0.0,0.0,0.0,0.0,0.0,0.0,-1.0311249999999998,0.3813,2.369375,0.837375,0.0,-6.10921875
2007-05-30,0.0,0.0,0.0,0.0,0.0,0.0,-1.0306250000000001,0.3845,2.3695,0.9204000000000001,0.0,-8.143125
2007-05-31,0.0,0.0,0.0,0.0,0.0,0.0,-1.02925,0.7729,2.368625,0.7665,0.0,-8.151875
2007-06-01,0.0,0.0,0.0,0.0,0.0,0.0,-1.02625,0.7729,2.3665,0.76975,0.0,-8.141875
2007-06-04,0.0,0.0,0.0,0.0,0.0,0.0,-1.0279999999999876,0.7747,2.36725,0.770125,0.0,-8.143125
2007-06-05,0.191375,0.0,0.0,0.0,0.0,0.0,-1.032,0.7744,2.3655,0.7668750000000001,0.0,-8.138125
2007-06-06,0.190625,0.0,0.0,0.0,0.0,0.0,-1.0345,0.3828,2.366125,0.7582500000000001,0.0,-8.143125
2007-06-07,0.19675,0.0,0.0,0.0,0.0,0.0,-1.033375,0.3765,2.3607500000000003,0.44677500000000003,0.0,-8.13375
2007-06-08,0.196125,0.0,0.0,0.0,0.0,0.0,-1.028375,0.3818,2.36125,0.45239999999999997,0.0,-8.13375
2007-06-11,0.203,0.0,0.0,0.0,0.0,0.0,-1.027125,0.3811,2.3603750000000003,0.45314999999999994,0.0,-8.135
2007-06-12,0.20275,0.0,0.0,0.0,0.0,0.0,-1.02725,0.37865,2.3565,0.37324999999999997,0.0,-8.124375
2007-06-13,0.2075,0.0,0.0,0.0,0.0,0.0,-1.020125,0.38745,0.0,0.30605,0.0,-6.091875
2007-06-14,0.20875,0.0,0.0,0.0,0.0,0.0,-1.016625,0.39025,0.0,0.3079,0.0,-6.09046875
2007-06-15,0.212125,0.0,0.0,0.0,0.0,0.0,-1.0245,0.39395,0.0,0.3869375,0.0,-6.0965625
2007-06-18,0.21175,0.0,0.0,0.0,0.0,0.0,-1.023125,0.3935,0.0,0.4638,0.0,-6.099375
2007-06-19,0.20175,0.0,0.0,0.0,0.0,0.0,-1.02475,0.3934,0.0,0.54215,0.0,-6.104531249999999
2007-06-20,0.203125,0.0,0.0,0.0,0.0,0.0,-1.023125,0.38955,0.0,0.53445,0.0,-6.100781250000001
2007-06-21,0.1995,0.0,0.0,0.0,0.0,0.0,-1.021875,0.39315,0.0,0.5375125,0.0,-6.100781250000001
2007-06-22,0.19075,0.0,0.0,0.0,0.0,0.0,-1.02025,0.3896,0.0,0.45614999999999994,0.0,-6.10546875
2007-06-25,0.0,0.0,0.0,0.0,0.0,0.0,-1.0219999999999998,0.3882,0.0,0.3027,0.0,-6.112031249999999
2007-06-26,0.0,0.0,0.0,0.0,0.0,0.0,-1.024875,0.3851,0.0,0.149775,0.0,-6.110156249999999
2007-06-27,0.0,0.0,0.0,0.0,0.0,0.0,-1.03175,0.3911,0.0,0.1519,0.0,-6.1134375
2007-06-28,0.0,0.0,0.0,0.0,0.0,0.0,-1.0250000000000001,0.39105,0.0,0.151725,0.0,-6.104531249999999
2007-06-29,0.0,0.0,0.0,0.0,0.0,0.0,-1.025125,0.3912,2.3625,0.15155,0.0,-6.1134375
2007-07-02,0.0,0.0,0.0,0.0,0.0,0.0,-1.031875,0.3944,2.3635,0.1531,0.0,-6.116249999999999
2007-07-03,0.0,0.0,0.0,0.0,0.0,0.0,-1.032,0.397,2.3625,0.30725,0.0,-6.1115625
2007-07-04,0.0,0.0,0.0,0.0,0.0,0.0,-1.02925,0.39755,2.3625,0.4617,0.0,-6.1115625
2007-07-05,0.0,0.0,0.0,0.0,0.0,0.0,-1.026875,0.3996,2.35925,0.46035000000000004,0.0,-6.1021875
2007-07-06,0.0,0.0,0.0,0.0,0.0,0.0,-1.022375,0.8036,2.35775,0.385625,0.0,-6.100312499999999
2007-07-09,0.0,0.0,0.0,0.0,0.0,0.0,-1.0225,0.8034,2.359125,0.385625,0.0,-6.1021875
2007-07-10,0.0,0.0,0.0,0.0,1.2662499999999999,0.0,-1.0334999999999999,0.3984,2.361875,0.38,0.0,-6.1148437499999995
2007-07-11,0.0,0.0,0.0,0.0,1.269125,0.0,-1.033375,0.4019,2.36,0.38275000000000003,0.0,-6.112500000000001
2007-07-12,0.0,0.0,0.0,0.0,1.2675625,0.0,-1.0295,0.40695,2.35925,0.3889375,0.0,-6.1068750000000005
2007-07-13,0.0,0.0,0.0,0.0,1.2705,0.0,-1.03275,0.8187,2.36,0.39,0.0,-6.10734375
2007-07-16,0.0,0.0,0.0,0.0,1.2716250000000002,0.0,-1.0345,0.8194,2.361375,0.46792500000000004,0.0,-4.075625
2007-07-17,0.0,0.0,0.0,0.0,1.2780625,0.0,-1.0295,0.8243,2.3607500000000003,0.46762500000000007,0.0,-4.0728125
2007-07-18,0.0,0.745,0.0,0.0,1.281875,0.0,-1.033625,0.8239,2.362,0.3886875,0.0,-4.0784375
2007-07-19,0.0,0.7507,0.0,0.0,1.2793750000000002,0.0,-1.03175,0.8262,2.3614999999999995,0.3899375,0.0,-4.076875
2007-07-20,0.0,0.7494,0.0,0.0,1.2839999999999998,0.0,-1.038375,0.8221,2.363,0.38625,0.0,-4.0825
2007-07-23,0.0,0.7437,0.0,0.0,1.2861875,0.0,-1.03775,0.8214,2.362875,0.38725000000000004,0.0,-4.0809375
2007-07-24,-0.163375,0.731,0.0,0.0,1.28825,0.0,-1.0456249999999998,0.4051,2.36375,0.3045,0.0,-4.0834375
2007-07-25,-0.163625,0.7477,0.0,0.0,1.282625,0.0,-1.0445,0.4053,2.364125,0.22871249999999999,0.0,-4.0859375
2007-07-26,-0.1665,0.0,0.0,0.0,1.2790625,0.0,-1.06075,0.4001,2.3670000000000004,0.1488,0.0,-2.05
2007-07-27,-0.16825,0.0,0.0,0.0,1.2641250000000002,0.0,-1.0592499999999876,0.3927,2.3666250000000004,0.0729,0.0,-2.04984375
2007-07-30,-0.17,0.0,0.0,0.0,1.2641875,0.0,-1.0588749999999998,0.39865,2.3655,0.0740375,0.0,-2.04875
2007-07-31,-0.171125,0.0,0.0,0.0,0.0,0.0,0.0,0.38915,2.3673749999999996,0.0731,0.0,-2.049375
2007-08-01,-0.168,0.0,0.0,0.0,0.0,0.0,0.0,0.3921,2.3666250000000004,0.0735,0.0,-2.04953125
2007-08-02,-0.170625,0.0,0.0,0.0,0.0,0.0,0.0,0.396,2.3675,0.0740875,0.0,-2.04859375
2007-08-03,-0.1715,0.0,0.0,0.0,0.0,0.0,0.0,0.0,2.3701250000000003,0.0,0.0,-4.1034375
2007-08-06,-0.1715,0.0,0.0,0.0,0.0,0.0,0.0,0.0,2.369875,0.0,0.0,-4.1003125
2007-08-07,-0.176,0.0,0.0,0.0,0.0,0.0,0.0,0.0,2.368875,0.0,0.0,-4.0971875
2007-08-08,-0.179,0.0,0.0,0.0,0.0,0.0,0.0,0.39985,2.36675,0.0,0.0,-4.09
2007-08-09,-0.174375,0.0,0.0,0.0,0.0,0.0,0.0,0.0,2.369125,0.0,0.0,-4.10125
2007-08-10,-0.17525,0.0,0.0,0.0,0.0,0.0,0.0,0.0,2.367125,0.0,0.0,-4.1021875
2007-08-13,-0.1745,0.0,0.0,0.0,0.0,0.0,0.0,0.0,2.368,0.0,0.0,-4.101875
2007-08-14,-0.1725,0.0,0.0,0.0,0.0,0.0,0.0,0.0,2.368375,0.0,0.0,-4.1071875
2007-08-15,-0.172625,0.0,0.0,0.0,0.0,0.0,0.0,0.0,2.369125,-0.070725,0.0,-4.1128125
2007-08-16,-0.1695,0.0,0.0,0.0,0.0,0.0,0.0,0.0,2.370625,-0.14245,0.0,-2.06265625
2007-08-17,-0.172875,0.0,0.0,0.0,0.0,0.0,0.0,0.0,2.371,-0.145,0.0,-2.0603125
2007-08-20,-0.174375,0.0,0.0,0.0,0.0,0.0,0.0,0.0,2.371375,-0.1449,0.0,-2.06265625
2007-08-21,-0.1775,0.0,0.0,0.0,0.0,0.0,0.0,0.0,2.373375,-0.145025,0.0,-2.06296875
2007-08-22,-0.182125,0.0,0.0,0.0,0.0,0.0,0.0,0.0,2.3728750000000005,-0.0734375,0.0,-2.05875
2007-08-23,-0.181,0.0,0.0,0.0,0.0,0.0,0.0,0.0,2.3728750000000005,-0.073325,0.0,-2.0584375
2007-08-24,-0.179375,0.0,0.0,0.0,0.0,0.0,0.0,0.0,2.373125,-0.074175,0.0,-2.05546875
2007-08-27,-0.1765,0.0,0.0,0.0,0.0,0.0,0.0,0.0,2.3745,-0.0734875,0.0,-2.056875
2007-08-28,-0.172375,0.0,0.0,0.0,0.0,0.0,0.0,0.0,2.3763750000000003,-0.0719125,0.0,-2.06265625
2007-08-29,-0.170125,0.0,0.0,0.0,0.0,0.0,0.0,0.0,2.374625,-0.073275,0.0,-2.06109375
2007-08-30,-0.169875,0.0,0.0,0.0,0.0,0.0,0.0,0.0,2.3763750000000003,-0.073075,0.0,-2.065
2007-08-31,-0.17,0.0,0.0,0.0,0.0,0.0,0.0,0.0,2.37625,-0.0738375,0.0,-2.0615625
2007-09-03,-0.17,0.0,0.0,0.0,0.0,0.0,0.0,0.0,2.37625,-0.073825,0.0,-2.0615625
2007-09-04,-0.176625,0.0,0.0,0.0,0.0,0.0,0.0,0.0,2.3763750000000003,0.074475,0.0,-2.06234375
2007-09-05,-0.172875,0.0,0.0,0.0,0.0,0.0,0.0,0.0,4.75775,0.0,0.0,-2.0671875
2007-09-06,-0.169625,0.0,0.0,0.0,0.0,0.0,0.0,0.0,4.756,0.073975,0.0,-2.06546875
2007-09-07,-0.17375,0.0,0.0,0.0,0.0,0.0,0.0,0.0,4.7655,0.0729875,0.0,-2.07203125
2007-09-10,-0.173,0.0,0.0,0.0,0.0,0.0,0.0,0.0,4.76875,0.0727625,0.0,-2.07421875
2007-09-11,-0.170625,0.0,0.0,0.0,0.0,0.7144,0.0,0.0,4.765999999999999,-0.0736375,0.0,-2.0703125
2007-09-12,-0.17825,0.0,0.0,0.0,0.0,0.714,0.0,0.0,4.7635,-0.074475,0.0,-2.06984375
2007-09-13,-0.173375,0.0,0.0,0.0,0.0,0.7112,0.0,0.0,4.75925,-0.0749,0.0,-2.0665625
2007-09-14,-0.1745,0.0,0.0,0.0,0.0,0.7111,0.0,0.0,4.75825,0.0,0.0,-2.06796875
2007-09-17,-0.176125,0.0,0.0,0.0,0.0,0.7171,0.0,0.0,4.75675,0.0,0.0,-2.066875
2007-09-18,-0.176125,0.0,0.0,0.0,0.0,0.717,0.0,0.0,4.76025,0.07665,0.0,-2.06984375
2007-09-19,-0.179125,0.0,0.0,0.0,0.0,0.723,0.0,0.4128,4.754,0.077075,0.0,0.0
2007-09-20,0.0,0.8064,0.0,0.0,0.0,0.7332,0.0,0.41155,2.3705,0.0,0.0,0.0
2007-09-21,0.0,0.8064,0.0,0.0,0.0,0.7321,0.0,0.4137,2.3728750000000005,0.0,0.0,0.0
2007-09-24,0.0,0.8015,0.0,0.0,0.0,0.7325,0.0,0.41595,2.372625,0.0,0.0,0.0
2007-09-25,0.0,0.7861,0.0,0.0,0.0,0.732,0.0,0.4195,2.373125,0.0,0.0,0.0
2007-09-26,0.0,0.7886,0.0,0.0,0.0,0.7286,0.0,0.4219,2.373125,0.0768125,0.0,0.0
2007-09-27,0.0,0.8151,0.0,0.0,0.0,0.7327,0.0,0.42435,2.375,0.15445,0.0,0.0
2007-09-28,0.0,0.8048,0.0,0.0,0.0,0.7428,0.0,0.4228,2.375125,0.1538,0.0,0.0
2007-10-01,0.0,0.0,0.0,0.0,0.0,0.7541,0.0,0.42705,2.374875,0.38912500000000005,1.0934375,0.0
2007-10-02,0.0,0.0,0.0,0.0,0.0,0.7363,0.0,0.4271,2.37625,0.388625,1.09609375,0.0
2007-10-03,0.0,0.0,0.0,0.0,0.0,0.7357,0.0,0.42415,2.375875,0.38768749999999996,1.0946875,0.0
2007-10-04,0.0,0.0,0.0,0.0,0.0,0.7438,0.0,0.4246,2.375875,0.3880625,1.09625,0.0
2007-10-05,0.0,0.0,0.0,0.0,0.0,0.7472,0.0,0.43415,2.37225,0.39268749999999997,1.08765625,0.0
2007-10-08,-0.169875,0.0,0.0,0.0,0.0,0.7387,0.0,0.43605,2.37225,0.468825,1.08765625,0.0
2007-10-09,-0.17125,0.0,0.0,0.0,0.0,0.7431,0.0,0.43885,2.372,0.47287499999999993,1.08671875,0.0
2007-10-10,-0.173625,0.0,0.0,0.0,0.0,0.746,0.0,0.4393,2.372375,0.471975,1.08703125,0.0
2007-10-11,-0.171875,0.0,0.0,0.0,0.0,0.7567,0.0,0.43335,2.3725,0.46957499999999996,1.0865625,0.0
2007-10-12,-0.1755,0.0,0.0,0.0,0.0,0.7538,0.0,0.43985,2.3715,0.47235000000000005,1.0846875,0.0
2007-10-15,-0.181,0.0,0.0,0.0,0.0,0.7622,0.0,0.43615,2.371875,0.468075,1.08625,0.0
2007-10-16,-0.18025,0.0,0.0,0.0,0.0,0.762,0.0,0.43525,2.373,0.46425,1.08796875,0.0
2007-10-17,-0.179,0.0,0.0,0.0,0.0,0.7623,0.0,0.43935,2.3755,0.46575,1.095625,0.0
2007-10-18,-0.206625,0.0,0.0,0.0,0.0,0.7687,0.0,0.4412,2.376625,0.3866875,1.09890625,0.0
2007-10-19,-0.207625,0.0,0.0,0.0,0.0,0.7684,0.0,0.42995,2.3795,0.22586249999999997,1.105625,0.0
2007-10-22,-0.205625,0.0,0.0,0.0,0.0,0.76,0.0,0.43435,2.379375,0.15135,1.1053125,0.0
2007-10-23,-0.205,0.0,0.0,0.0,0.0,0.7631,0.0,0.4424,2.379625,0.15255,1.10515625,0.0
2007-10-24,-0.20225,0.0,0.0,0.0,0.0,0.7656,0.0,0.4406,2.381625,0.152525,1.1103125,0.0
2007-10-25,-0.207625,0.0,0.0,0.0,0.0,0.771,0.0,0.43865,2.380875,0.1525,1.10859375,0.0
2007-10-26,-0.209875,0.0,0.0,0.0,0.0,0.7875,0.0,0.44145,2.379,0.15425,1.10640625,0.0
2007-10-29,0.0,0.0,0.0,0.0,0.0,0.7926,0.0,0.4431,2.378875,0.23205,1.1065625,0.0
2007-10-30,0.0,0.0,0.0,0.0,0.0,0.7878,0.0,0.44355,2.379,0.2304,1.1065625,0.0
2007-10-31,0.0,0.0,0.0,0.0,0.0,0.7953,0.0,0.4505,2.3765,0.311,1.10015625,0.0
2007-11-01,0.0,0.0,0.0,0.0,0.0,0.7937,0.0,0.4431,2.379375,0.30315,1.10015625,0.0
2007-11-02,0.0,0.0,0.0,0.0,0.0,0.8085,0.0,0.4447,2.381125,0.227625,1.1134375,0.0
2007-11-05,0.0,0.0,0.0,0.0,0.0,0.8108,0.0,0.44255,2.3798749999999997,0.15055,1.1115625,0.0
2007-11-06,0.0,0.0,0.0,0.0,0.0,0.8234,0.0,0.4467,2.378375,0.1525,1.10875,0.0
2007-11-07,0.0,0.0,0.0,0.0,0.0,0.8335,0.0,0.4362,2.378625,0.0,1.11171875,0.0
2007-11-08,0.0,0.0,0.0,0.0,0.0,0.8375,0.0,0.0,2.380125,0.0,1.11625,0.0
2007-11-09,0.0,0.0,0.0,0.0,0.0,0.8347,0.0,0.0,2.3815,0.0,1.11984375,0.0
2007-11-12,0.0,0.0,0.0,0.0,0.0,0.8077,0.0,0.0,2.3815,0.0,1.11984375,0.0
2007-11-13,0.0,0.0,0.0,0.0,0.0,0.799,0.0,0.0,2.380625,0.0,1.1171875,0.0
2007-11-14,0.0,0.0,0.0,0.0,0.0,0.8147,0.0,0.0,2.3805,0.0,1.1159375,0.0
2007-11-15,0.0,0.0,0.0,0.0,0.0,0.7873,0.0,0.0,2.38375,0.0,1.12375,0.0
2007-11-16,0.0,0.0,0.0,0.0,0.0,0.787,0.0,0.0,2.383875,-0.0730125,1.12453125,0.0
2007-11-19,0.0,0.0,0.0,0.0,0.0,0.778,0.0,0.0,2.385625,-0.071875,1.13015625,0.0
2007-11-20,0.0,0.0,0.0,0.0,0.0,0.7914,0.0,0.0,2.385,-0.1447,1.1315625,0.0
2007-11-21,0.0,0.0,1.856125,0.0,0.0,0.0,0.0,0.0,2.386,-0.21266250000000003,1.13390625,0.0
2007-11-22,0.0,0.0,1.856125,0.0,0.0,0.0,0.0,0.0,2.386,-0.2138625,1.13390625,0.0
2007-11-23,0.0,0.0,1.85475,0.0,0.0,0.0,0.0,0.0,2.387375,-0.2163,1.13453125,0.0
2007-11-26,0.0,0.0,1.859,0.0,0.0,0.0,0.0,0.0,2.393,-0.2113875,1.1459375,0.0
2007-11-27,0.0,0.0,1.8565,0.0,0.0,0.0,0.0,0.0,2.391,-0.213975,1.13953125,0.0
2007-11-28,0.0,0.0,1.858,0.0,0.0,0.0,0.0,0.0,2.389375,-0.14705,1.1271875,0.0
2007-11-29,0.0,0.0,0.0,0.0,0.0,0.8023,0.0,0.0,2.3916250000000003,-0.14715,1.13265625,0.0
2007-11-30,0.0,0.0,0.0,0.0,0.0,0.7891,0.0,0.0,2.3920000000000003,-0.148375,1.13203125,0.0
2007-12-03,0.0,0.0,0.0,0.0,0.0,0.0,0.0,0.0,2.39475,0.0,1.13890625,0.0
2007-12-04,0.0,0.0,0.0,0.0,0.0,0.0,0.0,0.0,2.394375,0.0,1.139375,0.0
2007-12-05,0.0,0.0,0.0,0.0,0.0,0.0,0.0,0.0,2.394625,0.0,1.139375,0.0
2007-12-06,0.0,0.0,0.0,0.0,0.0,0.8071,0.0,0.0,2.39225,0.0,1.13390625,2.1021875
2007-12-07,0.0,0.0,0.0,0.0,0.0,0.8002,0.0,0.0,2.387375,0.0,1.125625,2.09734375
2007-12-10,0.0,0.0,0.0,0.0,0.0,0.8135,0.0,0.0,2.385875,0.0,1.12375,2.09625
2007-12-11,0.0,0.0,0.0,0.0,0.0,0.8171,0.0,0.0,2.390375,0.0,1.13609375,2.1034375
2007-12-12,0.0,0.0,0.0,0.0,0.0,0.8188,0.0,0.0,2.3895,0.0,1.12953125,2.09875
2007-12-13,0.0,0.0,0.0,0.0,0.0,0.804,0.0,0.0,2.387625,0.0,1.12390625,2.09578125
2007-12-14,0.22525,0.0,0.0,0.0,0.0,0.0,0.0,0.0,2.384875,-0.073925,1.11953125,0.0
2007-12-17,0.22525,0.0,0.0,0.0,0.0,0.0,0.0,0.0,2.38625,-0.0728375,1.123125,0.0
2007-12-18,0.224125,0.0,0.0,0.0,0.0,0.0,0.0,0.0,2.388875,-0.073325,1.12828125,0.0
2007-12-19,0.226,0.0,0.0,0.0,0.0,0.0,0.0,0.0,2.388625,-0.07325,1.13203125,0.0
2007-12-20,0.22725,0.0,0.0,0.0,0.0,0.0,0.0,0.0,2.3896249999999997,-0.0737375,1.13515625,0.0
2007-12-21,0.23125,0.0,0.0,0.0,0.0,0.8154,0.0,0.0,2.385125,-0.0749,1.124375,0.0
2007-12-24,0.23125,0.0,0.0,0.0,0.0,0.8165,0.0,0.0,2.3829999999999996,-0.075325,1.1209375,0.0
2007-12-25,0.23125,0.0,0.0,0.0,0.0,0.8165,0.0,0.0,2.3829999999999996,-0.075325,1.1209375,0.0
2007-12-26,0.235,0.0,0.0,0.0,0.0,0.8295,0.0,0.0,2.381125,0.0,1.1159375,0.0
2007-12-27,0.23725,0.0,0.0,0.0,0.0,0.8318,0.0,0.0,2.38275,0.0,1.1221875,0.0
2007-12-28,0.2365,0.0,0.0,0.0,0.0,0.8427,0.0,0.0,2.3865,0.0,1.1290625,0.0
2007-12-31,0.23675,0.0,0.0,0.0,0.0,0.838,0.0,0.0,2.388625,0.0,1.13390625,0.0
2008-01-01,0.23675,0.0,0.0,0.0,0.0,0.838,0.0,0.0,2.388625,0.0,1.13390625,0.0
2008-01-02,0.240125,0.0,0.0,0.0,0.0,0.86,0.0,0.0,2.3925,-0.072925,1.14390625,0.0
2008-01-03,0.242875,0.0,0.0,0.0,0.0,0.8691,0.0,0.0,2.392875,-0.145875,1.1434375,0.0
2008-01-04,0.243375,0.0,0.0,0.0,0.0,0.8657,0.0,0.0,2.39575,-0.21345000000000003,1.14984375,2.1159375
2008-01-07,0.242875,0.0,0.0,0.0,0.0,0.862,0.0,0.0,2.396625,-0.213225,1.1515625,2.114375
2008-01-08,0.248,0.0,0.0,0.0,0.0,0.8803,0.0,0.0,2.39725,-0.20955,1.1515625,2.114375
2008-01-09,0.2475,0.0,0.0,0.0,0.0,0.8817,0.0,0.0,2.3985,-0.211725,1.1546875,2.1178125
2008-01-10,0.246625,0.0,0.0,0.0,0.0,0.8936,0.0,0.0,2.396625,-0.21315,1.148125,2.11703125
2008-01-11,0.256625,0.0,0.0,0.0,0.0,0.8977,0.0,0.0,2.3989999999999996,-0.28155,1.154375,2.12125
2008-01-14,0.26525,0.0,0.0,0.0,0.0,0.9034,0.0,0.0,2.399125,-0.28405,1.155,2.1215625
2008-01-15,0.2645,0.0,0.0,0.0,0.0,0.9026,0.0,-0.3824,2.402125,-0.1388,1.1609375,2.1228125
2008-01-16,0.260625,0.0,0.0,0.0,0.0,0.882,0.0,-0.3762,2.4013750000000003,-0.1376,1.1603125,2.12375
2008-01-17,0.2605,0.0,0.0,0.0,0.0,0.8805,0.0,-0.3712,2.403375,-0.133975,1.16546875,2.12609375
2008-01-18,0.2575,0.0,0.0,0.0,0.0,0.8817,0.0,-0.3699,2.40375,-0.1987875,1.16671875,2.1290625
2008-01-21,0.2575,0.0,0.0,0.0,0.0,0.8817,0.0,-0.3548,2.40375,-0.189825,1.16671875,2.1290625
2008-01-22,0.252,0.0,0.0,0.0,0.0,0.8903,0.0,-0.3602,2.4083749999999995,-0.19638750000000002,1.17828125,2.13546875
2008-01-23,0.242,0.0,0.0,0.0,0.0,0.8831,0.0,-0.3616,2.409875,-0.20130000000000003,1.18203125,2.1384375
2008-01-24,0.25125,0.0,0.0,0.0,0.0,0.9058,0.0,0.0,2.402125,-0.33806250000000004,1.16671875,2.12953125
2008-01-25,0.254875,0.0,0.0,0.0,0.0,0.9107,0.0,-0.3587,2.4035,-0.1334,1.17046875,2.130625
2008-01-28,0.25525,0.0,0.0,0.0,0.0,0.9271,0.0,-0.36205,2.40325,-0.13545,1.17,2.1309375
2008-01-29,0.255375,0.0,0.0,0.0,0.0,0.9251,0.0,-0.3624,2.402125,-0.1362,1.1653125,2.1284375
2008-01-30,0.255,0.0,0.0,0.0,0.0,0.9263,0.0,-0.3623,2.3986249999999996,-0.13505,1.16,2.12828125
2008-01-31,0.257875,0.0,0.0,0.0,0.0,0.928,0.0,0.0,2.40125,-0.20692499999999997,1.1671875,2.1321875
2008-02-01,0.2595,0.0,0.0,0.0,0.0,0.9135,0.0,0.0,2.4025,-0.20955,1.17046875,2.13515625
2008-02-04,0.2665,0.0,0.0,0.0,0.0,0.9094,0.0,-0.36535,2.401625,-0.0689375,1.168125,2.13671875
2008-02-05,0.26625,0.0,0.0,0.0,0.0,0.8903,0.0,-0.357,2.403,-0.0671625,1.174375,2.140625
2008-02-06,0.262875,0.0,0.0,0.0,0.0,0.905,0.0,-0.34965,2.4025,-0.133,1.173125,2.1396875
2008-02-07,0.26125,0.0,0.0,0.0,0.0,0.91,0.0,-0.3534,2.39875,-0.134025,1.1653125,2.13859375
2008-02-08,0.265,0.0,0.0,0.0,0.0,0.9223,0.0,-0.3553,2.4,-0.133025,1.17078125,2.1409375
2008-02-11,0.262625,0.0,0.0,0.0,0.0,0.9267,0.0,-0.35945,2.4010000000000002,-0.133825,1.17328125,2.14203125
2008-02-12,0.260125,0.0,0.0,0.0,0.0,0.9111,0.0,-0.358,2.3986249999999996,-0.134975,1.16890625,2.14109375
2008-02-13,0.259625,0.0,0.0,0.0,0.0,0.9102,0.0,-0.36405,2.3986249999999996,-0.136375,1.16984375,2.14375
2008-02-14,0.266125,0.0,0.0,0.0,0.0,0.9108,0.0,-0.35885,2.394125,-0.1351,1.16234375,2.1434375
2008-02-15,0.269,0.0,0.0,0.0,0.0,0.9061,0.0,-0.3573,2.393875,-0.135125,1.164375,2.1428125
2008-02-18,0.269,0.0,0.0,0.0,0.0,0.9061,0.0,-0.36395,2.393875,-0.1368,1.164375,2.1428125
2008-02-19,0.2725,0.0,0.0,0.0,0.0,0.9298,0.0,-0.3563,2.38975,-0.13555,1.15625,2.1375
2008-02-20,0.274,0.0,0.0,0.0,0.0,0.9378,0.0,-0.35785,2.388625,-0.1359,1.15296875,2.13328125
2008-02-21,0.2765,0.0,0.0,0.0,0.0,0.9492,0.0,-0.3552,2.39425,-0.1347,1.16484375,2.139375
2008-02-22,0.275125,0.0,0.0,0.0,0.0,0.9478,0.0,-0.3562,2.393125,-0.13555,1.165,2.13984375
2008-02-25,0.278625,0.0,0.0,0.0,0.0,0.9405,0.0,-0.3571,2.390125,-0.13715,1.15625,2.13515625
2008-02-26,0.27825,0.0,0.0,0.0,0.0,0.9489,0.0,-0.35935,2.392125,-0.138275,1.15953125,2.13796875
2008-02-27,0.27675,0.0,0.0,0.0,0.0,0.961,0.0,-0.36005,2.393,-0.13805,1.14671875,2.13875
2008-02-28,0.28275,0.0,0.0,0.0,0.0,0.9675,0.0,-0.35685,2.397,-0.136575,1.15765625,2.139375
2008-02-29,0.282375,0.0,0.0,0.0,0.0,0.975,0.0,-0.34965,2.40325,-0.133125,1.1728125,2.14921875
2008-03-03,0.288,0.0,0.0,0.0,0.0,0.9842,0.0,-0.34735,2.403125,-0.1332,1.17203125,2.1503125
2008-03-04,0.283625,0.0,0.0,0.0,0.0,0.9842,0.0,-0.3485,2.403125,-0.1327,1.17203125,2.1503125
2008-03-05,0.288625,0.0,0.0,0.0,0.0,0.9885,0.0,-0.3519,2.39625,-0.13355,1.16390625,2.14671875
2008-03-06,0.289625,0.0,0.0,0.0,0.0,0.9771,0.0,-0.34285,2.3954999999999997,-0.1308,1.16765625,2.1475
2008-03-07,0.279625,0.0,0.0,0.0,0.0,0.9742,0.0,-0.34175,2.3978750000000004,-0.1939125,1.17484375,2.15
2008-03-10,0.2895,0.0,0.0,0.0,0.0,0.9718,0.0,-0.33535,2.399875,-0.2551,1.18234375,2.15125
2008-03-11,0.29275,0.0,0.0,0.0,0.0,0.976,0.0,-0.3501,2.397125,-0.1986,1.16890625,2.14359375
2008-03-12,0.2895,0.0,0.0,0.0,0.0,0.9805,0.0,-0.3484,2.40125,-0.19672499999999998,1.1790625,2.14703125
2008-03-13,0.291625,0.0,0.0,0.0,0.0,0.9938,0.0,-0.35115,2.4010000000000002,-0.131525,1.178125,2.146875
2008-03-14,0.2875,0.0,0.0,0.0,0.0,0.9995,0.0,-0.3449,2.4041250000000005,-0.1293,1.1909375,2.1534375
2008-03-17,0.2775,0.0,0.0,0.0,0.0,1.0026,0.0,-0.33905,2.41025,-0.12795,1.19828125,2.15515625
2008-03-18,0.280625,0.0,0.0,0.0,0.0,1.0043,0.0,0.0,2.405875,-0.2001,1.18921875,2.14703125
2008-03-19,0.270625,0.0,0.0,0.0,0.0,0.0,0.0,0.0,2.4041250000000005,-0.19492500000000001,1.19625,2.14859375
2008-03-20,0.260625,0.0,0.0,0.0,0.0,0.0,0.0,0.0,2.403875,-0.19871250000000001,1.19828125,2.145
2008-03-21,0.260625,0.0,0.0,0.0,0.0,0.0,0.0,0.0,2.403875,-0.19871250000000001,1.19828125,2.145
2008-03-24,0.269875,0.0,0.0,0.0,0.0,0.0,0.0,0.0,2.3978750000000004,-0.202725,1.1821875,2.135625
2008-03-25,0.279875,0.0,0.0,0.0,0.0,0.0,0.0,0.0,2.39775,-0.202725,1.1853125,2.1384375
2008-03-26,0.28425,0.0,0.0,0.0,0.0,0.0,0.0,0.0,2.3982500000000004,-0.200325,1.1865625,2.141875
2008-03-27,0.28425,0.0,0.0,0.0,0.0,0.0,0.0,0.0,2.396375,-0.19946250000000001,1.18359375,2.14265625
2008-03-28,0.288375,0.0,0.0,0.0,0.0,0.0,0.0,0.0,2.398125,-0.19784999999999997,1.18703125,2.14546875
2008-03-31,0.2905,0.0,0.0,0.0,0.0,0.0,0.0,0.0,4.8015,-0.1324,1.18953125,2.1465625
2008-04-01,0.2965,0.0,0.0,0.0,0.0,0.0,0.0,0.0,4.79375,-0.13705,1.1771875,2.14078125
2008-04-02,0.3015,0.0,0.0,0.0,0.0,0.0,0.0,0.0,4.789,-0.06855,1.17421875,2.13734375
2008-04-03,0.305125,0.0,0.0,0.0,0.0,0.0,0.0,0.0,4.78775,-0.068675,1.17421875,2.136875
2008-04-04,0.304375,0.0,0.0,0.0,0.0,0.0,0.0,0.0,4.797999999999999,-0.0686,1.183125,2.14015625
2008-04-07,0.30175,0.0,0.0,0.0,0.0,0.0,0.0,0.0,4.7945,-0.0686125,1.17484375,2.13625
2008-04-08,0.30175,0.0,0.0,0.0,0.0,0.0,0.0,0.0,4.794,-0.06855,1.1746875,2.139375
2008-04-09,0.31,0.0,0.0,0.0,0.0,0.0,0.0,0.0,4.79925,-0.0680125,1.181875,2.14453125
2008-04-10,0.305625,0.0,0.0,0.0,0.0,0.0,0.0,0.0,4.796500000000001,-0.06815,1.17546875,2.14125
2008-04-11,0.302,0.0,0.0,0.0,0.0,0.0,0.0,0.0,4.80075,-0.066775,1.18203125,2.145
2008-04-14,0.306625,0.0,0.0,0.0,0.0,0.0,0.0,0.0,4.79825,-0.0665625,1.17921875,2.144375
2008-04-15,0.312625,0.0,0.0,0.0,0.0,0.0,0.0,0.0,4.7925,-0.0668,1.1740625,2.14125
2008-04-16,0.312875,0.0,0.0,0.0,0.0,0.0,0.0,0.0,4.78275,-0.06855,1.1659375,2.13546875
2008-04-17,0.313,0.0,0.0,0.0,0.0,0.0,0.0,0.0,4.7825,-0.0686125,1.16359375,2.1303125
2008-04-18,0.311375,0.0,0.0,0.0,0.0,0.0,0.0,0.0,4.783250000000001,-0.0694,1.16140625,2.12796875
2008-04-21,0.302625,0.0,0.0,0.0,0.0,0.0,0.0,0.0,4.7865,-0.0694125,1.16390625,2.12859375
2008-04-22,0.3095,0.0,0.0,0.0,0.0,0.0,0.0,0.0,4.787,-0.0690375,1.1625,2.126875
2008-04-23,0.30625,0.0,0.0,0.0,0.0,0.0,0.0,0.0,4.78675,-0.068925,1.16078125,2.12734375
2008-04-24,0.301,0.0,0.0,0.0,0.0,0.0,0.0,0.0,4.78,0.0693,1.153125,2.12046875
2008-04-25,0.303375,0.0,0.0,0.0,0.0,0.0,0.0,0.0,4.778499999999999,0.1397,1.150625,2.12015625
2008-04-28,0.315125,0.0,0.0,0.0,0.0,0.0,0.0,0.0,4.781,0.13975,1.1534375,2.12234375
2008-04-29,0.311,0.0,0.0,0.0,0.0,0.0,0.0,0.0,4.782,0.1391,1.15390625,2.12296875
2008-04-30,0.314125,0.0,0.0,0.0,0.0,0.0,0.0,0.0,4.785,0.069225,1.158125,2.126875
2008-05-01,0.314125,0.0,0.0,0.0,0.0,0.0,0.0,0.0,4.785,0.070575,1.15734375,2.126875
2008-05-02,0.31475,0.0,0.0,0.0,0.0,0.0,0.0,0.0,4.781,0.141575,1.1496875,2.11984375
2008-05-05,0.306375,0.0,0.0,0.0,0.0,0.0,0.0,0.0,4.78175,0.140825,1.15078125,2.12125
2008-05-06,0.31175,0.0,0.0,0.0,0.0,0.0,0.0,0.0,4.778499999999999,0.142075,1.1484375,2.1228125
2008-05-07,0.31525,0.0,0.0,0.0,0.0,0.0,0.0,0.0,4.77975,0.139525,1.15109375,2.12453125
2008-05-08,0.323125,0.0,0.0,0.0,0.0,0.0,0.0,0.0,4.785499999999999,0.0696,1.15796875,2.12734375
2008-05-09,0.325,0.0,0.0,0.0,0.0,0.0,0.0,0.0,4.78725,0.06945,1.160625,2.12828125
2008-05-12,0.318875,0.0,0.0,0.0,0.0,0.0,0.0,0.0,4.787,0.0702375,1.1603125,2.12578125
2008-05-13,0.3155,0.0,0.0,0.0,0.0,0.0,0.0,0.0,4.77625,0.0702375,1.14921875,2.11828125
2008-05-14,0.31025,0.0,0.0,0.0,0.0,0.0,0.0,0.0,4.7735,0.0703875,1.145625,2.1159375
2008-05-15,0.31125,0.0,0.0,0.0,0.0,0.0,0.0,0.0,4.78225,0.14245,1.1528125,2.1196875
2008-05-16,0.308375,0.0,0.0,0.0,0.0,0.0,0.0,0.0,4.7825,0.2138625,1.1521875,2.1203125
2008-05-19,0.3065,0.0,0.0,0.0,0.0,0.0,0.0,0.0,4.7835,0.2144625,1.1540625,2.1221875
2008-05-20,0.308,0.0,0.0,0.0,0.0,0.0,0.0,0.0,4.78625,0.21255,1.1596875,2.1259375
2008-05-21,0.31675,0.0,0.0,0.0,0.0,0.0,0.0,0.0,4.783,0.2089125,1.15640625,2.12234375
2008-05-22,0.311625,0.0,0.0,0.0,0.0,0.0,0.0,0.0,4.775,0.0696625,1.14734375,2.11734375
2008-05-23,0.313625,0.0,0.0,0.0,0.0,0.0,0.0,0.0,4.778499999999999,0.068675,1.15515625,2.12296875
2008-05-26,0.313625,0.0,0.0,0.0,0.0,0.0,0.0,0.0,4.778499999999999,0.0687375,1.15515625,2.12296875
2008-05-27,0.31275,0.0,0.0,0.0,0.0,0.0,0.0,0.0,4.772,0.0692375,1.148125,2.12046875
2008-05-28,0.30975,0.0,0.0,0.0,0.0,0.0,0.0,0.0,4.7665,0.069575,1.14125,2.1165625
2008-05-29,0.30475,0.0,0.0,0.0,0.0,0.0,0.0,0.0,4.761,0.0698875,1.1215625,2.115625
2008-05-30,0.31325,0.0,0.0,0.0,0.0,0.0,0.0,0.0,4.76175,0.070025,1.1240625,2.10625
2008-06-02,0.321625,0.0,0.0,0.0,0.0,0.0,0.0,0.0,4.76775,0.069275,1.13296875,2.11171875
2008-06-03,0.318125,0.0,0.0,0.0,0.0,0.0,0.0,0.0,4.77325,0.068925,1.14140625,2.115625
2008-06-04,0.3215,0.0,0.0,0.0,0.0,0.0,0.0,0.0,4.76975,0.068875,1.13921875,2.115625
2008-06-05,0.335375,0.0,0.0,0.0,0.0,0.0,0.0,0.41125,4.76075,-0.0702625,1.1325,2.11328125
2008-06-06,0.338875,0.0,0.0,0.0,0.0,0.0,0.0,0.0,4.76375,0.0,1.14,2.116875
2008-06-09,0.342625,0.0,0.0,0.0,0.0,0.0,0.0,0.0,4.75675,0.0,1.1328125,2.104375
2008-06-10,0.351375,0.0,0.0,0.0,0.0,0.0,0.0,0.0,2.375375,-0.0678125,1.12296875,2.0978125
2008-06-11,0.366375,0.0,0.0,0.0,0.0,0.0,0.0,0.0,2.378375,-0.0668,1.125625,2.1021875
2008-06-12,0.36975,0.0,0.0,0.0,0.0,0.0,0.0,0.0,2.3728750000000005,-0.0671625,1.11484375,2.0953125
2008-06-13,0.3825,0.0,0.0,0.0,0.0,0.0,0.0,0.0,2.3705,-0.0679875,1.1115625,2.09375
2008-06-16,0.3825,0.0,0.0,0.0,0.0,0.0,0.0,0.0,2.3705,-0.068,1.11359375,2.09375
2008-06-17,0.388,0.0,0.0,0.0,0.0,0.0,0.0,0.0,2.373375,-0.06765,1.1175,2.09734375
2008-06-18,0.39,0.0,0.0,0.0,0.0,0.0,0.0,0.0,2.3775,-0.133875,1.1240625,2.0996875
2008-06-19,0.38075,0.0,0.0,0.0,0.0,0.0,0.0,0.0,2.375,-0.13415,1.11859375,2.0953125
2008-06-20,0.37775,0.0,0.0,0.0,0.0,0.0,0.0,0.0,2.376125,-0.19784999999999997,1.12484375,2.1
2008-06-23,0.379625,0.0,0.0,0.0,0.0,0.0,0.0,0.0,2.37425,-0.1977375,1.1225,2.0965625
2008-06-24,0.37375,0.0,0.0,0.0,0.0,0.0,0.0,0.0,2.376125,-0.2631,1.129375,2.10125
2008-06-25,0.3825,0.0,0.0,0.0,0.0,0.0,0.0,0.0,2.3755,-0.2645,1.1278125,2.10375
2008-06-26,0.394,0.0,0.0,0.0,0.0,0.0,0.0,0.0,2.378,-0.2569,1.1365625,2.11
2008-06-27,0.3935,0.0,0.0,0.0,0.0,0.0,0.0,0.0,2.378125,-0.32,1.13828125,2.1109375
2008-06-30,0.3785,0.0,0.0,0.0,0.0,0.0,0.0,-0.36975,2.379625,-0.19245,1.13921875,2.11203125
2008-07-01,0.376,0.0,0.0,0.0,0.0,0.0,0.0,-0.3738,2.379625,-0.19293749999999998,1.13875,2.1115625
2008-07-02,0.39025,0.0,0.0,0.0,1.2395,0.0,0.0,-0.365,2.38,-0.25255,1.1421875,2.114375
2008-07-03,0.3885,0.0,0.0,0.0,1.2320625,0.0,0.0,-0.3644,2.3795,-0.253,1.14359375,2.11609375
2008-07-04,0.3885,0.0,0.0,0.0,1.2320625,0.0,0.0,-0.3644,2.3795,-0.253,1.14359375,2.11609375
2008-07-07,0.3735,0.0,0.0,0.0,1.2294375,0.0,0.0,-0.36645,2.3798749999999997,-0.25035,1.1484375,2.1184375
2008-07-08,0.36125,0.0,0.0,0.0,1.224125,0.0,0.0,-0.3737,2.38275,-0.25475,1.15234375,2.11921875
2008-07-09,0.356375,0.0,0.0,0.0,1.23225,0.0,0.0,-0.3663,2.38625,-0.2496,1.155,2.121875
2008-07-10,0.352125,0.0,0.0,0.0,1.22975,0.0,0.0,-0.36885,2.386875,-0.2509,1.15671875,2.12109375
2008-07-11,0.354625,0.0,0.0,0.0,1.23525,0.0,0.0,-0.3641,2.383625,-0.24795,1.14421875,2.11359375
2008-07-14,0.341125,0.0,0.0,0.0,1.24075,0.0,0.0,-0.3605,2.383625,-0.3070625,1.1496875,2.11359375
2008-07-15,0.333375,0.0,0.0,0.0,1.245375,0.0,0.0,-0.35965,2.386125,-0.30275,1.15421875,2.12234375
2008-07-16,0.338625,0.0,0.0,0.0,1.2436875,0.0,0.0,-0.36895,2.383625,-0.31025,1.14875,2.1215625
2008-07-17,0.325,0.0,0.0,0.0,1.2439375,0.0,0.0,-0.36795,2.378125,-0.31337499999999996,1.13890625,2.115625
2008-07-18,0.31425,0.0,0.0,0.0,1.2435,0.0,0.0,-0.36575,2.37675,-0.315125,1.13609375,2.1134375
2008-07-21,0.0,0.0,0.0,0.0,1.244,0.0,0.0,-0.3655,2.376875,-0.18922500000000003,1.13765625,2.1128125
2008-07-22,0.0,0.0,0.0,0.0,1.239875,0.0,0.0,-0.3648,2.37625,-0.19113750000000002,1.1346875,2.1109375
2008-07-23,0.0,0.0,0.0,0.0,1.2431875,0.0,0.0,0.0,2.3755,-0.38475000000000004,1.13015625,2.1078125
2008-07-24,0.0,0.0,0.0,0.0,1.235375,0.0,0.0,-0.3639,2.38075,-0.18806249999999997,1.1415625,2.1078125
2008-07-25,0.0,0.0,0.0,0.0,1.23875,0.0,0.0,-0.3681,2.37825,-0.18806249999999997,1.134375,2.11265625
2008-07-28,0.0,0.0,0.0,0.0,1.2423125,0.0,0.0,-0.36275,2.381125,-0.18525,1.14265625,2.11765625
2008-07-29,0.0,0.0,0.0,0.0,1.232375,0.0,0.0,-0.3684,2.380375,-0.1892625,1.14109375,2.1159375
2008-07-30,0.0,0.0,0.0,0.0,1.2339375,0.0,0.0,0.0,2.380625,-0.3211875,1.14109375,2.11546875
2008-07-31,0.0,0.0,0.0,0.0,1.2351875,0.0,0.0,0.0,2.38275,-0.31675000000000003,1.14828125,2.12
2008-08-01,0.0,0.0,0.0,0.0,0.0,0.0,0.0,-0.3666,2.38375,-0.1890375,1.1503125,2.120625
2008-08-04,0.0,0.0,0.0,0.0,0.0,0.0,0.0,-0.3624,2.381875,-0.1873125,1.1484375,2.11953125
2008-08-05,0.0,0.0,0.0,0.0,0.0,0.0,0.0,0.0,2.381375,-0.2566,1.14703125,4.23875
2008-08-06,0.0,0.0,0.0,0.0,0.0,0.0,0.0,0.0,2.3795,-0.25755,1.14484375,4.23625
2008-08-07,0.0,0.0,0.0,0.0,0.0,0.0,0.0,0.0,2.382375,-0.2536,1.1559375,4.2465625
2008-08-08,0.0,0.0,0.0,0.0,0.0,0.0,0.0,0.0,2.3815,-0.1938375,1.153125,4.2415625
2008-08-11,0.0,0.0,0.0,0.0,0.0,0.0,0.0,0.0,2.3798749999999997,-0.1305,1.14875,4.236875
2008-08-12,0.0,0.0,0.0,0.0,0.0,0.0,0.0,0.0,2.38275,-0.12915,1.1571875,4.24625
2008-08-13,0.0,0.0,0.0,0.0,0.0,0.0,0.0,0.0,2.381625,-0.12845,1.1540625,4.2425
2008-08-14,0.0,0.0,0.0,0.0,0.0,0.0,0.0,0.0,2.383625,-0.129375,1.158125,4.2471875
2008-08-15,0.0,0.0,0.0,0.0,0.0,0.0,0.0,0.0,2.3845,-0.0649875,1.1609375,4.25125
2008-08-18,0.0,0.0,0.0,0.0,0.0,0.0,0.0,0.0,2.38475,-0.0641,1.16390625,4.255625
2008-08-19,0.0,0.0,0.0,0.0,0.0,0.0,0.0,0.0,2.3845,-0.063425,1.16265625,4.256875
2008-08-20,0.0,0.0,0.0,0.0,0.0,0.0,0.0,0.0,2.386625,-0.0636875,1.1665625,4.2625
2008-08-21,0.0,0.0,0.0,0.0,0.0,0.0,0.0,0.0,2.3857500000000003,-0.063775,1.163125,4.2575
2008-08-22,0.0,0.0,0.0,0.0,0.0,0.0,0.0,0.0,2.384375,-0.0646125,1.16015625,4.25125
2008-08-25,0.0,0.0,0.0,0.0,0.0,0.0,0.0,0.0,2.3857500000000003,-0.063325,1.168125,4.2578125
2008-08-26,0.0,0.0,0.0,0.0,0.0,0.0,0.0,0.0,2.386375,-0.0635875,1.1678125,4.2565625
2008-08-27,0.0,0.0,0.0,0.0,0.0,0.0,0.0,0.0,2.387125,-0.0641,1.16984375,4.260625
2008-08-28,0.0,0.0,0.0,0.0,0.0,0.0,0.0,0.0,2.386875,-0.0649,1.156875,4.2559375
2008-08-29,0.0,0.0,0.0,0.0,0.0,0.0,0.0,0.0,2.387,-0.064125,1.155,4.245625
2008-09-01,0.0,0.0,0.0,0.0,0.0,0.0,0.0,0.0,2.387,-0.0641375,1.155,4.245625
2008-09-02,0.0,0.0,0.0,0.0,0.0,0.0,0.0,0.0,2.389,-0.063825,1.1621875,4.2525
2008-09-03,0.0,0.0,0.0,0.0,0.0,0.0,0.0,0.0,2.390375,-0.0637625,1.16609375,4.2540625
2008-09-04,0.0,0.0,0.0,0.0,0.0,0.0,0.0,0.0,2.392875,-0.061825,1.169375,4.2590625
2008-09-05,0.0,0.0,0.0,0.0,0.0,0.0,0.0,0.0,2.3920000000000003,-0.1241,1.16625,4.2553125
2008-09-08,0.0,0.0,0.0,0.0,0.0,0.0,0.0,0.0,2.393875,-0.1267,1.16421875,4.2509375
2008-09-09,0.0,0.0,0.0,0.0,0.0,0.0,0.0,0.0,2.394875,-0.12265,1.16921875,4.2575
2008-09-10,0.0,0.0,0.0,0.0,0.0,0.0,0.0,-0.3475,2.394125,-0.123325,1.16515625,4.2571875
2008-09-11,0.0,0.0,0.0,0.0,0.0,0.0,0.0,0.0,2.395,-0.18764999999999998,1.166875,4.26
2008-09-12,0.0,0.0,0.0,0.0,0.0,0.0,0.0,0.0,2.392375,-0.18877499999999997,1.15984375,4.2559375
2008-09-15,0.0,0.0,0.0,0.0,0.0,0.0,0.0,-0.34425,2.3989999999999996,-0.0598,1.1803125,2.14625
2008-09-16,0.0,0.0,0.0,0.0,0.0,0.0,0.0,-0.3466,2.397375,-0.0608125,1.17703125,2.139375
2008-09-17,0.0,0.0,0.0,0.0,0.0,0.0,0.0,-0.3294,2.398375,-0.05815,1.185625,2.14984375
2008-09-18,0.0,0.0,0.0,0.0,0.0,0.0,0.0,0.0,2.3954999999999997,-0.1804875,1.18484375,2.1496875
2008-09-19,0.0,0.0,0.0,0.0,0.0,0.0,0.0,0.0,2.385875,-0.1869,1.15640625,2.12984375
2008-09-22,0.0,0.0,0.0,0.0,0.0,0.0,0.0,0.0,2.383875,-0.1820625,1.15140625,2.13078125
2008-09-23,0.0,0.0,0.0,0.0,0.0,0.0,0.0,-0.3301,0.0,-0.05935,1.14859375,2.13109375
2008-09-24,0.0,0.0,0.0,0.0,0.0,0.0,0.0,-0.3344,0.0,-0.05965,1.15234375,2.13671875
2008-09-25,0.0,0.0,0.0,0.0,0.0,0.0,0.0,-0.336,0.0,-0.060675,1.1434375,2.12828125
2008-09-26,0.0,0.0,0.0,0.0,0.0,0.0,0.0,-0.33495,0.0,-0.060725,1.148125,2.13328125
2008-09-29,0.0,0.0,0.0,0.0,0.0,0.0,0.0,0.0,0.0,-0.16785,1.16578125,2.1465625
2008-09-30,0.0,0.0,0.0,0.0,0.0,0.0,0.0,0.0,0.0,-0.175125,1.14625,2.134375
2008-10-01,0.0,0.0,0.0,0.0,0.0,0.0,0.0,0.0,0.0,-0.175275,1.1509375,2.14078125
2008-10-02,0.0,0.0,0.0,0.0,0.0,0.0,0.0,-0.3021,0.0,-0.056225,1.155,2.1471875
2008-10-03,0.0,0.0,0.0,0.0,0.0,0.0,0.0,-0.2955,0.0,-0.0554125,1.16,2.146875
2008-10-06,0.0,0.0,0.0,0.0,0.0,0.0,0.0,-0.2813,0.0,-0.0526625,1.1796875,2.15609375
2008-10-07,-0.2085,0.0,0.0,0.0,0.0,0.0,0.0,-0.2673,0.0,-0.100575,1.17140625,2.15203125
2008-10-08,-0.21375,0.0,0.0,0.0,0.0,0.0,0.0,-0.264,0.0,-0.0981,1.149375,2.14734375
2008-10-09,-0.219125,0.0,0.0,0.0,0.0,0.0,0.0,-0.2544,0.0,-0.09125,1.1353125,2.14
2008-10-10,-0.204125,0.0,0.0,0.0,0.0,0.0,0.0,-0.2565,0.0,-0.0891,1.13546875,2.14515625
2008-10-13,-0.20575,0.0,0.0,0.0,0.0,0.0,0.0,0.0,0.0,-0.1525125,1.13546875,2.14515625
2008-10-14,-0.205625,0.0,0.0,0.0,0.0,0.0,0.0,0.0,0.0,-0.15033749999999999,1.12140625,2.13890625
2008-10-15,-0.194,0.0,0.0,0.0,0.0,0.0,0.0,0.0,0.0,-0.1354875,1.1196875,2.14390625
2008-10-16,-0.19225,0.0,0.0,0.0,0.0,0.0,0.0,0.0,0.0,-0.14115,1.12296875,2.14703125
2008-10-17,-0.2015,0.0,0.0,0.0,0.0,0.0,0.0,0.0,0.0,-0.140025,1.11921875,2.14671875
2008-10-20,-0.23825,0.0,0.0,0.0,0.0,0.0,0.0,0.0,0.0,-0.148575,1.13015625,2.14125
2008-10-21,-0.2325,0.0,0.0,0.0,0.0,0.0,0.0,0.0,0.0,-0.1439625,1.145,2.1471875
2008-10-22,-0.2195,0.0,0.0,0.0,0.0,0.0,0.0,-0.2496,0.0,-0.0451375,1.1525,2.14828125
2008-10-23,-0.223125,0.0,0.0,0.0,0.0,0.0,0.0,-0.2507,0.0,-0.0457625,1.1584375,2.1509375
2008-10-24,-0.213875,0.0,0.0,0.0,0.0,0.0,0.0,-0.2383,0.0,-0.0866,1.15125,2.1496875
2008-10-27,-0.221625,0.0,0.0,0.0,0.0,0.0,0.0,-0.2324,0.0,-0.083475,1.15125,2.1490625
2008-10-28,-0.2255,0.0,0.0,0.0,0.0,0.0,0.0,0.0,0.0,-0.18775,1.14359375,2.1484375
2008-10-29,-0.240125,0.0,0.0,0.0,0.0,0.0,0.0,0.0,0.0,-0.13905,1.140625,2.1484375
2008-10-30,-0.23475,0.0,0.0,0.0,0.0,0.0,0.0,0.0,0.0,-0.144225,1.13578125,2.15078125
2008-10-31,-0.23025,0.0,0.0,0.0,0.0,0.0,0.0,0.0,0.0,-0.144975,1.13078125,2.14828125
2008-11-03,-0.232125,0.0,0.0,0.0,0.0,0.0,0.0,0.0,0.0,-0.145425,1.13796875,2.155625
2008-11-04,-0.2385,0.0,0.0,0.0,0.0,0.0,0.0,0.0,0.0,-0.1504875,1.15125,2.15828125
2008-11-05,-0.228625,0.0,0.0,0.0,0.0,0.0,0.0,0.0,0.0,-0.1437,1.15453125,2.16
2008-11-06,-0.222,0.0,0.0,0.0,0.0,0.0,0.0,0.0,0.0,-0.1809,1.15453125,2.1621875
2008-11-07,-0.2205,0.0,0.0,0.0,0.0,0.0,0.0,0.0,0.0,-0.18725,1.150625,2.16015625
2008-11-10,-0.225,0.0,0.0,0.0,0.0,0.0,0.0,-0.25095,0.0,-0.092125,1.1553125,2.16421875
2008-11-11,-0.2195,0.0,0.0,0.0,0.0,0.0,0.0,-0.2446,0.0,-0.0893,1.1553125,2.16421875
2008-11-12,-0.2165,0.0,0.0,0.0,0.0,0.0,0.0,-0.2327,0.0,-0.128025,1.1665625,2.16890625
2008-11-13,-0.220125,0.0,0.0,0.0,0.0,0.0,0.0,-0.2469,0.0,-0.090775,1.1640625,2.16609375
2008-11-14,-0.2215,0.0,0.0,0.0,0.0,0.0,0.0,-0.2311,0.0,-0.129225,1.16921875,2.16484375
2008-11-17,-0.22475,0.0,0.0,0.0,0.0,0.0,0.0,-0.2317,0.0,-0.12764999999999999,1.17453125,2.16609375
2008-11-18,-0.22175,0.0,0.0,0.0,0.0,0.0,0.0,-0.2348,0.0,-0.129975,1.1846875,2.16921875
2008-11-19,-0.22075,0.0,0.0,0.0,0.0,0.0,0.0,-0.2185,0.0,-0.12187500000000001,1.1925,2.17125
2008-11-20,-0.213,0.0,0.0,0.0,0.0,0.0,0.0,-0.2079,0.0,-0.1122375,1.2071875,2.175
2008-11-21,-0.200375,0.0,0.0,0.0,0.0,0.0,0.0,-0.2182,0.0,-0.11880000000000002,1.20484375,2.17375
2008-11-24,-0.208875,0.0,0.0,0.0,0.0,0.0,0.0,-0.2294,0.0,-0.0848,1.19390625,2.169375
2008-11-25,-0.20875,0.0,0.0,0.0,0.0,0.0,0.0,-0.2271,0.0,-0.085325,1.21171875,2.1759375
2008-11-26,-0.209125,0.0,0.0,0.0,0.0,0.0,0.0,-0.2389,0.0,-0.088625,1.22359375,2.17796875
2008-11-27,-0.209125,0.0,0.0,0.0,0.0,0.0,0.0,-0.23885,0.0,-0.088925,1.22359375,2.17796875
2008-11-28,-0.20675,0.0,0.0,0.0,0.0,0.0,0.0,-0.2372,0.0,-0.089525,1.2096875,2.18375
2008-12-01,-0.198125,0.0,0.0,0.0,0.0,0.0,0.0,-0.2189,0.0,-0.081575,1.2253125,2.1675
2008-12-02,-0.1975,0.0,0.0,0.0,0.0,0.0,0.0,-0.2266,0.0,-0.0849,1.2278125,2.164375
2008-12-03,-0.197125,0.0,0.0,0.0,0.0,0.0,0.0,-0.2312,0.0,-0.08685,1.2346875,2.16328125
2008-12-04,-0.189625,0.0,0.0,0.0,0.0,0.0,0.0,-0.227,0.0,-0.08475,1.24359375,2.16453125
2008-12-05,-0.175625,0.0,0.0,0.0,0.0,0.0,0.0,-0.2356,0.0,-0.08725,1.23046875,2.1640625
2008-12-08,-0.186875,0.0,0.0,0.0,0.0,0.0,0.0,-0.2424,0.0,-0.090475,1.22765625,2.1615625
2008-12-09,-0.186125,0.0,0.0,0.0,0.0,0.0,0.0,-0.2434,0.0,-0.08895,1.2334375,2.16515625
2008-12-10,-0.193625,0.0,0.0,0.0,0.0,0.0,0.0,-0.2434,0.0,-0.089575,1.22796875,2.16296875
2008-12-11,-0.19825,0.0,0.0,0.0,0.0,0.0,0.0,-0.23775,0.0,-0.08745,1.2396875,2.16625
2008-12-12,-0.21,0.0,0.0,0.0,0.0,0.0,0.0,-0.243,0.0,-0.08855,1.2434375,2.16546875
2008-12-15,-0.21125,0.0,0.0,0.0,0.0,0.0,0.0,-0.239,0.0,-0.087225,1.2471875,2.16953125
2008-12-16,-0.22075,0.0,0.0,0.0,0.0,0.0,0.0,-0.2482,0.0,-0.091275,1.26625,2.17484375
2008-12-17,-0.217625,0.0,0.0,0.0,0.0,0.0,0.0,-0.2457,0.0,-0.0903,1.27546875,2.173125
2008-12-18,-0.217375,0.0,0.0,0.0,0.0,0.0,0.0,-0.2451,0.0,-0.044625,1.28,4.350625
2008-12-19,-0.2125,0.0,0.0,0.0,0.0,0.0,0.0,-0.2422,0.0,-0.0440625,1.26984375,4.3475
2008-12-22,-0.2135,0.0,0.0,0.0,0.0,0.0,0.0,-0.2394,0.0,-0.0435625,1.26921875,4.346875
2008-12-23,-0.219875,0.0,0.0,0.0,0.0,0.0,0.0,-0.2369,0.0,-0.08585,1.27140625,4.34875
2008-12-24,-0.22075,0.0,0.0,0.0,0.0,0.0,0.0,-0.236,0.0,-0.0865,1.2671875,4.348125
2008-12-25,-0.22075,0.0,0.0,0.0,0.0,0.0,0.0,-0.236,0.0,-0.0865,1.2671875,4.348125
2008-12-26,-0.22825,0.0,0.0,0.0,0.0,0.0,0.0,-0.2377,0.0,-0.0869,1.27328125,4.3490625
2008-12-29,-0.219125,0.0,0.0,0.0,0.0,0.0,0.0,-0.2351,0.0,-0.08705,1.2775,4.35875
2008-12-30,-0.220375,0.0,0.0,0.0,0.0,0.0,0.0,-0.2412,0.0,-0.088825,1.27296875,4.361875
2008-12-31,-0.22575,0.0,0.0,0.0,0.0,0.0,0.0,-0.2425,0.0,-0.09,1.2575,4.36125
2009-01-01,-0.22575,0.0,0.0,0.0,0.0,0.0,0.0,-0.2425,0.0,-0.09,1.2575,4.36125
2009-01-02,-0.228125,0.0,0.0,0.0,0.0,0.0,0.0,0.0,0.0,-0.13882499999999998,1.24296875,4.3509375
2009-01-05,-0.227625,0.0,0.0,0.0,0.0,0.0,0.0,0.0,0.0,-0.139125,1.24171875,4.360625
2009-01-06,-0.235625,0.0,0.0,0.0,0.0,0.0,0.0,0.0,0.0,-0.139575,1.24359375,4.3590625
2009-01-07,-0.23025,0.0,0.0,0.0,0.0,0.0,0.0,0.0,0.0,-0.1357875,1.24484375,4.3609375
2009-01-08,-0.225125,0.0,0.0,0.0,0.0,0.0,0.0,0.0,0.0,-0.1360125,1.253125,4.358125
2009-01-09,-0.227125,0.0,0.0,0.0,0.0,0.0,0.0,-0.2443,0.0,-0.08855,1.25546875,4.365
2009-01-12,-0.212125,0.0,0.0,0.0,0.0,0.0,0.0,-0.2412,0.0,-0.0868,1.26328125,4.368125
2009-01-13,-0.2035,0.0,0.0,0.0,0.0,0.0,0.0,-0.2408,0.0,-0.08685,1.2621875,4.368125
2009-01-14,-0.20575,0.0,0.0,0.0,0.0,0.0,0.0,-0.233,0.0,-0.12596249999999998,1.2696875,4.3690625
2009-01-15,-0.2055,0.0,0.0,0.0,0.0,0.0,0.0,-0.23545,0.0,-0.12588749999999999,1.27015625,4.36875
2009-01-16,-0.218375,0.0,0.0,0.0,0.0,0.0,0.0,-0.2394,0.0,-0.127275,1.2653125,4.3709375
2009-01-19,-0.218375,0.0,0.0,0.0,0.0,0.0,0.0,-0.2379,0.0,-0.126,1.2653125,4.3709375
2009-01-20,-0.215,0.0,0.0,0.0,0.0,0.0,0.0,-0.2295,0.0,-0.1612,1.26265625,4.3721875
2009-01-21,-0.217875,0.0,0.0,0.0,0.0,0.0,0.0,-0.2363,0.0,-0.16735,1.2475,4.365625
2009-01-22,-0.21675,0.0,0.0,0.0,0.0,0.0,0.0,-0.23445,0.0,-0.1651,1.24140625,4.3684375
2009-01-23,-0.218,0.0,0.0,0.0,0.0,0.0,0.0,-0.23285,0.0,-0.1647,1.2390625,4.3625
2009-01-26,-0.2195,0.0,0.0,0.0,0.0,0.0,0.0,-0.2359,0.0,-0.16615,1.2365625,4.3603125
2009-01-27,-0.2115,0.0,0.0,0.0,0.0,0.0,0.0,-0.23715,0.0,-0.16785,1.2471875,4.3625
2009-01-28,-0.215,0.0,0.0,0.0,0.0,0.0,0.0,-0.24625,0.0,-0.1743,1.2384375,4.359375
2009-01-29,-0.213625,0.0,0.0,0.0,0.0,0.0,0.0,-0.2412,0.0,-0.16855,1.22828125,4.35375
2009-01-30,-0.2125,0.0,0.0,0.0,0.0,0.0,0.0,-0.23585,0.0,-0.1645,1.22671875,4.3525
2009-02-02,-0.208,0.0,0.0,0.0,0.0,0.0,0.0,-0.23775,0.0,-0.16425,1.2371875,4.355625
2009-02-03,-0.203125,0.0,0.0,0.0,0.0,0.0,0.0,-0.24155,0.0,-0.16635,1.22546875,4.3540625
2009-02-04,-0.200875,0.0,0.0,0.0,0.0,0.0,0.0,-0.2428,0.0,-0.16595,1.22109375,4.351875
2009-02-05,-0.207625,0.0,0.0,0.0,0.0,0.0,0.0,-0.2469,0.0,-0.1681,1.22375,4.351875
2009-02-06,-0.210875,0.0,0.0,0.0,0.0,0.0,0.0,-0.25515,0.0,-0.17355,1.21828125,4.3521875
2009-02-09,-0.210875,0.0,0.0,0.0,0.0,0.0,0.0,-0.25515,0.0,-0.173,1.215625,4.3471875
2009-02-10,-0.21025,0.0,0.0,0.0,0.0,0.0,0.0,-0.2465,0.0,-0.1654,1.2309375,4.3571875
2009-02-11,-0.205,0.0,0.0,0.0,0.0,0.0,0.0,-0.2449,0.0,-0.1663,1.23671875,4.35625
2009-02-12,-0.203875,0.0,0.0,0.0,0.0,0.0,0.0,-0.24905,0.0,-0.1671,1.2415625,4.360625
2009-02-13,-0.20275,0.0,0.0,0.0,0.0,0.0,0.0,-0.24585,0.0,-0.164,1.22703125,4.3546875
2009-02-16,-0.20275,0.0,0.0,0.0,0.0,0.0,0.0,-0.24155,0.0,-0.20218750000000002,1.22703125,4.3546875
2009-02-17,-0.195125,0.0,0.0,0.0,0.0,0.0,0.0,-0.2365,0.0,-0.196375,1.244375,4.360625
2009-02-18,-0.19375,0.0,0.0,0.0,0.0,0.0,0.0,-0.236,0.0,-0.23385,1.23671875,4.354375
2009-02-19,-0.196875,0.0,0.0,0.0,0.0,0.0,0.0,-0.2341,0.0,-0.23385,1.2253125,4.35125
2009-02-20,-0.194875,0.0,0.0,0.0,0.0,0.0,0.0,-0.23435,0.0,-0.23085,1.233125,4.355
2009-02-23,-0.19575,0.0,0.0,0.0,0.0,0.0,0.0,-0.22715,0.0,-0.22349999999999998,1.23171875,4.3540625
2009-02-24,-0.197125,0.0,0.0,0.0,0.0,0.0,0.0,-0.2327,0.0,-0.230625,1.22859375,4.351875
2009-02-25,-0.201875,0.0,0.0,0.0,0.0,0.0,0.0,-0.2308,0.0,-0.22845,1.19796875,4.351875
2009-02-26,-0.201125,0.0,0.0,0.0,0.0,0.0,0.0,-0.22645,0.0,-0.22560000000000002,1.20078125,4.3478125
2009-02-27,-0.1955,0.0,0.0,0.0,0.0,0.0,0.0,-0.2234,0.0,-0.25698750000000004,1.2003125,4.3321875
2009-03-02,-0.190125,0.0,0.0,0.0,0.0,0.0,0.0,-0.2172,0.0,-0.246925,1.21359375,4.3425
2009-03-03,-0.190375,0.0,0.0,0.0,0.0,0.0,0.0,-0.4288,0.0,-0.172375,1.21015625,4.3403125
2009-03-04,-0.196875,0.0,0.0,0.0,0.0,0.0,0.0,-0.2202,0.0,-0.2834,1.20265625,4.3375
2009-03-05,-0.193875,0.0,0.0,0.0,0.0,0.0,0.0,-0.2166,0.0,-0.2744,1.21859375,4.3434375
2009-03-06,-0.195375,0.0,0.0,0.0,0.0,0.0,0.0,-0.4306,0.0,-0.206325,1.21890625,4.3421875
2009-03-09,-0.198,0.0,0.0,0.0,0.0,0.0,0.0,-0.4188,0.0,-0.20279999999999998,1.21640625,4.3378125
2009-03-10,-0.203375,0.0,0.0,0.0,0.0,0.0,0.0,-0.2212,0.0,-0.2506,1.20828125,4.335625
2009-03-11,-0.198,0.0,0.0,0.0,0.0,0.0,0.0,-0.225,0.0,-0.25217500000000004,1.21421875,4.3353125
2009-03-12,-0.207875,0.0,0.0,0.0,0.0,0.0,0.0,-0.2327,0.0,-0.224475,1.21828125,4.3346875
2009-03-13,-0.209,0.0,0.0,0.0,0.0,0.0,0.0,-0.2336,0.0,-0.22635,1.21984375,4.3396875
2009-03-16,-0.210625,0.0,0.0,0.0,0.0,0.0,0.0,-0.23045,0.0,-0.22619999999999998,1.2153125,4.3365625
2009-03-17,-0.210375,0.0,0.0,0.0,0.0,0.0,0.0,-0.23805,0.0,-0.1938125,1.209375,4.33375
2009-03-18,-0.209375,0.0,0.0,0.0,0.0,0.0,0.0,-0.24255,0.0,-0.1583,1.25328125,4.35125
2009-03-19,-0.214125,0.0,0.0,0.0,0.0,0.0,0.0,-0.2407,0.0,-0.156,1.2453125,4.35
2009-03-20,-0.214,0.0,0.0,0.0,0.0,0.0,0.0,-0.2376,0.0,-0.1528,1.24578125,4.3496875
2009-03-23,-0.213625,0.0,0.0,0.0,0.0,0.0,0.0,-0.2504,0.0,-0.0818,1.2428125,4.348125
2009-03-24,-0.212625,0.0,0.0,0.0,0.0,0.0,0.0,0.0,0.0,-0.1607,1.241875,4.346875
2009-03-25,-0.20875,0.0,0.0,0.0,0.0,0.0,0.0,-0.2467,0.0,-0.080825,1.23171875,4.345625
2009-03-26,-0.211375,0.0,0.0,0.0,0.0,0.0,0.0,0.0,0.0,-0.16545,1.2365625,4.35
2009-03-27,-0.209625,0.0,0.0,0.0,0.0,0.0,0.0,0.0,0.0,-0.1632,1.23328125,4.349375
2009-03-30,-0.209125,0.0,0.0,0.0,0.0,0.0,0.0,-0.24455,0.0,-0.078425,1.23765625,4.3525
2009-03-31,-0.217875,0.0,0.0,0.0,0.0,0.0,0.0,-0.2455,0.0,-0.07905,1.24078125,4.3578125
2009-04-01,-0.213625,0.0,0.0,0.0,0.0,0.0,0.0,-0.2502,0.0,-0.080925,1.2428125,4.355625
2009-04-02,-0.216875,0.0,0.0,0.0,0.0,0.0,0.0,0.0,0.0,-0.125325,1.23375,4.3496875
2009-04-03,-0.21775,0.0,0.0,0.0,0.0,0.0,0.0,0.0,0.0,-0.126075,1.2196875,4.341875
2009-04-06,-0.218375,0.0,0.0,0.0,0.0,0.0,0.0,0.0,0.0,-0.12457499999999999,1.2184375,4.3425
2009-04-07,-0.21375,0.0,0.0,0.0,0.0,0.0,0.0,0.0,0.0,-0.1221,1.221875,4.344375
2009-04-08,-0.213875,0.0,0.0,0.0,0.0,0.0,0.0,0.0,0.0,-0.12337500000000001,1.2275,4.34375
2009-04-09,-0.210875,0.0,0.0,0.0,0.0,0.0,0.0,0.0,0.0,-0.12787500000000002,1.22328125,4.341875
2009-04-10,-0.210875,0.0,0.0,0.0,0.0,0.0,0.0,0.0,0.0,-0.12787500000000002,1.22328125,4.341875
2009-04-13,-0.209625,0.0,0.0,0.0,0.0,0.0,0.0,0.0,0.0,-0.1281,1.23109375,4.3490625
2009-04-14,-0.212375,0.0,0.0,0.0,0.0,0.0,0.0,0.0,0.0,-0.1260375,1.2359375,4.3509375
2009-04-15,-0.207625,0.0,0.0,0.0,0.0,0.0,0.0,0.0,0.0,-0.127275,1.23796875,4.3503125
2009-04-16,-0.208375,0.0,0.0,0.0,0.0,0.0,0.0,0.0,0.0,-0.129225,1.2321875,4.3459375
2009-04-17,-0.2035,0.0,0.0,0.0,0.0,0.0,0.0,0.0,0.0,-0.1300125,1.2228125,4.3403125
2009-04-20,-0.199375,0.0,0.0,0.0,0.0,0.0,0.0,0.0,0.0,-0.12495,1.2303125,4.345
2009-04-21,-0.20175,0.0,0.0,0.0,0.0,0.0,0.0,0.0,0.0,-0.1271625,1.2240625,4.343125
2009-04-22,-0.201625,0.0,0.0,0.0,0.0,0.0,0.0,0.0,0.0,-0.12555,1.21921875,4.3396875
2009-04-23,-0.20575,0.0,0.0,0.0,0.0,0.0,0.0,0.0,0.0,-0.1273125,1.22078125,4.3425
2009-04-24,-0.203375,0.0,0.0,0.0,0.0,0.0,0.0,0.0,2.418875,-0.08665,1.21546875,4.3425
2009-04-27,-0.20075,0.0,0.0,0.0,0.0,0.0,0.0,0.0,2.421375,-0.085675,1.22296875,4.35
2009-04-28,-0.202125,0.0,0.0,0.0,0.0,0.0,0.0,0.0,2.42,-0.085175,1.21671875,4.34625
2009-04-29,-0.210875,0.0,0.0,0.0,0.0,0.0,0.0,0.0,2.41675,-0.0869,1.21125,4.3484375
2009-04-30,-0.211625,0.0,0.0,0.0,0.0,0.0,0.0,0.0,2.416125,-0.087,1.209375,4.3509375
2009-05-01,-0.216625,0.0,0.0,0.0,0.0,0.0,0.0,0.0,2.4146249999999996,-0.0438,1.2075,4.3496875
2009-05-04,-0.21275,0.0,0.0,0.0,0.0,0.0,0.0,0.0,2.414,-0.0451375,1.2090625,4.3484375
2009-05-05,-0.2125,0.0,0.0,0.0,0.0,0.0,0.0,0.0,2.415,-0.045175,1.20953125,4.3475
2009-05-06,-0.213375,0.0,0.0,0.0,0.0,0.0,0.0,0.0,2.416125,0.0,1.21109375,4.3484375
2009-05-07,-0.2155,0.0,0.0,0.0,0.0,0.0,0.0,0.0,2.41225,0.0,1.2025,4.345625
2009-05-08,-0.219875,0.0,0.0,0.0,0.0,0.0,0.0,0.0,2.41225,0.0,1.20359375,4.3459375
2009-05-11,0.0,0.0,0.0,0.0,0.0,0.0,0.0,0.0,2.415875,0.0,1.21265625,4.353125
2009-05-12,0.0,0.0,0.0,0.0,0.0,0.0,0.0,0.0,2.417125,0.0,1.21296875,4.35375
2009-05-13,0.0,0.0,0.0,0.0,0.0,0.0,0.0,0.0,2.419375,0.0,1.21734375,4.35625
2009-05-14,0.0,0.0,0.0,0.0,0.0,0.0,0.0,0.0,2.418375,0.0,1.21671875,4.3575
2009-05-15,0.0,0.0,0.0,0.0,0.0,0.0,0.0,0.0,2.417875,-0.0883,1.21515625,4.3578125
2009-05-18,0.0,0.0,0.0,0.0,0.0,0.0,0.0,0.0,2.4155,-0.0907,1.20828125,4.353125
2009-05-19,0.0,0.0,0.0,0.0,0.0,0.0,0.0,0.0,2.415375,-0.045325,1.2065625,4.3546875
2009-05-20,0.0,0.0,0.0,0.0,0.0,0.0,0.0,0.0,2.4166250000000002,-0.045,1.20953125,4.35875
2009-05-21,0.0,0.0,0.0,0.0,0.0,0.0,0.0,0.0,2.41275,-0.0444375,1.19921875,4.3565625
2009-05-22,0.0,0.0,0.0,0.0,0.0,0.0,0.0,0.0,2.40875,-0.04425,1.19171875,4.3546875
2009-05-25,0.0,0.0,0.0,0.0,0.0,0.0,0.0,0.0,2.40875,0.0,1.19171875,6.532031249999999
2009-05-26,0.0,0.0,0.0,0.0,0.0,0.0,0.0,0.0,2.406875,0.0454375,1.18734375,6.5315625
2009-05-27,0.0,0.0,0.0,0.0,0.0,0.0,0.0,0.0,2.40025,0.044625,1.17515625,6.5315625
2009-05-28,0.0,0.0,0.0,0.0,0.0,0.0,0.0,0.0,2.3985,0.04525,1.159375,6.53015625
2009-05-29,0.0,0.0,0.0,0.0,0.0,0.0,0.0,0.0,2.405625,0.0918,1.17,6.504375
2009-06-01,0.0,0.0,0.0,0.0,0.0,0.0,0.0,0.294,2.39575,0.04695,1.15421875,6.49828125
2009-06-02,0.0,0.0,0.0,0.0,0.0,0.0,0.0,0.2957,2.396875,0.047125,1.1559375,6.50015625
2009-06-03,0.0,0.0,0.0,0.0,0.0,0.0,0.0,0.2955,2.4005,0.0465875,1.16171875,6.5062500000000005
2009-06-04,0.0,0.0,0.0,0.0,0.0,0.0,0.0,0.2986,2.3958749999999998,0.047025,1.15015625,6.50015625
2009-06-05,0.0,0.0,0.0,0.0,0.0,0.0,0.0,0.299,2.38875,0.09405,1.1340625,2.1503125
2009-06-08,0.0,0.0,0.0,0.0,0.0,0.0,0.0,0.2981,2.38425,0.093875,1.1325,2.14515625
2009-06-09,0.0,0.0,0.0,0.0,0.0,0.0,0.0,0.30015,2.386875,0.09395,1.136875,2.15046875
2009-06-10,0.0,0.0,0.0,0.0,0.0,0.0,0.0,0.29915,2.384625,0.09405,1.13375,2.14828125
2009-06-11,0.0,0.0,0.0,0.0,0.0,0.0,0.0,0.2984,2.38725,0.1413,1.1403125,2.149375
2009-06-12,0.0,0.0,0.0,0.0,0.0,0.0,0.0,0.2971,2.3916250000000003,0.1411125,1.1434375,2.151875
2009-06-15,0.0,0.0,0.0,0.0,0.0,0.0,0.0,0.29145,2.3954999999999997,0.09195,1.148125,2.1540625
2009-06-16,0.0,0.0,0.0,0.0,0.0,0.0,0.0,0.28885,2.397,0.0453875,1.15078125,2.15515625
2009-06-17,0.0,0.0,0.0,0.0,0.0,0.0,0.0,0.0,2.398875,0.1357875,1.1534375,2.15703125
2009-06-18,0.0,0.0,0.0,0.0,0.0,0.0,0.0,0.0,2.387625,0.1369875,1.14015625,2.153125
2009-06-19,0.0,0.0,0.0,0.0,0.0,0.0,0.0,0.2928,2.388875,0.0457875,1.14375,2.15421875
2009-06-22,0.0,0.0,0.0,0.0,0.0,0.0,0.0,0.0,2.391125,0.08885,1.15140625,2.15796875
2009-06-23,0.0,0.0,0.0,0.0,0.0,0.0,0.0,0.0,2.39175,0.0445125,1.15484375,2.15921875
2009-06-24,0.0,0.0,0.0,0.0,0.0,0.0,0.0,0.0,2.3915,0.0449,1.151875,2.158125
2009-06-25,0.0,0.0,0.0,0.0,0.0,0.0,0.0,0.2946,2.39625,0.0,1.16203125,4.3225
2009-06-26,0.0,0.0,0.0,0.0,0.0,0.0,0.0,0.29535,2.398875,0.0,1.1640625,4.325
2009-06-29,0.0,0.0,0.0,0.0,0.0,0.0,0.0,0.2963,2.399375,0.0460625,1.16453125,4.325
2009-06-30,0.0,0.0,0.0,0.0,0.0,0.0,0.0,0.29525,2.39775,0.045775,1.16265625,4.324375
2009-07-01,0.0,0.0,0.0,0.0,0.0,0.0,0.0,0.29575,2.39875,0.0459625,1.16265625,4.3290625
2009-07-02,0.0,0.0,0.0,0.0,0.0,0.0,0.0,0.289,2.401125,0.044675,1.1684375,4.3353125
2009-07-03,0.0,0.0,0.0,0.0,0.0,0.0,0.0,0.28865,2.401125,0.0,1.1684375,4.3353125
2009-07-06,0.0,0.0,0.0,0.0,0.0,0.0,0.0,0.0,2.402,0.0,1.1684375,4.3384375
2009-07-07,-0.167875,0.0,0.0,0.0,0.0,0.0,0.0,0.0,2.403125,0.0,1.1728125,4.3365625
2009-07-08,-0.167125,0.0,0.0,0.0,0.0,0.0,0.0,0.0,2.408625,0.0,1.18625,4.3421875
2009-07-09,-0.17,0.0,0.0,0.0,0.0,0.0,0.0,0.0,2.4048749999999997,0.0,1.17859375,4.3396875
2009-07-10,-0.169,0.0,0.0,0.0,0.0,0.0,0.0,0.0,2.408,0.0,1.18703125,4.3434375
2009-07-13,-0.16975,0.0,0.0,0.0,0.0,0.0,0.0,0.0,2.406375,0.0,1.18328125,4.3421875
2009-07-14,-0.17275,0.0,0.0,0.0,0.0,0.0,0.0,0.0,2.40225,0.0,1.1778125,4.34
2009-07-15,-0.16875,0.0,0.0,0.0,0.0,0.0,0.0,0.29945,2.396125,0.0,1.16703125,4.333125
2009-07-16,-0.162625,0.0,0.0,0.0,0.0,0.0,0.0,0.30255,2.3978750000000004,0.0,1.17015625,4.336875
2009-07-17,-0.16575,0.0,0.0,0.0,0.0,0.0,0.0,0.3056,2.395,0.04685,1.16390625,4.3346875
2009-07-20,-0.166875,0.0,0.0,0.0,0.0,0.0,0.0,0.3081,2.3978750000000004,0.0949,1.17,4.3375
2009-07-21,-0.161,0.0,0.0,0.0,0.0,0.0,0.0,0.3108,2.40225,0.09535,1.1778125,4.3415625
2009-07-22,-0.159625,0.0,0.0,0.0,0.0,0.0,0.0,0.3113,2.40025,0.14242500000000002,1.17234375,4.339375
2009-07-23,-0.169375,0.0,0.0,0.0,0.0,0.0,0.0,0.3168,2.395125,0.1938,1.1603125,4.33125
2009-07-24,-0.163625,0.0,0.0,0.0,0.0,0.0,0.0,0.31945,2.396375,0.2444375,1.16375,4.3346875
2009-07-27,-0.166875,0.0,0.0,0.0,0.0,0.0,0.0,0.3199,2.39575,0.245,1.16046875,4.3334375
2009-07-28,-0.164875,0.0,0.0,0.0,0.0,0.0,0.0,0.3203,2.39625,0.24400000000000002,1.16078125,4.33
2009-07-29,-0.164,0.0,0.0,0.0,0.0,0.0,0.0,0.32015,2.39625,0.24375000000000002,1.16,4.3265625
2009-07-30,-0.171125,0.0,0.0,0.0,0.0,0.0,0.0,0.32135,2.3965,0.294675,1.161875,4.3240625
2009-07-31,-0.17475,0.0,0.0,0.0,0.0,0.0,0.0,0.6408,2.4013750000000003,0.24612499999999998,1.1728125,4.3315625
2009-08-03,-0.1845,0.0,0.0,0.0,0.0,0.0,0.0,0.6507,2.396375,0.2501875,1.161875,4.32625
2009-08-04,-0.182875,0.0,0.0,0.0,0.0,0.0,0.0,0.6521,2.395625,0.2511875,1.16046875,4.325
2009-08-05,-0.1785,0.0,0.0,0.0,0.0,0.0,0.0,0.6458,2.39325,0.2501875,1.15515625,4.3225
2009-08-06,-0.170125,0.0,0.0,0.0,0.0,0.0,0.0,0.32025,2.393875,0.398,1.1575,4.3240625
2009-08-07,-0.16325,0.0,0.0,0.0,0.0,0.0,0.0,0.32395,2.3896249999999997,0.4026,1.149375,4.3159375
2009-08-10,-0.16525,0.0,0.0,0.0,0.0,0.0,0.0,0.3225,2.392625,0.45337500000000003,1.15640625,4.321875
2009-08-11,-0.1655,0.0,0.0,0.0,0.0,0.0,0.0,0.3193,2.39525,0.44684999999999997,1.1609375,4.325625
2009-08-12,-0.168125,0.0,0.0,0.0,0.0,0.0,0.0,0.32375,2.396625,0.4510125,1.16171875,4.3315625
2009-08-13,-0.166,0.0,0.0,0.0,0.0,0.0,0.0,0.6527,2.40075,0.35472499999999996,1.17015625,4.3353125
2009-08-14,-0.163875,0.0,0.0,0.0,0.0,0.0,0.0,0.323,2.40225,0.4023,1.17265625,4.338125
2009-08-17,-0.160875,0.0,0.0,0.0,0.0,0.0,0.0,0.31325,2.4045,0.293475,1.1775,4.34125
2009-08-18,-0.16125,0.0,0.0,0.0,0.0,0.0,0.0,0.3174,2.401625,0.29685,1.17515625,4.339375
2009-08-19,-0.16375,0.0,0.0,0.0,0.0,0.0,0.0,0.31975,2.4025,0.2991,1.1796875,4.3434375
2009-08-20,-0.162,0.0,0.0,0.0,0.0,0.0,0.0,0.3228,2.40375,0.301425,1.18109375,4.34375
2009-08-21,-0.163125,0.0,0.0,0.0,0.0,0.0,0.0,0.32715,2.399875,0.358925,1.1715625,4.3378125
2009-08-24,-0.16775,0.0,0.0,0.0,0.0,0.0,0.0,0.3268,2.400875,0.4098,1.175625,4.3434375
2009-08-25,-0.163375,0.0,0.0,0.0,0.0,0.0,0.0,0.6546,2.402625,0.30779999999999996,1.17875,4.343125
2009-08-26,-0.163125,0.0,0.0,0.0,0.0,0.0,0.0,0.6549,2.403,0.308025,1.18,4.3453125
2009-08-27,-0.164625,0.0,0.0,0.0,0.0,0.0,0.0,0.6556,2.402875,0.308775,1.17859375,4.3465625
2009-08-28,-0.1645,0.0,0.0,0.0,0.0,0.0,0.0,0.657,2.40325,0.30824999999999997,1.1671875,4.3490625
2009-08-31,-0.164875,0.0,0.0,0.0,0.0,0.0,0.0,0.6498,2.4055,0.30622499999999997,1.1721875,6.4903125
2009-09-01,-0.159625,0.0,0.0,0.0,0.0,0.0,0.0,0.3191,2.407,0.29895,1.1753125,6.498749999999999
2009-09-02,-0.159625,0.0,0.0,0.0,0.0,0.0,0.0,0.3186,2.409625,0.298275,1.18046875,6.5024999999999995
2009-09-03,-0.157875,0.0,0.0,0.0,0.0,0.0,0.0,0.3208,2.409,0.300525,1.1775,6.500625
2009-09-04,-0.153125,0.0,0.0,0.0,0.0,0.0,0.0,0.32715,2.406,0.3042,1.1703125,6.49828125
2009-09-07,-0.153125,0.0,0.0,0.0,0.0,0.0,0.0,0.32925,2.406,0.306525,1.1703125,6.49828125
2009-09-08,-0.15375,0.0,0.0,0.0,0.0,0.0,0.0,0.33105,2.405375,0.41,1.17015625,6.4996875
2009-09-09,-0.154875,0.0,0.0,0.0,0.0,0.0,0.0,0.6664,2.40575,0.30974999999999997,1.169375,6.50109375
2009-09-10,-0.157625,0.0,0.0,0.0,0.0,0.0,0.0,0.674,2.409125,0.312525,1.1790625,6.5071875
2009-09-11,-0.159875,0.0,0.0,0.0,0.0,1.0052,0.0,0.3371,2.409,0.4166,1.17984375,6.50671875
2009-09-14,-0.158875,0.0,0.0,0.0,0.0,1.0002,0.0,0.3376,2.406625,0.4174,1.17546875,6.5062500000000005
2009-09-15,-0.17325,0.0,0.0,0.0,0.0,1.0053,0.0,0.339,2.404625,0.4184,1.171875,6.502968749999999
2009-09-16,-0.168125,0.0,0.0,0.0,0.0,1.0192,0.0,0.6871,2.403625,0.31905,1.16890625,6.49640625
2009-09-17,-0.1645,0.0,0.0,0.0,0.0,1.0126,0.0,0.688,2.40625,0.31882499999999997,1.1740625,6.500625
2009-09-18,-0.159,0.0,0.0,0.0,0.0,1.0094,0.0,0.6885,2.399375,0.3183,1.1684375,6.495
2009-09-21,-0.158,0.0,0.0,0.0,0.0,1.0039,0.0,0.6911,2.3986249999999996,0.31815000000000004,1.168125,6.495
2009-09-22,-0.162875,0.0,0.0,0.0,0.0,1.0144,0.0,0.6937,2.399875,0.320175,1.1703125,6.498749999999999
2009-09-23,-0.165125,0.0,0.0,0.0,0.0,1.0131,0.0,0.6902,2.40125,0.3177,1.174375,6.50671875
2009-09-24,-0.16825,0.0,0.0,0.0,0.0,0.0,0.0,0.3399,2.403375,0.4699125,1.17703125,6.510468749999999
2009-09-25,-0.167,0.0,0.0,0.0,0.0,0.0,0.0,0.3394,2.405,0.4164,1.17984375,6.50390625
2009-09-28,-0.169375,0.0,0.0,0.0,0.0,0.0,0.0,0.34455,2.406375,0.4236,1.181875,6.50578125
2009-09-29,-0.1705,0.0,0.0,0.0,0.0,0.0,0.0,0.3431,2.4065,0.4219,1.18296875,6.502968749999999
2009-09-30,-0.172,0.0,0.0,0.0,0.0,0.0,0.0,0.3435,2.4065,0.4212,1.18328125,6.509062500000001
2009-10-01,-0.17025,0.0,0.0,0.0,0.0,0.0,0.0,0.3341,2.409875,0.359625,1.19265625,6.5184375
2009-10-02,-0.16675,0.0,0.0,0.0,0.0,0.0,0.0,0.33245,2.409125,0.306525,1.1921875,6.519375
2009-10-05,-0.17075,0.0,0.0,0.0,0.0,0.0,0.0,0.3348,2.4083749999999995,0.31095,1.191875,6.51984375
2009-10-06,-0.179125,0.0,0.0,0.0,0.0,0.0,0.0,0.34015,2.4075,0.31455,1.19125,6.5179687500000005
2009-10-07,0.0,0.0,0.0,0.0,0.0,0.0,0.0,0.3416,2.41,0.36872499999999997,1.1971875,6.5240625
2009-10-08,0.0,0.0,0.0,0.0,0.0,1.0563,0.0,0.3433,2.408625,0.319125,1.1915625,6.51984375
2009-10-09,0.0,0.0,0.0,0.0,0.0,1.0485999999999998,0.0,0.3451,2.4048749999999997,0.3204,1.1828125,6.51140625
2009-10-12,0.0,0.0,0.0,0.0,0.0,1.0575,0.0,0.34555,2.4048749999999997,0.375025,1.1828125,6.51140625
2009-10-13,0.0,0.0,0.0,0.0,0.0,1.065,0.0,0.34535,2.4072500000000003,0.37406249999999996,1.1890625,6.52125
2009-10-14,0.0,0.0,0.0,0.0,0.0,1.0647,0.0,0.34955,2.40475,0.3807125,1.1815625,6.516562500000001
2009-10-15,0.0,0.0,0.0,0.0,0.0,1.0505999999999998,0.0,0.3497,2.403375,0.4359,1.17765625,6.5132812499999995
2009-10-16,0.0,0.0,0.0,0.0,0.0,1.0515,0.0,0.3463,2.404375,0.4328,1.18125,6.51140625
2009-10-19,0.0,0.0,0.0,0.0,0.0,1.0580999999999998,0.0,0.7001,2.4052499999999997,0.32730000000000004,1.18234375,6.510937500000001
2009-10-20,0.0,0.0,0.0,0.0,0.0,1.0585999999999998,0.0,0.7033,2.4072500000000003,0.32685000000000003,1.18640625,6.5179687500000005
2009-10-21,0.0,0.0,0.0,0.0,0.0,1.0645,0.0,0.7013,2.4052499999999997,0.3234,1.18015625,6.510937500000001
2009-10-22,0.0,0.0,0.0,0.0,0.0,1.0585999999999998,0.0,0.705,2.4048749999999997,0.327225,1.1796875,6.51375
2009-10-23,0.0,0.0,0.0,0.0,0.0,1.0585999999999998,0.0,0.7008,2.4048749999999997,0.3231,1.1759375,6.51375
2009-10-26,0.0,0.0,0.0,0.0,0.0,1.0428,0.0,0.3496,2.400875,0.3731875,1.17078125,6.504375
2009-10-27,0.0,0.0,0.0,0.0,0.0,1.0354,0.0,0.34395,2.4041250000000005,0.37117500000000003,1.17921875,6.515625
2009-10-28,0.0,0.0,0.0,0.0,0.0,0.0,0.0,0.336,2.406,0.31155,1.1825,6.522656250000001
2009-10-29,0.0,0.0,0.0,0.0,0.0,0.0,0.0,0.3415,2.404,0.31845,1.1771875,6.5179687500000005
2009-10-30,0.0,0.0,0.0,0.0,0.0,0.0,0.0,0.3331,2.407,0.25825,1.18609375,6.528281250000001
2009-11-02,0.0,0.0,0.0,0.0,0.0,0.0,0.0,0.3338,2.4065,0.2078,1.18484375,6.526875
2009-11-03,0.0,0.0,0.0,0.0,0.0,0.0,0.0,0.3351,2.40475,0.20835,1.1815625,6.5278125
2009-11-04,0.0,0.0,0.0,0.0,0.0,0.0,0.0,0.33735,2.403875,0.2094,1.17828125,6.5287500000000005
2009-11-05,0.0,0.0,0.0,0.0,0.0,0.0,0.0,0.34385,2.405125,0.21265,1.18078125,6.532031249999999
2009-11-06,0.0,0.0,0.0,0.0,0.0,0.0,0.0,0.34595,2.40675,0.21325,1.18421875,6.53578125
2009-11-09,0.0,0.0,0.0,0.0,0.0,1.1014000000000002,0.0,0.3533,2.4076250000000003,0.2729375,1.1853125,6.53578125
2009-11-10,0.0,0.0,0.0,0.0,0.0,1.1025,0.0,0.3545,2.408,0.273,1.18578125,6.5371875
2009-11-11,0.0,0.0,0.0,0.0,0.0,1.1145999999999998,0.0,0.35675,2.408,0.32887500000000003,1.1903125,6.5371875
2009-11-12,0.0,0.0,0.0,0.0,0.0,1.1065999999999998,0.0,0.35475,2.410125,0.326175,1.18921875,6.5409375
2009-11-13,0.0,0.0,0.0,0.0,0.0,1.1167,0.0,0.35765,4.81975,0.382025,1.18953125,6.5414062500000005
2009-11-16,0.0,0.0,0.0,0.0,0.0,1.1392,0.0,0.3607,4.827000000000001,0.3871875,1.196875,6.54703125
2009-11-17,0.0,0.0,0.0,0.0,0.0,1.1394000000000002,0.0,0.7235,4.82825,0.276875,1.1975,6.54796875
2009-11-18,0.0,0.0,0.0,0.0,0.0,1.1412,0.0,0.7202,4.82575,0.277125,1.194375,6.5493749999999995
2009-11-19,0.0,0.0,0.0,0.0,0.0,1.1419000000000001,0.0,0.35405,4.827000000000001,0.3829875,1.1965625,6.55265625
2009-11-20,0.0,0.0,0.0,0.0,0.0,1.1468,0.0,0.3527,4.825,0.3815,1.195625,6.551718750000001
2009-11-23,0.0,0.0,0.0,0.0,0.0,1.1647,0.0,0.35825,4.82525,0.3863125,1.19625,6.5503125
2009-11-24,0.0,0.0,0.0,0.0,0.0,1.1658,0.0,0.3573,4.82975,0.38605,1.2009375,6.556875
2009-11-25,0.0,0.0,0.0,0.0,0.0,1.187,0.0,0.35885,4.83225,0.38815,1.2046875,6.557812500000001
2009-11-26,0.0,0.0,0.0,0.0,0.0,1.187,0.0,0.34995,4.83225,0.325425,1.2046875,6.557812500000001
2009-11-27,0.0,0.0,0.0,0.0,0.0,1.1742,0.0,0.35185,4.83675,0.32685000000000003,1.21078125,6.564375
2009-11-30,0.0,0.0,0.0,0.0,0.0,1.1810999999999998,0.0,0.3535,4.83825,0.328425,1.199375,6.56859375
2009-12-01,0.0,0.0,0.0,0.0,0.0,1.2002,0.0,0.3584,4.836,0.33255,1.19546875,6.5367187499999995
2009-12-02,0.0,0.0,0.0,0.0,0.0,1.213,0.0,0.3583,4.833,0.3878,1.19109375,6.530625
2009-12-03,0.0,0.0,0.0,0.0,0.0,1.2183,0.0,0.35605,4.829,0.3843,1.18734375,6.5296875000000005
2009-12-04,0.0,0.0,0.0,0.0,0.0,0.0,0.0,0.359,4.8215,0.5539999999999999,1.1784375,6.51375
2009-12-07,0.0,0.0,0.0,0.0,0.0,0.0,0.0,0.3568,4.82375,0.551875,1.18203125,6.5249999999999995
2009-12-08,0.0,0.0,0.0,0.0,0.0,0.0,0.0,0.3537,4.82875,0.436,1.1878125,6.53109375
2009-12-09,0.0,0.0,0.0,0.0,0.0,0.0,0.0,0.3585,4.827750000000001,0.4382,1.18640625,6.5296875000000005
2009-12-10,0.0,0.0,0.0,0.0,0.0,0.0,0.0,0.36,4.82625,0.4408,1.18171875,6.526406249999999
2009-12-11,0.0,0.0,0.0,0.0,0.0,0.0,0.0,0.3588,4.82175,0.4432,1.17671875,6.52125
2009-12-14,0.0,0.0,0.0,0.0,0.0,0.0,0.0,0.7231,4.81825,0.33255,1.175625,6.51609375
2009-12-15,0.0,0.0,0.0,0.0,0.0,0.0,0.0,0.359,4.814,0.4416,1.17140625,6.5132812499999995
2009-12-16,0.0,0.0,0.0,0.0,0.0,0.0,0.0,0.36,4.814500000000001,0.4975875,1.1725,6.5175
2009-12-17,0.0,0.0,0.0,0.0,0.0,0.0,0.0,0.3571,4.821,0.4924125,1.18046875,6.5278125
2009-12-18,0.0,0.0,0.0,0.0,0.0,0.0,0.0,0.3614,4.80925,0.49398749999999997,1.1759375,6.52359375
2009-12-21,0.0,0.0,0.0,0.0,0.0,0.0,0.0,0.7302,4.8005,0.38788750000000005,1.16640625,6.5132812499999995
2009-12-22,0.0,0.0,0.0,0.0,0.0,0.0,0.0,0.7364,4.796500000000001,0.389725,1.16234375,6.509062500000001
2009-12-23,0.0,0.0,0.0,0.0,0.0,0.0,0.0,0.7409,4.796500000000001,0.39042499999999997,1.16125,6.5071875
2009-12-24,0.0,0.0,0.0,0.0,0.0,0.0,0.0,0.7472,4.79375,0.3927,1.1571875,6.500625
2009-12-25,0.0,0.0,0.0,0.0,0.0,0.0,0.0,0.7472,4.79375,0.3927,1.1571875,6.500625
2009-12-28,0.0,0.0,0.0,0.0,0.0,0.0,0.0,0.7498,4.79025,0.39305,1.15515625,6.49265625
2009-12-29,0.0,0.0,0.0,0.0,0.0,0.0,0.0,0.749,4.79225,0.3926125,1.1565625,6.493125000000001
2009-12-30,0.0,0.0,0.0,0.0,0.0,0.0,0.0,0.7507,4.795,0.3927,1.1584375,6.4935937500000005
2009-12-31,0.0,0.0,0.0,0.0,0.0,0.0,0.0,0.7435,4.79275,0.38876249999999996,1.15453125,6.48796875
2010-01-01,0.0,0.0,0.0,0.0,0.0,0.0,0.0,0.7435,4.79275,0.38876249999999996,1.15453125,6.48796875
2010-01-04,0.0,0.0,0.0,0.0,0.0,0.0,0.0,0.7547,4.79425,0.3950625,1.1553125,6.49546875
2010-01-05,0.0,0.0,0.0,0.0,0.0,0.0,0.0,0.7543,4.79425,0.3962875,1.16203125,6.49546875
2010-01-06,0.0,0.0,0.0,0.0,0.0,0.0,0.0,0.7514,4.7975,0.39655,1.1596875,6.50671875
2010-01-07,0.0,0.0,0.0,0.0,0.0,0.0,0.0,0.751,4.79525,0.398125,1.1584375,6.5034375
2010-01-08,0.0,0.0,0.0,0.0,0.0,0.0,0.0,0.756,4.79675,0.399525,1.1603125,6.51140625
2010-01-11,0.0,0.0,0.0,0.0,0.0,0.0,0.0,0.7534,4.79675,0.39987500000000004,1.1603125,6.514687499999999
2010-01-12,0.0,0.0,0.0,0.0,0.0,0.0,0.0,0.7462,4.8027500000000005,0.39690000000000003,1.1675,6.5179687500000005
2010-01-13,0.0,0.0,0.0,0.0,0.0,0.0,0.0,0.7529,4.801,0.3994375,1.16390625,6.5132812499999995
2010-01-14,0.0,0.0,0.0,0.0,0.0,0.0,0.0,0.7553,4.8045,0.4008375,1.1675,6.5184375
2010-01-15,0.0,0.0,0.0,0.0,0.0,0.0,0.0,0.37245,4.80775,0.566125,1.1728125,6.52546875
2010-01-18,0.0,0.0,0.0,0.0,0.0,0.0,0.0,0.7497,4.80775,0.4547,1.1728125,6.52546875
2010-01-19,0.0,0.0,0.0,0.0,0.0,0.0,0.0,0.7558,4.80575,0.4583,1.17078125,6.522187499999999
2010-01-20,0.0,0.0,0.0,0.0,0.0,0.0,0.0,0.3734,4.808250000000001,0.5104124999999999,1.1740625,6.52453125
2010-01-21,0.0,0.0,0.0,0.0,0.0,0.0,0.0,0.3681,4.81175,0.388675,1.178125,6.5296875000000005
2010-01-22,0.0,0.0,0.0,0.0,0.0,0.0,0.0,0.35955,4.812,0.27275,1.1790625,6.533906249999999
2010-01-25,0.0,0.0,0.0,0.0,0.0,0.0,0.0,0.3597,4.81075,0.2185,1.17734375,6.533906249999999
2010-01-26,-0.19775,0.0,0.0,0.0,0.0,0.0,0.0,0.3592,4.811,0.1087,1.17828125,6.53296875
2010-01-27,-0.195875,0.0,0.0,0.0,0.0,0.0,0.0,0.36185,4.8095,0.109475,1.1765625,6.5287500000000005
2010-01-28,-0.1975,0.0,0.0,0.0,0.0,0.0,0.0,0.0,4.8095,0.21585,1.17703125,6.53296875
2010-01-29,-0.195375,0.0,0.0,0.0,0.0,0.0,0.0,0.0,4.81275,0.2141,1.1815625,6.53859375
2010-02-01,-0.19725,0.0,0.0,0.0,0.0,0.0,0.0,0.0,4.81125,0.2173,1.17859375,6.53578125
2010-02-02,-0.2005,0.0,0.0,0.0,0.0,0.0,0.0,0.0,4.81225,0.21945,1.18015625,6.5367187499999995
2010-02-03,-0.194875,0.0,0.0,0.0,0.0,0.0,0.0,0.0,4.81025,0.2193,1.17578125,6.5334375
2010-02-04,-0.194875,0.0,0.0,0.0,0.0,0.0,0.0,0.0,4.81575,0.1592625,1.1825,6.5414062500000005
2010-02-05,-0.1935,0.0,0.0,0.0,0.0,0.0,0.0,0.0,4.82075,0.0529875,1.18859375,6.54890625
2010-02-08,-0.1955,0.0,0.0,0.0,0.0,0.0,0.0,0.0,4.81875,0.0528,1.18484375,6.545624999999999
2010-02-09,-0.19675,0.0,0.0,0.0,0.0,0.0,0.0,0.0,4.816,0.0533125,1.18234375,6.5414062500000005
2010-02-10,-0.198,0.0,0.0,0.0,0.0,0.0,0.0,0.0,4.812,0.0531625,1.1790625,6.53484375
2010-02-11,-0.19925,0.0,0.0,0.0,0.0,0.0,0.0,0.0,4.812,0.053825,1.17765625,6.53578125
2010-02-12,-0.198625,0.0,0.0,0.0,0.0,0.0,0.0,0.0,4.814500000000001,0.05395,1.18078125,6.5414062500000005
2010-02-15,-0.198625,0.0,0.0,0.0,0.0,0.0,0.0,0.0,4.814500000000001,0.053775,1.18078125,6.5414062500000005
2010-02-16,-0.201375,0.0,0.0,0.0,0.0,0.0,0.0,0.0,4.8165,0.109325,1.183125,6.54515625
2010-02-17,-0.198375,0.0,0.0,0.0,0.0,0.0,0.0,0.0,4.8115,0.2199,1.17671875,6.53859375
2010-02-18,-0.197625,0.0,0.0,0.0,0.0,0.0,0.0,0.36415,4.808250000000001,0.11055,1.17203125,6.5367187499999995
2010-02-19,-0.199125,0.0,0.0,0.0,0.0,0.0,0.0,0.36385,4.807,0.110625,1.171875,6.530625
2010-02-22,-0.204,0.0,0.0,0.0,0.0,0.0,0.0,0.3642,4.808250000000001,0.11075,1.171875,6.53578125
2010-02-23,-0.204,0.0,0.0,0.0,0.0,0.0,0.0,0.3602,4.808250000000001,0.109725,1.18046875,6.53578125
2010-02-24,-0.20475,0.0,0.0,0.0,0.0,0.0,0.0,0.3628,4.81425,0.11035,1.18078125,6.543749999999999
2010-02-25,-0.203375,0.0,0.0,0.0,0.0,0.0,0.0,0.3627,4.819,0.110225,1.17140625,6.549843749999999
2010-02-26,0.0,0.0,0.0,0.0,0.0,0.0,0.0,0.3637,4.8225,0.11035,1.17484375,6.523125
2010-03-01,0.0,0.0,0.0,0.0,0.0,0.0,0.0,0.36855,4.8222499999999995,0.11145,1.17390625,6.523125
2010-03-02,0.0,0.0,0.0,0.0,0.0,0.0,0.0,0.37045,4.8229999999999995,0.167625,1.1740625,6.5249999999999995
2010-03-03,0.0,0.0,0.0,0.0,0.0,0.0,0.0,0.3704,4.8245,0.2237,1.17421875,6.52359375
2010-03-04,0.0,0.0,0.0,0.0,0.0,0.0,0.0,0.37195,4.826,0.22445,1.17515625,6.5179687500000005
2010-03-05,0.0,0.0,0.0,0.0,0.0,0.0,0.0,0.3771,4.82275,0.284125,1.17046875,6.51375
2010-03-08,0.0,0.0,0.0,0.0,0.0,0.0,0.0,0.37765,4.8215,0.34109999999999996,1.16921875,6.51515625
2010-03-09,0.0,0.0,0.0,0.0,0.0,0.0,0.0,0.38025,4.8222499999999995,0.34215,1.170625,6.5170312500000005
2010-03-10,0.0,0.0,0.0,0.0,0.0,0.0,0.0,0.38375,4.8215,0.4010125,1.16875,6.5128125
2010-03-11,0.0,0.0,0.0,0.0,0.0,0.0,0.0,0.38505,4.82025,0.402675,1.1678125,6.50765625
2010-03-12,0.0,0.0,0.0,0.0,0.0,0.0,0.0,0.38485,4.81975,0.401275,1.16796875,6.50578125
2010-03-15,-0.1965,0.0,0.0,0.0,0.0,0.0,0.0,0.3834,4.8205,0.5155875,1.16859375,6.509062500000001
2010-03-16,-0.198375,0.0,0.0,0.0,0.0,0.0,0.0,0.7714,4.82325,0.4041625,1.17359375,6.514687499999999
2010-03-17,-0.202,0.0,0.0,0.0,0.0,0.0,0.0,0.7736,4.82325,0.40635,1.17359375,6.51375
2010-03-18,-0.202625,0.0,0.0,0.0,0.0,0.0,0.0,0.7767,4.8125,0.4064375,1.1709375,6.508593749999999
2010-03-19,-0.20175,0.0,0.0,0.0,0.0,0.0,0.0,0.7729,4.810499999999999,0.40468750000000003,1.1696875,6.5034375
2010-03-22,-0.199625,0.0,0.0,0.0,0.0,0.0,0.0,0.7794,4.813,0.4067,1.1728125,6.5071875
2010-03-23,-0.196125,0.0,0.0,0.0,0.0,0.0,0.0,0.7849,4.816,0.409325,1.1728125,6.508593749999999
2010-03-24,-0.197,0.0,0.0,0.0,0.0,0.0,0.0,0.7806,4.81075,0.407575,1.1609375,6.49828125
2010-03-25,-0.192375,0.0,0.0,0.0,0.0,0.0,0.0,0.7798,4.80725,0.4069625,1.15546875,6.4978125
2010-03-26,-0.19275,0.0,0.0,0.0,0.0,0.0,0.0,0.7807,4.80925,0.407225,1.15953125,6.504375
2010-03-29,-0.19325,0.0,0.0,0.0,0.0,0.0,0.0,0.7841,4.808,0.4090625,1.159375,6.50578125
2010-03-30,-0.191875,0.0,0.0,0.0,0.0,0.0,0.0,0.7862,4.80725,0.409325,1.159375,6.50390625
2010-03-31,-0.188125,0.0,0.0,0.0,0.0,0.0,0.0,0.7823,4.808,0.4078375,1.1625,6.508593749999999
2010-04-01,-0.1885,0.0,0.0,0.0,0.0,0.0,0.0,0.7808,4.805,0.4695,1.1603125,6.50578125
2010-04-02,-0.1885,0.0,0.0,0.0,0.0,0.0,0.0,0.7808,4.805,0.4695,1.1534375,6.50578125
2010-04-05,-0.189625,0.0,0.0,0.0,0.0,0.0,0.0,0.7894,4.794,0.4732,1.15,6.48890625
2010-04-06,-0.189875,0.0,0.0,0.0,0.0,0.0,0.0,0.7915,4.799,0.5335875,1.1521875,6.493125000000001
2010-04-07,-0.194125,0.0,0.0,0.0,0.0,0.0,0.0,0.79,4.805,0.5305500000000001,1.16015625,6.502968749999999
2010-04-08,-0.190625,0.0,0.0,0.0,0.0,0.0,0.0,0.792,4.80425,0.5326875,1.158125,6.50390625
2010-04-09,-0.189375,0.0,0.0,0.0,0.0,0.0,0.0,0.7968,4.804,0.59625,1.1590625,6.504843750000001
2010-04-12,-0.190375,0.0,0.0,0.0,0.0,0.0,0.0,0.797,4.808250000000001,0.59625,1.1625,6.50765625
2010-04-13,-0.192125,0.0,0.0,0.0,0.0,0.0,0.0,0.8005,4.81175,0.5965,1.16578125,6.5071875
2010-04-14,-0.194625,0.0,0.0,0.0,0.0,1.1596,0.0,0.8106,4.80875,0.42227499999999996,1.1628125,4.3378125
2010-04-15,-0.197125,0.0,0.0,0.0,0.0,1.1603,0.0,0.8139,4.81,0.422975,1.16390625,4.34
2010-04-16,-0.197125,0.0,0.0,0.0,0.0,0.0,0.0,0.8039,4.815250000000001,0.595125,1.17078125,6.520781250000001
2010-04-19,-0.189,0.0,0.0,0.0,0.0,0.0,0.0,0.8052,4.8115,0.59775,1.16796875,6.5170312500000005
2010-04-20,-0.192625,0.0,0.0,0.0,0.0,0.0,0.0,0.8097,4.8115,0.60275,1.16765625,6.5132812499999995
2010-04-21,-0.19375,0.0,0.0,0.0,0.0,0.0,0.0,0.8102,4.8155,0.6002500000000001,1.171875,6.51515625
2010-04-22,-0.193875,0.0,0.0,0.0,0.0,0.0,0.0,0.8145,4.813,0.600875,1.16828125,6.511875
2010-04-23,-0.189125,0.0,0.0,0.0,0.0,0.0,0.0,0.8212,4.81,0.606125,1.16453125,6.5062500000000005
2010-04-26,-0.18825,0.0,0.0,0.0,0.0,0.0,0.0,0.8189,4.81075,0.604125,1.16578125,6.50765625
2010-04-27,-0.1845,0.0,0.0,0.0,0.0,0.0,0.0,0.8035,4.81925,0.53145,1.1765625,6.519375
2010-04-28,-0.188875,0.0,0.0,0.0,0.0,0.0,0.0,0.8027,4.814500000000001,0.476,1.17,6.515625
2010-04-29,-0.191875,0.0,0.0,0.0,0.0,1.1688,0.0,0.4082,4.81825,0.4821,1.174375,4.3478125
2010-04-30,-0.196125,0.0,0.0,0.0,0.0,1.1807,0.0,0.3997,4.8225,0.414225,1.1790625,4.3515625
2010-05-03,-0.19475,0.0,0.0,0.0,0.0,1.1833,0.0,0.4054,4.818,0.419475,1.17484375,4.348125
2010-05-04,-0.1935,0.0,0.0,0.0,0.0,1.1692,0.0,0.3939,4.8222499999999995,0.2345,1.18140625,4.3525
2010-05-05,-0.194625,0.0,0.0,0.0,0.0,0.0,0.0,0.3917,4.8275,0.2328,1.18671875,6.53859375
2010-05-06,-0.192375,0.0,0.0,0.0,0.0,0.0,0.0,0.3772,4.83775,0.168375,1.19921875,6.551718750000001
2010-05-07,-0.193,0.0,0.0,0.0,0.0,0.0,0.0,0.0,4.83575,0.2214,1.196875,6.546093750000001
2010-05-10,-0.19325,0.0,0.0,0.0,0.0,0.0,0.0,0.0,4.8295,0.2313,1.189375,6.54234375
2010-05-11,-0.1965,0.0,0.0,0.0,0.0,0.0,0.0,0.0,4.82875,0.23045,1.19015625,6.54234375
2010-05-12,-0.19625,0.0,0.0,0.0,0.0,0.0,0.0,0.0,4.828,0.23395,1.18796875,6.5409375
2010-05-13,-0.1945,0.0,0.0,0.0,0.0,0.0,0.0,0.0,4.829,0.23135,1.18859375,6.54234375
2010-05-14,-0.19,0.0,0.0,0.0,0.0,0.0,0.0,0.0,4.83625,0.22705,1.19765625,6.5503125
2010-05-17,-0.186875,0.0,0.0,0.0,0.0,0.0,0.0,0.0,4.8355,0.2269,1.19578125,6.5484374999999995
2010-05-18,-0.18925,0.0,0.0,0.0,0.0,0.0,0.0,0.0,4.84025,0.1678125,1.20203125,6.555
2010-05-19,-0.189,0.0,0.0,0.0,0.0,0.0,0.0,0.0,4.840999999999999,0.0555,1.2025,6.55265625
2010-05-20,-0.18925,0.0,0.0,0.0,0.0,0.0,0.0,0.0,4.8475,0.0535,1.20953125,6.557812500000001
2010-05-21,-0.192625,0.0,0.0,0.0,0.0,0.0,0.0,0.0,4.8534999999999995,0.0,1.213125,6.556875
2010-05-24,-0.1945,0.0,0.0,0.0,0.0,0.0,0.0,0.0,4.85,-0.05355,1.21171875,6.557812500000001
2010-05-25,-0.191375,0.0,0.0,0.0,0.0,0.0,0.0,0.0,4.85075,-0.05365,1.21671875,6.5596875
2010-05-26,-0.195375,0.0,0.0,0.0,0.0,0.0,0.0,0.0,4.8475,-0.0530625,1.2115625,6.555
2010-05-27,-0.19675,0.0,0.0,0.0,0.0,0.0,0.0,0.0,4.839500000000001,-0.05505,1.203125,6.549843749999999
2010-05-28,-0.19,0.0,0.0,0.0,0.0,0.0,0.0,0.0,4.84225,-0.054425,1.19875,6.5610937499999995
2010-05-31,-0.19,0.0,0.0,0.0,0.0,0.0,0.0,0.0,4.84225,-0.0545375,1.19875,6.5610937499999995
2010-06-01,-0.187625,0.0,0.0,0.0,0.0,0.0,0.0,0.0,4.8425,-0.053475,1.19890625,6.5414062500000005
2010-06-02,-0.184875,0.0,0.0,0.0,0.0,0.0,0.0,0.0,4.84025,-0.0548375,1.19546875,6.5376562499999995
2010-06-03,-0.185125,0.0,0.0,0.0,0.0,0.0,0.0,0.0,4.838,0.0,1.19328125,6.5353125
2010-06-04,-0.17975,0.0,0.0,0.0,0.0,0.0,0.0,0.0,4.847999999999999,0.0,1.20734375,6.5475
2010-06-07,-0.1775,0.0,0.0,0.0,0.0,0.0,0.0,0.0,4.85,-0.0524,1.20859375,6.5446875
2010-06-08,-0.17825,0.0,0.0,0.0,0.0,0.0,0.0,0.0,4.8495,-0.105925,1.2103125,6.545624999999999
2010-06-09,-0.17925,0.0,0.0,0.0,0.0,0.0,0.0,0.0,4.85,-0.10555,1.20859375,6.5465625
2010-06-10,-0.18225,0.0,0.0,0.0,0.0,0.0,0.0,0.0,4.84375,-0.108375,1.1984375,6.540000000000001
2010-06-11,-0.1855,0.0,0.0,0.0,0.0,0.0,0.0,0.0,4.8485,-0.108925,1.2065625,6.54796875
2010-06-14,-0.1875,0.0,0.0,0.0,0.0,0.0,0.0,0.0,4.84725,-0.108625,1.201875,6.545624999999999
2010-06-15,-0.1875,0.0,0.0,0.0,0.0,0.0,0.0,0.0,4.846,-0.0554625,1.19890625,6.543749999999999
2010-06-16,-0.188625,0.0,0.0,0.0,0.0,0.0,0.0,0.0,4.8475,-0.055475,1.200625,6.5465625
2010-06-17,-0.189125,0.0,0.0,0.0,0.0,0.0,0.0,0.0,4.854,-0.0555875,1.2071875,6.551718750000001
2010-06-18,-0.19025,0.0,0.0,0.0,0.0,0.0,0.0,0.0,4.843,-0.0555125,1.204375,6.549843749999999
2010-06-21,-0.187375,0.0,0.0,0.0,0.0,0.0,0.0,0.0,4.84375,-0.055525,1.20296875,6.549843749999999
2010-06-22,-0.186,0.0,0.0,0.0,0.0,0.0,0.0,0.0,4.84775,-0.054525,1.2090625,6.5531250000000005
2010-06-23,-0.18275,0.0,0.0,0.0,0.0,0.0,0.0,0.0,4.84925,-0.054375,1.21359375,6.55828125
2010-06-24,-0.18225,0.0,0.0,0.0,0.0,0.0,0.0,0.0,4.84975,-0.10705,1.21328125,6.55640625
2010-06-25,-0.18025,0.0,0.0,0.0,0.0,0.0,0.0,0.0,4.8505,-0.1612125,1.21484375,6.55875
2010-06-28,-0.176375,0.0,0.0,0.0,0.0,0.0,0.0,0.0,4.856,-0.16065000000000002,1.22140625,6.5625
2010-06-29,-0.172,0.0,0.0,0.0,0.0,0.0,0.0,-0.3527,4.8595,-0.0517625,1.2253125,6.56625
2010-06-30,-0.18675,0.0,0.0,0.0,0.0,0.0,0.0,-0.3476,4.85925,-0.051325,1.22546875,6.5648437500000005
2010-07-01,-0.19225,0.0,0.0,0.0,0.0,0.0,0.0,-0.3456,4.86075,-0.0510875,1.22609375,6.5639062500000005
2010-07-02,-0.19225,0.0,0.0,0.0,0.0,0.0,0.0,-0.34425,4.85875,-0.0507125,1.223125,6.5648437500000005
2010-07-05,-0.19225,0.0,0.0,0.0,0.0,0.0,0.0,-0.344,4.85875,-0.1012,1.223125,6.5648437500000005
2010-07-06,-0.189625,0.0,0.0,0.0,0.0,0.0,0.0,-0.3469,4.8615,-0.102425,1.22734375,6.5653125
2010-07-07,-0.194625,0.0,0.0,0.0,0.0,0.0,0.0,-0.3579,4.86225,-0.105925,1.224375,6.564375
2010-07-08,0.0,0.0,0.0,0.0,0.0,0.0,0.0,0.0,4.861,-0.1067,2.443125,6.5653125
2010-07-09,0.0,0.0,0.0,0.0,0.0,0.0,0.0,0.0,4.857,-0.10725,2.4384375,6.56296875
2010-07-12,0.0,0.0,0.0,0.0,0.0,0.0,0.0,0.0,4.8565,-0.10765,2.4421875,6.563437500000001
2010-07-13,0.0,0.0,0.0,0.0,0.0,0.0,0.0,0.0,4.854,-0.0544875,2.433125,6.5596875
2010-07-14,0.0,0.0,0.0,0.0,0.0,0.0,0.0,0.0,4.8585,-0.05455,2.4446875,6.567656250000001
2010-07-15,0.0,0.0,0.0,0.0,0.0,0.0,0.0,0.0,4.8655,0.0,2.455625,6.567187499999999
2010-07-16,0.0,0.0,0.0,0.0,0.0,0.0,0.0,0.0,4.871,0.0,2.4640625,6.568125
2010-07-19,0.0,0.0,0.0,0.0,0.0,0.0,0.0,0.0,4.87025,0.0,2.460625,6.568125
2010-07-20,0.0,0.0,0.0,0.0,0.0,0.0,0.0,0.0,4.87175,0.0,2.4646875,6.57046875
2010-07-21,0.0,0.0,0.0,0.0,0.0,0.0,0.0,0.0,4.875,-0.0532,2.47,6.5728124999999995
2010-07-22,0.0,0.0,0.0,0.0,0.0,0.0,0.0,0.0,4.8745,-0.0543875,2.4634375,6.57140625
2010-07-23,0.0,0.0,0.0,0.0,0.0,0.0,0.0,0.0,4.86975,0.0,2.4534375,6.569062499999999
2010-07-26,0.0,0.0,0.0,0.0,0.0,0.0,0.0,0.0,4.86975,0.055475,2.4546875,6.56625
2010-07-27,0.0,0.0,0.0,0.0,0.0,0.0,0.0,0.0,4.8675,0.05555,2.4465625,6.5596875
2010-07-28,0.0,0.0,0.0,0.0,0.0,0.0,0.0,0.0,4.87325,0.0551,2.4571875,6.56671875
2010-07-29,0.0,0.0,0.0,0.0,0.0,0.0,0.0,0.0,4.877000000000001,0.05485,2.461875,6.568125
2010-07-30,0.0,0.0,0.0,0.0,0.0,0.0,0.0,0.0,4.88275,0.109825,2.47625,6.57375
2010-08-02,0.0,0.0,0.0,0.0,0.0,0.0,0.0,0.0,4.88175,0.16826249999999998,2.4684375,6.57234375
2010-08-03,0.0,0.0,0.0,0.0,0.0,0.0,0.0,0.0,4.8875,0.111825,1.23984375,6.5756250000000005
2010-08-04,0.0,0.0,0.0,0.0,0.0,0.0,0.0,0.0,4.88275,0.11245,1.23625,6.57234375
2010-08-05,0.0,0.0,0.0,0.0,0.0,0.0,0.0,0.0,4.884,0.168525,1.23890625,8.768125
2010-08-06,0.0,0.0,0.0,0.0,0.0,0.0,0.0,0.0,4.887,0.167925,1.24578125,8.771875
2010-08-09,0.0,0.0,0.0,0.0,0.0,0.0,0.0,0.0,4.887,0.2251,1.24515625,8.768125
2010-08-10,0.0,0.0,0.0,0.0,0.0,0.0,0.0,0.0,4.89,0.22395,1.24984375,8.768125
2010-08-11,0.0,0.0,0.0,0.0,0.0,0.0,0.0,0.0,4.894,0.1085,1.25609375,8.77
2010-08-12,0.0,0.0,0.0,0.0,0.0,0.0,0.0,0.0,4.89075,0.0539625,1.2534375,8.764375
2010-08-13,0.0,0.0,0.0,0.0,0.0,0.0,0.0,0.0,4.88975,0.0,1.25578125,8.766875
2010-08-16,0.0,0.0,0.0,0.0,0.0,0.0,0.0,0.0,4.89475,-0.0538625,1.26203125,8.7725
2010-08-17,0.0,0.0,0.0,0.0,0.0,0.0,0.0,0.0,4.89225,-0.05445,1.25671875,8.770625
2010-08-18,0.0,0.0,0.0,0.0,0.0,0.0,0.0,0.0,4.8905,-0.0543375,1.25609375,8.773125
2010-08-19,0.0,0.0,0.0,0.0,0.0,0.0,0.0,0.0,4.89425,-0.0535375,2.5190625,8.775625
2010-08-20,0.0,0.0,0.0,0.0,0.0,0.0,0.0,0.0,4.89075,-0.0535125,2.510625,8.775
2010-08-23,0.0,0.0,0.0,0.0,0.0,0.0,0.0,0.0,4.8915,-0.053275,2.513125,8.775625
2010-08-24,0.0,0.0,0.0,0.0,0.0,0.0,0.0,0.0,4.89875,-0.0524875,2.528125,8.77625
2010-08-25,0.0,0.0,0.0,0.0,0.0,0.0,0.0,0.0,4.8965000000000005,-0.10545,2.5184375,8.771875
2010-08-26,0.0,0.0,0.0,0.0,0.0,0.0,0.0,0.0,4.897,-0.104475,2.524375,8.77125
2010-08-27,0.0,0.0,0.0,0.0,0.0,0.0,0.0,0.0,4.889,-0.106375,2.50375,8.764375
2010-08-30,0.0,0.0,0.0,0.0,0.0,0.0,0.0,0.0,4.895,-0.15675,2.505625,6.5821875
2010-08-31,0.0,0.0,0.0,0.0,0.0,0.0,0.0,0.0,4.89925,-0.1572375,2.5125,6.57375
2010-09-01,0.0,0.0,0.0,0.0,0.0,0.0,0.0,0.0,4.8957500000000005,-0.108175,2.4959375,6.5718749999999995
2010-09-02,0.0,0.0,0.0,0.0,0.0,0.0,0.0,0.0,4.894,-0.054475,2.4909375,6.5709375
2010-09-03,0.0,0.0,0.0,0.0,0.0,0.0,0.0,0.0,4.891749999999999,0.0,2.4803125,6.57046875
2010-09-06,0.0,0.0,0.0,0.0,0.0,0.0,0.0,0.0,4.891749999999999,0.0,2.4803125,6.57046875
2010-09-07,0.0,0.0,0.0,0.0,0.0,1.2579000000000002,0.0,0.0,4.89775,0.0545625,2.496875,6.573281249999999
2010-09-08,0.0,0.0,0.0,0.0,0.0,1.2579000000000002,0.0,0.0,4.89775,0.0549625,2.48875,6.573281249999999
2010-09-09,0.0,0.0,0.0,0.0,0.0,1.2494,0.0,0.0,4.8885,0.11025,2.4725,4.37375
2010-09-10,0.0,0.0,0.0,0.0,0.0,1.245,0.0,0.0,4.887,0.0554875,1.23390625,6.560625
2010-09-13,0.24175,0.0,0.0,0.0,0.0,0.0,0.0,0.0,4.891749999999999,0.0560625,1.2390625,8.754375
2010-09-14,0.2475,0.0,0.0,0.0,0.0,0.0,0.0,0.0,4.89675,0.0557875,1.244375,8.760625
2010-09-15,0.247625,0.0,0.0,0.0,0.0,0.0,0.0,0.0,4.895,0.0560375,1.241875,8.76375
2010-09-16,0.248,0.0,0.0,0.0,0.0,1.2722,0.0,0.0,4.89325,0.11225,1.2390625,6.573281249999999
2010-09-17,0.256625,0.0,0.0,0.0,0.0,1.2759000000000003,0.0,0.0,4.8935,0.111975,1.24140625,6.5746875
2010-09-20,0.254125,0.0,0.0,0.0,0.0,1.2793,0.0,0.0,4.8847499999999995,0.11365,1.2440625,6.5756250000000005
2010-09-21,0.252625,0.0,0.0,0.0,0.0,1.2727,0.0,0.0,4.89225,0.113475,1.25375,6.581250000000001
2010-09-22,0.2525,0.0,0.0,0.0,0.0,1.2905,0.0,0.3959,4.89325,0.0,1.255625,6.5803125
2010-09-23,0.249625,0.0,0.0,0.0,0.0,1.2945999999999998,0.0,0.3963,4.89275,0.0,1.25578125,6.581250000000001
2010-09-24,0.260875,0.0,0.0,0.0,0.0,1.2963,0.0,0.40365,4.890999999999999,0.0,1.2521875,6.57984375
2010-09-27,0.256375,0.0,0.0,0.0,0.0,1.2969000000000002,0.0,0.40145,4.89725,0.0,1.25953125,6.58171875
2010-09-28,0.256375,0.0,0.0,0.0,0.0,1.2969000000000002,0.0,0.4017,4.89725,0.0,1.264375,6.58171875
2010-09-29,0.2525,0.0,0.0,0.0,0.0,1.3085,0.0,0.4018,4.89875,0.05705,1.2615625,6.58265625
2010-09-30,0.247875,0.0,0.0,0.0,0.0,1.3095999999999999,0.0,0.3991,4.89725,0.0568375,1.26046875,6.5845312499999995
2010-10-01,0.0,0.0,0.0,0.0,0.0,1.3178,0.0,0.3989,4.8965000000000005,0.22845,1.26078125,8.780625
2010-10-04,0.0,0.0,0.0,0.0,0.0,1.3168,0.0,0.3954,4.8995,0.22695,1.2646875,8.781875
2010-10-05,0.0,0.0,0.0,0.0,0.0,1.3403,0.0,0.4037,4.8995,0.23095,1.26640625,8.781875
2010-10-06,0.0,0.0,0.0,0.0,0.0,1.3477,0.0,0.40085,4.902000000000001,0.23115,1.2709375,8.78625
2010-10-07,0.0,0.0,0.0,0.0,0.0,1.335,0.0,0.4028,4.905,0.2313,1.27140625,8.790625
2010-10-08,0.0,0.0,0.0,0.0,0.0,1.3453,0.0,0.40415,4.90875,0.290125,1.273125,8.793125
2010-10-11,0.0,0.0,0.0,0.0,0.0,1.3544,0.0,0.4051,4.90875,0.34867499999999996,1.274375,8.793125
2010-10-12,0.0,0.0,0.0,0.0,0.0,1.3467,0.0,0.4074,4.908,0.34935,1.27078125,8.79
2010-10-13,0.0,0.0,0.0,0.0,0.0,1.3705,0.0,0.4112,4.909000000000001,0.352275,1.2721875,8.7925
2010-10-14,0.0,0.0,0.0,0.0,0.0,1.3776,0.0,0.4124,4.9055,0.410725,1.26671875,8.78875
2010-10-15,0.0,0.0,0.0,0.0,0.0,0.0,0.0,0.419,4.90525,0.5287499999999999,1.26234375,10.989843749999999
2010-10-18,0.0,0.0,0.0,0.0,0.0,0.0,0.0,0.8378,4.91075,0.4123875,1.26890625,10.989843749999999
2010-10-19,0.0,0.0,0.0,0.0,0.0,0.0,0.0,0.4135,4.91375,0.4073125,1.2703125,10.990625000000001
2010-10-20,0.266125,0.0,0.0,0.0,0.0,0.0,0.0,0.41675,4.91425,0.4111625,1.27046875,10.992968750000001
2010-10-21,0.261375,0.0,0.0,0.0,0.0,0.0,0.0,0.416,4.912,0.4115125,1.26640625,10.9921875
2010-10-22,0.25925,0.0,0.0,0.0,0.0,0.0,0.0,0.4208,4.9095,0.4132625,1.26421875,10.9921875
2010-10-25,0.266375,0.0,0.0,0.0,0.0,0.0,0.0,0.4217,4.90775,0.4139625,1.26421875,10.9921875
2010-10-26,0.269125,0.0,0.0,0.0,0.0,0.0,0.0,0.4232,4.902000000000001,0.4139625,1.2571875,10.984375
2010-10-27,0.269875,0.0,0.0,0.0,0.0,0.0,0.0,0.42475,4.89725,0.4125625,1.2521875,10.982812500000001
2010-10-28,0.2715,0.0,0.0,0.0,0.0,0.0,0.0,0.8503,4.90325,0.353775,1.25859375,10.992968750000001
2010-10-29,0.271,0.0,0.0,0.0,0.0,0.0,0.0,0.8494,4.907,0.35415,1.2628125,10.999218749999999
2010-11-01,0.270125,0.0,0.0,0.0,0.0,0.0,0.0,0.8516,4.908250000000001,0.3549,1.263125,10.9984375
2010-11-02,0.272375,0.0,0.0,0.0,0.0,0.0,0.0,0.8601,4.9075,0.357825,1.2653125,10.99765625
2010-11-03,0.27475,0.0,0.0,0.0,0.0,0.0,0.0,0.8657,4.909000000000001,0.4190375,1.26578125,11.0
2010-11-04,0.27725,0.0,0.0,0.0,0.0,0.0,0.0,0.8738,4.9175,0.426475,1.2775,11.0
2010-11-05,0.277625,0.0,0.0,0.0,0.0,0.0,0.0,0.8739,4.91525,0.4277,1.27421875,10.99375
2010-11-08,0.2765,0.0,0.0,0.0,0.0,0.0,0.0,0.8736,4.91275,0.488,1.27359375,10.987499999999999
2010-11-09,0.276125,0.0,0.0,0.0,0.0,0.0,0.0,0.8705,4.90325,0.4844,1.2653125,10.98046875
2010-11-10,0.274625,0.0,0.0,0.0,0.0,0.0,0.0,0.8698,4.90525,0.4856,1.2696875,10.98125
2010-11-11,0.269625,0.0,0.0,0.0,0.0,0.0,0.0,0.869,4.90525,0.4844,1.26484375,10.98125
2010-11-12,0.254625,0.0,0.0,0.0,0.0,0.0,0.0,0.8535,4.89625,0.418425,1.259375,10.9671875
2010-11-15,0.2595,0.0,0.0,0.0,0.0,0.0,0.0,0.4256,4.88675,0.4783,1.24765625,8.77125
2010-11-16,0.246,0.0,0.0,0.0,0.0,0.0,0.0,0.41815,4.888,0.352425,1.25046875,8.773125
2010-11-17,0.249625,0.0,0.0,0.0,0.0,0.0,0.0,0.4194,4.88975,0.35324999999999995,1.24875,8.775
2010-11-18,0.25425,0.0,0.0,0.0,0.0,0.0,0.0,0.42685,4.88875,0.359325,1.24484375,8.773125
2010-11-19,0.2455,0.0,0.0,0.0,0.0,0.0,0.0,0.4267,4.88625,0.359475,1.24515625,8.771875
2010-11-22,0.241625,0.0,0.0,0.0,0.0,0.0,0.0,0.4309,4.8945,0.3594,1.2509375,8.776875
2010-11-23,0.247375,0.0,0.0,0.0,0.0,0.0,0.0,0.4238,4.89775,0.2945625,1.2540625,8.783125
2010-11-24,0.253875,0.0,0.0,0.0,0.0,0.0,0.0,0.4316,4.88875,0.29912500000000003,1.2428125,8.769375
2010-11-25,0.253875,0.0,0.0,0.0,0.0,0.0,0.0,0.4323,4.88875,0.36,1.2428125,8.769375
2010-11-26,0.2535,0.0,0.0,0.0,0.0,0.0,0.0,0.4292,4.889500000000001,0.2958125,1.2459375,6.5784375
2010-11-29,0.255,0.0,0.0,0.0,0.0,0.0,0.0,0.4291,4.89125,0.296625,1.23921875,6.5803125
2010-11-30,0.25175,0.0,0.0,0.0,0.0,0.0,0.0,0.4234,4.893,0.294875,1.24109375,6.581250000000001
2010-12-01,0.264375,0.0,0.0,0.0,0.0,0.0,0.0,0.4317,4.882,0.301125,1.22828125,6.57140625
2010-12-02,0.2615,0.0,0.0,0.0,0.0,0.0,0.0,0.4374,4.87725,0.36682499999999996,1.224375,6.569531250000001
2010-12-03,0.26725,0.0,0.0,0.0,0.0,0.0,0.0,0.43765,4.88,0.428225,1.22625,6.57703125
2010-12-06,0.264625,0.0,0.0,0.0,0.0,0.0,0.0,0.8762,4.88725,0.3055,1.23328125,6.583125
2010-12-07,0.262125,0.0,0.0,0.0,0.0,0.0,0.0,0.876,4.87425,0.366975,1.21390625,4.3784375
2010-12-08,0.266875,0.0,0.0,0.0,0.0,0.0,0.0,0.8802,4.867,0.368625,1.20796875,4.3715625
2010-12-09,0.264875,0.0,0.0,0.0,0.0,0.0,0.0,0.8805,4.8655,0.3699,1.20765625,4.37125
2010-12-10,0.264625,0.0,0.0,0.0,0.0,0.0,0.0,0.8866,4.86025,0.3723,1.2021875,4.371875
2010-12-13,0.27,0.0,0.0,0.0,0.0,0.0,0.0,0.8847,4.863,0.4344375,1.2065625,4.3725
2010-12-14,0.267125,0.0,0.0,0.0,0.0,0.0,0.0,0.8856,4.8525,0.4947,1.1928125,4.3696875
2010-12-15,0.263875,0.0,0.0,0.0,0.0,0.0,0.0,0.8805,4.84775,0.4928,1.1890625,4.3678125
2010-12-16,0.26625,0.0,0.0,0.0,0.0,0.0,0.0,0.8877,4.849,0.4954,1.1921875,4.3678125
2010-12-17,0.27075,0.0,0.0,0.0,0.0,0.0,0.0,0.8853,4.85775,0.4954,1.2025,4.373125
2010-12-20,0.271375,0.0,0.0,0.0,0.0,0.0,0.0,0.8881,4.8485,0.5585625,1.20078125,4.3734375
2010-12-21,0.272875,0.0,0.0,0.0,0.0,0.0,0.0,0.8941,4.84925,0.5628375,1.20234375,4.3715625
2010-12-22,0.275,0.0,0.0,0.0,0.0,0.0,0.0,0.8944,4.846,0.564525,1.2,4.3709375
2010-12-23,0.275625,0.0,0.0,0.0,0.0,0.0,0.0,0.8922,4.842,0.56385,1.1959375,4.3684375
2010-12-24,0.275625,0.0,0.0,0.0,0.0,0.0,0.0,0.8922,4.842,0.56385,1.1959375,4.3684375
2010-12-27,0.276625,0.0,0.0,0.0,0.0,0.0,0.0,0.892,4.84325,0.5639624999999999,1.199375,4.3678125
2010-12-28,0.278625,0.0,0.0,0.0,0.0,0.0,0.0,0.8902,4.83625,0.5643,1.1903125,4.3653125
2010-12-29,0.278,0.0,0.0,0.0,0.0,0.0,0.0,0.8914,4.8445,0.627875,1.2025,4.375
2010-12-30,0.275625,0.0,0.0,0.0,0.0,0.0,0.0,0.8898,4.841749999999999,0.6272500000000001,1.19984375,4.3725
2010-12-31,0.281,0.0,0.0,0.0,0.0,0.0,0.0,0.8864,4.84425,0.6265,1.204375,4.378125
2011-01-03,0.27625,0.0,0.0,0.0,0.0,0.0,0.0,0.9002,4.8435,0.632625,1.20171875,4.3771875
2011-01-04,0.27175,0.0,0.0,0.0,0.0,0.0,0.0,0.8982,4.845750000000001,0.632625,1.203125,4.3759375
2011-01-05,0.279125,0.0,0.0,0.0,0.0,0.0,0.0,0.9079,4.8365,0.6358750000000001,1.19234375,4.3665625
2011-01-06,0.275,0.0,0.0,0.0,0.0,0.0,0.0,0.9105,4.840999999999999,0.6351249999999999,1.198125,4.370625
2011-01-07,0.271,0.0,0.0,0.0,0.0,0.0,0.0,0.9092,4.8485,0.63375,1.20671875,4.3771875
2011-01-10,0.274,0.0,0.0,0.0,0.0,0.0,0.0,0.913,4.849,0.6327499999999999,1.20875,4.379375
2011-01-11,0.274,0.0,0.0,0.0,0.0,0.0,0.0,0.9142,4.8475,0.63525,1.20546875,4.37875
2011-01-12,0.28,0.0,0.0,0.0,0.0,0.0,0.0,0.9218,4.8475,0.6417499999999999,1.205625,4.3784375
2011-01-13,0.28525,0.0,0.0,0.0,0.0,0.0,0.0,0.9211,4.85175,0.640625,1.21109375,4.38
2011-01-14,0.285625,0.0,0.0,0.0,0.0,0.0,0.0,0.928,4.85,0.709225,1.20859375,4.3796875
2011-01-17,0.285625,0.0,0.0,0.0,0.0,0.0,0.0,0.9167,4.85,0.7068875,1.20859375,4.3796875
2011-01-18,0.289,0.0,0.0,0.0,0.0,0.0,0.0,0.9323,4.84875,0.7121125,1.2059375,4.3796875
2011-01-19,0.284125,0.0,0.0,0.0,0.0,0.0,0.0,0.9178,4.8505,0.703175,1.2078125,4.3809375
2011-01-20,0.288,0.0,0.0,0.0,0.0,0.0,0.0,0.9126,4.8435,0.7019374999999999,1.19828125,4.375625
2011-01-21,0.293625,0.0,0.0,0.0,0.0,0.0,0.0,0.9076,4.8455,0.7038625000000001,1.2015625,4.3771875
2011-01-24,0.293625,0.0,0.0,0.0,0.0,0.0,0.0,0.9192,4.8455,0.7086749999999999,1.20234375,4.376875
2011-01-25,0.2895,0.0,0.0,0.0,0.0,0.0,0.0,0.9205,4.8495,0.708125,1.20921875,4.3803125
2011-01-26,0.295375,0.0,0.0,0.0,0.0,0.0,0.0,0.9274,4.845,0.711425,1.2025,4.3784375
2011-01-27,0.291375,0.0,0.0,0.0,0.0,0.0,0.0,0.9292,4.84675,0.7126625,1.20671875,4.3825
2011-01-28,0.28825,0.0,0.0,0.0,0.0,0.0,0.0,0.9072,4.85025,0.5086,1.2115625,4.385625
2011-01-31,0.295625,0.0,0.0,0.0,0.0,0.0,0.0,0.912,4.84875,0.513,1.20796875,4.38375
2011-02-01,0.298,0.0,0.0,0.0,0.0,0.0,0.0,0.929,4.8445,0.5211,1.20296875,4.38
2011-02-02,0.298875,0.0,0.0,0.0,0.0,0.0,0.0,0.9279,4.8385,0.52,1.19890625,4.3759375
2011-02-03,0.29425,0.0,0.0,0.0,0.0,0.0,0.0,0.9287,4.8335,0.5213,1.194375,4.3725
2011-02-04,0.300875,0.0,0.0,0.0,0.0,0.0,0.0,0.935,4.82725,0.5229,1.18578125,4.3678125
2011-02-07,0.301,0.0,0.0,0.0,0.0,0.0,0.0,0.938,4.827000000000001,0.5263,1.18609375,4.3671875
2011-02-08,0.30225,0.0,0.0,0.0,0.0,0.0,0.0,0.9451,4.821,0.5287,1.17984375,4.36125
2011-02-09,0.30725,0.0,0.0,0.0,0.0,0.0,0.0,0.9449,4.8235,0.5936625,1.18578125,6.54890625
2011-02-10,0.30725,0.0,0.0,0.0,0.0,0.0,0.0,0.9447,4.82,0.5934375,1.18125,6.54328125
2011-02-11,0.309125,0.0,0.0,0.0,0.0,0.0,0.0,0.9513,4.8222499999999995,0.5972625,1.185,6.543749999999999
2011-02-14,0.30375,0.0,0.0,0.0,0.0,0.0,0.0,0.9527,4.82425,0.5974875000000001,1.18625,6.54328125
2011-02-15,0.29575,0.0,0.0,0.0,0.0,0.0,0.0,0.9526,4.82625,0.5968125,1.18640625,6.54515625
2011-02-16,0.296,0.0,0.0,0.0,0.0,0.0,0.0,0.9568,4.82475,0.59985,1.1859375,6.543749999999999
2011-02-17,0.307625,0.0,0.0,0.0,0.0,0.0,0.0,0.9574,4.83,0.6019875,1.19015625,6.55265625
2011-02-18,0.30625,0.0,0.0,0.0,0.0,0.0,0.0,0.958,4.82975,0.604125,1.190625,6.555
2011-02-21,0.30625,0.0,0.0,0.0,0.0,0.0,0.0,0.9474,4.82975,0.5985,1.190625,6.555
2011-02-22,0.29125,0.0,0.0,0.0,0.0,0.0,0.0,0.9287,4.838,0.5915250000000001,1.2009375,6.561562499999999
2011-02-23,0.295875,0.0,0.0,0.0,0.0,0.0,0.0,0.4607,4.83525,0.718025,1.198125,6.561562499999999
2011-02-24,0.2915,0.0,0.0,0.0,0.0,0.0,0.0,0.46165,4.8365,0.7165125,1.20046875,6.5639062500000005
2011-02-25,0.300875,0.0,0.0,0.0,0.0,0.0,0.0,0.46915,4.8375,0.7253124999999999,1.189375,6.5653125
2011-02-28,0.303375,0.0,0.0,0.0,0.0,0.0,0.0,0.9403,4.84,0.5967,1.19046875,6.54890625
2011-03-01,0.302375,0.0,0.0,0.0,0.0,0.0,0.0,0.4623,4.84025,0.58545,1.19125,6.551718750000001
2011-03-02,0.30275,0.0,0.0,0.0,1.0205,0.0,0.0,0.46465,4.83775,0.4570125,1.1871875,6.54890625
2011-03-03,0.307875,0.0,0.0,0.0,1.0170625,0.0,0.0,0.47435,4.83,0.4654125,1.17828125,6.53625
2011-03-04,0.30475,0.0,0.0,0.0,1.0163125,0.0,0.0,0.47195,4.83675,0.5281,1.18625,6.549843749999999
2011-03-07,0.30525,0.0,0.0,0.0,1.0124375,0.0,0.0,0.4649,4.83775,0.5236,1.18609375,6.54796875
2011-03-08,0.305,0.0,0.0,0.0,1.009875,0.0,0.0,0.46675,4.837,0.528,1.1834375,6.543749999999999
2011-03-09,0.305125,0.0,0.0,0.0,1.0120625,0.0,0.0,0.4621,4.84125,0.5262,1.18921875,6.5493749999999995
2011-03-10,0.293625,0.0,0.0,0.0,1.003,0.0,0.0,0.4566,4.847,0.38827500000000004,1.19625,6.555468749999999
2011-03-11,0.288875,0.0,0.0,0.0,1.0043125,0.0,0.0,0.46105,4.8485,0.3918,1.196875,6.557812500000001
2011-03-14,0.289,0.0,0.0,0.0,1.0089375,0.0,0.0,0.4579,4.8525,0.322625,1.201875,6.56296875
2011-03-15,0.274,0.0,0.0,0.0,1.0089375,0.0,0.0,0.0,4.853,0.3188125,1.2034375,6.56203125
2011-03-16,0.274625,0.0,0.0,0.0,1.00075,0.0,0.0,0.0,4.86075,0.3135,1.2125,6.568125
2011-03-17,0.289625,0.0,0.0,0.0,1.0075,0.0,0.0,0.0,4.8585,0.31718749999999996,1.209375,6.5653125
2011-03-18,0.29925,0.0,0.0,0.0,1.0124375,0.0,0.0,0.0,4.8445,0.3185625,1.206875,6.5653125
2011-03-21,0.30475,0.0,0.0,0.0,1.018875,0.0,0.0,0.0,4.839500000000001,0.32325,1.20203125,6.5596875
2011-03-22,0.306125,0.0,0.0,0.0,1.0228125,0.0,0.0,0.4512,4.839500000000001,0.19319999999999998,1.20046875,6.5596875
2011-03-23,0.304875,0.0,0.0,0.0,1.0143125,0.0,0.0,0.453,4.83825,0.19380000000000003,1.1996875,6.556875
2011-03-24,0.309375,0.0,0.0,0.0,1.0056875,0.0,0.0,0.46165,4.83425,0.26105,1.195,6.55359375
2011-03-25,0.30475,0.0,0.0,0.0,0.9999375,0.0,0.0,0.4634,4.8305,0.3275,1.191875,6.5446875
2011-03-28,0.2985,0.0,0.0,0.0,0.999125,0.0,0.0,0.45925,4.82875,0.32556250000000003,1.19078125,6.541875
2011-03-29,0.300125,0.0,0.0,0.0,0.9984375,0.0,0.0,0.46455,4.82625,0.3290625,1.18765625,6.5390625
2011-03-30,0.297625,0.0,0.0,0.0,1.003375,0.0,0.0,0.46675,4.8295,0.39712499999999995,1.19125,6.541875
2011-03-31,0.312625,0.0,0.0,0.0,1.00325,0.0,0.0,0.46755,4.82825,0.4626125,1.1903125,6.543749999999999
2011-04-01,0.31875,0.0,0.0,0.0,1.0065,0.0,0.0,0.4677,4.8275,0.5311,1.1896875,6.5409375
2011-04-04,0.32275,0.0,0.0,0.0,1.007,0.0,0.0,0.468,4.83025,0.5317,1.1921875,6.5446875
2011-04-05,0.323375,0.0,0.0,0.0,1.0168749999999998,0.0,0.0,0.46485,4.82525,0.5971500000000001,1.18765625,6.538124999999999
2011-04-06,0.32375,0.0,0.0,0.0,1.0195,0.0,0.0,0.46515,4.8222499999999995,0.59805,1.18375,6.5367187499999995
2011-04-07,0.322125,0.0,0.0,0.0,1.0188125,0.0,0.0,0.466,4.82375,0.66425,1.1846875,6.54234375
2011-04-08,0.3265,0.0,0.0,0.0,1.021,0.0,0.0,0.4636,4.8235,0.661875,1.18375,6.5404687500000005
2011-04-11,0.3265,0.0,0.0,0.0,1.02075,0.0,0.0,0.4619,4.8235,0.66,1.18453125,6.5404687500000005
2011-04-12,0.31825,0.0,0.0,0.0,1.015125,0.0,0.0,0.4585,4.829249999999999,0.5232,1.1909375,6.54890625
2011-04-13,0.3225,0.0,0.0,0.0,1.0163125,0.0,0.0,0.46185,4.83225,0.45814999999999995,1.19390625,6.551718750000001
2011-04-14,0.32775,0.0,0.0,0.0,1.02125,0.0,0.0,0.46035,4.8305,0.45876249999999996,1.19203125,6.54796875
2011-04-15,0.328,0.0,0.0,0.0,1.018375,0.0,0.0,0.46195,4.83575,0.4615625,1.198125,6.557343749999999
2011-04-18,0.334125,0.0,0.0,0.0,1.0150625,0.0,0.0,0.4582,4.84075,0.45535,1.201875,6.56203125
2011-04-19,0.338,0.0,0.0,0.0,1.019,0.0,0.0,0.4621,4.84075,0.45797499999999997,1.2025,6.56296875
2011-04-20,0.32775,0.0,0.0,0.0,1.0248125,0.0,0.0,0.4711,4.83725,0.46497499999999997,1.1990625,6.5610937499999995
2011-04-21,0.33275,0.0,0.0,0.0,1.033625,0.0,0.0,0.4751,4.836,0.5324,1.19984375,6.56203125
2011-04-22,0.33275,0.0,0.0,0.0,1.033625,0.0,0.0,0.4751,4.836,0.5324,1.19984375,6.56203125
2011-04-25,0.34075,0.0,0.0,0.0,1.031,0.0,0.0,0.47555,4.839,0.59895,1.20328125,6.56578125
2011-04-26,0.337875,0.0,0.0,0.0,1.029125,0.0,0.0,0.4771,4.84275,0.6033375,1.20671875,6.569062499999999
2011-04-27,0.333625,0.0,0.0,0.0,1.0355,0.0,0.0,0.9638,4.842,0.47319999999999995,1.20421875,6.56859375
2011-04-28,0.31875,0.0,0.0,0.0,1.0395625,0.0,0.0,0.9608,4.84775,0.4743375,1.20953125,6.5728124999999995
2011-04-29,0.33475,0.0,0.0,0.0,1.0438125,0.0,0.0,0.9603,4.8495,0.47591250000000007,1.21140625,6.57375
2011-05-02,0.330625,0.0,0.0,0.0,1.0420625,0.0,0.0,0.961,4.85,0.47521250000000004,1.21234375,6.575156250000001
2011-05-03,0.331125,0.0,0.0,0.0,1.028625,0.0,0.0,0.9562,4.851,0.47319999999999995,1.214375,6.5765625000000005
2011-05-04,0.332625,0.0,0.0,0.0,1.0316875,0.0,0.0,0.4768,4.85175,0.60435,1.21640625,6.57703125
2011-05-05,0.327875,0.0,0.0,0.0,1.0231249999999998,0.0,0.0,0.4761,4.8555,0.60075,1.220625,6.57796875
2011-05-06,0.320125,0.0,0.0,0.0,1.022375,0.0,0.0,0.4747,4.85675,0.5338,1.2228125,8.775625
2011-05-09,0.32875,0.0,0.0,0.0,1.023875,0.0,0.0,0.47745,4.8585,0.537,1.2246875,8.778125
2011-05-10,0.326375,0.0,0.0,0.0,1.0214375,0.0,0.0,0.4816,4.85525,0.6091875,1.2209375,8.771875
2011-05-11,0.313,0.0,0.0,0.0,1.0210625,0.0,0.0,0.47875,4.85775,0.6024375,1.22421875,8.7775
2011-05-12,0.31525,0.0,0.0,0.0,0.0,0.0,0.0,0.9633,4.85525,0.40432500000000005,1.22171875,8.77625
2011-05-13,0.3135,0.0,0.0,0.0,0.0,0.0,0.0,0.474,4.85725,0.4002,1.225,8.779375
2011-05-16,0.31775,0.0,0.0,0.0,0.0,0.0,0.0,0.4668,7.289624999999999,0.397575,1.2275,8.781875
2011-05-17,0.326625,0.0,0.0,0.0,0.0,0.0,0.0,0.4677,7.293375000000001,0.397575,1.229375,8.78125
2011-05-18,0.336375,0.0,0.0,0.0,0.0,0.0,0.0,0.47245,7.286625000000001,0.40154999999999996,1.2253125,8.7775
2011-05-19,0.331,0.0,0.0,0.0,0.0,0.0,0.0,0.47355,7.287375000000001,0.40252499999999997,1.22609375,8.781875
2011-05-20,0.33325,0.0,0.0,0.0,0.0,0.0,0.0,0.4687,7.290374999999999,0.39832500000000004,1.228125,8.785
2011-05-23,0.33525,0.0,0.0,0.0,0.0,0.0,0.0,0.4631,7.291499999999999,0.3288125,1.23,8.781875
2011-05-24,0.33125,0.0,0.0,0.0,0.0,0.0,0.0,0.46035,7.291875,0.2627,1.23078125,8.78375
2011-05-25,0.335375,0.0,0.0,0.0,0.0,0.0,0.0,0.4619,7.294125,0.2633,1.23140625,8.784375
2011-05-26,0.338125,0.0,0.0,0.0,0.0,0.0,0.0,0.46505,7.301625,0.2653,1.2375,8.7925
2011-05-27,0.342,0.0,0.0,0.0,0.0,0.0,0.0,0.4665,7.30125,0.266,1.23859375,8.793125
2011-05-30,0.342,0.0,0.0,0.0,0.0,0.0,0.0,0.4666,7.30125,0.2661,1.23859375,8.793125
2011-05-31,0.3365,0.0,0.0,0.0,0.0,0.0,0.0,0.47435,7.304250000000001,0.4032,1.22609375,8.796875
2011-06-01,0.33975,0.0,0.0,0.0,0.0,0.0,0.0,0.4639,7.313625,0.2624,1.233125,8.771875
2011-06-02,0.3475,0.0,0.0,0.0,0.0,0.0,0.0,0.4652,7.31025,0.19687500000000002,1.2296875,8.769375
2011-06-03,0.343125,0.0,0.0,0.0,0.0,0.0,0.0,0.0,7.312875,0.25925,1.23328125,8.775625
2011-06-06,0.3335,0.0,0.0,0.0,0.0,0.0,0.0,0.0,7.313625,0.257,1.2334375,8.77625
2011-06-07,0.33825,0.0,0.0,0.0,0.0,0.0,0.0,0.0,7.315125,0.25695,1.23265625,8.780625
2011-06-08,0.346875,0.0,0.0,0.0,0.0,0.0,0.0,0.0,7.3248750000000005,0.19155,1.2371875,8.78375
2011-06-09,0.357,0.0,0.0,0.0,0.0,0.0,0.0,0.0,7.32,0.193125,1.23265625,8.7775
2011-06-10,0.35625,0.0,0.0,0.0,0.0,0.0,0.0,0.0,7.321125,0.126925,1.23515625,8.78125
2011-06-13,0.35225,0.0,0.0,0.0,0.0,0.0,0.0,0.0,7.3188749999999985,0.063575,1.2334375,8.781875
2011-06-14,0.3425,0.0,0.0,0.0,0.0,0.0,0.0,0.0,7.308374999999999,0.064225,1.2253125,8.774375
2011-06-15,0.333,0.0,0.0,0.0,0.0,0.0,0.0,0.0,7.318125,0.063,1.236875,8.785
2011-06-16,0.3265,0.0,0.0,0.0,0.0,0.0,0.0,0.0,7.3218749999999995,0.0,1.24140625,8.784375
2011-06-17,0.33,0.0,0.0,0.0,0.0,0.0,0.0,0.0,7.321125,0.0,1.2390625,8.784375
2011-06-20,0.33025,0.0,0.0,0.0,0.0,0.0,0.0,0.0,7.3020000000000005,0.0,1.238125,8.785
2011-06-21,0.340125,0.0,0.0,0.0,0.0,0.0,0.0,0.0,7.3004999999999995,0.0,1.23640625,8.785
2011-06-22,0.325125,0.0,0.0,0.0,0.0,0.0,0.0,0.0,7.30125,0.0,1.2365625,8.785
2011-06-23,0.323,0.0,0.0,0.0,0.0,0.0,0.0,0.0,7.310625,0.0,1.2434375,8.79
2011-06-24,0.316,0.0,0.0,0.0,0.0,0.0,0.0,0.0,7.315500000000001,0.0,1.24734375,8.791875
2011-06-27,0.313375,0.0,0.0,0.0,0.0,0.0,0.0,0.0,7.31325,0.0,1.2440625,8.783125
2011-06-28,0.3265,0.0,0.0,0.0,0.0,0.0,0.0,0.0,7.2993749999999995,0.064725,1.23328125,6.57703125
2011-06-29,0.32525,0.0,0.0,0.0,0.0,0.0,0.0,0.0,7.292624999999999,0.130425,1.2284375,6.580781249999999
2011-06-30,0.31025,0.0,0.0,0.0,0.0,0.0,0.0,0.0,7.284,0.13155,1.22328125,6.5803125
2011-07-01,0.0,0.0,0.0,0.0,0.0,0.0,0.0,0.0,7.278375,0.3336875,1.21984375,6.5775
2011-07-04,0.0,0.0,0.0,0.0,0.0,0.0,0.0,0.47305,7.278375,0.20006249999999998,1.21984375,6.5775
2011-07-05,0.0,0.0,0.0,0.0,0.0,0.0,0.0,0.4744,7.288875000000001,0.20051249999999998,1.2265625,6.5840625
2011-07-06,0.0,0.0,0.0,0.0,0.0,0.0,0.0,0.47505,7.293,0.2003625,1.22984375,6.5859375
2011-07-07,0.0,0.0,0.0,0.0,0.0,0.0,0.0,0.4831,7.285500000000001,0.20276249999999998,1.2246875,6.5784375
2011-07-08,0.0,0.0,0.0,0.0,0.0,0.0,0.0,0.4817,4.868,0.26835,1.2371875,6.590624999999999
2011-07-11,0.0,0.0,0.0,0.0,0.0,0.0,0.0,0.4734,4.8725,0.19777499999999998,1.24546875,6.594375
2011-07-12,0.0,0.0,0.0,0.0,0.0,0.0,0.0,0.4689,4.87375,0.131075,1.24625,6.592968750000001
2011-07-13,0.0,0.0,0.0,0.0,0.0,0.0,0.0,0.0,4.8765,0.26245,1.24796875,6.59484375
2011-07-14,0.0,0.0,0.0,0.0,0.0,0.0,0.0,0.0,4.87425,0.26135,1.244375,6.59390625
2011-07-15,0.3425,0.0,0.0,0.0,0.0,0.0,0.0,0.0,4.877000000000001,0.263,1.24859375,6.5953124999999995
2011-07-18,0.3385,0.0,0.0,0.0,0.0,0.0,0.0,0.0,4.87875,0.2601,1.24921875,6.5953124999999995
2011-07-19,0.343625,0.0,0.0,0.0,0.0,0.0,0.0,0.4778,4.878,0.0660625,1.24921875,8.79125
2011-07-20,0.338875,0.0,0.0,0.0,0.0,0.0,0.0,0.47635,4.876,0.0660625,1.2459375,8.790625
2011-07-21,0.3365,0.0,0.0,0.0,0.0,0.0,0.0,0.482,4.872999999999999,0.13425,1.24,8.785
2011-07-22,0.34275,0.0,0.0,0.0,0.0,0.0,0.0,0.4856,4.877000000000001,0.20115,1.24328125,8.78875
2011-07-25,0.33725,0.0,0.0,0.0,0.0,0.0,0.0,0.4847,4.87825,0.2667,1.24125,8.784375
2011-07-26,0.343375,0.0,0.0,0.0,0.0,0.0,0.0,0.4847,4.8815,0.26525,1.2453125,8.78875
2011-07-27,0.34575,0.0,0.0,0.0,0.0,0.0,0.0,0.47155,4.8795,0.1299,1.24234375,8.78875
2011-07-28,0.343125,0.0,0.0,0.0,0.0,0.0,0.0,0.474,4.88075,0.0648375,1.245,8.7875
2011-07-29,0.334375,0.0,0.0,0.0,0.0,0.0,0.0,0.47185,4.8915,0.064425,1.256875,8.796875
2011-08-01,0.342875,0.0,0.0,0.0,0.0,0.0,0.0,0.0,4.89625,0.1919625,1.26140625,8.796875
2011-08-02,0.357875,0.0,0.0,0.0,0.0,0.0,0.0,0.0,4.90175,0.124725,1.26953125,8.803125
2011-08-03,0.3565,0.0,0.0,0.0,0.0,0.0,0.0,0.0,4.9025,0.12545,1.27046875,8.801875
2011-08-04,0.35075,0.0,0.0,0.0,0.0,0.0,0.0,0.0,4.908250000000001,0.0,1.28,8.809375
2011-08-05,0.3515,0.0,0.0,0.0,0.0,0.0,0.0,0.0,4.8985,0.0,1.27046875,8.808125
2011-08-08,0.343,0.0,0.0,0.0,0.0,0.0,0.0,0.0,4.90625,-0.0555625,1.28578125,8.814375
2011-08-09,0.34425,0.0,0.0,0.0,0.0,0.0,0.0,0.0,4.9155,-0.0585875,1.29828125,8.82625
2011-08-10,0.34425,0.0,0.0,0.0,0.0,0.0,0.0,0.0,4.922249999999999,-0.056175,1.300625,8.825
2011-08-11,0.357,0.0,0.0,0.0,0.0,0.0,0.0,0.0,4.922,-0.058425,1.2921875,8.82625
2011-08-12,0.35725,0.0,0.0,0.0,0.0,0.0,0.0,0.0,4.92375,-0.0588375,1.29875,8.825
2011-08-15,0.36,0.0,0.0,0.0,0.0,0.0,0.0,0.0,4.922999999999999,-0.059925,1.295625,8.82375
2011-08-16,0.36375,0.0,0.0,0.0,0.0,0.0,0.0,0.0,4.9255,-0.0596125,1.30078125,8.824375
2011-08-17,0.36275,0.0,0.0,0.0,0.0,0.0,0.0,0.0,4.92825,-0.0595,1.30359375,8.823125
2011-08-18,0.3565,0.0,0.0,0.0,0.0,0.0,0.0,0.0,4.93025,-0.057175,1.3078125,8.8225
2011-08-19,0.362625,0.0,0.0,0.0,0.0,0.0,0.0,-0.4082,4.9277500000000005,0.0,1.30796875,8.821875
2011-08-22,0.36725,0.0,0.0,0.0,0.0,0.0,0.0,-0.4088,4.92575,0.0,1.3059375,8.821875
2011-08-23,0.37175,0.0,0.0,0.0,0.0,0.0,0.0,-0.4248,4.92425,0.0,1.30328125,8.82
2011-08-24,0.3715,0.0,0.0,0.0,0.0,0.0,0.0,0.0,4.91875,-0.1758,1.29578125,8.816875
2011-08-25,0.37175,0.0,0.0,0.0,0.0,0.0,0.0,0.0,4.9195,-0.173625,1.29984375,8.820625
2011-08-26,0.3835,0.0,0.0,0.0,0.0,0.0,0.0,0.0,4.924,-0.1764,1.3028125,8.8225
2011-08-29,0.385,0.0,0.0,0.0,0.0,0.0,0.0,0.0,4.921,-0.1812,1.2971875,8.820625
2011-08-30,0.387625,0.0,0.0,0.0,0.0,0.0,0.0,0.0,4.9245,-0.1807125,1.29421875,8.821875
2011-08-31,0.38375,0.0,0.0,0.0,0.0,0.0,0.0,0.0,4.925,-0.18284999999999998,1.2903125,8.82
2011-09-01,0.36925,0.0,0.0,0.0,0.0,0.0,0.0,0.0,4.93075,-0.1801875,1.2959375,8.82125
2011-09-02,0.38,0.0,0.0,0.0,0.0,0.0,0.0,0.0,4.9335,-0.1753875,1.30359375,8.818125
2011-09-05,0.38,0.0,0.0,0.0,0.0,0.0,0.0,-0.4258,4.9335,0.0,1.30359375,8.818125
2011-09-06,0.377875,0.0,0.0,0.0,0.0,0.0,0.0,-0.43305,4.9305,0.0,1.30296875,8.82
2011-09-07,0.374,0.0,0.0,0.0,0.0,0.0,0.0,0.0,4.92975,-0.17985,1.29953125,8.819375
2011-09-08,0.367,0.0,0.0,0.0,0.0,0.0,0.0,0.0,4.93225,-0.1778625,1.30328125,8.820625
2011-09-09,0.36825,0.0,0.0,0.0,0.0,0.0,0.0,0.0,4.9345,-0.1737,2.6178125,8.82375
2011-09-12,0.37275,0.0,0.0,0.0,0.0,0.0,0.0,0.0,4.9325,-0.1744875,2.611875,8.816875
2011-09-13,0.3615,0.0,0.0,0.0,0.0,0.0,0.0,0.0,4.9305,-0.1747875,2.60375,8.816875
2011-09-14,0.362125,0.0,0.0,0.0,0.0,0.0,0.0,0.0,4.931,-0.1772625,2.6003125,8.82
2011-09-15,0.3505,0.0,0.0,0.0,0.0,0.0,0.0,0.0,4.928,-0.120425,2.5896875,8.82
2011-09-16,0.346,0.0,0.0,0.0,0.0,0.0,0.0,0.0,4.9277500000000005,-0.121175,2.59125,8.8225
2011-09-19,0.346125,0.0,0.0,0.0,0.0,0.0,0.0,0.0,4.9335,-0.119775,2.6109375,8.826875
2011-09-20,0.345125,0.0,0.0,0.0,0.0,0.0,0.0,0.0,4.9235,-0.119575,2.609375,8.825
2011-09-21,0.342875,0.0,0.0,0.0,0.0,0.0,0.0,0.0,4.92475,-0.115575,2.615,8.818125
2011-09-22,0.0,0.0,0.0,0.0,0.0,0.0,0.0,0.0,4.9315,-0.11235,2.635,8.816875
2011-09-23,0.0,0.0,0.0,0.0,0.0,0.0,0.0,0.0,4.92575,-0.112975,2.619375,8.815
2011-09-26,0.0,0.0,0.0,0.0,0.0,0.0,0.0,0.0,4.9205,-0.1158,2.606875,8.8125
2011-09-27,0.0,0.0,0.0,0.0,0.0,0.0,0.0,0.0,4.91625,-0.117,2.59125,8.81125
2011-09-28,0.0,0.0,0.0,0.0,0.0,0.0,0.0,0.0,4.9165,-0.114925,2.5934375,8.80875
2011-09-29,0.0,0.0,0.0,0.0,0.0,0.0,0.0,0.0,4.9167499999999995,-0.115625,2.5996875,8.808125
2011-09-30,0.0,0.0,0.0,0.0,0.0,0.0,0.0,0.0,4.917,-0.1126,2.601875,8.808125
2011-10-03,0.0,0.0,0.0,0.0,0.0,0.0,0.0,0.0,4.92175,-0.108625,2.6196875,8.81125
2011-10-04,0.0,0.0,0.0,0.0,0.0,0.0,0.0,0.0,4.92,-0.11135,2.6190625,8.81
2011-10-05,0.0,0.0,0.0,0.0,0.0,0.0,0.0,0.0,4.9145,-0.1135,2.6021875,8.808125
2011-10-06,0.0,0.0,0.0,0.0,0.0,0.0,0.0,0.0,4.912,-0.1158,2.5903125,8.80625
2011-10-07,0.0,0.0,0.0,0.0,0.0,0.0,0.0,0.0,4.90775,-0.1155,2.5778125,8.801875
2011-10-10,0.0,0.0,0.0,0.0,0.0,0.0,0.0,0.0,4.9025,-0.05955,1.275859375,10.99765625
2011-10-11,0.0,0.0,0.0,0.0,0.0,0.0,0.0,0.0,4.9025,-0.0594875,1.28234375,10.999218749999999
2011-10-12,0.0,0.0,0.0,0.0,0.0,0.0,0.0,0.0,4.90175,-0.0599125,1.27921875,11.00390625
2011-10-13,0.0,0.0,0.0,0.0,0.0,0.0,0.0,0.0,4.90725,-0.0598875,1.284375,11.00625
2011-10-14,0.0,0.0,0.0,0.0,0.0,0.0,0.0,0.0,4.90475,0.0,1.28125,11.0109375
2011-10-17,0.0,0.0,0.0,0.0,0.0,0.0,0.0,0.0,4.908250000000001,0.0,1.2871875,11.00859375
2011-10-18,0.0,0.0,0.0,0.0,0.0,0.0,0.0,0.0,4.91,0.0,1.28828125,11.009374999999999
2011-10-19,0.0,0.0,0.0,0.0,0.0,0.0,0.0,0.0,4.91025,0.0,1.2884375,11.010156250000001
2011-10-20,0.0,0.0,0.0,0.0,0.0,0.0,0.0,0.0,4.90925,0.0,1.28703125,11.010156250000001
2011-10-21,0.0,0.0,0.0,0.0,0.0,0.0,0.0,0.0,4.90925,0.0,1.2865625,11.009374999999999
2011-10-24,0.0,0.0,0.0,0.0,0.0,0.0,0.0,0.0,4.9085,0.06235,1.2834375,11.0078125
2011-10-25,0.0,0.0,0.0,0.0,0.0,0.0,0.0,0.0,4.91575,0.061225,1.29125,11.01328125
2011-10-26,0.0,0.0,0.0,0.0,0.0,0.0,0.0,0.0,4.91225,0.061875,1.28578125,11.00625
2011-10-27,0.0,0.0,0.0,0.0,0.0,0.0,0.0,0.0,4.9055,0.12825,1.273125,8.80125
2011-10-28,0.0,0.0,0.0,0.0,0.0,0.0,0.0,0.0,4.911,0.19215,1.2809375,8.805
2011-10-31,0.0,0.0,0.0,0.0,0.0,0.0,0.0,0.0,4.91825,0.18738749999999998,1.290625,8.81125
2011-11-01,0.0,0.0,0.0,0.0,0.0,0.0,0.0,0.0,4.92425,0.183675,1.3025,8.815
2011-11-02,0.0,0.0,0.0,0.0,0.0,0.0,0.0,0.0,4.9265,0.1851375,1.303125,8.816875
2011-11-03,0.0,0.0,0.0,0.0,0.0,0.0,0.0,0.0,4.9255,0.1883625,1.30046875,8.815625
2011-11-04,0.0,0.0,0.0,0.0,0.0,0.0,0.0,0.0,4.9270000000000005,0.18764999999999998,1.3025,8.8175
2011-11-07,0.0,0.0,0.0,0.0,0.0,0.0,0.0,0.0,4.92825,0.188625,1.30546875,8.81625
2011-11-08,0.0,0.0,0.0,0.0,0.0,0.0,0.0,0.4789,4.925,0.0,1.30046875,8.815625
2011-11-09,0.0,0.0,0.0,0.0,0.0,0.0,0.0,0.0,4.9255,0.122575,1.308125,8.8175
2011-11-10,0.0,0.0,0.0,0.0,0.0,0.0,0.0,0.0,4.921500000000001,0.12375,1.3034375,8.8175
2011-11-11,0.0,0.0,0.0,0.0,0.0,0.0,0.0,0.0,4.91825,0.12615,1.297734375,8.81375
2011-11-14,0.0,0.0,0.0,0.0,0.0,0.0,0.0,0.0,4.9205,0.12525,1.30453125,8.8175
2011-11-15,0.0,0.0,0.0,0.0,0.0,0.0,0.0,0.0,4.920750000000001,0.1254,1.30328125,8.815625
2011-11-16,0.0,0.0,0.0,0.0,0.0,0.0,0.0,0.0,4.92275,0.1231,1.305,8.81375
2011-11-17,0.0,0.0,0.0,0.0,0.0,0.0,0.0,0.0,4.924,0.121475,1.30828125,8.8125
2011-11-18,0.0,0.0,0.0,0.0,0.0,0.0,0.0,0.0,4.92325,0.1214,1.30296875,8.809375
2011-11-21,0.0,0.0,0.0,0.0,0.0,0.0,0.0,0.0,4.92325,0.0595375,1.30578125,8.8125
2011-11-22,0.0,0.0,0.0,0.0,0.0,0.0,0.0,0.0,4.92425,0.0591375,1.30796875,8.815625
2011-11-23,0.0,0.0,0.0,0.0,0.0,0.0,0.0,0.0,4.92525,0.0,1.3121875,8.814375
2011-11-24,0.0,0.0,0.0,0.0,0.0,0.0,0.0,0.0,4.92525,0.0,1.3121875,8.814375
2011-11-25,0.0,0.0,0.0,0.0,0.0,0.0,0.0,0.0,4.92325,-0.057675,1.3065625,8.813125
2011-11-28,0.0,0.0,0.0,0.0,0.0,0.0,0.0,0.0,4.922999999999999,-0.05955,1.3071875,8.81625
2011-11-29,0.0,0.0,0.0,0.0,0.0,0.0,0.0,0.0,4.922249999999999,-0.0597875,1.29734375,8.815
2011-11-30,0.0,0.0,0.0,0.0,0.0,0.0,0.0,0.0,4.922249999999999,0.0,1.2934375,8.82
2011-12-01,0.0,0.0,0.0,0.0,0.0,0.0,0.0,0.0,4.91925,0.0,1.29140625,8.818125
2011-12-02,0.0,0.0,0.0,0.0,0.0,0.0,0.0,0.0,4.92025,0.062175,1.29671875,8.82
2011-12-05,0.0,0.0,0.0,0.0,0.0,0.0,0.0,0.0,4.921500000000001,0.06275,1.295625,8.81875
2011-12-06,0.0,0.0,0.0,0.0,0.0,0.0,0.0,0.0,4.922,0.06275,1.29328125,8.82
2011-12-07,0.0,0.0,0.0,0.0,0.0,0.0,0.0,0.0,4.928,0.1264,1.2996875,8.82375
2011-12-08,0.0,0.0,0.0,0.0,0.0,0.0,0.0,0.0,4.931,0.123525,1.30375,8.82625
2011-12-09,0.0,0.0,0.0,0.0,0.0,0.0,0.0,0.0,4.92825,0.125975,1.2984375,8.825
2011-12-12,0.0,0.0,0.0,0.0,0.0,0.0,0.0,0.0,4.92925,0.123525,1.30203125,8.826875
2011-12-13,0.0,0.0,0.0,0.0,0.0,0.0,0.0,0.0,4.929,0.0610125,1.30484375,8.825
2011-12-14,0.0,0.0,0.0,0.0,0.0,0.0,0.0,0.0,7.3946250000000004,0.0,1.308125,8.823125
2011-12-15,0.0,0.0,0.0,0.0,0.0,0.0,0.0,0.0,7.3927499999999995,-0.0606,1.3071875,8.82375
2011-12-16,0.0,0.0,0.0,0.0,0.0,0.0,0.0,0.0,7.39725,0.0,2.6234375,8.825
2011-12-19,0.0,0.0,0.0,0.0,0.0,0.0,0.0,0.0,7.396125,0.0,2.6265625,8.825
2011-12-20,0.0,0.0,0.0,0.0,0.0,0.0,0.0,0.0,7.380749999999999,0.0,2.6125,8.8225
2011-12-21,0.0,0.0,0.0,0.0,0.0,0.0,0.0,0.0,4.919,0.0618125,2.6084375,8.819375
2011-12-22,0.0,0.0,0.0,0.0,0.0,0.0,0.0,0.0,4.91875,0.0624625,2.6090625,8.8175
2011-12-23,0.0,0.0,0.0,0.0,0.0,0.0,0.0,0.0,4.9145,0.12595,2.5971875,8.814375
2011-12-26,0.0,0.0,0.0,0.0,0.0,0.0,0.0,0.0,4.9145,0.12595,2.5971875,8.814375
2011-12-27,0.0,0.0,0.0,0.0,0.0,0.0,0.0,0.0,4.9155,0.126025,1.29953125,11.01796875
2011-12-28,0.0,0.0,0.0,0.0,0.0,0.0,0.0,0.0,4.91975,0.124425,1.30703125,11.02265625
2011-12-29,0.0,0.0,0.0,0.0,0.0,0.0,0.0,0.0,4.92175,0.125725,1.3084375,11.0234375
2011-12-30,0.0,0.0,0.0,0.0,0.0,0.0,0.0,0.0,4.92375,0.1253,1.31125,11.02734375
2012-01-02,0.0,0.0,0.0,0.0,0.0,0.0,0.0,0.0,4.92375,0.1253,1.31125,11.02734375
2012-01-03,0.0,0.0,0.0,0.0,0.0,0.0,0.0,0.0,4.922249999999999,0.127225,1.30546875,11.024218750000001
2012-01-04,0.0,0.0,0.0,0.0,0.0,0.0,0.0,0.0,4.9225,0.19098749999999998,1.30390625,11.024218750000001
2012-01-05,0.0,0.0,0.0,0.0,0.0,0.0,0.0,0.0,4.925,0.19098749999999998,1.305,11.025
2012-01-06,0.0,0.0,0.0,0.0,0.0,0.0,0.0,0.0,4.9275,0.19110000000000002,1.3075,11.02578125
2012-01-09,0.0,0.0,0.0,0.0,0.0,0.0,0.0,0.46965,7.3919999999999995,0.12755,1.30859375,11.028125
2012-01-10,0.0,0.0,0.0,0.0,0.0,0.0,0.0,0.4726,7.390125,0.128625,1.3071875,11.028125
2012-01-11,0.0,0.0,0.0,0.0,0.0,0.0,0.0,0.4734,7.395,0.1288,1.31203125,11.03125
2012-01-12,0.0,0.0,0.0,0.0,0.0,0.0,0.0,0.47585,7.3957500000000005,0.129225,1.3096875,11.0328125
2012-01-13,0.0,0.0,0.0,0.0,0.0,0.0,0.0,0.47495,7.400250000000001,0.12895,1.31546875,11.034375
2012-01-16,0.0,0.0,0.0,0.0,0.0,0.0,0.0,0.47685,7.400250000000001,0.12915,1.31546875,11.034375
2012-01-17,0.0,0.0,0.0,0.0,0.0,0.0,0.0,0.4781,7.400625,0.12895,1.3159375,11.03515625
2012-01-18,0.0,0.0,0.0,0.0,0.0,0.0,0.0,0.484,7.39875,0.1954125,1.31265625,11.0328125
2012-01-19,0.0,0.0,0.0,0.0,0.0,0.0,0.0,0.48535,7.3938749999999995,0.26205,1.30703125,11.03125
2012-01-20,0.0,0.0,0.0,0.0,0.0,0.0,0.0,0.48715,7.390125,0.26225,1.30265625,11.03046875
2012-01-23,0.0,0.0,0.0,0.0,0.0,0.0,0.0,0.48725,7.387125000000001,0.32781249999999995,1.29984375,11.03125
2012-01-24,0.0,0.0,0.0,0.0,0.0,0.0,0.0,0.4877,7.389374999999999,0.32787499999999997,1.3009375,11.03125
2012-01-25,0.0,0.0,0.0,0.0,0.0,0.0,0.0,0.4922,7.402875,0.39615,1.30765625,11.03671875
2012-01-26,0.0,0.0,0.0,0.0,0.0,0.0,0.0,0.4907,7.409625,0.46025000000000005,1.314375,11.0390625
2012-01-27,0.0,0.0,0.0,0.0,0.0,0.0,0.0,0.4911,7.410375000000001,0.4594625,1.3171875,11.03984375
2012-01-30,0.0,0.0,0.0,0.0,0.0,0.0,0.0,0.49245,7.410375000000001,0.45814999999999995,1.3203125,11.03984375
2012-01-31,0.0,0.0,0.0,0.0,0.0,0.0,0.0,0.49125,7.41375,0.4578,1.3225,11.0375
2012-02-01,0.0,0.0,0.0,0.0,0.0,0.0,0.0,0.9951,7.414875,0.33006250000000004,1.31984375,11.03671875
2012-02-02,0.0,0.0,0.0,0.0,0.0,0.0,0.0,0.9971,7.416,0.3306875,1.32171875,11.03671875
2012-02-03,0.0,0.0,0.0,0.0,0.0,0.0,0.0,1.0094,7.40625,0.40185000000000004,1.31328125,11.0328125
2012-02-06,0.0,0.0,0.0,0.0,0.0,0.0,0.0,1.0101,7.408125,0.40169999999999995,1.31671875,11.03515625
2012-02-07,0.0,0.0,0.0,0.0,0.0,0.0,0.0,1.012,7.402124999999999,0.47066250000000004,1.3115625,11.03125
2012-02-08,0.0,0.0,0.0,0.0,0.0,0.0,0.0,1.0183,7.40175,0.5389,1.3109375,11.03046875
2012-02-09,0.0,0.0,0.0,0.0,0.0,0.0,0.0,1.0246,7.398375,0.5393,1.3078125,11.02734375
2012-02-10,0.0,0.0,0.0,0.0,0.0,0.0,0.0,1.0197,7.403249999999999,0.5361,1.31390625,11.02734375
2012-02-13,0.0,0.0,0.0,0.0,0.0,0.0,0.0,1.0277,7.3995,0.5398,1.31125,11.02265625
2012-02-14,0.0,0.0,0.0,0.0,0.0,0.0,0.0,1.031,7.404375,0.5391,1.3153125,11.021875000000001
2012-02-15,0.0,0.0,0.0,0.0,0.0,0.0,0.0,1.0226,7.406625,0.5369,1.31578125,11.0234375
2012-02-16,0.0,0.0,0.0,0.0,0.0,0.0,0.0,1.0377,7.400250000000001,0.5419,1.30984375,11.0203125
2012-02-17,0.0,0.0,0.0,0.0,0.0,0.0,0.0,1.0329,7.397625,0.5441,1.30921875,11.021875000000001
2012-02-20,0.0,0.0,0.0,0.0,0.0,0.0,0.0,1.037,7.397625,0.6149249999999999,1.30921875,11.021875000000001
2012-02-21,0.0,0.0,0.0,0.0,0.0,0.0,0.0,1.0365,7.3938749999999995,0.6121125000000001,1.30640625,11.0203125
2012-02-22,0.0,0.0,0.0,0.0,0.0,0.0,0.0,1.0321,7.397625,0.6102,1.31046875,11.02265625
2012-02-23,0.0,0.0,0.0,0.0,0.0,0.0,0.0,1.0405,7.398375,0.6134625,1.31203125,11.021093749999999
2012-02-24,0.0,0.0,0.0,0.0,0.0,0.0,0.0,1.0406,7.396125,0.6132375,1.311875,11.018749999999999
2012-02-27,0.0,0.0,0.0,0.0,0.0,0.0,0.0,1.0445,7.401375,0.615375,1.31625,11.0234375
2012-02-28,0.0,0.0,0.0,0.0,0.0,0.0,0.0,1.0532,7.403625,0.617175,1.31390625,11.024218750000001
2012-02-29,0.0,0.0,0.0,0.0,0.0,0.0,0.0,1.05,7.400250000000001,0.613125,1.30953125,11.01171875
2012-03-01,0.0,0.0,0.0,0.0,0.0,0.0,0.0,1.0581,7.397625,0.618525,1.3053125,11.0140625
2012-03-02,0.0,0.0,0.0,0.0,0.0,0.0,0.0,1.0575,7.40175,0.615825,1.3109375,11.01796875
2012-03-05,0.0,0.0,0.0,0.0,0.0,0.0,0.0,1.0466,7.401,0.6139125,1.30875,11.012500000000001
2012-03-06,0.0,0.0,0.0,0.0,0.0,0.0,0.0,1.0359,7.404,0.46952499999999997,1.31421875,8.814375
2012-03-07,0.0,0.0,0.0,0.0,0.0,0.0,0.0,1.0436,7.402875,0.47355,1.3121875,8.809375
2012-03-08,0.0,0.0,0.0,0.0,0.0,0.0,0.0,1.0557,7.3998750000000015,0.4781875,1.3090625,8.808125
2012-03-09,0.0,0.0,0.0,0.0,0.0,0.0,0.0,1.0592,7.398000000000001,0.48019999999999996,1.3071875,8.805
2012-03-12,0.0,0.0,0.0,0.0,0.0,0.0,0.0,1.0603,7.398000000000001,0.4804625,1.3075,8.805
2012-03-13,0.0,0.0,0.0,0.0,0.0,0.0,0.0,1.0777,7.3927499999999995,0.486675,1.30125,8.803125
2012-03-14,0.0,0.0,0.0,0.0,0.0,0.0,0.0,1.0813,7.381125000000001,0.4860625,1.28765625,8.7925
2012-03-15,0.0,0.0,0.0,0.0,0.0,0.0,0.0,1.0847,7.380749999999999,0.5584,1.2884375,6.59765625
2012-03-16,0.0,0.0,0.0,0.0,0.0,0.0,0.0,1.0845,7.379250000000001,0.5595,1.28609375,6.598593750000001
2012-03-19,0.0,0.0,0.0,0.0,0.0,0.0,0.0,1.0919,7.355625,0.5617,1.27953125,6.59578125
2012-03-20,0.0,0.0,0.0,0.0,0.0,0.0,0.0,1.095,7.351875,0.56,1.27921875,6.594375
2012-03-21,0.0,0.0,0.0,0.0,0.0,0.0,0.0,1.0944,7.359375,0.5591,1.285625,6.59765625
2012-03-22,0.0,0.0,0.0,0.0,0.0,0.0,0.0,1.0933,7.36275,0.5556,1.28734375,6.598125
2012-03-23,0.0,0.0,0.0,0.0,0.0,0.0,0.0,1.0923,7.365,0.5577,1.29046875,6.6000000000000005
2012-03-26,0.0,0.0,0.0,0.0,0.0,0.0,0.0,1.111,7.366875,0.5661,1.290625,6.60140625
2012-03-27,0.0,0.0,0.0,0.0,0.0,0.0,0.0,1.1107,7.373999999999999,0.5624,1.2959375,6.604687500000001
2012-03-28,0.0,0.0,0.0,0.0,0.0,0.0,0.0,1.1067,7.37325,0.56,1.29578125,6.604687500000001
2012-03-29,0.0,0.0,0.0,0.0,0.0,0.0,0.0,1.1036,7.378499999999999,0.5592,1.2990625,6.60515625
2012-03-30,0.0,0.0,0.0,0.0,0.0,0.0,0.0,1.1015,7.3725000000000005,0.5616,1.29484375,6.60375
2012-04-02,0.0,0.0,0.0,0.0,0.0,0.0,0.0,1.1107,7.374375,0.5649,1.29703125,6.605625
2012-04-03,0.0,0.0,0.0,0.0,0.0,0.0,0.0,1.112,7.364625,0.5634,1.28921875,6.60046875
2012-04-04,0.0,0.0,0.0,0.0,0.0,0.0,0.0,0.5475,7.37025,0.696625,1.29375,6.602343749999999
2012-04-05,0.0,0.0,0.0,0.0,0.0,0.0,0.0,0.55105,7.374750000000001,0.695125,1.2996875,6.602812500000001
2012-04-06,0.0,0.0,0.0,0.0,0.0,0.0,0.0,0.54505,4.92475,0.61875,1.31046875,8.80875
2012-04-09,0.0,0.0,0.0,0.0,0.0,0.0,0.0,0.54575,4.92575,0.5498,1.31140625,8.809375
2012-04-10,0.0,0.0,0.0,0.0,0.0,0.0,0.0,0.5394,4.9275,0.47486249999999997,1.3159375,8.815
2012-04-11,0.0,0.0,0.0,0.0,0.0,0.0,0.0,0.5413,4.926,0.47748749999999995,1.31328125,8.814375
2012-04-12,0.0,0.0,0.0,0.0,0.0,0.0,0.0,0.54775,4.9255,0.4851,1.31140625,8.815625
2012-04-13,0.0,0.0,0.0,0.0,0.0,0.0,0.0,0.53835,4.9275,0.34125000000000005,1.3153125,8.8175
2012-04-16,0.0,0.0,0.0,0.0,0.0,0.0,0.0,0.53295,4.928,0.27275,1.316875,8.818125
2012-04-17,0.0,0.0,0.0,0.0,0.0,0.0,0.0,0.54275,4.92675,0.27675,1.31421875,8.8175
2012-04-18,0.0,0.0,0.0,0.0,0.0,0.0,0.0,0.539,4.928,0.2757,1.315625,8.81875
2012-04-19,0.0,0.0,0.0,0.0,0.0,0.0,0.0,0.53675,4.929,0.2745,1.31765625,8.81875
2012-04-20,0.0,0.0,0.0,0.0,0.0,0.0,0.0,0.5348,4.9285,0.275,1.31671875,8.81875
2012-04-23,0.0,0.0,0.0,0.0,0.0,0.0,0.0,0.5303,4.93025,0.27255,1.31984375,8.82125
2012-04-24,0.0,0.0,0.0,0.0,0.0,0.0,0.0,0.5265,4.92875,0.20550000000000002,1.3178125,11.025
2012-04-25,0.0,0.0,0.0,0.0,0.0,0.0,0.0,0.5411,4.9277500000000005,0.208125,1.316875,11.025
2012-04-26,0.0,0.0,0.0,0.0,0.0,0.0,0.0,0.5441,4.92925,0.2794,1.31921875,11.02734375
2012-04-27,0.0,0.0,0.0,0.0,0.0,0.0,0.0,0.5476,7.395375,0.41969999999999996,1.3215625,11.026562499999999
2012-04-30,0.0,0.0,0.0,0.0,0.0,0.0,0.0,0.544,7.3968750000000005,0.41827499999999995,1.3228125,11.02734375
2012-05-01,0.0,0.0,0.0,0.0,0.0,0.0,0.0,0.54335,7.395375,0.490175,1.3196875,11.02578125
2012-05-02,0.0,0.0,0.0,0.0,0.0,0.0,0.0,0.5459,7.3968750000000005,0.48912500000000003,1.321875,11.02578125
2012-05-03,0.0,0.0,0.0,0.0,0.0,0.0,0.0,0.53885,7.3968750000000005,0.4158,1.321875,11.026562499999999
2012-05-04,0.0,0.0,0.0,0.0,0.0,0.0,0.0,0.0,7.400625,0.40875000000000006,1.32640625,11.028125
2012-05-07,0.0,0.0,0.0,0.0,0.0,0.0,0.0,0.0,7.40175,0.3414375,1.32640625,11.02734375
2012-05-08,0.0,0.0,0.0,0.0,0.0,0.0,0.0,0.0,7.402875,0.27175,1.32921875,11.028125
2012-05-09,0.0,0.0,0.0,0.0,0.0,0.0,0.0,0.0,7.402875,0.20265,2.658125,8.8225
2012-05-10,0.0,0.0,0.0,0.0,0.0,0.0,0.0,0.0,7.401375,0.20358750000000003,2.655625,8.821875
2012-05-11,-0.252625,0.0,0.0,0.0,0.0,0.0,0.0,0.0,7.403625,0.135,2.6615625,8.821875
2012-05-14,-0.25275,0.0,0.0,0.0,0.0,0.0,0.0,0.0,7.405875,0.133425,2.6684375,8.82125
2012-05-15,-0.25725,0.0,0.0,0.0,0.0,0.0,0.0,0.0,7.404,0.066425,2.6675,8.819375
2012-05-16,-0.263125,0.0,0.0,0.0,0.0,0.0,0.0,0.0,7.4055,0.0661375,2.6684375,8.8175
2012-05-17,-0.264125,0.0,0.0,0.0,0.0,0.0,0.0,0.0,7.40775,0.065075,2.6753125,8.815625
2012-05-18,-0.2685,0.0,0.0,0.0,0.0,0.0,0.0,0.0,7.407375,0.064525,2.67625,8.81625
2012-05-21,-0.27025,0.0,0.0,0.0,0.0,0.0,0.0,0.0,7.407,0.0657875,2.6725,8.81625
2012-05-22,-0.261,0.0,0.0,0.0,0.0,0.0,0.0,0.0,7.405125,0.06575,2.66625,8.815625
2012-05-23,-0.2615,0.0,0.0,0.0,0.0,0.0,0.0,0.0,7.40775,0.0658,2.6759375,8.818125
2012-05-24,-0.2575,0.0,0.0,0.0,0.0,0.0,0.0,0.0,7.405125,0.06615,2.6709375,8.815625
2012-05-25,-0.26075,0.0,0.0,0.0,0.0,0.0,0.0,0.0,7.40625,0.0657375,2.6753125,8.8175
2012-05-28,-0.26075,0.0,0.0,0.0,0.0,0.0,0.0,0.0,7.40625,0.066075,2.6753125,8.8175
2012-05-29,-0.25875,0.0,0.0,0.0,0.0,0.0,0.0,0.0,7.406625,0.066675,2.6765625,8.816875
2012-05-30,-0.26025,0.0,0.0,0.0,0.0,0.0,0.0,0.0,7.413,0.065425,2.6740625,8.819375
2012-05-31,-0.261,0.0,0.0,0.0,0.0,0.0,0.0,0.0,7.416375,0.0653,2.67875,8.81625
2012-06-01,-0.255,0.0,0.0,0.0,0.0,0.0,0.0,0.0,7.421625000000001,-0.127375,2.6946875,8.819375
2012-06-04,-0.261875,0.0,0.0,0.0,0.0,0.0,0.0,0.0,7.417125,-0.127275,2.681875,8.81875
2012-06-05,-0.253875,0.0,0.0,0.0,0.0,0.0,0.0,0.0,7.4186250000000005,-0.12855,2.67875,8.82
2012-06-06,-0.25975,0.0,0.0,0.0,0.0,0.0,0.0,0.0,7.414125,-0.0657875,2.6659375,8.816875
2012-06-07,0.0,0.0,0.0,0.0,0.0,0.0,0.0,0.0,7.4156249999999995,0.0,2.6684375,8.81625
2012-06-08,0.0,0.0,0.0,0.0,0.0,0.0,0.0,0.0,7.4167499999999995,0.0,2.6696875,8.815625
2012-06-11,0.0,0.0,0.0,0.0,0.0,0.0,0.0,0.0,7.4186250000000005,0.0,2.675625,8.815
2012-06-12,0.0,0.0,0.0,0.0,0.0,0.0,0.0,0.0,7.414875,0.0,2.664375,8.811875
2012-06-13,0.0,0.0,0.0,0.0,0.0,0.0,0.0,0.0,7.4193750000000005,0.0,2.674375,8.81125
2012-06-14,0.0,0.0,0.0,0.0,0.0,0.0,0.0,0.0,7.419,0.0,2.6703125,8.81125
2012-06-15,0.0,0.0,0.0,0.0,0.0,0.0,0.0,0.0,7.4235,0.0,2.675625,8.813125
2012-06-18,0.0,0.0,0.0,0.0,0.0,0.0,0.0,0.0,7.423875000000001,0.0,2.6746875,8.811875
2012-06-19,0.0,0.0,0.0,0.0,0.0,0.0,0.0,0.0,7.413,0.0675125,2.6696875,8.811875
2012-06-20,0.0,0.0,0.0,0.0,0.0,0.0,0.0,0.0,7.410375000000001,0.067525,2.6640625,8.80875
2012-06-21,0.0,0.0,0.0,0.0,0.0,0.0,0.0,0.0,7.410375000000001,0.0659125,2.6671875,8.80875
2012-06-22,0.0,0.0,0.0,0.0,0.0,0.0,0.0,0.0,7.40775,0.066275,2.66,8.808125
2012-06-25,0.0,0.0,0.0,0.0,0.0,0.0,0.0,0.0,7.411875,0.0653375,2.67125,8.809375
2012-06-26,0.0,0.0,0.0,0.0,0.0,0.0,0.0,0.0,7.411875,0.0657875,2.66875,8.808125
2012-06-27,0.0,0.0,0.0,0.0,0.0,0.0,0.0,0.0,7.4126249999999985,0.0663125,2.6709375,8.80875
2012-06-28,0.0,0.0,0.0,0.0,0.0,0.0,0.0,0.0,7.4175,0.06615,2.6784375,8.80875
2012-06-29,0.0,0.0,0.0,0.0,0.0,0.0,0.0,0.0,7.41525,0.0679125,2.6675,8.8075
2012-07-02,0.0,0.0,0.0,0.0,0.0,0.0,0.0,0.0,7.4193750000000005,0.1358,2.6803125,8.810625
2012-07-03,0.0,0.0,0.0,0.0,0.0,0.0,0.0,0.0,7.4182500000000005,0.2053125,2.6728125,8.808125
2012-07-04,0.0,0.0,0.0,0.0,0.0,0.0,0.0,0.0,7.4182500000000005,0.2736,2.6728125,8.808125
2012-07-05,0.0,0.0,0.0,0.0,0.0,0.0,0.0,0.52865,7.4197500000000005,0.0680875,2.6790625,8.81125
2012-07-06,0.0,0.0,0.0,0.0,0.0,0.0,0.0,0.0,7.422750000000001,0.2705,2.6871875,8.814375
2012-07-09,0.0,0.0,0.0,0.0,0.0,0.0,0.0,0.0,7.425749250000001,0.2699,2.6909375,8.81625
2012-07-10,0.0,0.0,0.0,0.0,0.0,0.0,0.0,0.0,7.426875,0.2671,2.6925,8.815625
2012-07-11,0.0,0.0,0.0,0.0,0.0,0.0,0.0,0.0,7.426875,0.26735,2.691875,8.81625
2012-07-12,0.0,0.0,0.0,0.0,0.0,0.0,0.0,0.0,7.427624999999999,0.132875,2.693125,8.818125
2012-07-13,0.0,0.0,0.0,0.0,0.0,0.0,0.0,0.0,7.425374999999999,0.1352,2.6909375,8.819375
2012-07-16,0.0,0.0,0.0,0.0,0.0,0.0,0.0,0.0,7.428749999999999,0.134725,2.69625,8.82375
2012-07-17,0.0,0.0,0.0,0.0,0.0,0.0,0.0,0.0,7.426125000000001,0.20373750000000002,2.6909375,8.82125
2012-07-18,0.0,0.0,0.0,0.0,0.0,0.0,0.0,0.0,7.429125000000001,0.3418125,2.695,8.82375
2012-07-19,0.0,0.0,0.0,0.0,0.0,0.0,0.0,0.53105,7.428000000000001,0.2058375,2.689375,11.03125
2012-07-20,0.0,0.0,0.0,0.0,0.0,0.0,0.0,0.523,7.430625000000001,0.2038125,2.698125,11.0328125
2012-07-23,0.0,0.0,0.0,0.0,0.0,0.0,0.0,0.0,7.4325,0.335875,2.70125,11.03125
2012-07-24,0.0,0.0,0.0,0.0,0.0,0.0,0.0,0.0,7.434374999999999,0.26595,2.7053125,11.0328125
2012-07-25,0.394,0.0,0.0,0.0,0.0,0.0,0.0,0.0,7.435124249999999,0.0667375,2.7046875,11.03125
2012-07-26,0.388125,0.0,0.0,0.0,0.0,0.0,0.0,0.0,7.434374999999999,0.0677625,2.700625,11.029687500000001
2012-07-27,0.396625,0.0,0.0,0.0,0.0,0.0,0.0,0.0,7.428000000000001,0.2765,2.6825,11.025
2012-07-30,0.407,0.0,0.0,0.0,0.0,0.0,0.0,0.0,7.432875000000001,0.345125,2.69125,11.029687500000001
2012-07-31,0.402625,0.0,0.0,0.0,0.0,0.0,0.0,0.0,7.434374999999999,0.34299999999999997,2.693125,11.0305
2012-08-01,0.40025,0.0,0.0,0.0,0.0,0.0,0.0,0.0,7.429874249999999,0.34268750000000003,2.683125,11.027344
2012-08-02,0.397875,0.0,0.0,0.0,0.0,0.0,0.0,0.0,7.430625000000001,0.34056250000000005,2.6925,11.028125
2012-08-03,0.40375,0.0,0.0,0.0,0.0,0.0,0.0,0.53465,7.424249999999999,0.13895,2.678125,11.025781000000002
2012-08-06,0.4025,0.0,0.0,0.0,0.0,0.0,0.0,0.5375,7.428375000000001,0.20853750000000001,2.6821875,11.026562
2012-08-07,0.40025,0.0,0.0,0.0,0.0,0.0,0.0,0.54225,7.422750000000001,0.27935,2.6715625,11.021875000000001
2012-08-08,0.40825,0.0,0.0,0.0,0.0,0.0,0.0,0.5417,7.422375,0.27975,2.6696875,11.018749999999999
2012-08-09,0.411875,0.0,0.0,0.0,0.0,0.0,0.0,0.5437,7.422750000000001,0.350125,2.6690625,11.018749999999999
2012-08-10,0.404625,0.0,0.0,0.0,0.0,0.0,0.0,0.5445,7.425000000000001,0.3505625,2.6746875,11.021093999999998
2012-08-13,0.396125,0.0,0.0,0.0,0.0,0.0,0.0,0.54585,7.425749250000001,0.42075000000000007,2.6725,11.021093999999998
2012-08-14,0.3945,0.0,0.0,0.0,0.0,0.0,0.0,0.54525,7.421999999999999,0.420375,2.6628125,11.019531
2012-08-15,0.402,0.0,0.0,0.0,0.0,0.0,0.0,0.54795,7.41637425,0.4911375,2.6515625,11.016406
2012-08-16,0.40375,0.0,0.0,0.0,0.0,0.0,0.0,0.55315,7.4126249999999985,0.5655,2.6471875,11.015625
2012-08-17,0.403625,0.0,0.0,0.0,0.0,0.0,0.0,0.55535,7.414875,0.5662,2.65,11.015625
2012-08-20,0.411875,0.0,0.0,0.0,0.0,0.0,0.0,0.5562,7.41637425,0.6366375,2.6503125,11.016406
2012-08-21,0.419375,0.0,0.0,0.0,0.0,0.0,0.0,0.5551,7.4167499999999995,0.6356249999999999,2.6521875,11.014844
2012-08-22,0.417375,0.0,0.0,0.0,0.0,0.0,0.0,0.5564,7.424625,0.7062499999999999,2.66625,11.019531
2012-08-23,0.407375,0.0,0.0,0.0,0.0,0.0,0.0,0.55255,7.428375000000001,0.7000000000000001,2.67375,11.021875000000001
2012-08-24,0.40425,0.0,0.0,0.0,0.0,0.0,0.0,0.55555,7.427624999999999,0.70525,2.6715625,11.019531
2012-08-27,0.400375,0.0,0.0,0.0,0.0,0.0,0.0,0.5566,7.430625000000001,0.7040000000000001,2.67625,11.021093999999998
2012-08-28,0.39775,0.0,0.0,0.0,0.0,0.0,0.0,1.1132,7.4325,0.5631,2.6790625,11.019531
2012-08-29,0.40675,0.0,0.0,0.0,0.0,0.0,0.0,1.1125,7.430625000000001,0.492625,2.655,11.017968999999999
2012-08-30,0.40425,0.0,0.0,0.0,0.0,0.0,0.0,0.55085,7.433625,0.5587,2.6628125,11.022656000000001
2012-08-31,0.399875,0.0,0.0,0.0,0.0,0.0,0.0,0.5541,7.44037425,0.5619,2.674375,11.028906000000001
2012-09-03,0.399875,0.0,0.0,0.0,0.0,0.0,0.0,1.1119,7.44037425,0.492975,2.674375,11.028906000000001
2012-09-04,0.4025,0.0,0.0,0.0,0.0,0.0,0.0,1.1104,7.43924925,0.4921,2.668125,11.025781000000002
2012-09-05,0.395375,0.0,0.0,0.0,0.0,0.0,0.0,1.1072,7.4396249999999995,0.4913125,2.6671875,11.025
2012-09-06,0.39925,0.0,0.0,0.0,0.0,0.0,0.0,1.1305,7.433625,0.5007625,2.6546875,11.018749999999999
2012-09-07,0.39975,0.0,0.0,0.0,0.0,0.0,0.0,1.1295,7.438125,0.5753,2.6603125,11.021875000000001
2012-09-10,0.391625,0.0,0.0,0.0,0.0,0.0,0.0,0.557,7.438125,0.7844375,2.6571875,11.022656000000001
2012-09-11,0.388875,0.0,0.0,0.0,0.0,0.0,0.0,0.556,7.437749999999999,0.786775,2.655625,11.022656000000001
2012-09-12,0.38475,0.0,0.0,0.0,0.0,0.0,0.0,0.5579,7.435124249999999,0.8589,2.646875,11.024218999999999
2012-09-13,0.386875,0.0,0.0,0.0,0.0,0.0,0.0,1.129,7.4396249999999995,0.7252500000000001,2.6553125,11.026562
2012-09-14,0.391,0.0,0.0,0.0,0.0,0.0,0.0,1.1405,7.434374999999999,0.729625,2.6378125,11.022656000000001
2012-09-17,0.374,0.0,0.0,0.0,0.0,0.0,0.0,1.1388,7.434374999999999,0.726875,2.640625,11.022656000000001
2012-09-18,0.37,0.0,0.0,0.0,0.0,0.0,0.0,1.1405,7.436624999999999,0.726375,2.6440625,11.021875000000001
2012-09-19,0.37825,0.0,0.0,0.0,0.0,0.0,0.0,1.1419,7.437749999999999,0.72675,2.6475,11.019531
2012-09-20,0.373,0.0,0.0,0.0,0.0,0.0,0.0,1.1417,7.438500000000001,0.727,2.648125,11.020311999999999
2012-09-21,0.374125,0.0,0.0,0.0,0.0,0.0,0.0,1.1414,7.4399999999999995,0.72575,2.6534375,11.020311999999999
2012-09-24,0.372375,0.0,0.0,0.0,0.0,0.0,0.0,1.1362,7.4415000000000004,0.72575,2.6584375,11.019531
2012-09-25,0.371875,0.0,0.0,0.0,1.012875,0.0,0.0,0.56085,7.4407499999999995,0.718375,2.6634375,11.019531
2012-09-26,0.0,0.0,0.0,0.0,1.0094375,0.0,0.0,0.55485,7.4426250000000005,0.5709,2.6728125,11.021093999999998
2012-09-27,0.0,0.0,0.0,0.0,1.0145,0.0,0.0,0.56275,7.44225,0.5765,2.67,11.023438
2012-09-28,0.0,0.0,0.0,0.0,1.0085,0.0,0.0,0.55825,7.44225,0.5737,2.6696875,11.026562
2012-10-01,0.0,0.0,0.0,0.0,1.0079375,0.0,0.0,0.5577,7.444125,0.5747,2.6715625,11.026562
2012-10-02,0.0,0.0,0.0,0.0,1.0085625,0.0,0.0,0.55905,7.444499250000001,0.5762,2.6728125,11.026562
2012-10-03,0.0,0.0,0.0,0.0,1.004375,0.0,0.0,0.562,7.446000000000001,0.5778,2.6746875,11.028125
2012-10-04,0.0,0.0,0.0,0.0,1.0113125,0.0,0.0,0.56435,7.444499250000001,0.727875,2.6684375,11.025
2012-10-05,0.0,0.0,0.0,0.0,1.008625,0.0,0.0,0.56085,7.4407499999999995,0.7277500000000001,2.6584375,11.021875000000001
2012-10-08,0.0,0.0,0.0,0.0,1.001625,0.0,0.0,0.55575,7.443,0.725,2.6653124,11.022656000000001
2012-10-09,0.0,0.0,0.0,0.0,1.000125,0.0,0.0,0.54685,7.4411249999999995,0.5745,2.6609375,11.021875000000001
2012-10-10,0.0,0.0,0.0,0.0,0.0,0.0,0.0,0.54465,7.4407499999999995,0.5704,2.664375,11.021093999999998
2012-10-11,0.0,0.0,0.0,0.0,0.0,0.0,0.0,0.5429,7.4407499999999995,0.5714,2.6653125,11.020311999999999
2012-10-12,0.0,0.0,0.0,0.0,0.0,0.0,0.0,0.5424,7.4399999999999995,0.4976125,2.66625,11.021875000000001
2012-10-15,0.0,0.0,0.0,0.0,0.0,0.0,0.0,0.5465,7.4396249999999995,0.5026875,2.66625,11.022656000000001
2012-10-16,0.0,0.0,0.0,0.0,0.0,0.0,0.0,0.55315,7.438125,0.507325,2.6575,11.019531
2012-10-17,0.0,0.0,0.0,0.0,0.0,0.0,0.0,0.5543,7.430249999999999,0.65565,2.6415625,8.8112496
2012-10-18,0.0,0.0,0.0,0.0,0.0,0.0,0.0,0.54645,7.430999249999999,0.6530625,2.6396875,8.8112496
2012-10-19,0.0,0.0,0.0,0.0,0.0,0.0,0.0,0.0,7.433249999999999,0.6406875,2.6478125,8.810624800000001
2012-10-22,0.0,0.0,0.0,0.0,0.0,0.0,0.0,0.0,7.430249999999999,0.6437250000000001,2.6421875,8.8093752
2012-10-23,0.0,0.0,0.0,0.0,0.0,0.0,0.0,0.0,7.432124999999999,0.4921875,2.6475,8.8118752
2012-10-24,0.0,0.0,0.0,0.0,0.0,0.0,0.0,0.0,7.434000000000001,0.3514375,2.6475,8.8125
2012-10-25,0.0,0.0,0.0,0.0,0.0,0.0,0.0,0.0,7.428000000000001,0.3521875,2.638125,8.808750400000001
2012-10-26,0.0,0.0,0.0,0.0,0.0,0.0,0.0,0.0,7.433249999999999,0.2815,2.65125,8.8112496
2012-10-29,0.0,0.0,0.0,0.0,0.0,0.0,0.0,0.0,7.435499999999999,0.2104125,2.655625,8.8125
2012-10-30,0.0,0.0,0.0,0.0,0.0,0.0,0.0,0.0,7.433249999999999,0.2116875,2.6534375,8.8112496
2012-10-31,0.0,0.0,0.0,0.0,0.0,0.0,0.0,0.0,7.437375000000001,0.2102625,2.660625,8.8131248
2012-11-01,0.0,0.0,0.0,0.0,0.0,0.0,0.0,0.0,7.437375000000001,0.21352500000000002,2.6565625,8.814375199999999
2012-11-02,0.0,0.0,0.0,0.0,0.0,0.0,0.0,0.0,7.437749999999999,0.210825,2.655625,8.8137504
2012-11-05,0.0,0.0,0.0,0.0,0.0,0.0,0.0,0.0,7.44037425,0.2117625,2.6628125,8.8156248
2012-11-06,0.0,0.0,0.0,0.0,0.0,0.0,0.0,0.0,7.43475,0.21382500000000002,2.6540625,8.8131248
2012-11-07,0.0,0.0,0.0,0.0,0.0,0.0,0.0,0.0,7.443375,0.138975,2.6715625,6.613125
2012-11-08,0.0,0.0,0.0,0.0,0.0,0.0,0.0,0.0,7.44525,0.06875,2.6771875,6.614062800000001
2012-11-09,0.0,0.0,0.0,0.0,0.0,0.0,0.0,0.0,7.444125,0.0688,2.678125,6.6135936000000015
2012-11-12,0.0,0.0,0.0,0.0,0.0,0.0,0.0,0.0,7.444125,0.0689125,2.6778124,6.614062800000001
2012-11-13,0.0,0.0,0.0,0.0,0.0,0.0,0.0,0.0,7.44525,-0.0685875,2.6809375,6.615
2012-11-14,0.0,0.0,0.0,0.0,0.0,0.0,0.0,0.0,7.44525,-0.0676625,2.6809375,6.615
2012-11-15,0.0,0.0,0.0,0.0,0.0,0.0,0.0,0.0,7.444875000000001,-0.13515,2.680625,6.615468600000001
2012-11-16,0.0,0.0,0.0,0.0,0.0,0.0,0.0,0.0,7.445625,-0.13605,2.68375,6.615468600000001
2012-11-19,0.0,0.0,0.0,0.0,0.0,0.0,0.0,0.0,7.444125,-0.1381,2.678125,6.615
2012-11-20,0.0,0.0,0.0,0.0,0.0,0.0,0.0,0.0,7.443,-0.0693,2.6721875,6.613125
2012-11-21,0.0,0.0,0.0,0.0,0.0,0.0,0.0,0.0,7.4411249999999995,0.0694625,2.6678125,6.6117186
2012-11-22,0.0,0.0,0.0,0.0,0.0,0.0,0.0,0.0,7.4411249999999995,0.069575,2.6678125,6.6117186
2012-11-23,0.0,0.0,0.0,0.0,0.0,0.0,0.0,0.0,7.4407499999999995,0.21071249999999997,2.6665625,6.6117186
2012-11-26,0.0,0.0,0.0,0.0,0.0,0.0,0.0,0.0,7.441875,0.21075000000000002,2.6709375,6.612187199999999
2012-11-27,0.0,0.0,0.0,0.0,0.0,0.0,0.0,0.0,7.4437500000000005,0.20966250000000003,2.674375,6.612656399999999
2012-11-28,0.319875,0.0,0.0,0.0,0.0,0.0,0.0,0.0,7.445625,0.210975,2.6696875,6.6135936000000015
2012-11-29,0.318125,0.0,0.0,0.0,0.0,0.0,0.0,0.0,7.4467500000000015,0.21183749999999998,2.670625,6.612656399999999
2012-11-30,0.31775,0.0,0.0,0.0,0.0,0.0,0.0,0.0,7.447875,0.28315,2.6728125,6.6135936000000015
2012-12-03,0.319875,0.0,0.0,0.0,0.0,0.0,0.0,0.0,7.447125000000001,0.3514375,2.669375,8.8175
2012-12-04,0.320875,0.0,0.0,0.0,0.0,0.0,0.0,0.0,7.4475,0.28065,2.6715625,11.024218999999999
2012-12-05,0.32275,0.0,0.0,0.0,0.0,0.0,0.0,0.0,7.448624249999999,0.28135,2.6759375,11.025
2012-12-06,0.32175,0.0,0.0,0.0,0.0,0.0,0.0,0.0,7.449375,0.28255,2.6775,11.025
2012-12-07,0.318875,0.0,0.0,0.0,0.0,0.0,0.0,0.0,7.448624249999999,0.28345,2.67125,11.024218999999999
2012-12-10,0.318375,0.0,0.0,0.0,0.0,0.0,0.0,0.0,7.449375,0.28345,2.6725,11.025
2012-12-11,0.313875,0.0,0.0,0.0,0.0,0.0,0.0,0.0,7.448624249999999,0.358,2.668125,11.025
2012-12-12,0.312875,0.0,0.0,0.0,0.0,0.0,0.0,0.0,7.445625,0.355,2.66125,11.024218999999999
2012-12-13,0.313,0.0,0.0,0.0,0.0,0.0,0.0,0.0,7.4426250000000005,0.352875,2.6546875,11.024218999999999
2012-12-14,0.314,0.0,0.0,0.0,0.0,0.0,0.0,0.0,7.4426250000000005,0.35268750000000004,2.6559375,11.027344
2012-12-17,0.311,0.0,0.0,0.0,0.0,0.0,0.0,0.0,7.4396249999999995,0.42832500000000007,2.6478125,11.025
2012-12-18,0.3115,0.0,0.0,0.0,0.0,0.0,0.0,0.5406,7.437,0.36012500000000003,2.63875,13.2225
2012-12-19,0.30675,0.0,0.0,0.0,0.0,0.0,0.0,0.53755,7.437749999999999,0.3571875,2.643125,13.2225
2012-12-20,0.301875,0.0,0.0,0.0,0.0,0.0,0.0,0.5385,7.437749999999999,0.3601875,2.643125,13.2225
2012-12-21,0.303375,0.0,0.0,0.0,0.0,0.0,0.0,0.53325,7.4396249999999995,0.357125,2.6496875,13.224374399999999
2012-12-24,0.3035,0.0,0.0,0.0,0.0,0.0,0.0,0.0,7.438125,0.49665,2.6465625,13.224374399999999
2012-12-25,0.3035,0.0,0.0,0.0,0.0,0.0,0.0,0.0,7.438125,0.49665,2.6465625,13.224374399999999
2012-12-26,0.299625,0.0,0.0,0.0,0.0,0.0,0.0,0.0,7.438500000000001,0.49455000000000005,2.65,13.2234372
2012-12-27,0.298,0.0,0.0,0.0,0.0,0.0,0.0,0.0,7.4415000000000004,0.4948125,2.6584375,13.22625
2012-12-28,0.299875,0.0,0.0,0.0,0.0,0.0,0.0,0.0,7.441875,0.3466875,2.6590625,13.228125600000002
2012-12-31,0.299875,0.0,0.0,0.0,0.0,0.0,0.0,0.0,7.441875,0.3559375,2.655625,13.228125600000002
2013-01-01,0.299875,0.0,0.0,0.0,0.0,0.0,0.0,0.0,7.441875,0.3559375,2.655625,13.228125600000002
2013-01-02,0.296125,0.0,0.0,0.0,0.0,0.0,0.0,0.548,7.43924925,0.2913,2.6428125,13.22625
2013-01-03,0.29375,0.0,0.0,0.0,0.0,0.0,0.0,0.5455,7.43475,0.29085,2.6325,13.2234372
2013-01-04,0.285875,0.0,0.0,0.0,0.0,0.0,0.0,0.54315,7.434374999999999,0.29195,2.6303125,13.221562799999997
2013-01-07,0.28725,0.0,0.0,0.0,0.0,0.0,0.0,0.5436,7.43475,0.3639375,2.6315625,13.221562799999997
2013-01-08,0.288875,0.0,0.0,0.0,0.0,0.0,0.0,0.543,7.437,0.362875,2.6371875,13.225312799999998
2013-01-09,0.290875,0.0,0.0,0.0,0.0,0.0,0.0,0.5447,7.438125,0.437025,2.64125,13.2290628
2013-01-10,0.292,0.0,0.0,0.0,0.0,0.0,0.0,0.5485,7.435499999999999,0.5145,2.634375,13.227187200000003
2013-01-11,0.2885,0.0,0.0,0.0,0.0,0.0,0.0,0.54865,7.435499999999999,0.513625,2.638125,13.228125600000002
2013-01-14,0.292,0.0,0.0,0.0,0.0,0.0,0.0,0.54625,7.437749999999999,0.5127499999999999,2.640625,13.2290628
2013-01-15,0.294625,0.0,0.0,0.0,0.0,0.0,0.0,0.54385,7.4399999999999995,0.5135375,2.6453125,13.2290628
2013-01-16,0.296125,0.0,0.0,0.0,0.0,0.0,0.0,0.5453,7.44037425,0.512575,2.6459375,13.228125600000002
2013-01-17,0.29325,0.0,0.0,0.0,0.0,0.0,0.0,0.54745,7.435124249999999,0.5904,2.6375,13.224374399999999
2013-01-18,0.29525,0.0,0.0,0.0,0.0,0.0,0.0,0.5472,7.436249999999999,0.6658875,2.6428125,13.22625
2013-01-21,0.29525,0.0,0.0,0.0,0.0,0.0,0.0,0.5486,7.436249999999999,0.74175,2.6428125,13.22625
2013-01-22,0.295,0.0,0.0,0.0,0.0,0.0,0.0,0.5515,7.438125,0.8200500000000001,2.6453125,13.228125600000002
2013-01-23,0.295125,0.0,0.0,0.0,0.0,0.0,0.0,0.546,7.438500000000001,0.8168875,2.6459375,13.228125600000002
2013-01-24,0.29275,0.0,0.0,0.0,0.0,0.0,0.0,0.54265,7.437375000000001,0.8185375,2.6446875,13.228125600000002
2013-01-25,0.292125,0.0,0.0,0.0,0.0,0.0,0.0,0.5458,7.430625000000001,0.822525,2.628125,13.21875
2013-01-28,0.295,0.0,0.0,0.0,0.0,0.0,0.0,0.547,7.427624999999999,0.8226625000000001,2.624375,13.2168744
2013-01-29,0.2935,0.0,0.0,0.0,0.0,0.0,0.0,0.5492,7.427250000000001,0.8280249999999999,2.624375,13.221562799999997
2013-01-30,0.2965,0.0,0.0,0.0,0.0,0.0,0.0,0.54695,7.427250000000001,0.8215625000000001,2.62375,13.2225
2013-01-31,0.2955,0.0,0.0,0.0,0.0,0.0,0.0,0.54655,7.428000000000001,0.8228000000000001,2.625625,13.225312799999998
2013-02-01,0.296,0.0,0.0,0.0,0.0,0.0,0.0,0.55125,7.428375000000001,0.9045,2.6225,11.021093999999998
2013-02-04,0.296875,0.0,0.0,0.0,0.0,0.0,0.0,0.54195,7.430625000000001,0.820875,2.63,11.021875000000001
2013-02-05,0.295,0.0,0.0,0.0,0.0,0.0,0.0,0.5507,7.428000000000001,0.829125,2.624375,11.020311999999999
2013-02-06,0.289375,0.0,0.0,0.0,0.0,0.0,0.0,0.54805,7.431374999999999,0.8284375,2.6321875,11.023438
2013-02-07,0.28325,0.0,0.0,0.0,0.0,0.0,0.0,0.54845,7.4325,0.82775,2.635,11.022656000000001
2013-02-08,0.281625,0.0,0.0,0.0,0.0,0.0,0.0,0.5544,7.432875000000001,0.8325625000000001,2.6346875,11.022656000000001
2013-02-11,0.0,0.0,0.0,0.0,0.0,0.0,0.0,0.5543,7.4325,0.9077999999999999,2.63375,11.021875000000001
2013-02-12,0.0,0.0,0.0,0.0,0.0,0.0,0.0,0.55325,7.430625000000001,0.91065,2.62875,11.019531
2013-02-13,0.0,0.0,0.0,0.0,0.0,0.0,0.0,0.5534,7.428375000000001,0.9097500000000001,2.623125,11.017968999999999
2013-02-14,0.0,0.0,0.0,0.0,0.0,0.0,0.0,0.55425,7.431750000000001,0.9112500000000001,2.63125,11.020311999999999
2013-02-15,0.0,0.0,0.0,0.0,0.0,0.0,0.0,0.5523,7.430625000000001,0.9102,2.630625,11.019531
2013-02-18,0.0,0.0,0.0,0.0,0.0,0.0,0.0,0.55295,7.430625000000001,0.9109499999999999,2.630625,11.019531
2013-02-19,0.0,0.0,0.0,0.0,0.0,0.0,0.0,0.5571,7.429874249999999,0.9174,2.626875,11.018749999999999
2013-02-20,0.0,0.0,0.0,0.0,0.0,0.0,0.0,0.5472,7.430249999999999,0.7535000000000001,2.629375,11.020311999999999
2013-02-21,0.0,0.0,0.0,0.0,0.0,0.0,0.0,0.5432,7.433625,0.6008,2.6359375,11.021875000000001
2013-02-22,0.0,0.0,0.0,0.0,0.0,0.0,0.0,0.5471,7.435124249999999,0.6056,2.638125,11.022656000000001
2013-02-25,0.0,0.0,0.0,0.0,0.0,0.0,0.0,0.0,7.438500000000001,0.5196625,2.65,11.025
2013-02-26,0.0,0.0,0.0,0.0,0.0,0.0,0.0,0.0,7.4399999999999995,0.522725,2.630625,11.026562
2013-02-27,0.0,0.0,0.0,0.0,0.0,0.0,0.0,0.0,7.4396249999999995,0.530775,2.62875,11.022656000000001
2013-02-28,0.0,0.0,0.0,0.0,0.0,0.0,0.0,0.0,7.4399999999999995,0.5292875,2.6309375,11.023438
2013-03-01,0.0,0.0,0.0,0.0,0.0,0.0,0.0,0.0,7.4411249999999995,0.5308625,2.635625,11.024218999999999
2013-03-04,0.0,0.0,0.0,0.0,0.0,0.0,0.0,0.55275,7.4407499999999995,0.45825,2.6325,13.2290628
2013-03-05,0.0,0.0,0.0,0.0,0.0,0.0,0.0,0.55965,7.43924925,0.4611,2.630625,13.228125600000002
2013-03-06,0.0,0.0,0.0,0.0,0.0,0.0,0.0,0.55765,7.427624999999999,0.5386500000000001,2.6240624,13.225312799999998
2013-03-07,0.0,0.0,0.0,0.0,0.0,0.0,0.0,0.55985,7.413374999999999,0.6171,2.614375,13.2234372
2013-03-08,0.0,0.0,0.0,0.0,0.0,0.0,0.0,0.5603,7.4085,0.6198,2.604375,13.2234372
2013-03-11,0.0,0.0,0.0,0.0,0.0,0.0,0.0,0.56195,7.408125,0.7001999999999999,2.604375,13.2225
2013-03-12,0.0,0.0,0.0,0.0,0.0,0.0,0.0,0.5606,7.411875,0.698625,2.6096876000000004,13.2225
2013-03-13,0.0,0.0,0.0,0.0,0.0,0.0,0.0,0.5587,7.410375000000001,0.6975,2.609375,13.2206256
2013-03-14,0.0,0.0,0.0,0.0,0.0,0.0,0.0,0.56,7.41075,0.7001999999999999,2.6096876000000004,13.219687200000001
2013-03-15,0.0,0.0,0.0,0.0,0.0,0.0,0.0,0.5581,7.41525,0.7767499999999999,2.6178123999999996,13.2234372
2013-03-18,0.0,0.0,0.0,0.0,0.0,0.0,0.0,0.5574,7.4175,0.773375,2.6240624,13.2234372
2013-03-19,0.0,0.0,0.0,0.0,0.0,0.0,0.0,0.5559,7.420125,0.7711250000000001,2.63125,13.22625
2013-03-20,0.0,0.0,0.0,0.0,0.0,0.0,0.0,0.55705,7.40699925,0.7745000000000001,2.6278124,13.224374399999999
2013-03-21,0.0,0.0,0.0,0.0,0.0,0.0,0.0,0.55395,7.40625,0.69255,2.628125,13.2234372
2013-03-22,0.0,0.0,0.0,0.0,0.0,0.0,0.0,0.5587,7.40625,0.6984,2.6303123999999998,13.2225
2013-03-25,0.0,0.0,0.0,0.0,0.0,0.0,0.0,0.55685,7.406625,0.69615,2.6315624,13.225312799999998
2013-03-26,0.0,0.0,0.0,0.0,0.0,0.0,0.0,0.55995,7.406625,0.778625,2.6340624,13.224374399999999
2013-03-27,0.0,0.0,0.0,0.0,0.0,0.0,0.0,0.5602,7.411875,0.8562125,2.6425,13.22625
2013-03-28,0.0,0.0,0.0,0.0,0.0,0.0,0.0,0.5622,7.41,0.8595125,2.6396876000000002,13.227187200000003
2013-03-29,0.0,0.0,0.0,0.0,0.0,0.0,0.0,0.5622,7.41,0.8595125,2.6396876000000002,13.227187200000003
2013-04-01,0.0,0.0,0.0,0.0,0.0,0.0,0.0,0.5576,7.411875,0.8557999999999999,2.6425,13.227187200000003
2013-04-02,0.0,0.0,0.0,0.0,0.0,0.0,0.0,0.56255,7.41,0.860475,2.6396876000000002,13.227187200000003
2013-04-03,0.0,0.0,0.0,0.0,0.0,0.0,0.0,0.5574,7.413374999999999,0.851675,2.648125,13.230937200000001
2013-04-04,0.0,0.0,0.0,0.0,0.0,0.0,0.0,0.557,7.4175,0.854975,2.656875,13.230937200000001
2013-04-05,0.0,0.0,0.0,0.0,0.0,0.0,0.0,0.5526,7.420499249999999,0.6957,2.663125,13.230937200000001
2013-04-08,0.0,0.0,0.0,0.0,0.0,0.0,0.0,0.5562,7.4175,0.7016625000000001,2.6571876,13.230937200000001
2013-04-09,0.0,0.0,0.0,0.0,0.0,0.0,0.0,0.5595,7.4178749999999996,0.7034625,2.65625,13.23
2013-04-10,0.0,0.0,0.0,0.0,0.0,0.0,0.0,0.57065,7.414499999999999,0.7122375,2.6484376000000003,13.23
2013-04-11,0.0,0.0,0.0,0.0,0.0,0.0,0.0,0.57065,7.416,0.793875,2.6509376000000002,13.23
2013-04-12,0.0,0.0,0.0,0.0,0.0,0.0,0.0,0.56925,7.420499249999999,0.791,2.6596876000000003,13.230937200000001
2013-04-15,0.0,0.0,0.0,0.0,0.0,0.0,0.0,0.5567,7.42125,0.540225,2.6609376,15.4371868
2013-04-16,0.0,0.0,0.0,0.0,0.0,0.0,0.0,0.5656,7.4197500000000005,0.5490625,2.6590624,15.4371868
2013-04-17,0.0,0.0,0.0,0.0,0.0,0.0,0.0,0.5549,7.420499249999999,0.38649999999999995,2.66125,17.6424992
2013-04-18,0.0,0.0,0.0,0.0,0.0,0.0,0.0,0.0,7.420874999999999,0.46020000000000005,2.6628124,17.6424992
2013-04-19,0.0,0.0,0.0,0.0,0.0,0.0,0.0,0.0,7.4197500000000005,0.46425,2.66,17.641249600000002
2013-04-22,0.0,0.0,0.0,0.0,0.0,0.0,0.0,0.55945,7.420874999999999,0.2334,2.661875,17.6437504
2013-04-23,0.0,0.0,0.0,0.0,0.0,0.0,0.0,0.5646,7.420499249999999,0.23602499999999998,2.6615623999999998,17.6437504
2013-04-24,0.0,0.0,0.0,0.0,0.0,0.0,0.0,0.5648,7.421624249999999,0.3148,2.6621876,17.6424992
2013-04-25,0.0,0.0,0.0,0.0,0.0,0.0,0.0,0.5688,9.895499,0.47452500000000003,2.66125,17.645
2013-04-26,0.0,0.0,0.0,0.0,0.0,0.0,0.0,0.5661,9.899,0.47295000000000004,2.66875,17.648750399999997
2013-04-29,0.0,0.0,0.0,0.0,0.0,0.0,0.0,0.57175,9.9,0.5558875,2.6690624,17.65
2013-04-30,0.0,0.0,0.0,0.0,0.0,0.0,0.0,0.576,9.899,0.6369,2.6671876,17.65
2013-05-01,0.0,0.0,0.0,0.0,0.0,0.0,0.0,0.5727,9.9015,0.6309,2.6721876,17.652499199999998
2013-05-02,0.0,0.0,0.0,0.0,0.0,0.0,0.0,0.5804,9.9035,0.6369,2.6728123999999998,17.652499199999998
2013-05-03,0.0,0.0,0.0,0.0,0.0,0.0,0.0,0.587,9.8925,0.7238249999999999,2.6571876,15.4415632
2013-05-06,0.0,0.0,0.0,0.0,0.0,0.0,0.0,0.5895,9.8895,0.726075,2.6534376,15.4415632
2013-05-07,0.0,0.0,0.0,0.0,0.0,0.0,0.0,0.5893,9.889,0.729225,2.6525,15.439375
2013-05-08,0.0,0.0,0.0,0.0,0.0,0.0,0.0,0.59235,9.891,0.7329375,2.655625,15.439375
2013-05-09,0.0,0.0,0.0,0.0,0.0,0.0,0.0,0.5916,9.8895,0.81225,2.654375,13.23375
2013-05-10,0.0,0.0,0.0,0.0,0.0,0.0,0.0,0.5951,9.88,0.8147500000000001,2.6415623999999998,13.230937200000001
2013-05-13,0.0,0.0,0.0,0.0,0.0,0.0,0.0,0.5962,9.879000000000001,0.815375,2.639375,13.23
2013-05-14,0.0,0.0,0.0,0.0,0.0,0.0,0.0,0.59905,9.8765,0.8240000000000001,2.634375,13.23
2013-05-15,0.0,0.0,0.0,0.0,0.0,0.0,0.0,0.6002,9.878,0.8271249999999999,2.636875,13.230937200000001
2013-05-16,0.0,0.0,0.0,0.0,0.0,0.0,0.0,1.1993,9.8865,0.6592,2.649375,11.028125
2013-05-17,0.0,0.0,0.0,0.0,0.0,0.0,0.0,1.2091,9.8795,0.6652,2.6371876000000003,11.024218999999999
2013-05-20,0.0,0.0,0.0,0.0,0.0,0.0,0.0,1.2084,9.878,0.6658,2.63625,11.025
2013-05-21,0.0,0.0,0.0,0.0,0.0,0.0,0.0,1.2086,9.8795,0.6662,2.638125,11.025781000000002
2013-05-22,0.0,0.0,0.0,0.0,0.0,0.0,0.0,1.2004,9.87,0.6622,2.6246876,11.023438
2013-05-23,0.0,0.0,0.0,0.0,0.0,0.0,0.0,1.1969,9.87,0.66,2.6253124,11.024218999999999
2013-05-24,0.0,0.0,0.0,0.0,0.0,0.0,0.0,1.1969,9.8685,0.6602,2.626875,11.023438
2013-05-27,0.0,0.0,0.0,0.0,0.0,0.0,0.0,1.1969,9.8685,0.6602,2.626875,11.023438
2013-05-28,0.0,0.0,0.0,0.0,0.0,0.0,0.0,1.2014,9.849,0.6618,2.6078124,11.017188
2013-05-29,0.0,0.0,0.0,0.0,0.0,0.0,0.0,1.1982,9.849,0.6588,2.5896876000000004,11.017188
2013-05-30,0.0,0.0,0.0,0.0,0.0,0.0,0.0,1.204,9.8505,0.6614,2.5896876000000004,11.008593999999999
2013-05-31,0.0,0.0,0.0,0.0,0.0,0.0,0.0,0.59605,7.381874999999999,0.8145,2.584375,11.007031000000001
2013-06-03,0.0,0.0,0.0,0.0,0.0,0.0,0.0,1.1942,7.384124249999999,0.6545,2.5878124,11.009374999999999
2013-06-04,0.0,0.0,0.0,0.0,0.0,0.0,0.0,0.59495,7.383374999999999,0.8156249999999999,2.58625,11.009374999999999
2013-06-05,0.0,0.0,0.0,0.0,0.0,0.0,0.0,0.5877,7.386000000000001,0.804,2.5909376,11.010156000000002
2013-06-06,0.0,0.0,0.0,0.0,0.0,0.0,0.0,0.5899,7.387875,0.811375,2.595625,11.011719
2013-06-07,0.0,0.0,0.0,0.0,0.0,0.0,0.0,1.1922,7.378499999999999,0.6554,2.5815623999999997,11.009374999999999
2013-06-10,0.0,0.0,0.0,0.0,0.0,0.0,0.0,1.1948,7.3713750000000005,0.6568,2.5746876000000003,11.005468999999998
2013-06-11,0.0,0.0,0.0,0.0,0.0,0.0,0.0,1.1854,7.374375,0.6508,2.576875,11.003906
2013-06-12,0.0,0.0,0.0,0.0,0.0,0.0,0.0,0.58295,7.3728750000000005,0.6416,2.5725,11.003125
2013-06-13,0.0,0.0,0.0,0.0,0.0,0.0,0.0,0.5914,7.378125000000001,0.6524,2.5803123999999995,11.00625
2013-06-14,0.0,0.0,0.0,0.0,0.0,0.0,0.0,0.5874,7.385625,0.6474,2.5921876000000004,11.016406
2013-06-17,0.0,0.0,0.0,0.0,0.0,0.0,0.0,0.59295,7.384124249999999,0.6535,2.58625,11.017968999999999
2013-06-18,0.0,0.0,0.0,0.0,0.0,0.0,0.0,1.1954,7.382625000000001,0.5758375,2.5846876000000005,8.814375199999999
2013-06-19,0.0,0.0,0.0,0.0,0.0,0.0,0.0,0.59125,7.342874999999999,0.6495,1.2790625,8.806875199999999
2013-06-20,0.0,0.0,0.0,0.0,0.0,0.0,0.0,0.576,7.331999250000001,0.396,1.2709375,8.8018752
2013-06-21,0.0,0.0,0.0,0.0,0.0,0.0,0.0,0.573,7.32375,0.3168,1.2626562,6.5957814
2013-06-24,0.0,0.0,0.0,0.0,0.0,0.0,0.0,0.5688,7.319624999999999,0.23493749999999997,1.2595311999999999,6.592031399999999
2013-06-25,0.0,0.0,0.0,0.0,0.0,0.0,0.0,0.57165,7.31775,0.15815,1.2570312,6.5915628
2013-06-26,0.0,0.0,0.0,0.0,0.0,0.0,0.0,0.5766,4.882,0.079775,1.2615625,6.5962499999999995
2013-06-27,0.0,0.0,0.0,0.0,0.0,0.0,0.0,0.5799,4.8865,0.080325,1.2664062,6.600937200000001
2013-06-28,0.0,0.0,0.0,0.0,0.0,0.0,0.0,0.58025,4.886,0.0799625,1.265625,6.6000000000000005
2013-07-01,0.0,0.0,0.0,0.0,0.0,0.0,0.0,0.5834,4.8852495,0.0803375,1.2653125,6.6000000000000005
2013-07-02,0.0,0.0,0.0,0.0,0.0,0.0,0.0,0.58465,4.887,0.160725,1.2660938,6.600468600000001
2013-07-03,0.0,0.0,0.0,0.0,0.0,0.0,0.0,0.5873,4.88425,0.3218,1.2635938,6.598125
2013-07-04,0.0,0.0,0.0,0.0,0.0,0.0,0.0,0.5873,4.88425,0.3218,1.2635938,6.598125
2013-07-05,-0.245625,0.0,0.0,0.0,0.0,0.0,0.0,0.5913,4.86975,0.488175,1.2465625,6.594375
2013-07-08,-0.25025,0.0,0.0,0.0,0.0,0.0,0.0,0.59175,4.877750000000001,0.49065000000000003,1.2528125,6.598125
2013-07-09,-0.260875,0.0,0.0,0.0,0.0,0.0,0.0,0.59485,4.88,0.49365000000000003,1.255,6.598125
2013-07-10,-0.26075,0.0,0.0,0.0,0.0,0.0,0.0,1.1985,4.879249999999999,0.41212499999999996,1.2528125,6.598593600000001
2013-07-11,-0.2635,0.0,0.0,0.0,0.0,0.0,0.0,1.222,4.88825,0.41750000000000004,1.263125,6.603281399999999
2013-07-12,-0.254625,0.0,0.0,0.0,0.0,0.0,0.0,1.2248,4.88575,0.4175625,1.2609375,6.6014064
2013-07-15,-0.25175,0.0,0.0,0.0,0.0,0.0,0.0,1.2292,4.88825,0.50325,1.265,6.60375
2013-07-16,-0.255375,0.0,0.0,0.0,0.0,0.0,0.0,1.2283,4.88975,0.5849375,1.2659375,6.6051563999999985
2013-07-17,-0.251,0.0,0.0,0.0,0.0,0.0,0.0,1.2317,4.89525,0.6702,1.2701562,6.6075
2013-07-18,-0.250375,0.0,0.0,0.0,0.0,0.0,0.0,1.219,4.8945,0.6722,1.2675,6.606562800000001
2013-07-19,-0.250375,0.0,0.0,0.0,0.0,0.0,0.0,1.2163,4.89625,0.6758,1.2709375,6.607968600000001
2013-07-22,-0.249,0.0,0.0,0.0,0.0,0.0,0.0,1.219,4.89625,0.6761,2.5421876,6.6075
2013-07-23,-0.24275,0.0,0.0,0.0,0.0,0.0,0.0,1.2104,4.8955,0.6753,2.5390623999999997,6.6070314
2013-07-24,-0.240125,0.0,0.0,0.0,0.0,0.0,0.0,1.2192,4.890749499999999,0.6735,2.5284376,6.604687199999999
2013-07-25,-0.239375,0.0,0.0,0.0,0.0,0.0,0.0,1.22,4.88825,0.6736,2.5259376000000002,6.605625
2013-07-26,-0.238,0.0,0.0,0.0,0.0,0.0,0.0,1.2282,4.89275,0.6746,2.53375,6.609375
2013-07-29,-0.236625,0.0,0.0,0.0,0.0,0.0,0.0,1.2262,4.891499499999999,0.673,2.530625,6.6089063999999995
2013-07-30,-0.23875,0.0,0.0,0.0,0.0,0.0,0.0,1.2342,4.890749499999999,0.6739,2.5284376,6.6084372
2013-07-31,-0.2395,0.0,0.0,0.0,0.0,0.0,0.0,1.2332,4.89,0.756225,2.52875,8.8125
2013-08-01,-0.2335,0.0,0.0,0.0,0.0,0.0,0.0,1.2451,4.8825,0.7651125000000001,2.5075,8.808750400000001
2013-08-02,-0.231875,0.0,0.0,0.0,0.0,0.0,0.0,1.2544,4.89275,0.7667999999999999,2.5315624,8.8137504
2013-08-05,-0.23025,0.0,0.0,0.0,0.0,0.0,0.0,1.2544,4.890999999999999,0.7661250000000001,2.526875,8.8125
2013-08-06,-0.229625,0.0,0.0,0.0,0.0,0.0,0.0,1.2472,4.8905,0.7623,2.5271876,8.8131248
2013-08-07,-0.229125,0.0,0.0,0.0,0.0,0.0,0.0,1.2464,4.89225,0.7597125,2.5328124,8.8137504
2013-08-08,-0.229875,0.0,0.0,0.0,0.0,0.0,0.0,1.2508,4.89375,0.7621875,2.53625,8.814375199999999
2013-08-09,-0.226625,0.0,0.0,0.0,0.0,0.0,0.0,1.2453,4.894,0.7588125,2.53625,8.8137504
2013-08-12,-0.232,0.0,0.0,0.0,0.0,0.0,0.0,1.2496,4.893,0.8434999999999999,2.5325,8.8137504
2013-08-13,-0.223625,1.0378,0.0,0.0,0.0,0.0,0.0,1.2548,4.885,0.4226875,2.5140624,6.6070314
2013-08-14,-0.227625,1.0397,0.0,0.0,0.0,0.0,0.0,1.2493,4.885,0.4205,2.515625,6.6075
2013-08-15,-0.236125,1.0464,0.0,0.0,0.0,0.0,0.0,0.6142,4.8805,0.49672499999999997,2.51,6.605625
2013-08-16,-0.23175,1.0517,0.0,0.0,0.0,0.0,0.0,0.61395,4.876,0.49529999999999996,2.4996876,6.6042186
2013-08-19,-0.24275,1.0473,0.0,0.0,0.0,0.0,0.0,0.6141,4.87325,0.49350000000000005,2.4921876000000003,6.60375
2013-08-20,-0.23775,1.0359,0.0,0.0,0.0,0.0,0.0,0.6162,4.8782495,0.49515,2.5034376000000003,6.605625
2013-08-21,-0.241625,1.0242,0.0,0.0,0.0,0.0,0.0,0.6125,4.87375,0.3273,2.494375,6.603281399999999
2013-08-22,-0.23225,1.0326,0.0,0.0,0.0,0.0,0.0,0.62035,4.86775,0.33095,2.4853123999999998,6.599531399999998
2013-08-23,-0.235,1.0453,0.0,0.0,0.0,0.0,0.0,0.62425,4.871,0.3323,2.4971876,6.600468600000001
2013-08-26,0.0,1.0416,0.0,0.0,0.0,0.0,0.0,0.6242,4.87375,0.41356249999999994,2.5009376,8.8025
2013-08-27,0.0,1.069,0.0,0.0,0.0,0.0,0.0,0.6119,4.8785,0.162825,2.5146876000000002,8.805
2013-08-28,0.0,1.0784,0.0,0.0,0.0,0.0,0.0,0.61365,4.8745,0.163225,2.481875,8.8025
2013-08-29,0.0,1.066,0.0,0.0,0.0,0.0,0.0,0.6179,4.876,0.163675,2.4875,8.786875199999999
2013-08-30,0.0,1.0571,0.0,0.0,0.0,0.0,0.0,0.6147,4.87575,0.163125,2.485625,8.79
2013-09-02,0.0,1.0571,0.0,0.0,0.0,0.0,0.0,0.6147,4.87575,0.163125,2.485625,8.79
2013-09-03,0.0,1.0642,0.0,0.0,0.0,0.0,0.0,0.6173,4.8715,0.1639,2.47125,8.783124800000001
2013-09-04,0.0,0.0,0.0,0.0,0.0,0.0,0.0,0.62565,4.868,0.49605,2.461875,10.967969
2013-09-05,0.0,0.0,0.0,0.0,0.0,0.0,0.0,0.6256,4.86175,0.4959,2.448125,10.955468999999997
2013-09-06,0.0,0.0,0.0,0.0,0.0,0.0,0.0,1.2518,4.866,0.413375,2.45875,6.580781399999999
2013-09-09,0.0,0.0,0.0,0.0,0.0,0.0,0.0,1.266,4.872249999999999,0.41725,2.4671876,6.5835936
2013-09-10,0.0,0.0,0.0,0.0,0.0,0.0,0.0,1.2731,4.86875,0.420625,2.45875,6.579843600000001
2013-09-11,0.0,0.0,0.0,0.0,0.0,0.0,0.0,1.2714,4.8725,0.4221875,2.4678124,6.5835936
2013-09-12,0.0,0.0,0.0,0.0,0.0,0.0,0.0,1.2678,4.87175,0.503475,2.4684376,6.5845313999999995
2013-09-13,0.0,0.0,0.0,0.0,0.0,0.0,0.0,1.2686,4.870750000000001,0.5887,2.4709376,6.584999999999999
2013-09-16,0.0,0.0,0.0,0.0,0.0,0.0,0.0,1.2644,4.87675,0.5919375,2.479375,6.591093600000001
2013-09-17,0.0,0.0,0.0,0.0,0.0,0.0,0.0,1.2736,4.8775,0.6793,2.4828124,6.594375
2013-09-18,0.0,0.0,0.0,0.0,0.0,0.0,0.0,1.2887,4.891749999999999,0.6871,2.5115624,6.602812800000001
2013-09-19,0.0,0.0,0.0,0.0,0.0,0.0,0.0,1.2929,4.8765,0.687,2.5040624,6.602343600000001
2013-09-20,0.0,0.0,0.0,0.0,0.0,0.0,0.0,1.2866,4.877000000000001,0.681,2.5059376,6.601875
2013-09-23,0.0,0.0,0.0,0.0,0.0,0.0,0.0,1.2836,4.8785,0.6771,2.5090624,6.602343600000001
2013-09-24,-0.224375,0.0,0.0,0.0,0.0,0.0,0.0,1.2853,4.88275,0.5923750000000001,2.51875,6.602812800000001
2013-09-25,-0.227375,0.0,0.0,0.0,0.0,0.0,0.0,1.28,4.88575,0.5900125,2.525625,6.604687199999999
2013-09-26,-0.228375,0.0,0.0,0.0,0.0,0.0,0.0,1.2904,4.884,0.5923750000000001,2.521875,6.604687199999999
2013-09-27,-0.227,0.0,0.0,0.0,0.0,0.0,0.0,1.2892,4.88675,0.590275,2.526875,6.606093600000001
2013-09-30,-0.22075,0.0,0.0,0.0,0.0,0.0,0.0,1.2836,4.887,0.5859875,2.5278123999999997,6.607968600000001
2013-10-01,-0.2195,0.0,0.0,0.0,0.0,0.0,0.0,1.2982,4.88425,0.591325,2.5209375,6.606093600000001
2013-10-02,-0.2195,0.0,0.0,0.0,0.0,0.0,0.0,1.295,4.88725,0.5890500000000001,2.52875,6.607968600000001
2013-10-03,-0.219625,0.0,0.0,0.0,0.0,0.0,0.0,1.2809,4.889500000000001,0.5009250000000001,2.5325,8.8118752
2013-10-04,-0.221625,0.0,0.0,0.0,0.0,0.0,0.0,1.2938,4.8865,0.505425,2.5234375,8.81
2013-10-07,-0.224625,0.0,0.0,0.0,0.0,0.0,0.0,0.641,4.88675,0.5837125000000001,2.526875,8.806875199999999
2013-10-08,-0.220875,0.0,0.0,0.0,0.0,0.0,0.0,0.63015,4.88725,0.577675,2.525,8.8012496
2013-10-09,-0.222125,0.0,0.0,0.0,0.0,0.0,0.0,0.6265,4.88775,0.494625,2.5228125,8.8062496
2013-10-10,-0.219625,0.0,0.0,0.0,0.0,0.0,0.0,0.6387,4.887,0.5055000000000001,2.520625,8.806875199999999
2013-10-11,-0.2165,0.0,0.0,0.0,0.0,0.0,0.0,0.6451,4.88925,0.5097,2.5215625,8.808750400000001
2013-10-14,-0.218625,0.0,0.0,0.0,0.0,0.0,0.0,0.65025,4.88825,0.5966625,2.5153125,11.00625
2013-10-15,-0.221875,0.0,0.0,0.0,0.0,0.0,0.0,1.2971,4.88775,0.42306249999999995,2.5159375,11.0078125
2013-10-16,-0.221,0.0,0.0,0.0,0.0,0.0,0.0,1.3064,4.89,0.4284375,2.5259375,11.012500000000001
2013-10-17,-0.221625,0.0,0.0,0.0,0.0,0.0,0.0,1.3218,4.8955,0.432125,2.5378125,11.015625
2013-10-18,-0.241375,0.0,0.0,0.0,0.0,0.0,0.0,1.3373,4.89375,0.434125,2.53875,11.01484375
2013-10-21,-0.243125,0.0,0.0,0.0,0.0,0.0,0.0,1.3423,4.89225,0.5214000000000001,2.535625,11.01484375
2013-10-22,-0.24025,0.0,0.0,0.0,0.0,0.0,0.0,1.3434,4.89825,0.52485,2.5496875,11.01796875
2013-10-23,-0.24275,0.0,0.0,0.0,0.0,0.0,0.0,1.3367,4.90025,0.522525,2.550625,11.0140625
2013-10-24,-0.24175,0.0,0.0,0.0,0.0,0.0,0.0,1.3488,4.89825,0.5245500000000001,2.5478125,11.015625
2013-10-25,-0.241375,0.0,0.0,0.0,0.0,0.0,0.0,1.3502,4.9004995000000005,0.5262,2.5509375,11.01640625
2013-10-28,-0.237125,0.0,0.0,0.0,0.0,0.0,0.0,1.3543,4.90125,0.6153875,2.55,11.0171875
2013-10-29,-0.237875,0.0,0.0,0.0,0.0,0.0,0.0,1.3541,4.90225,0.618625,2.55375,11.018749999999999
2013-10-30,-0.235875,0.0,0.0,0.0,0.0,0.0,0.0,1.357,4.90025,0.6162625,2.548125,11.01953125
2013-10-31,-0.234875,0.0,0.0,0.0,0.0,0.0,0.0,1.3504,4.90025,0.61425,2.544375,11.0203125
2013-11-01,-0.233,0.0,0.0,0.0,0.0,0.0,0.0,1.3474,4.8955,0.7018,2.535,11.01953125
2013-11-04,-0.23325,0.0,0.0,0.0,0.0,0.0,0.0,1.3511,4.89725,0.7051,2.53875,11.021875000000001
2013-11-05,-0.23325,0.0,0.0,0.0,0.0,0.0,0.0,1.352,4.896,0.7027,2.5303125,11.02265625
2013-11-06,-0.2305,0.0,0.0,0.0,0.0,0.0,0.0,1.3505,4.901,0.7063,2.538125,11.024218750000001
2013-11-07,-0.230875,0.0,0.0,0.0,0.0,0.0,0.0,1.328,4.904249999999999,0.6982,2.54375,11.02578125
2013-11-08,-0.233875,0.0,0.0,0.0,0.0,0.0,0.0,1.3445,4.89675,0.7066,2.5221875,11.0203125
2013-11-11,-0.238,0.0,0.0,0.0,0.0,0.0,0.0,1.3419,4.89625,0.707,2.5203125,11.01953125
2013-11-12,-0.236125,0.0,0.0,0.0,0.0,0.0,0.0,1.346,4.8945,0.706,2.516875,11.0171875
2013-11-13,-0.23475,0.0,0.0,0.0,0.0,0.0,0.0,1.3611,4.89925,0.7114,2.533125,11.02265625
2013-11-14,-0.23275,0.0,0.0,0.0,0.0,0.0,0.0,1.3642,4.904249999999999,0.715,2.538125,11.02578125
2013-11-15,-0.229875,0.0,0.0,0.0,0.0,0.0,0.0,1.3669,4.904249999999999,0.7173,2.5359375,11.025
2013-11-18,-0.22575,0.0,0.0,0.0,0.0,0.0,0.0,1.3536,4.90725,0.7155,2.541875,11.026562499999999
2013-11-19,-0.22775,0.0,0.0,0.0,0.0,0.0,0.0,1.35,4.905,0.7141,2.5353125,11.025
2013-11-20,-0.226625,0.0,0.0,0.0,0.0,0.0,0.0,1.3468,4.9075,0.7119,2.5259375,11.02734375
2013-11-21,-0.228625,0.0,0.0,0.0,0.0,0.0,0.0,1.3606,4.9067495,0.7175,2.5278125,11.026562499999999
2013-11-22,-0.228875,0.0,0.0,0.0,0.0,0.0,0.0,1.3684,4.90575,0.7205,2.5315625,11.026562499999999
2013-11-25,-0.2295,0.0,0.0,0.0,0.0,0.0,0.0,1.3716,4.906,0.7209,2.5334375,11.02578125
2013-11-26,-0.227,0.0,0.0,0.0,0.0,0.0,0.0,1.3787,4.90775,0.8109,2.54125,11.02734375
2013-11-27,-0.228,0.0,0.0,0.0,0.0,0.0,0.0,1.3876,4.905,0.8119125,2.5096875,11.028906249999999
2013-11-28,-0.228,0.0,0.0,0.0,0.0,0.0,0.0,1.3931375,4.905,0.9044375,2.50796875,11.014453125000001
2013-11-29,-0.227125,0.0,0.0,0.0,0.0,0.0,0.0,1.395,4.903999499999999,0.902,2.5075,11.01484375
2013-12-02,-0.45425,0.0,0.0,0.0,0.0,0.0,0.0,1.3934,4.89975,0.900125,2.4971875,11.01171875
2013-12-03,-0.46,0.0,0.0,0.0,0.0,0.0,0.0,1.3901,4.902000000000001,0.89575,2.501875,11.012500000000001
2013-12-04,-0.46425,0.0,0.0,0.0,0.0,0.0,0.0,1.3931,4.89825,0.896,2.4921875,11.010156250000001
2013-12-05,-0.4625,0.0,0.0,0.0,0.0,0.0,0.0,1.3913,4.8969995,0.8921250000000001,2.4871875,11.0078125
2013-12-06,-0.46375,0.0,0.0,0.0,0.0,0.0,0.0,1.4022,4.894,0.9023749999999999,2.484375,11.007031249999999
2013-12-09,-0.46725,0.0,0.0,0.0,0.0,0.0,0.0,1.4077,4.8955,0.9045000000000001,2.486875,11.007031249999999
2013-12-10,-0.465,0.0,0.0,0.0,0.0,0.0,0.0,1.4063,4.89825,0.9016250000000001,2.4975,11.00859375
2013-12-11,-0.46725,0.0,0.0,0.0,0.0,0.0,0.0,1.3883,4.895,0.890375,2.4903125,11.00625
2013-12-12,-0.4615,0.0,0.0,0.0,0.0,0.0,0.0,1.3818,4.891749999999999,0.7959375,2.485,11.00078125
2013-12-13,-0.4525,0.0,0.0,0.0,0.0,0.0,0.0,1.3816,4.89275,0.79605,2.4853125,11.00078125
2013-12-16,-0.45025,0.0,0.0,0.0,0.0,0.0,0.0,1.3878,4.89375,0.8011124999999999,2.4846875,11.0
2013-12-17,-0.45425,0.0,0.0,0.0,0.0,0.0,0.0,1.3842,4.89725,0.7978500000000001,2.4909375,11.003125
2013-12-18,-0.45375,0.0,0.0,0.0,0.0,0.0,0.0,1.4033,4.8975,0.812025,2.4859375,11.007031249999999
2013-12-19,-0.45775,0.0,0.0,0.0,0.0,0.0,0.0,1.3973,4.876,0.8109,2.473125,10.99765625
2013-12-20,-0.46075,0.0,0.0,0.0,0.0,0.0,0.0,1.4123,4.872999999999999,0.8164125,2.4746875,10.9953125
2013-12-23,-0.461,0.0,0.0,0.0,0.0,0.0,0.0,1.4264,4.87025,0.820575,2.46875,10.992968750000001
2013-12-24,-0.46125,0.0,0.0,0.0,0.0,0.0,0.0,1.4279,4.86675,0.8230500000000001,2.4609375,10.9890625
2013-12-25,-0.46125,0.0,0.0,0.0,0.0,0.0,0.0,1.4279,4.86675,0.8230500000000001,2.4609375,10.9890625
2013-12-26,-0.4545,0.0,0.0,0.0,0.0,0.0,0.0,1.4328,4.867,0.8265375,2.4596875,10.9859375
2013-12-27,-0.45525,0.0,0.0,0.0,0.0,0.0,0.0,1.4278,4.867,0.8264250000000001,2.4596875,10.9890625
2013-12-30,-0.451,0.0,0.0,0.0,0.0,0.0,0.0,1.4267,4.86975,0.82575,2.464375,10.990625000000001
2013-12-31,-0.45025,0.0,0.0,0.0,0.0,0.0,0.0,1.4376,4.868,0.8308125000000001,2.4609375,10.990625000000001
2014-01-01,-0.45025,0.0,0.0,0.0,0.0,0.0,0.0,1.4376,4.868,0.8308125000000001,2.4609375,10.990625000000001
2014-01-02,-0.44825,0.0,0.0,0.0,0.0,0.0,0.0,1.4237,4.86975,0.8218125000000001,2.464375,10.990625000000001
2014-01-03,-0.452,0.0,0.0,0.0,0.0,0.0,0.0,1.4125,4.869,0.8213625,2.4634375,10.987499999999999
2014-01-06,-0.45525,0.0,0.0,0.0,0.0,0.0,0.0,1.407,4.87175,0.819225,2.469375,10.989843749999999
2014-01-07,-0.45325,0.0,0.0,0.0,0.0,0.0,0.0,1.4195,4.8735,0.8237249999999999,2.47375,10.990625000000001
2014-01-08,-0.446,0.0,0.0,0.0,0.0,0.0,0.0,1.4258,4.86625,0.8245125,2.4621875,10.982812500000001
2014-01-09,-0.44125,0.0,0.0,0.0,0.0,0.0,0.0,1.4192,4.8657495,0.82485,2.4665625,10.982812500000001
2014-01-10,-0.45825,0.0,0.0,0.0,0.0,0.0,0.0,1.4246,4.87425,0.826875,2.4859375,10.9953125
2014-01-13,-0.4585,0.0,0.0,0.0,0.0,0.0,0.0,1.4037,4.878,0.726,2.4915625,8.799375
2014-01-14,-0.456,0.0,0.0,0.0,0.0,0.0,0.0,1.4296,4.874,0.7332,2.4834375,8.794375
2014-01-15,-0.45125,0.0,0.0,0.0,0.0,0.0,0.0,1.439,4.8715,0.7366,2.479375,8.7925
2014-01-16,-0.45225,0.0,0.0,0.0,0.0,0.0,0.0,1.4381,4.874,0.7345,2.4853125,8.793125
2014-01-17,-0.449,0.0,0.0,0.0,0.0,0.0,0.0,1.4344,4.8745,0.7337,2.4884375,8.794375
2014-01-20,-0.449,0.0,0.0,0.0,0.0,0.0,0.0,1.4344,4.8745,0.7337,2.4884375,8.794375
2014-01-21,-0.447,0.0,0.0,0.0,0.0,0.0,0.0,1.4438,4.8735,0.7354,2.4875,8.795
2014-01-22,-0.4475,0.0,0.0,0.0,0.0,0.0,0.0,1.4484,4.87025,0.7356,2.479375,8.790625
2014-01-23,-0.44925,0.0,0.0,0.0,0.0,0.0,0.0,1.4455,4.8775,0.7295,2.495625,8.7975
2014-01-24,-0.4495,0.0,0.0,0.0,0.0,0.0,0.0,0.7063,4.8789995,0.623525,2.50125,8.8
2014-01-27,-0.4525,0.0,0.0,0.0,0.0,0.0,0.0,0.7009,4.87675,0.621425,2.49625,8.799375
2014-01-28,-0.45075,0.0,0.0,0.0,0.0,0.0,0.0,0.7002,4.87875,0.5364,2.5015625,8.80125
2014-01-29,-0.44675,0.0,0.0,0.0,0.0,0.0,0.0,0.6947,4.8825,0.442875,2.5125,11.007031249999999
2014-01-30,-0.45025,0.0,0.0,0.0,0.0,0.0,0.0,0.7002,4.8817495,0.3562,2.5090625,11.0078125
2014-01-31,-0.45,0.0,0.0,0.0,0.0,0.0,0.0,0.70335,4.88275,0.35555,2.515,11.010156250000001
2014-02-03,-0.453,0.0,0.0,0.0,0.0,0.0,0.0,0.68625,4.8885,0.1733,2.5284375,11.015625
2014-02-04,-0.45925,0.0,0.0,0.0,0.0,0.0,0.0,0.69065,4.887,0.0872,2.5228125,11.0140625
2014-02-05,-0.457,0.0,0.0,0.0,0.0,0.0,0.0,0.68935,4.88575,0.0872125,2.5175,11.012500000000001
2014-02-06,-0.229125,0.0,0.0,0.0,0.0,0.0,0.0,0.69775,4.884,0.08835,2.5121875,11.0109375
2014-02-07,-0.23,0.0,0.0,0.0,0.0,0.0,0.0,0.7118,4.8879995,0.179325,2.519375,11.01484375
2014-02-10,-0.229125,0.0,0.0,0.0,0.0,0.0,0.0,0.7155,4.88825,0.179475,2.51875,11.0140625
2014-02-11,-0.227875,0.0,0.0,0.0,0.0,0.0,0.0,0.72265,4.8847499999999995,0.272025,2.5115625,11.010156250000001
2014-02-12,-0.228875,0.0,0.0,0.0,0.0,0.0,0.0,0.725,4.88075,0.36345,2.505,11.007031249999999
2014-02-13,-0.228125,0.0,0.0,0.0,0.0,0.0,0.0,0.73025,4.885,0.45606250000000004,2.515,11.012500000000001
2014-02-14,-0.229875,0.0,0.0,0.0,0.0,0.0,0.0,0.7321,4.884,0.5505,2.5128125,11.012500000000001
2014-02-17,-0.229875,0.0,0.0,0.0,0.0,0.0,0.0,0.7321,4.884,0.5505,2.5128125,11.012500000000001
2014-02-18,-0.231875,0.0,0.0,0.0,0.0,0.0,0.0,0.7351,4.8875,0.643125,2.5190625,11.015625
2014-02-19,-0.234125,0.0,0.0,0.0,1.043375,0.0,0.0,0.7309,4.88575,0.5475749999999999,2.5146875,11.012500000000001
2014-02-20,-0.234375,0.0,0.0,0.0,1.0410625,0.0,0.0,0.7344,4.88425,0.5508000000000001,2.51,11.01171875
2014-02-21,-0.232125,0.0,0.0,0.0,1.0401875,0.0,0.0,0.73295,4.8854999999999995,0.6419,2.5121875,11.01328125
2014-02-24,-0.2325,0.0,0.0,0.0,1.041375,0.0,0.0,0.7377,4.8847499999999995,0.6460999999999999,2.509375,11.01171875
2014-02-25,-0.233875,0.0,0.0,0.0,1.0421875,0.0,0.0,0.73765,4.8875,0.7385,2.5165625,11.01328125
2014-02-26,-0.23325,0.0,0.0,0.0,1.0413125,0.0,0.0,0.7348,4.889,0.7367,2.4903125,11.01640625
2014-02-27,-0.2305,0.0,0.0,0.0,1.0426875,0.0,0.0,0.7404,4.890749499999999,0.7416,2.495,10.9953125
2014-02-28,-0.23575,0.0,0.0,0.0,1.0473125,0.0,0.0,0.73975,4.8879995,0.837225,2.490625,13.192499999999999
2014-03-03,-0.23825,0.0,0.0,0.0,1.041125,0.0,0.0,0.73375,4.890749499999999,0.8294625,2.4996875,13.197187500000002
2014-03-04,-0.24325,0.0,0.0,0.0,1.042,0.0,0.0,0.74345,4.88675,0.8422875000000001,2.4865625,13.190624999999999
2014-03-05,0.0,0.0,0.0,0.0,1.0445625,0.0,0.0,0.7456,4.887,0.8425125,2.4865625,13.190624999999999
2014-03-06,0.0,0.0,0.0,0.0,1.046125,0.0,0.0,0.7444,4.88425,0.8444250000000001,2.4803125,13.185937500000001
2014-03-07,0.0,0.0,0.0,0.0,1.04553125,0.0,0.0,0.7397125,4.8795,0.844171875,2.47140625,13.178906249999999
2014-03-10,0.0,0.0,0.0,0.0,1.04,0.0,0.0,0.74155,4.88075,0.84465,2.473125,13.179375
2014-03-11,0.0,0.0,0.0,0.0,1.0385625,0.0,0.0,0.7379,4.882,0.840375,2.4753125,13.1784375
2014-03-12,0.0,0.0,0.0,0.0,1.038625,0.0,0.0,1.4807,4.88375,0.65135,2.4825,13.1803125
2014-03-13,0.0,0.0,0.0,0.0,1.039,0.0,0.0,0.7295,4.88875,0.7362,2.49375,13.18875
2014-03-14,0.0,0.0,0.0,0.0,1.0386875,0.0,0.0,0.7243,4.8885,0.7331,2.493125,13.1878125
2014-03-17,0.0,0.0,0.0,0.0,1.0390625,0.0,0.0,0.7305,4.886,0.7403,2.48625,13.182187500000001
2014-03-18,0.0,0.0,0.0,0.0,1.0346953125,0.0,0.0,0.7305,4.88725,0.7455,2.488671875,13.184765624999999
2014-03-19,0.0,0.0,0.0,0.0,1.0325625,0.0,0.0,0.7349,4.86375,0.8335125,2.46875,10.971875
2014-03-20,0.0,0.0,0.0,0.0,1.031,0.0,0.0,0.7384,4.86225,0.8398125000000001,2.4678125,10.971875
2014-03-21,0.0,0.0,0.0,0.0,1.03025,0.0,0.0,0.7278,4.8625,0.83565,2.47,10.970312499999999
2014-03-24,0.0,0.0,0.0,0.0,1.03025,0.0,0.0,0.7278,4.86075,0.83565,2.47,10.970312499999999
2014-03-25,0.0,0.0,0.0,0.0,1.0323125,0.0,0.0,0.72495,4.862,0.8366625000000001,2.4675,10.96953125
2014-03-26,0.0,0.0,0.0,0.0,1.0360625,0.0,0.0,0.7142,4.864,0.7369,2.4759375,8.779375
2014-03-27,0.0,0.0,0.0,0.0,1.0374375,0.0,0.0,0.71095,4.86425,0.644,2.476875,8.779375
2014-03-28,0.0,0.0,0.0,0.0,1.039625,0.0,0.0,0.71185,4.86225,0.6467999999999999,2.47,8.7775
2014-03-31,0.0,0.0,0.0,0.0,1.0414375,0.0,0.0,0.71705,4.8615,0.6524875,2.4703125,8.781875
2014-04-01,0.0,0.0,0.0,0.0,1.03875,0.0,0.0,0.7278,4.86125,0.656075,2.4675,8.78125
2014-04-02,0.0,0.0,0.0,0.0,1.0385,0.0,0.0,0.7291,4.85775,0.7519,2.4584375,6.583125
2014-04-03,0.0,0.0,0.0,0.0,1.0360625,0.0,0.0,0.72285,4.85775,0.7508,2.46,6.5835937499999995
2014-04-04,0.0,0.0,0.0,0.0,1.0360625,0.0,0.0,0.72285,4.8629995,0.7508,2.46,6.5835937499999995
2014-04-07,0.0,0.0,0.0,0.0,1.0375625,0.0,0.0,0.7006,4.86475,0.6446125,2.478125,6.5915625
2014-04-08,0.0,0.0,0.0,0.0,1.037875,0.0,0.0,0.7006,4.8657495,0.6446125,2.478125,6.5915625
2014-04-09,0.0,0.0,0.0,0.0,1.037875,0.0,0.0,0.7006,4.86825,0.6446125,2.478125,6.5915625
2014-04-10,0.0,0.0,0.0,0.0,1.0483125,0.0,0.0,0.69615,4.8735,0.36545,2.49375,6.598593750000001
2014-04-11,0.0,0.0,0.0,0.0,1.0458125,0.0,0.0,0.0,4.8745,0.543525,2.4965625,8.79875
2014-04-14,0.0,0.0,0.0,0.0,1.044875,0.0,0.0,0.0,4.8725,0.54435,2.4921875,8.796875
2014-04-15,0.0,0.0,0.0,0.0,1.0445625,0.0,0.0,0.0,4.870750000000001,0.5493750000000001,2.49125,8.795
2014-04-16,0.0,0.0,0.0,0.0,1.0493125,0.0,0.0,0.0,4.86725,0.555225,2.486875,8.794375
2014-04-17,0.0,0.0,0.0,0.0,1.0493125,0.0,0.0,0.70705,4.86275,0.46537500000000004,2.473125,8.78875
2014-04-18,0.0,0.0,0.0,0.0,1.0493125,0.0,0.0,0.70705,4.86275,0.46537500000000004,2.473125,8.78875
2014-04-21,0.0,0.0,0.0,0.0,1.0495,0.0,0.0,0.7099,4.86275,0.46625,2.475,8.791875
2014-04-22,0.0,0.0,0.0,0.0,1.0511875,0.0,0.0,0.71725,4.861,0.4694375,2.4725,8.789375
2014-04-23,0.0,0.0,0.0,0.0,1.0484375,0.0,0.0,0.7101,4.86425,0.4674375,2.4790625,8.791875
2014-04-24,0.0,0.0,0.0,0.0,1.0484375,0.0,0.0,0.7101,4.864,0.4674375,2.4784375,8.790625
2014-04-25,0.0,0.0,0.0,0.0,1.0496875,0.0,0.0,0.7047,4.865,0.46399999999999997,2.48125,8.793125
2014-04-28,0.0,0.0,0.0,0.0,1.05034375,0.0,0.0,0.70218125,4.8652500000000005,0.46474375,2.47796875,8.7915625
2014-04-29,0.0,0.0,0.0,0.0,1.050515625,0.0,0.0,0.70218125,4.865,0.46474375,2.47796875,8.7915625
2014-04-30,0.254875,0.0,0.0,0.0,1.0550625,0.0,0.0,0.7151,4.86825,0.6574749999999999,2.4878125,10.99453125
2014-05-01,0.25025,0.0,0.0,0.0,1.0554375,0.0,0.0,0.71725,4.87,0.657125,2.4925,10.9953125
2014-05-02,0.24675,0.0,0.0,0.0,1.05425,0.0,0.0,0.7157,4.86875,0.6559875000000001,2.4934375,10.9921875
2014-05-05,0.249875,0.0,0.0,0.0,1.05375,0.0,0.0,0.71935,4.8685,0.7516,2.4915625,10.992968750000001
2014-05-06,0.25475,0.0,0.0,0.0,1.061,0.0,0.0,0.71175,7.30275,0.6527499999999999,2.493125,10.992968750000001
2014-05-07,0.25475,0.0,0.0,0.0,1.0595625,0.0,0.0,0.7056,7.306875,0.6542375,2.4975,10.99765625
2014-05-08,0.255625,0.0,0.0,0.0,1.0584375,0.0,0.0,0.7072,7.310625,0.6549375000000001,2.5009375,11.00078125
2014-05-09,0.2495,0.0,0.0,0.0,1.0528125,0.0,0.0,0.70895,7.309499999999999,0.6550250000000001,2.5,11.001562499999999
2014-05-12,0.0,0.0,0.0,0.0,1.0539375,0.0,0.0,0.7218,7.3061250000000015,0.7568,2.495,10.9984375
2014-05-13,0.0,0.0,0.0,0.0,1.0513125,0.0,0.0,0.722,7.31025,0.7575,2.501875,11.001562499999999
2014-05-14,0.0,0.0,0.0,0.0,0.0,0.0,0.0,0.7171,7.31625,0.847575,2.5125,11.00546875
2014-05-15,0.0,0.0,0.0,0.0,0.0,0.0,0.0,0.714,7.319624999999999,0.8408249999999999,2.51875,11.007031249999999
2014-05-16,0.0,0.0,0.0,0.0,0.0,0.0,0.0,0.71745,7.31849925,0.84375,2.515625,11.007031249999999
2014-05-19,0.0,0.0,0.0,0.0,0.0,0.0,0.0,0.72215,7.32,0.8463375,2.515,11.010156250000001
2014-05-20,0.0,0.0,0.0,0.0,0.0,0.0,0.0,0.72065,7.32375,0.842625,2.5190625,11.0109375
2014-05-21,0.0,0.0,0.0,0.0,0.0,0.0,0.0,0.7267,7.3229999999999995,0.848025,2.515625,11.010156250000001
2014-05-22,0.0,0.9877,0.0,0.0,0.0,0.0,0.0,0.7297,7.3215,0.8505,2.51375,11.009374999999999
2014-05-23,0.0,0.9909,0.0,0.0,0.0,0.0,0.0,0.73515,7.3245000000000005,0.8542124999999999,2.5159375,11.010156250000001
2014-05-26,0.0,0.9909,0.0,0.0,0.0,0.0,0.0,0.73515,7.3245000000000005,0.8542124999999999,2.5159375,11.010156250000001
2014-05-27,0.0,0.98765,0.0,0.0,0.0,0.0,0.0,0.741,7.32375,0.8580937500000001,2.518125,11.009374999999999
2014-05-28,0.0,0.9821,0.0,0.44151385200000004,0.0,0.0,0.0,0.7424,7.330125000000001,0.858375,2.52875,11.01328125
2014-05-29,0.0,0.9856,0.0,0.44205339200000004,0.0,0.0,0.0,0.7458,7.328625,0.8623124999999999,2.5271875,11.01171875
2014-05-30,0.0,0.9815,0.0,0.4416963225,0.0,0.0,0.0,0.745025,7.3248750000000005,0.862228125,2.5065625,11.012500000000001
2014-06-02,0.0,0.9798,0.0,0.44315619000000006,0.0,0.0,0.0,0.7456,7.318125,0.864675,2.4978125,10.98359375
2014-06-03,0.0,0.9834,0.0,0.440960325,0.0,0.0,0.0,0.74595,7.314,0.865125,2.4884375,10.98125
2014-06-04,-0.22625,0.9834,0.0,0.43836436,0.0,0.0,0.0,0.7488,7.314,1.0591625,2.4884375,8.785
2014-06-05,-0.223875,0.9824,0.0,0.44559276600000003,0.0,0.0,0.0,0.75525,7.315875,1.0661749999999999,2.4903125,8.788125
2014-06-06,-0.2285,0.9822,0.0,0.44957793600000007,0.0,0.0,0.0,0.75775,7.31324925,1.0698875,2.4871875,8.78375
2014-06-09,-0.22525,0.9941,0.0,0.451418976,0.0,0.0,0.0,0.7581,7.309875,1.071675,2.4834375,8.780625
2014-06-10,-0.222375,0.9959,0.0,0.45183781500000003,0.0,0.0,0.0,0.75995,7.307999249999999,1.07195,2.48,8.7775
2014-06-11,-0.221125,0.997,0.0,0.44664084700000006,0.0,0.0,0.0,0.75965,7.30875,1.0692,2.4821875,8.77875
2014-06-12,-0.221875,1.0102,0.0,0.44435472000000004,0.0,0.0,0.0,0.75295,7.31324925,1.0577874999999999,2.48578125,8.7790625
2014-06-13,-0.223625,1.0134,0.0,0.44407592000000007,0.0,0.0,0.0,0.7539,7.309875,1.0605375,2.4859375,8.775625
2014-06-16,-0.221,1.0188,0.0,0.44161440299999993,0.0,0.0,0.0,0.75445,7.309875,1.0610875000000002,2.48625,8.7725
2014-06-17,-0.22,1.0145,0.0,0.4428252780000001,0.0,0.0,0.0,0.7549,7.30575,1.0639750000000001,2.4778125,8.76875
2014-06-18,-0.219375,1.0197,0.0,0.4473018,0.0,0.0,0.0,1.519,7.30725,0.877275,2.4875,10.9671875
2014-06-19,-0.2235,1.02675,0.0,0.44950074000000007,0.0,0.0,0.0,1.5155,7.30725,0.8776125,2.48625,10.967968749999999
2014-06-20,-0.226125,1.026,0.0,0.44768095199999997,0.0,0.0,0.0,1.5172,7.2982499999999995,0.8795250000000001,2.48625,10.9671875
2014-06-23,-0.221,1.0241,0.0,0.44686840499999997,0.0,0.0,0.0,1.5182,7.295999999999999,0.8790749999999999,2.485625,10.967968749999999
2014-06-24,-0.220375,1.025,0.0,0.44660660300000005,0.0,0.0,0.0,1.5178,7.298625,0.8744625,2.49125,10.96953125
2014-06-25,-0.220125,1.0299,0.0,0.44327614400000004,0.0,0.0,0.0,1.5261,7.301625,0.8775000000000001,2.495625,10.973437500000001
2014-06-26,-0.2215,1.0225,0.0,0.0,0.0,0.0,0.0,1.5271,7.305,0.9744999999999999,2.500625,10.97734375
2014-06-27,-0.2235,1.0241,0.0,0.0,0.0,0.0,0.0,1.5329,7.306500000000001,0.9757499999999999,2.50125,10.978125
2014-06-30,-0.21175,1.0228,0.0,0.0,0.0,0.0,0.0,1.5382,7.30725,0.977,2.5025,10.97890625
2014-07-01,-0.2115,1.0221,0.0,0.0,0.0,0.0,0.0,1.5535,7.30575,0.9828749999999999,2.496875,10.9765625
2014-07-02,-0.20925,1.0115,0.0,0.0,0.0,0.0,0.0,1.5556,7.3001249999999995,0.9835,2.4884375,10.971875
2014-07-03,-0.207625,1.00875,0.0,0.0,0.0,0.0,0.0,1.5556,7.296375,0.9888750000000001,2.4884375,10.971875
2014-07-04,-0.207625,1.0104,0.0,0.0,0.0,0.0,0.0,1.56515,7.296375,0.9888750000000001,2.48390625,10.962890625
2014-07-07,-0.203625,1.0068,0.0,0.0,0.0,0.0,0.0,1.5621,7.297124999999999,0.985375,2.4878125,10.963281250000001
2014-07-08,-0.202375,0.0,0.0,0.0,0.0,0.0,0.0,1.545,7.30125,0.979875,2.4946875,10.96640625
2014-07-09,-0.198875,0.0,0.0,0.0,1.0716875,0.0,0.0,1.5545,7.3035,0.8850374999999999,2.4984375,10.96953125
2014-07-10,-0.19625,0.0,0.0,0.0,1.070375,0.0,0.0,1.5494,7.305,0.8808750000000001,2.501875,10.9765625
2014-07-11,-0.19175,0.0,0.0,0.0,1.0694375,0.0,0.0,1.5595,7.306500000000001,0.8830125000000001,2.5053125,10.978125
2014-07-14,-0.194125,0.0,0.0,0.0,1.067,0.0,0.0,1.5682,7.3031250000000005,0.88695,2.5003125,10.97578125
2014-07-15,-0.190875,0.0,0.0,0.0,1.071,0.0,0.0,1.5639,7.30125,0.8856,2.498125,10.971875
2014-07-16,-0.19325,0.0,0.0,0.0,1.0704375,0.0,0.0,1.5694,7.30125,0.8888625,2.4984375,10.96953125
2014-07-17,-0.193375,0.0,0.0,0.0,1.0686875,0.0,0.0,0.7746,7.306875,0.976625,2.51,10.9765625
2014-07-18,-0.189,0.0,0.0,0.0,1.067375,0.0,0.0,0.78615,7.30275,0.9855,2.5046875,10.971875
2014-07-21,-0.185875,0.0,0.0,0.0,1.066875,0.0,0.0,0.7854,7.30125,0.9833749999999999,2.5053125,10.96953125
2014-07-22,-0.184,0.0,0.0,0.0,1.0661875,0.0,0.0,0.79005,7.3035,0.9878750000000001,2.5071875,10.97265625
2014-07-23,-0.185125,0.0,0.0,0.0,1.0644375,0.0,0.0,1.5899,7.304250000000001,0.7922,2.5078125,10.97421875
2014-07-24,-0.184625,0.0,0.0,0.0,0.0,0.0,0.0,1.5896,7.2989999999999995,0.7924,2.4996875,10.970312499999999
2014-07-25,-0.186,0.0,0.0,0.0,0.0,0.0,0.0,1.57955,7.301625,0.78885,2.5065625,10.971875
2014-07-28,-0.188375,0.0,0.0,0.0,0.0,0.0,0.0,1.5841,7.2989999999999995,0.7891,2.5028125,10.96953125
2014-07-29,-0.185625,0.0,0.0,0.0,0.0,0.0,0.0,1.58355,7.3008750000000004,0.78855,2.5071875,10.970312499999999
2014-07-30,-0.185875,0.0,0.0,0.0,0.0,0.0,0.0,1.58475,7.292624999999999,0.78435,2.4928125,10.96640625
2014-07-31,-0.185875,0.0,0.0,0.0,0.0,0.0,0.0,1.58475,7.292250000000001,0.78435,2.4928125,10.96640625
2014-08-01,-0.185875,0.0,0.0,0.0,0.0,0.0,0.0,1.58475,7.2989999999999995,0.78435,2.4928125,10.96640625
2014-08-04,-0.185875,0.0,0.0,0.0,0.0,0.0,0.0,1.58475,7.301625,0.78435,2.4928125,10.96640625
2014-08-05,-0.185875,0.0,0.0,0.0,0.0,0.0,0.0,1.58475,7.3008750000000004,0.78435,2.4928125,10.96640625
2014-08-06,-0.187125,0.0,0.0,0.0,0.0,0.0,0.0,0.77385,7.3020000000000005,0.6701625,2.510625,8.786875
2014-08-07,-0.1846875,0.0,0.0,0.0,0.0,0.0,0.0,0.773225,7.306875,0.66801875,2.51546875,8.7896875
2014-08-08,-0.182,0.0,0.0,-0.40063504650000004,0.0,0.0,0.0,0.773125,7.30575,0.5743125,2.52359375,8.7921875
2014-08-11,-0.184125,0.0,0.0,-0.407003898,0.0,0.0,0.0,0.7811,7.305375000000001,0.57975,2.5171875,8.79
2014-08-12,-0.184375,0.0,0.0,-0.405907203,0.0,0.0,0.0,0.78105,7.306500000000001,0.579,2.51625,8.79
2014-08-13,-0.184875,0.0,0.0,0.0,0.0,0.0,0.0,0.78885,7.310625,0.6804,2.5225,8.793125
2014-08-14,-0.186875,0.0,0.0,0.0,0.0,0.0,0.0,0.79365,7.31175,0.683725,2.5253125,8.7925
2014-08-15,-0.188625,0.0,0.0,0.0,0.0,0.0,0.0,0.79685,7.314,0.7808,2.5321875,8.793125
2014-08-18,-0.37075,0.0,0.0,0.0,0.0,0.0,0.0,0.8031,7.31025,0.8856,2.5271875,8.793125
2014-08-19,-0.37225,0.0,0.0,0.0,0.0,0.0,0.0,0.80695,7.31025,0.8897625,2.525,8.7925
2014-08-20,-0.36775,0.0,0.0,0.0,0.0,0.0,0.0,1.616,7.305375000000001,0.694225,2.518125,8.785
2014-08-21,-0.36875,0.0,0.0,0.0,0.0,0.0,0.0,1.6189,7.30575,0.696325,2.52,8.786875
2014-08-22,-0.37225,0.0,0.0,0.0,0.0,0.0,0.0,1.6217,7.30275,0.6953625,2.5184375,8.78375
2014-08-25,-0.36775,0.0,0.0,0.0,0.0,0.0,0.0,1.6264,7.3035,0.6983375,2.519375,8.781875
2014-08-26,-0.3645,0.0,0.0,0.0,0.0,0.0,0.0,1.6292,7.305,0.6993875,2.52,8.78375
2014-08-27,-0.365,0.0,0.0,0.0,0.0,0.0,0.0,1.6292,7.30725,0.7989,2.524375,8.78625
2014-08-28,-0.36925,0.0,0.0,0.0,0.0,0.0,0.0,1.6278,7.308374999999999,0.7989,2.51625,8.788125
2014-08-29,-0.366,0.0,0.0,0.0,0.0,0.0,0.0,1.6327,7.307625,0.8001,2.5153125,8.76125
2014-09-01,-0.366,0.0,0.0,0.0,0.0,0.0,0.0,1.6327,7.307625,0.8001,2.5153125,8.76125
2014-09-02,-0.36375,0.0,0.0,0.0,0.0,0.0,0.0,1.6368,7.303875,0.8998875000000001,2.5046875,8.755
2014-09-03,-0.35125,0.0,0.0,0.0,0.0,0.0,0.0,1.6291,7.306500000000001,0.8996624999999999,2.505625,8.75625
2014-09-04,-0.34675,0.0,0.0,0.4294556400000001,0.0,0.0,0.0,1.628,7.3031250000000005,0.8988750000000001,2.5,8.75375
2014-09-05,-0.35675,0.0,0.0,0.430747728,0.0,0.0,0.0,1.6343,7.304625,0.902475,2.50125,8.75875
2014-09-08,-0.34825,0.0,0.0,0.423445827,0.0,0.0,0.0,1.6375,7.301625,0.9003375,2.49875,8.755
2014-09-09,-0.34425,0.0,0.0,0.41925939900000003,0.0,0.0,0.0,1.625,7.296750000000001,0.8944875,2.493125,8.75
2014-09-10,-0.3455,0.0,0.0,0.42017600400000005,0.0,0.0,0.0,1.6377,7.293749999999999,0.8976375000000001,2.4896875,8.7475
2014-09-11,-0.3415,0.0,0.0,0.418610801,0.0,0.0,0.0,1.6365,7.293375000000001,0.8983125,2.4878125,8.7475
2014-09-12,-0.3385,0.0,0.0,0.417716608,0.0,0.0,0.0,1.6249,7.290374999999999,0.8894249999999999,2.479375,8.7475
2014-09-15,-0.343,0.0,0.0,0.417026091,0.0,0.0,-1.166875,0.80485,7.292250000000001,0.8892,2.4834375,10.93828125
2014-09-16,-0.34375,0.0,0.0,0.0,0.0,0.0,-1.167375,1.6238,7.293375000000001,0.6971999999999999,2.48375,10.94140625
2014-09-17,-0.34125,0.0,0.0,0.0,0.0,0.0,-1.155,1.6265,7.28625,0.6979,2.4790625,10.93671875
2014-09-18,-0.33875,0.0,0.0,0.0,0.0,0.0,-1.150625,1.639,7.273874999999999,0.7014874999999999,2.475,10.9359375
2014-09-19,-0.33175,0.0,0.0,0.419755152,0.0,0.0,-1.147,1.6366,7.276875,0.7010500000000001,2.4803125,10.9359375
2014-09-22,-0.33025,0.0,0.0,0.4159415520000001,0.0,0.0,-1.15025,0.81035,7.282500000000001,0.8935875,2.48625,10.9421875
2014-09-23,-0.32525,0.0,0.0,0.410482012,0.0,0.0,-1.14875,0.81085,7.284749999999999,0.8913375,2.490625,10.943750000000001
2014-09-24,-0.3295,0.0,0.0,0.41652792,0.0,0.0,-1.1463749999999875,0.8175,7.280249999999999,0.8961749999999999,2.485625,10.942968749999999
2014-09-25,-0.3265,0.0,0.0,0.0,0.0,0.0,-1.15125,0.8012,7.284749999999999,0.686875,2.4946875,10.948437499999999
2014-09-26,-0.323,0.0,0.0,0.0,0.0,0.0,-1.144375,0.8083,7.281374999999999,0.6911625,2.4890625,10.9421875
2014-09-29,-0.326,0.0,0.0,0.0,0.0,0.0,-1.142625,0.80915,7.284,0.6901999999999999,2.4953125,10.943750000000001
2014-09-30,-0.32,0.0,0.0,0.0,0.0,-1.2094000000000003,-1.14025,0.8103,7.282500000000001,0.6895,2.4940625,10.942968749999999
2014-10-01,-0.3215,0.0,0.0,0.0,0.0,-1.2159000000000002,0.0,0.79485,7.291125000000001,0.38765,2.5096875,8.76375
2014-10-02,-0.32275,0.0,0.0,0.0,0.0,-1.2144000000000001,0.0,0.79615,7.290749999999999,0.388,2.5065625,8.76375
2014-10-03,-0.32375,0.0,0.0,0.0,0.0,-1.192,0.0,0.8052,7.287375000000001,0.39215,2.503125,8.758125
2014-10-06,-0.3325,0.0,0.0,0.0,0.0,0.0,-1.1474375,0.80135,7.292250000000001,0.2934,2.508125,8.764375
2014-10-07,-0.34125,0.0,0.0,0.0,0.0,0.0,-1.15825,0.7919,7.297875000000001,0.1933,2.52,8.768125
2014-10-08,-0.3435,0.0,0.0,0.0,0.0,0.0,0.0,0.80735,7.305375000000001,0.19635,2.5271875,8.778125
2014-10-09,-0.34425,0.0,0.0,0.0,0.0,0.0,0.0,0.0,7.30575,0.3851,2.528125,8.77875
2014-10-10,-0.335,0.0,0.0,0.0,0.0,0.0,0.0,0.0,7.307999249999999,0.28578749999999997,2.5325,8.781875
2014-10-13,-0.34675,0.0,0.0,0.0,0.0,0.0,0.0,0.0,7.318125,0.1866,2.543125,8.7875
2014-10-14,-0.1785,0.0,0.0,0.0,0.0,0.0,0.0,0.0,4.879249999999999,0.0,2.5496875,8.793125
2014-10-15,-0.174125,0.0,0.0,0.0,0.0,0.0,0.0,0.0,4.890999999999999,0.0,2.563125,8.801875
2014-10-16,-0.176375,0.0,0.0,0.0,0.0,0.0,0.0,0.0,4.88575,0.0,2.5596875,8.798125
2014-10-17,-0.17375,0.0,0.0,0.0,0.0,0.0,0.0,0.0,4.883,0.0,2.5528125,8.793125
2014-10-20,-0.1975,0.0,0.0,0.0,0.0,0.0,0.0,0.0,4.8847499999999995,0.0,2.55625,8.7975
2014-10-21,-0.201,0.0,0.0,0.0,0.0,0.0,0.0,0.0,4.884,0.0,2.5509375,8.79625
2014-10-22,-0.19925,0.0,0.0,0.0,0.0,0.0,0.0,0.0,4.8825,0.0,2.5478125,8.79375
2014-10-23,-0.20275,0.0,0.0,0.0,0.0,0.0,0.0,0.0,4.8782495,0.0972375,2.53875,8.790625
2014-10-24,-0.199625,0.0,0.0,0.0,0.0,0.0,0.0,0.0,4.878,0.19575,1.27046875,8.79375
2014-10-27,-0.204,0.0,0.0,0.0,0.0,0.0,0.0,0.0,4.8789995,0.195725,1.27125,8.795
2014-10-28,-0.204125,0.0,0.0,0.0,0.0,0.0,0.0,0.0,4.877750000000001,0.198,1.26859375,8.79375
2014-10-29,-0.208375,0.0,0.0,0.0,0.0,0.0,0.0,0.0,4.872249999999999,0.29583750000000003,1.2646875,8.78375
2014-10-30,-0.20775,0.0,0.0,0.0,0.0,0.0,0.0,0.0,4.8745,0.2983125,1.2659375,8.785625
2014-10-31,-0.209,0.0,0.0,0.0,0.0,0.0,0.0,0.0,4.872749499999999,0.402,1.26375,8.781875
2014-11-03,-0.207625,0.0,0.0,0.0,0.0,0.0,0.0,0.0,4.872249999999999,0.4023,1.26265625,8.78
2014-11-04,-0.204,0.0,0.0,0.0,0.0,0.0,0.0,0.83015,4.8725,0.100325,1.26359375,10.97578125
2014-11-05,-0.20675,0.0,0.0,0.0,-0.998,0.0,0.0,0.82935,4.872249999999999,0.3025875,1.263125,10.973828125
2014-11-06,-0.207875,0.0,0.0,0.0,-0.9894375,0.0,0.0,0.8321,4.871,0.3039,1.26,10.96875
2014-11-07,-0.20625,0.0,0.0,0.0,-0.992,0.0,0.0,0.83115,4.87525,0.40535,1.266875,8.7825
2014-11-10,-0.207375,0.0,0.0,0.0,-0.9901875,0.0,0.0,0.834,4.8725,0.40655,1.2628125,8.776875
2014-11-11,-0.20975,-0.783,0.0,0.0,0.0,0.0,0.0,0.8365,4.87175,0.61035,1.2621875,6.58171875
2014-11-12,-0.2115,-0.7766,0.0,0.0,0.0,0.0,0.0,0.8387,4.87325,0.61035,1.2628125,6.58265625
2014-11-13,-0.214375,-0.7526,0.0,0.0,0.0,0.0,0.0,0.8413,4.8745,0.610425,1.26484375,6.584999999999999
2014-11-14,-0.21225,-0.7626,0.0,0.0,0.0,0.0,0.0,0.84365,4.87575,0.6108,1.26640625,6.5859375
2014-11-17,-0.210875,-0.7609,0.0,0.0,0.0,0.0,0.0,0.84205,4.87475,0.7133875000000001,1.26484375,6.5873437500000005
2014-11-18,-0.208,-0.7529,0.0,0.0,0.0,0.0,0.0,0.84855,4.87625,0.7174125,1.26609375,6.5882812500000005
2014-11-19,-0.2035,-0.7491,0.0,0.0,0.0,0.0,0.0,0.84505,4.87475,0.716275,1.2634375,6.5859375
2014-11-20,-0.208125,-0.7579,0.0,0.0,0.0,0.0,0.0,0.84805,4.87575,0.7174999999999999,1.2653125,6.58875
2014-11-21,-0.206625,-0.77,0.0,0.0,0.0,0.0,0.0,0.8496,4.8765,0.8239,1.26671875,6.59015625
2014-11-24,-0.205375,-0.7624,0.0,0.0,0.0,0.0,0.0,0.8563,4.87725,0.8269,1.26828125,6.591093750000001
2014-11-25,-0.208875,-0.7458,0.0,0.0,0.0,0.0,0.0,0.85825,4.8795,0.8268,1.2709375,6.592968750000001
2014-11-26,-0.21025,-0.7446,0.0,0.0,0.0,0.0,0.0,0.86335,4.881,0.8286,1.27296875,6.59484375
2014-11-27,-0.21025,0.0,0.0,0.0,0.0,0.0,-1.0614374999999874,0.866075,7.3215,0.72568125,2.5459375,10.993359375
2014-11-28,-0.20875,0.0,0.0,0.0,0.0,0.0,-1.053,0.86755,7.32525,0.7233625,2.543125,10.996875
2014-12-01,-0.20925,0.0,0.0,0.0,0.0,0.0,-1.056,0.8573,7.3241249999999996,0.7177625000000001,2.5378125,10.95703125
2014-12-02,-0.205,0.0,0.0,0.0,0.0,0.0,-1.0486250000000001,0.8612,7.31849925,0.7226625,2.5278125,10.94765625
2014-12-03,-0.205875,0.0,0.0,0.0,0.0,0.0,-1.043375,0.8625,7.316625000000001,0.72555,2.525625,10.943750000000001
2014-12-04,-0.20875,0.0,0.0,0.0,0.0,0.0,-1.04375,0.86215,7.3188749999999985,0.7247625,2.5315625,10.946093750000001
2014-12-05,-0.211875,0.0,0.0,0.0,0.0,0.0,-1.029875,0.863775,7.31175,0.8301,2.5178125,8.73875
2014-12-08,-0.208875,0.0,0.0,0.0,0.0,0.0,-1.0355,0.85565,7.312125,0.8242,2.524375,8.74
2014-12-09,-0.211625,0.0,0.0,0.0,0.0,0.0,-1.0455,0.85945,7.315875,0.8242,2.5325,8.74375
2014-12-10,-0.210125,0.0,0.0,0.0,0.0,0.0,0.0,0.8448,7.32262425,0.506625,1.270625,8.75125
2014-12-11,-0.212,0.0,0.0,0.0,0.0,0.0,0.0,0.8496,7.3188749999999985,0.5084375,1.2678125,8.745625
2014-12-12,0.0,0.0,0.0,0.0,0.0,0.0,0.0,0.83995,7.3245000000000005,0.2996625,1.27625,6.568125
2014-12-15,0.0,0.0,0.0,0.0,-0.9775,0.0,0.0,0.83125,7.321125,0.2973,1.27265625,6.56296875
2014-12-16,0.0,0.0,0.0,0.0,-0.9825625,0.0,0.0,0.82045,7.3260000000000005,0.29579999999999995,1.2771875,6.567187499999999
2014-12-17,0.0,0.0,0.0,0.0,-0.9714375,0.0,0.0,0.0,7.32,0.5020625,1.2703125,6.56203125
2014-12-18,0.0,0.0,0.0,0.0,0.0,0.0,0.0,0.85025,7.309875,0.1024375,1.264375,6.557343749999999
2014-12-19,0.0,0.0,0.0,0.0,0.0,0.0,0.0,0.86075,7.311,0.103725,1.266875,6.55640625
2014-12-22,0.0,0.0,0.0,0.0,0.0,0.0,0.0,0.85855,7.311,0.207225,1.266875,6.555
2014-12-23,0.0,0.0,0.0,0.0,0.0,0.0,0.0,0.8569,7.305,0.3118875,1.2596875,6.55125
2014-12-24,0.0,0.0,0.0,0.0,0.0,0.0,0.0,0.8563,7.305,0.4158,1.25984375,6.55125
2014-12-25,0.0,0.0,0.0,0.0,0.0,0.0,0.0,0.8563,7.305,0.4158,1.25984375,6.55125
2014-12-26,0.0,0.0,0.0,0.0,0.0,0.0,0.0,0.8563,7.305375000000001,0.4158,1.26015625,6.55125
2014-12-29,0.0,0.0,0.0,0.0,0.0,0.0,0.0,0.86245,7.31025,0.521625,1.26359375,6.55359375
2014-12-30,0.0,0.0,0.0,0.0,0.0,0.0,0.0,0.85665,7.312125,0.5190625,1.265625,6.55640625
2014-12-31,0.0,0.0,0.0,0.0,0.0,0.0,0.0,0.85,7.314375,0.5151875,1.266875,6.557343749999999
2015-01-01,0.0,0.0,0.0,0.0,0.0,0.0,0.0,0.85,7.314375,0.5151875,1.266875,6.557343749999999
2015-01-02,0.0,0.0,0.0,0.0,0.0,0.0,0.0,0.0,7.31775,0.614775,1.27171875,6.5596875
2015-01-05,0.0,0.0,0.0,0.0,0.0,0.0,0.0,0.0,7.3245000000000005,0.5040625,1.278125,6.5596875
2015-01-06,0.0,0.0,0.0,0.0,0.0,0.0,0.0,0.0,7.333125,0.5003124999999999,1.28328125,6.5639062500000005
2015-01-07,0.0,0.0,0.0,0.0,-0.94375,0.0,0.0,0.0,7.333874999999999,0.302475,1.28453125,6.56625
2015-01-08,0.0,0.0,0.0,0.0,-0.9421875,0.0,0.0,0.0,7.330499999999999,0.3079875,1.28109375,6.568125
2015-01-09,0.0,0.0,0.0,0.0,-0.9471875,0.0,0.0,0.0,7.335375000000001,0.306525,1.285625,6.57234375
2015-01-12,0.0,0.0,0.0,0.0,-0.9480625,0.0,0.0,0.0,7.341374249999999,0.302925,1.2909375,6.5765625000000005
2015-01-13,0.0,0.0,0.0,0.0,-0.947125,0.0,0.0,0.0,7.344375,0.3028875,1.2925,6.5784375
2015-01-14,-0.20475,0.0,0.0,0.0,-0.95175,0.0,0.0,0.0,7.349625,0.20025,1.29671875,6.5835937499999995
2015-01-15,-0.203875,0.0,0.0,0.0,-0.9486875,0.0,0.0,0.0,7.3575,0.1991,1.3046875,6.591093750000001
2015-01-16,-0.20725,0.0,0.0,0.0,-0.9466875,0.0,0.0,0.0,7.3515,0.201025,1.29859375,6.5859375
2015-01-19,-0.206875,0.0,0.0,0.0,-0.9450625,0.0,0.0,0.0,7.3515,0.2009625,1.3003125,6.58921875
2015-01-20,-0.2085,0.0,0.0,0.0,-0.9465625,0.0,0.0,0.0,7.350749250000001,0.20175,1.29796875,6.5835937499999995
2015-01-21,-0.2075,0.0,0.0,0.0,-0.9449375,0.0,0.0,0.0,7.3458749999999995,0.2027,1.29375,6.583125
2015-01-22,-0.20675,0.0,0.0,0.387985482,-0.937625,0.0,0.0,0.0,7.341374249999999,0.205625,1.29171875,6.581250000000001
2015-01-23,-0.20875,0.0,0.0,0.38934080000000004,-0.9368125,0.0,0.0,0.0,7.3462499999999995,0.2048,1.2975,6.584999999999999
2015-01-26,-0.206875,0.0,0.0,0.38742563999999996,-0.9421875,0.0,0.0,0.0,7.344750000000001,0.308025,1.29546875,6.5821875
2015-01-27,-0.2055,0.0,0.0,0.378615024,-0.949375,0.0,0.0,0.0,7.34549925,0.30393749999999997,1.296875,6.5835937499999995
2015-01-28,-0.202625,0.0,0.0,0.373573928,-0.94725,0.0,0.0,0.0,7.354874249999999,0.1997,1.30515625,6.58921875
2015-01-29,-0.202125,0.0,0.0,0.38463775200000005,-0.9411875,0.0,0.0,0.0,7.353375000000001,0.20155,1.30109375,6.586875000000001
2015-01-30,-0.200625,0.0,0.0,0.377391935,-0.9410625,0.0,0.0,0.0,7.36125,0.0995875,1.30921875,6.592968750000001
2015-02-02,-0.2005,0.0,0.0,0.383206358,-0.9386875,0.0,0.0,0.0,7.362375000000001,0.1007375,1.3090625,6.592968750000001
2015-02-03,-0.207875,0.0,0.0,0.38756628400000004,-0.947875,0.0,0.0,0.0,7.352625,0.1020375,1.30078125,6.58875
2015-02-04,-0.206875,0.0,0.0,0.3833055,-0.950375,0.0,0.0,0.0,7.351125000000001,0.1019,1.3003125,6.5878125
2015-02-05,-0.207875,0.0,0.0,0.389150947,-0.958375,0.0,0.0,0.0,7.351125000000001,0.20565,1.29875,6.5873437500000005
2015-02-06,-0.208375,0.0,0.0,0.38507462,-0.952,0.0,0.0,0.0,4.8905,0.3067875,1.2859375,6.5709375
2015-02-09,-0.21075,0.0,0.0,0.37947686999999997,-0.9509375,0.0,0.0,0.0,4.88925,0.30645,1.28578125,6.5718749999999995
2015-02-10,-0.209375,0.0,0.0,0.384292438,-0.95325,0.0,0.0,0.0,4.88775,0.4132,1.28296875,6.57
2015-02-11,-0.2075,0.0,0.0,0.382556864,-0.9519375,0.0,0.0,0.0,4.8879995,0.41285,1.2825,6.569531250000001
2015-02-12,-0.206375,0.0,0.0,0.38908845999999997,0.0,0.0,0.0,0.0,4.88925,0.6252,1.2840625,6.57375
2015-02-13,-0.209125,0.0,0.0,0.391620096,0.0,0.0,0.0,0.87475,4.8879995,0.3137625,1.2821875,6.573281249999999
2015-02-16,-0.208125,0.0,0.0,0.38704020499999997,0.0,0.0,0.0,0.875475,4.8879995,0.31318124999999997,1.28265625,6.57421875
2015-02-17,-0.210375,0.0,0.0,0.39372834500000004,0.0,0.0,0.0,0.87635,4.881,0.3143625,1.27328125,6.57046875
2015-02-18,-0.207125,0.0,0.0,0.39485260800000005,0.0,0.0,0.0,0.87815,4.887,0.31443750000000004,1.2809375,6.578906249999999
2015-02-19,-0.209875,0.0,0.0,0.39582168000000006,0.0,0.0,0.0,0.88255,4.8835,0.41915,1.27609375,6.57609375
2015-02-20,-0.20825,0.0,0.0,0.401424712,0.0,0.0,0.0,0.88805,4.8815,0.4214,1.27484375,6.57375
2015-02-23,-0.205625,0.0,0.0,0.400114582,0.0,0.0,0.0,0.88745,4.8854999999999995,0.4205,1.27953125,6.5775
2015-02-24,-0.205,0.0,0.0,0.4033545499999999,0.0,0.0,0.0,0.8904,4.890999999999999,0.528625,1.286875,6.5845312499999995
2015-02-25,-0.204625,0.0,0.0,0.401032134,0.0,0.0,0.0,0.88725,4.89125,0.5275,1.2815625,6.5840625
2015-02-26,-0.20675,0.0,0.0,0.40487092899999994,0.0,0.0,0.0,0.89155,4.8879995,0.5270625,1.27484375,6.5540625
2015-02-27,-0.2091875,0.0,0.0,0.40708605400000003,0.0,0.0,0.0,0.891675,4.889500000000001,0.6331125,1.276328125,6.555703124999999
2015-03-02,-0.206875,0.0,0.0,0.40462919999999997,0.0,0.0,0.0,0.89615,4.8852495,0.6345,1.2709375,6.5521875000000005
2015-03-03,-0.208,0.0,0.0,0.398929212,0.0,0.0,0.0,0.8915,4.88275,0.6318,1.26875,6.5503125
2015-03-04,-0.206625,0.0,0.0,0.4014182640000001,0.0,0.0,0.0,0.88875,4.88325,0.62895,1.26890625,6.5521875000000005
2015-03-05,-0.206875,0.0,0.0,0.40323156000000004,0.0,0.0,0.0,0.8906,4.8847499999999995,0.630225,1.27125,6.5540625
2015-03-06,-0.205125,0.0,0.0,0.39898079999999997,0.0,0.0,0.0,0.8794,4.87725,0.620625,1.26015625,6.54234375
2015-03-09,-0.206,0.0,0.0,0.394146108,0.0,0.0,0.0,0.88295,4.88,0.6233249999999999,1.26453125,6.5475
2015-03-10,-0.206,0.0,0.0,0.387485639,0.0,0.0,0.0,0.8664,4.883,0.4084,1.2690625,6.549843749999999
2015-03-11,-0.206875,0.0,0.0,0.39463146800000004,0.0,0.0,-1.02875,0.0,4.88275,0.306,1.27,6.5503125
2015-03-12,-0.206125,0.0,0.0,0.38999154999999996,0.0,0.0,-1.0306250000000001,0.0,4.8844994999999995,0.30843750000000003,1.27078125,6.5531250000000005
2015-03-13,-0.20225,0.0,0.0,0.38105921500000006,0.0,0.0,-1.029875,0.0,4.8835,0.30637499999999995,1.270625,6.5531250000000005
2015-03-16,-0.20225,0.0,0.0,0.3821228130000001,0.0,0.0,-1.031375,0.0,4.8852495,0.3102375,1.27375,6.555
2015-03-17,-0.198375,0.0,0.0,0.37925252400000004,0.0,0.0,-1.0311249999999998,0.0,4.88675,0.309975,1.2753125,6.551718750000001
2015-03-18,-0.2,0.0,0.0,0.378708768,0.0,0.0,-1.0423749999999998,0.88425,4.8957500000000005,0.104675,1.28796875,6.569531250000001
2015-03-19,-0.19975,0.0,0.0,0.37944864,0.0,0.0,-1.0358749999999999,0.8849,4.89,0.1041125,1.2825,6.56203125
2015-03-20,-0.20475,0.0,0.0,0.389323526,0.0,0.0,-1.0414999999999874,0.8898,4.893,0.209975,1.28703125,6.56625
2015-03-23,-0.20675,0.0,0.0,0.3902013,0.0,0.0,-1.0453749999999875,0.8877,4.89525,0.209525,1.28890625,6.567187499999999
2015-03-24,-0.20875,0.0,0.0,0.39559009,0.0,0.0,-1.045,0.88595,4.89775,0.208525,1.2915625,6.57
2015-03-25,-0.208625,0.0,0.0,0.3939420450000001,0.0,0.0,-1.04725,0.0,4.894,0.4108,1.28734375,6.568125
2015-03-26,-0.207375,0.0,0.0,0.39400559999999996,0.0,0.0,0.0,0.0,4.89075,0.40965,1.283125,4.378125
2015-03-27,-0.2075,0.0,0.0,0.39541647599999996,0.0,0.0,0.0,0.0,4.89225,0.4106,1.28546875,4.380625
2015-03-30,-0.209,0.0,0.0,0.39922006200000004,0.0,0.0,0.0,0.0,4.89325,0.41585,1.28625,4.3809375
2015-03-31,-0.200375,0.0,0.0,0.39344699699999997,0.0,0.0,0.0,0.0,4.89525,0.4125,1.2890625,4.3828125
2015-04-01,-0.20325,0.0,0.0,0.39487359200000005,0.0,0.0,0.0,0.0,4.89875,0.4099,1.29390625,4.384375
2015-04-02,-0.2055,0.0,0.0,0.39307031100000006,0.0,0.0,0.0,0.0,4.89675,0.4125,1.29109375,4.3846875
2015-04-03,-0.2055,0.0,0.0,0.39307031100000006,0.0,0.0,0.0,0.0,4.89675,0.4125,1.29109375,4.3846875
2015-04-06,-0.204375,0.0,0.0,0.39307031100000006,0.0,0.0,0.0,0.0,4.899,0.414175,1.297421875,6.5824218750000005
2015-04-07,-0.204,0.0,0.0,0.404789148,0.0,0.0,0.0,0.0,4.89825,0.4141,1.29421875,6.579375000000001
2015-04-08,-0.202375,0.0,0.0,0.40275816200000003,0.0,0.0,0.0,0.87265,4.89725,0.1036375,1.29296875,6.578906249999999
2015-04-09,-0.20175,0.0,0.0,0.40442749200000006,0.0,0.0,0.0,0.87875,4.8945,0.1041625,1.2884375,6.5765625000000005
2015-04-10,-0.2015,0.0,0.0,0.404239383,0.0,0.0,0.0,0.8827,4.89425,0.1047375,1.2884375,6.5746875
2015-04-13,-0.198,0.0,0.0,0.39812316600000003,0.0,0.0,0.0,0.88015,4.89625,0.1043,1.29046875,6.57796875
2015-04-14,-0.199,0.0,0.0,0.395064397,0.0,0.0,0.0,0.87775,4.8985,0.208825,1.2934375,6.580781249999999
2015-04-15,-0.200125,0.0,0.0,0.39499432500000003,0.0,0.0,0.0,0.88395,4.89925,0.210075,1.29421875,6.5821875
2015-04-16,-0.200125,0.0,0.0,0.3913506849999999,0.0,0.0,0.0,0.8824,4.90075,0.3147375,1.2965625,6.584999999999999
2015-04-17,-0.201375,0.0,0.0,0.38504284,0.0,0.0,0.0,0.0,4.90075,0.5183125000000001,1.2971875,6.583125
2015-04-20,-0.200375,0.0,0.0,0.3921284179999999,0.0,0.0,0.0,0.882,4.9,0.20935,1.295625,6.5803125
2015-04-21,-0.198875,0.0,0.0,0.394754647,0.0,0.0,0.0,0.8858,4.89925,0.209,1.29390625,6.580781249999999
2015-04-22,-0.198875,0.0,0.0,0.39429568800000003,0.0,0.0,0.0,0.89055,4.89525,0.210125,1.28765625,6.5775
2015-04-23,-0.1975,0.0,0.0,0.391554432,0.0,0.0,0.0,0.89515,4.89775,0.31635,1.290625,6.57984375
2015-04-24,-0.194125,0.0,0.0,0.392414704,0.0,0.0,0.0,0.9063,4.90025,0.4224,1.29421875,6.5840625
2015-04-27,-0.19175,0.0,0.0,0.400659157,0.0,0.0,0.0,0.9027,4.899,0.4203,1.29359375,6.5835937499999995
2015-04-28,-0.1915,0.0,0.0,0.398019118,0.0,0.0,0.0,0.90045,4.8957500000000005,0.4213,1.28859375,6.580781249999999
2015-04-29,-0.192875,0.0,0.0,0.38885848,0.0,0.0,0.0,0.89615,4.894,0.4198,1.28453125,6.5803125
2015-04-30,-0.191625,0.0,0.0,0.389464335,0.0,0.0,0.0,0.883,4.8935,0.3122625,1.284375,8.77125
2015-05-01,-0.19,0.0,0.0,0.389464335,0.0,0.0,0.0,0.8936,4.88875,0.3151875,1.278125,8.766875
2015-05-04,-0.18875,0.0,0.0,0.4005499859999999,0.0,0.0,0.0,0.89465,4.888,0.3163125,1.276875,8.766875
2015-05-05,-0.1895,0.0,0.0,0.39125800000000005,0.0,0.0,0.0,0.0,4.88575,0.5210625,1.275,8.764375
2015-05-06,-0.190875,0.0,0.0,0.390756147,0.0,0.0,0.0,0.0,4.88325,0.5186875,1.27109375,8.760625
2015-05-07,-0.1885,0.0,0.0,0.393103275,0.0,0.0,0.0,0.0,4.885,0.521,1.27421875,8.763125
2015-05-08,-0.189875,0.0,0.0,0.4076870759999999,0.0,0.0,0.0,0.0,4.88975,0.5279375,1.27859375,8.7725
2015-05-11,-0.18775,0.0,0.0,0.40329099,0.0,0.0,0.0,0.0,4.8825,0.5253125000000001,1.27,8.7675
2015-05-12,-0.188,0.0,0.0,0.39655996,0.0,0.0,0.0,0.0,4.88375,0.523875,1.270625,8.77
2015-05-13,-0.18925,0.0,0.0,0.39357273200000004,0.0,0.0,0.0,0.0,4.884,0.5234375,1.269375,8.77375
2015-05-14,-0.1925,0.0,0.0,0.0,0.0,0.0,0.0,0.8981,4.88825,0.52925,1.27390625,8.780625
2015-05-15,-0.191,0.0,0.0,0.0,0.0,0.0,0.0,0.89725,4.892,0.5295,1.28046875,8.78125
2015-05-18,-0.192625,0.0,0.0,0.40883632799999997,0.0,0.0,0.0,0.90225,4.8875,0.4252,1.27390625,8.776875
2015-05-19,-0.19,0.0,0.0,0.415730658,0.0,0.0,0.0,0.90015,4.88425,0.42485,1.2690625,8.769375
2015-05-20,-0.188375,0.0,0.0,0.413785086,0.0,0.0,0.0,0.9011,4.88725,0.4248,1.2721875,8.773125
2015-05-21,-0.190875,0.0,0.0,0.41048442500000004,0.0,0.0,0.0,0.9061,4.890250000000001,0.5323125,1.2765625,6.581250000000001
2015-05-22,-0.189,0.0,0.0,0.40782540500000003,0.0,0.0,0.0,0.90605,4.888,0.5313125,1.27453125,6.5775
2015-05-25,-0.188625,0.0,0.0,0.40782540500000003,0.0,0.0,0.0,0.906775,4.888,0.53115625,1.27453125,6.5775
2015-05-26,-0.37275,0.0,0.0,0.39795746,0.0,0.0,0.0,0.8941,4.89,0.4204,1.2790625,6.57796875
2015-05-27,-0.3665,0.0,0.0,0.401895987,0.0,0.0,0.0,0.91,4.88975,0.4248,1.27921875,6.57796875
2015-05-28,-0.3695,0.0,0.0,0.39810028700000005,0.0,0.0,0.0,0.90695,4.891749999999999,0.42385,1.2734375,6.581250000000001
2015-05-29,-0.368,0.0,0.0,0.3893442,0.0,0.0,0.0,0.9023,4.89225,0.31605,1.2746875,6.564375
2015-06-01,-0.36975,0.0,0.0,0.39320694,0.0,0.0,0.0,0.90395,4.8885,0.31635,1.26984375,6.55875
2015-06-02,-0.37575,0.0,0.0,0.0,0.0,0.0,0.0,0.9019,4.8847499999999995,0.4216,1.263125,6.557812500000001
2015-06-03,-0.3765,0.0,0.0,0.0,0.0,0.0,0.0,0.90355,4.8795,0.42255,1.25375,6.5540625
2015-06-04,-0.3805,0.0,0.0,0.0,0.0,0.0,0.0,0.8957,4.883,0.31372500000000003,1.2590625,6.555468749999999
2015-06-05,-0.37825,0.0,0.0,0.0,0.0,0.0,0.0,0.89545,4.87725,0.31365,1.25109375,6.5493749999999995
2015-06-08,-0.3835,0.0,0.0,0.0,0.0,0.0,0.0,0.88715,4.8795,0.208125,1.25296875,6.5531250000000005
2015-06-09,-0.383,0.0,0.0,0.0,0.0,0.0,0.0,0.0,4.8775,0.5200625,1.25,6.54890625
2015-06-10,-0.375,0.0,0.0,0.0,0.0,0.0,0.0,0.8983,4.875,0.21055,1.245625,6.5465625
2015-06-11,-0.37425,0.0,0.0,0.0,0.0,0.0,0.0,0.8976,4.8795,0.21075,1.2534375,6.5493749999999995
2015-06-12,-0.37,0.0,0.0,0.0,0.0,0.0,0.0,0.88955,4.87875,0.2086,1.2525,6.5475
2015-06-15,-0.3635,0.0,0.0,0.0,0.0,0.0,0.0,0.0,4.881,0.5189375,1.25546875,6.551718750000001
2015-06-16,-0.3695,0.0,0.0,0.0,0.0,0.0,0.0,0.8895,4.883,0.10435,1.2590625,6.55453125
2015-06-17,-0.37525,0.0,0.0,0.0,0.0,0.0,0.0,0.89325,4.885,0.1046375,1.2615625,6.5601562499999995
2015-06-18,-0.186625,0.0,0.0,0.0,0.0,0.0,0.0,0.9046,4.879249999999999,0.21125,1.25953125,6.56203125
2015-06-19,-0.18425,0.0,0.0,0.0,0.0,0.0,0.0,0.9027,4.88325,0.2105,1.2659375,6.56671875
2015-06-22,-0.186875,0.0,0.0,0.0,0.0,0.0,0.0,0.9074,4.87725,0.317175,1.2575,6.561562499999999
2015-06-23,-0.190625,0.0,0.0,0.0,0.0,0.0,0.0,0.90835,4.87525,0.42325,1.254375,6.5610937499999995
2015-06-24,-0.19,0.0,0.0,0.0,0.0,0.0,0.0,0.9033,4.87675,0.4203,1.25671875,6.56296875
2015-06-25,-0.196375,0.0,0.0,0.0,0.0,0.0,0.0,0.9018,4.8755,0.4189,1.25515625,6.56296875
2015-06-26,-0.201,0.0,0.0,0.0,0.0,0.0,0.0,0.89495,4.872999999999999,0.4185,1.25,6.5596875
2015-06-29,-0.20125,0.0,0.0,0.0,0.0,0.0,0.0,0.0,4.88025,0.41055,1.263125,6.569062499999999
2015-06-30,0.0,0.0,0.0,0.0,0.0,0.0,0.0,0.0,4.87875,0.3088125,1.2603125,6.567187499999999
2015-07-01,0.0,0.0,0.0,0.0,0.0,0.0,0.0,0.0,4.87525,0.310125,1.2546875,6.560625
2015-07-02,0.0,0.0,0.0,0.0,0.0,0.0,0.0,0.0,4.879,0.3104625,1.25921875,6.568125
2015-07-03,0.0,0.0,0.0,0.0,0.0,0.0,0.0,0.0,4.879,0.30973125,1.263515625,6.571171875
2015-07-06,0.0,0.0,0.0,0.0,0.0,0.0,0.0,0.0,4.88325,0.3088125,1.2665625,6.573281249999999
2015-07-07,0.0,0.0,0.0,0.0,0.0,0.0,0.0,0.0,4.8847499999999995,0.310875,1.26953125,6.57609375
2015-07-08,0.0,0.0,0.0,0.0,0.0,0.0,0.0,0.0,4.88825,0.20415,1.273125,6.580781249999999
2015-07-09,0.0,0.0,0.0,0.0,0.0,0.0,0.0,0.0,4.8845,0.1024625,1.2659375,6.5765625000000005
2015-07-10,0.0,0.0,0.0,0.0,0.0,0.0,0.0,0.0,4.8795,0.103625,1.25828125,6.567187499999999
2015-07-13,0.0,0.0,0.0,0.0,0.0,0.0,0.0,0.0,4.877000000000001,0.314025,1.255625,6.5653125
2015-07-14,0.0,0.0,0.0,0.0,0.0,0.0,0.0,0.0,4.87975,0.4206,1.25921875,6.569531250000001
2015-07-15,0.0,0.0,0.0,0.0,0.0,-1.1479000000000001,0.0,0.9035,4.882,0.21,1.263125,8.763125
2015-07-16,0.0,0.0,0.0,0.0,0.0,-1.1436,0.0,0.91675,4.8815,0.211725,1.2621875,8.756875
2015-07-17,0.0,0.0,0.0,0.0,0.0,-1.1325999999999998,0.0,0.9302,4.88025,0.317925,1.26140625,8.755625
2015-07-20,0.0,0.0,0.0,0.0,0.0,0.0,0.0,0.93415,4.87825,0.3181875,1.2590625,8.749375
2015-07-21,0.0,0.0,0.0,0.0,0.0,0.0,0.0,0.9344,4.88075,0.3170625,1.26171875,8.753125
2015-07-22,0.0,0.0,0.0,0.0,0.0,0.0,0.0,0.92235,4.8805,0.3157125,1.26296875,8.749375
2015-07-23,0.0,0.0,0.0,0.0,0.0,0.0,0.0,0.9192,4.88325,0.3141375,1.2665625,8.753125
2015-07-24,0.0,0.0,0.0,0.0,0.0,0.0,0.0,0.911,4.88425,0.207325,1.26765625,8.755625
2015-07-27,0.0,0.0,0.0,0.0,0.0,0.0,0.0,0.9018,4.8875,0.1029125,1.27234375,8.761875
2015-07-28,0.0,0.0,0.0,0.0,0.0,0.0,0.0,0.9102,4.886,0.1043125,1.26953125,8.76
2015-07-29,0.0,0.0,0.0,0.0,0.0,0.0,0.0,0.9152,4.8847499999999995,0.1051,1.26828125,8.75625
2015-07-30,0.0,0.0,0.0,0.0,0.0,-1.0867,0.0,0.91895,4.885,0.21025,1.26828125,8.7525
2015-07-31,0.0,0.0,0.0,0.0,0.0,-1.0947,0.0,0.9166,4.88975,0.209625,1.2753125,8.76375
2015-08-03,-0.188875,0.0,0.0,0.0,0.0,0.0,0.0,0.9128,4.890999999999999,0.208825,1.278125,8.764375
2015-08-04,-0.1895,0.0,0.0,0.0,0.0,0.0,0.0,0.91125,4.88625,0.20845,1.27125,8.7525
2015-08-05,-0.191625,0.0,0.0,0.0,0.0,0.0,0.0,0.9194,4.8835,0.31425,1.2678125,6.56296875
2015-08-06,-0.19,0.0,0.0,0.0,0.0,0.0,0.0,0.9055,4.8854999999999995,0.207975,1.270625,6.56578125
2015-08-07,-0.192125,0.0,0.0,0.39706845999999996,0.0,-1.0913,0.0,0.0,4.888,0.3106875,1.2746875,8.750625
2015-08-10,-0.2005,0.0,0.0,0.40300226400000005,0.0,0.0,0.0,0.0,4.88625,0.3145875,1.270625,8.75125
2015-08-11,-0.194125,0.0,0.0,0.396166421,0.0,0.0,0.0,0.0,4.890999999999999,0.207875,1.278125,6.5709375
2015-08-12,-0.184875,0.0,0.0,0.38888489400000004,0.0,0.0,0.0,0.0,4.89125,0.2081,1.27890625,6.573281249999999
2015-08-13,-0.18775,0.0,0.0,0.0,0.0,0.0,0.0,0.0,4.88925,0.4159,1.275,6.567187499999999
2015-08-14,-0.187875,0.0,0.0,0.0,0.0,0.0,0.0,0.0,4.88825,0.41765,1.27328125,6.5653125
2015-08-17,-0.1875,0.0,0.0,0.0,0.0,0.0,0.0,0.9123,4.890250000000001,0.1048625,1.27625,6.567187499999999
2015-08-18,-0.1885,0.0,0.0,0.0,0.0,0.0,0.0,0.90825,4.88975,0.104675,1.2740625,6.56625
2015-08-19,-0.18925,0.0,0.0,0.0,0.0,0.0,0.0,0.0,4.8945,0.4165,1.28140625,6.57375
2015-08-20,-0.191375,0.0,0.0,0.0,0.0,0.0,0.0,0.0,4.89625,0.305775,1.28328125,6.5709375
2015-08-21,-0.1885,0.0,0.0,0.0,0.0,0.0,0.0,0.0,4.8995,0.0989625,1.2871875,6.57703125
2015-08-24,-0.190875,0.0,0.0,0.0,0.0,0.0,0.0,0.0,7.353375000000001,0.0,1.28984375,6.5835937499999995
2015-08-25,-0.188875,0.0,0.0,0.0,0.0,0.0,0.0,0.0,7.3488750000000005,-0.093875,1.28234375,6.5775
2015-08-26,-0.18675,-0.4055,0.0,0.0,0.0,0.0,0.0,0.0,4.89625,0.0,1.27796875,6.57609375
2015-08-27,-0.18725,0.0,0.0,0.0,0.0,0.0,0.0,0.0,4.89525,-0.0988125,1.2784375,6.5756250000000005
2015-08-28,-0.187125,0.0,0.0,0.0,0.0,0.0,0.0,0.0,4.895,-0.09885,1.27234375,6.5709375
2015-08-31,-0.18625,0.0,0.0,0.0,0.0,0.0,0.0,0.0,4.89375,-0.09866875,1.27234375,6.5709375
2015-09-01,-0.18625,0.0,0.0,0.0,0.0,0.0,0.0,0.0,4.89675,-0.09866875,1.27234375,6.5709375
2015-09-02,-0.1835,0.0,0.0,0.0,0.0,0.0,0.0,0.0,4.896,-0.0971625,1.27203125,6.557812500000001
2015-09-03,-0.18075,0.0,0.0,0.0,0.0,0.0,0.0,0.0,4.898,-0.0976625,1.27390625,6.5601562499999995
2015-09-04,-0.18125,0.0,0.0,0.0,0.0,0.0,0.0,0.0,4.90025,-0.0961875,1.27703125,6.55921875
2015-09-07,-0.1815,0.0,0.0,0.0,0.0,0.0,0.0,0.0,4.90025,-0.1932625,1.275625,8.745
2015-09-08,-0.184125,0.0,0.0,0.0,0.0,0.0,0.0,0.0,4.89825,-0.196725,1.2725,8.741875
2015-09-09,-0.18425,0.0,0.0,0.0,0.0,0.0,0.0,0.0,4.89925,-0.193575,1.27375,8.741875
2015-09-10,-0.187,0.0,0.0,0.0,0.0,0.0,0.0,0.0,4.8975,-0.1951,1.2709375,8.741875
2015-09-11,-0.1935,0.0,0.0,0.0,0.0,0.0,0.0,0.0,4.8995,-0.196,1.27453125,8.7475
2015-09-14,-0.1965,0.0,0.0,0.0,0.0,0.0,0.0,0.0,4.90025,-0.1942,1.275625,8.745
2015-09-15,-0.195125,0.0,0.0,0.0,0.0,0.0,0.0,0.0,4.8955,-0.197025,1.2671875,8.730625
2015-09-16,-0.19275,0.0,0.0,0.0,0.0,0.0,0.0,0.0,4.895,-0.19855,1.265625,8.73
2015-09-17,-0.19025,0.0,0.0,0.0,0.0,0.0,0.0,0.0,4.902000000000001,-0.0989,1.274375,6.56296875
2015-09-18,-0.18875,0.0,0.0,0.0,0.0,0.0,0.0,0.0,4.898,-0.097275,1.28,6.564375
2015-09-21,-0.19225,0.0,0.0,0.0,0.0,0.0,0.0,0.0,4.898,-0.09799375,1.275390625,6.560390625
2015-09-22,-0.19,0.0,0.0,0.0,0.0,0.0,0.0,0.0,4.9,-0.19295,1.2809375,6.56625
2015-09-23,-0.1915,0.0,0.0,-0.34394437999999994,0.0,0.0,0.0,0.0,4.8995,-0.096475,1.27890625,6.56578125
2015-09-24,-0.191,0.0,0.0,-0.33865669200000004,0.0,0.0,0.0,0.0,4.8995,-0.096175,1.2809375,6.569062499999999
2015-09-25,-0.1945,0.0,0.0,-0.34438203,0.0,0.0,0.0,0.0,4.89975,-0.096125,1.278125,6.567187499999999
2015-09-28,-0.1935,0.0,0.0,-0.33747351600000003,0.0,0.0,0.0,0.0,4.9045,-0.1873,1.28375,6.569062499999999
2015-09-29,-0.19475,0.0,0.0,-0.338833324,0.0,0.0,0.0,0.0,4.90725,-0.187525,1.28796875,6.57234375
2015-09-30,-0.194375,0.0,0.0,-0.34776598999999997,0.0,0.0,0.0,0.0,4.9075,-0.190975,1.28765625,6.57234375
2015-10-01,-0.19425,0.0,0.0,-0.346019222,0.0,0.0,0.0,0.0,4.906,-0.191375,1.288125,6.57046875
2015-10-02,-0.194375,0.0,0.0,-0.34976433100000004,0.0,0.0,0.0,0.0,4.906,-0.193925,1.29359375,6.5784375
2015-10-05,0.0,0.0,0.0,0.0,0.0,0.0,0.0,0.0,7.360875,-0.197725,1.28828125,6.575156250000001
2015-10-06,0.0,0.0,0.0,0.0,0.0,0.0,0.0,0.0,7.360875,-0.197025,1.29015625,6.57609375
2015-10-07,0.0,0.0,0.0,0.0,0.0,0.0,0.0,0.0,7.35825,-0.198575,1.2871875,6.57375
2015-10-08,0.0,0.0,0.0,0.0,0.0,0.0,0.0,0.0,7.356374999999999,-0.20055,1.2846875,6.5728124999999995
2015-10-09,0.0,0.0,0.0,0.0,0.0,0.0,0.0,0.0,7.355249999999999,-0.200775,1.284375,6.5718749999999995
2015-10-12,0.0,0.0,0.0,0.0,0.0,0.0,0.0,0.0,7.35825,-0.1004,1.288125,6.573281249999999
2015-10-13,0.0,0.0,0.0,0.0,0.0,0.0,0.0,0.0,7.362,0.0,1.28953125,8.7675
2015-10-14,-0.18925,0.0,0.0,0.0,0.0,0.0,0.0,0.0,7.370625,0.0,1.29578125,8.7775
2015-10-15,-0.18775,0.0,0.0,0.0,0.0,0.0,0.0,0.0,7.3657499999999985,0.0,1.29125,8.770625
2015-10-16,-0.188625,0.0,0.0,0.0,0.0,0.0,0.0,0.0,7.363125,0.1012,1.29,6.57609375
2015-10-19,-0.1865,0.0,0.0,0.0,0.0,0.0,0.0,0.0,7.36275,0.101275,1.289375,6.57796875
2015-10-20,-0.2015,0.0,0.0,0.0,0.0,0.0,0.0,0.0,7.36275,0.1011875,1.28546875,6.573281249999999
2015-10-21,-0.20175,0.0,0.0,0.0,0.0,0.0,0.0,0.0,7.362,0.100525,1.28875,6.57421875
2015-10-22,-0.201,0.0,0.0,0.0,0.0,0.0,0.0,0.0,7.362,0.1022625,1.289375,6.57703125
2015-10-23,-0.2015,0.0,0.0,0.0,0.0,0.0,0.0,0.0,7.362,0.206925,1.28390625,6.5728124999999995
2015-10-26,-0.204,0.0,0.0,0.0,0.0,0.0,0.0,0.0,7.362,0.206225,1.28578125,6.573281249999999
2015-10-27,-0.2025,0.0,0.0,0.0,0.0,0.0,0.0,0.0,7.362,0.20605,1.28828125,6.575156250000001
2015-10-28,-0.20125,0.0,0.0,0.0,0.0,0.0,0.0,0.0,7.362,0.3125625,1.28125,6.564375
2015-10-29,-0.20125,0.0,0.0,0.0,0.0,0.0,0.0,0.0,7.362,0.3125625,1.28125,6.564375
2015-10-30,-0.20125,0.0,0.0,0.0,0.0,0.0,0.0,0.0,7.362,0.3125625,1.28125,6.564375
2015-11-02,-0.20125,0.0,0.0,0.0,0.0,0.0,0.0,0.0,7.351125000000001,0.4191,1.27375,6.55640625
2015-11-03,-0.2025,0.0,0.0,0.0,0.0,0.0,0.0,0.0,7.3500000000000005,0.5254375,1.27140625,6.55453125
2015-11-04,-0.203,0.0,0.0,0.0,0.0,0.0,0.0,0.9412,7.3485,0.209525,1.2690625,6.55078125
2015-11-05,-0.20075,0.0,0.0,0.0,0.0,0.0,0.0,0.9402,7.3477500000000004,0.20945,1.26890625,6.549843749999999
2015-11-06,-0.200625,0.0,0.0,0.0,0.0,0.0,0.0,0.93945,7.336499999999999,0.209125,1.26078125,6.54328125
2015-11-09,-0.19775,0.0,0.0,0.0,0.0,0.0,0.0,0.0,4.88975,0.51725,1.259375,6.544218750000001
2015-11-10,-0.19525,0.0,0.0,0.0,0.0,0.0,0.0,0.0,4.891749999999999,0.5188125,1.2625,6.5475
2015-11-11,-0.1955,0.0,0.0,0.0,0.0,0.0,0.0,0.0,4.890999999999999,0.5179374999999999,1.2609375,6.543749999999999
2015-11-12,-0.1955,0.0,0.0,0.0,0.0,0.0,0.0,0.0,4.892,0.40985,1.26171875,6.5446875
2015-11-13,-0.193875,0.0,0.0,0.0,0.0,0.0,0.0,0.0,4.8957500000000005,0.302775,1.26515625,6.54796875
2015-11-16,-0.194625,0.0,0.0,0.0,0.0,0.0,0.0,0.0,4.8965000000000005,0.30705,1.266875,6.54890625
2015-11-17,-0.19475,0.0,0.0,0.0,0.0,0.0,0.0,0.0,4.89675,0.3067125,1.26796875,6.54796875
2015-11-18,-0.194875,0.0,0.0,0.0,0.0,0.0,0.0,0.0,4.896,0.311175,1.26625,6.54515625
2015-11-19,-0.19575,0.0,0.0,0.36749176,0.0,0.0,0.0,0.0,4.8995,0.31203749999999997,1.26765625,6.544218750000001
2015-11-20,-0.195875,0.0,0.0,0.36905685,0.0,0.0,0.0,0.0,4.89925,0.312675,1.26671875,6.5428125
2015-11-23,-0.197125,0.0,0.0,0.365387776,0.0,0.0,0.0,0.0,4.899,0.3126375,1.26765625,6.5414062500000005
2015-11-24,-0.196,0.0,0.0,0.36352480800000003,0.0,0.0,0.0,0.0,4.8985,0.3127125,1.2696875,6.543749999999999
2015-11-25,-0.196875,0.0,0.0,0.367374348,0.0,0.0,0.0,0.0,4.89925,0.4177,1.2696875,6.543749999999999
2015-11-26,-0.1966875,0.0,0.0,0.37062600300000004,0.0,0.0,0.0,0.938625,4.89925,0.10474375,1.265234375,6.527578125
2015-11-27,-0.195,0.0,0.0,0.3706015919999999,0.0,0.0,0.0,0.93705,4.9005,0.104525,1.265,6.5278125
2015-11-30,-0.197375,0.0,0.0,0.37034375399999997,0.0,0.0,0.0,0.93485,4.90175,0.104125,1.26484375,6.526406249999999
2015-12-01,-0.198125,0.0,0.0,0.369269813,0.0,0.0,0.0,0.94325,4.90475,0.105,1.27015625,6.52921875
2015-12-02,-0.196625,0.0,0.0,0.36496902800000003,0.0,0.0,0.0,0.0,4.90175,0.4164,1.26671875,6.52453125
2015-12-03,-0.19925,0.0,0.0,0.0,0.0,0.0,0.0,0.0,4.89625,0.41025,1.2559375,6.52171875
2015-12-04,-0.201625,0.0,0.0,0.0,0.0,0.0,0.0,0.0,4.89725,0.41765,1.259375,6.523125
2015-12-07,-0.19775,0.0,0.0,0.0,0.0,0.0,0.0,0.94035,4.89925,0.0,1.26265625,6.523125
2015-12-08,-0.19775,0.0,0.0,0.0,0.0,0.0,0.0,0.0,4.89975,0.41165,1.26421875,6.52453125
2015-12-09,-0.198,0.0,0.0,0.0,0.0,0.0,0.0,0.0,4.90025,0.3063375,1.26609375,6.528281250000001
2015-12-10,-0.19975,0.0,0.0,0.0,0.0,0.0,0.0,0.0,4.8975,0.3073125,1.26328125,6.526875
2015-12-11,-0.19825,0.0,0.0,0.0,0.0,0.0,0.0,0.0,4.903499999999999,0.20095,1.27140625,6.53625
2015-12-14,-0.199625,0.0,0.0,0.0,0.0,0.0,0.0,0.0,4.90025,0.10055,1.2640625,6.52921875
2015-12-15,-0.199,0.0,0.0,0.0,0.0,0.0,0.0,0.0,4.898,0.1019,1.2609375,6.5278125
2015-12-16,-0.195875,0.0,0.0,0.0,0.0,0.0,0.0,0.0,4.89525,0.103175,1.25671875,6.520312499999999
2015-12-17,-0.19825,0.0,0.0,0.0,0.0,0.0,0.0,0.0,4.896,0.1012375,1.2625,6.52125
2015-12-18,-0.1985,0.0,0.0,0.0,0.0,0.0,0.0,0.0,4.89425,0.1012375,1.26453125,6.5249999999999995
2015-12-21,-0.19775,0.0,0.0,0.0,0.0,0.0,0.0,0.0,4.89425,0.1005625,1.26578125,6.5240625
2015-12-22,-0.19525,0.0,0.0,0.0,0.0,0.0,0.0,0.0,4.893,0.1015375,1.26234375,6.520312499999999
2015-12-23,-0.194875,0.0,0.0,0.0,0.0,0.0,0.0,0.0,4.89225,0.1026375,1.260625,6.520312499999999
2015-12-24,-0.1945,0.0,0.0,0.0,0.0,0.0,0.0,0.0,4.89325,0.1026375,1.26171875,6.519375
2015-12-25,-0.1945,0.0,0.0,0.0,0.0,0.0,0.0,0.0,4.89325,0.1026375,1.26171875,6.519375
2015-12-28,-0.193,0.0,0.0,0.0,0.0,0.0,0.0,0.0,4.89275,0.1023625,1.26265625,6.519375
2015-12-29,-0.1935,0.0,0.0,0.0,0.0,0.0,0.0,0.0,4.88875,0.207125,1.25640625,4.3428125
2015-12-30,-0.19175,0.0,0.0,0.0,0.0,0.0,0.0,0.0,4.89,0.205575,1.25625,4.34375
2015-12-31,-0.19125,0.0,0.0,0.0,0.0,0.0,0.0,0.0,4.89125,0.20375,1.25921875,4.345
2016-01-01,-0.19125,0.0,0.0,0.0,0.0,0.0,0.0,0.0,4.89125,0.20375,1.25921875,4.345
2016-01-04,-0.378,0.0,0.0,0.0,0.0,0.0,0.0,0.0,4.89375,0.0993375,1.2625,4.3471875
2016-01-05,-0.378,0.0,0.0,0.0,0.0,0.0,0.0,0.0,4.89525,0.1004,1.2621875,4.3465625
2016-01-06,-0.37875,0.0,0.0,0.0,0.0,0.0,0.0,0.0,4.9,-0.0991625,1.26875,4.350625
2016-01-07,-0.3785,-0.4089,0.0,0.0,0.0,0.0,0.0,0.0,4.903,0.0,1.27140625,4.3528125
2016-01-08,-0.3825,-0.4076,0.0,0.0,0.0,0.0,0.0,0.0,4.907,0.0,1.2753125,4.3546875
2016-01-11,-0.3785,-0.3913,0.0,0.0,0.0,0.0,0.0,0.0,4.9055,0.0,1.27265625,4.3553125
2016-01-12,-0.382,-0.3847,0.0,0.0,0.0,0.0,0.0,0.0,4.90875,0.0,1.27671875,4.35625
2016-01-13,-0.38275,-0.3753,0.0,0.0,0.0,0.0,0.0,0.0,4.910499999999999,-0.094125,1.2809375,4.3584375
2016-01-14,-0.382,-0.3831,0.0,0.0,0.0,0.0,0.0,0.0,4.91125,-0.09565,1.27890625,4.35875
2016-01-15,-0.38525,-0.3639,0.0,0.0,0.0,0.0,0.0,0.0,4.9145,-0.0935125,1.285,4.3640625
2016-01-18,-0.38475,-0.357,0.0,-0.31914614399999996,0.0,0.0,0.0,0.0,4.9145,-0.09360625,1.284453125,4.36453125
2016-01-19,-0.389,-0.3577,0.0,-0.32286852,0.0,0.0,0.0,0.0,4.91325,-0.0932,1.28359375,4.3628125
2016-01-20,-0.3905,-0.3531,0.0,-0.31641319999999995,0.0,0.0,0.0,0.0,4.9167499999999995,-0.0930625,1.28875,4.36625
2016-01-21,-0.38875,-0.3618,0.0,-0.319635828,0.0,0.0,0.0,0.0,4.915,-0.0931,1.28671875,4.36625
2016-01-22,-0.39175,-0.3862,0.0,0.0,0.0,0.0,0.0,0.0,4.91225,-0.189425,1.28359375,4.36375
2016-01-25,-0.3925,-0.3728,0.0,0.0,0.0,0.0,0.0,0.0,4.914,-0.18705,1.28609375,4.3640625
2016-01-26,-0.39075,-0.3838,0.0,0.0,0.0,0.0,0.0,0.0,4.91425,-0.18965,1.2871875,4.36625
2016-01-27,-0.39025,-0.3933,0.0,0.0,0.0,0.0,0.0,0.0,4.91525,-0.28136249999999996,1.28859375,6.55078125
2016-01-28,-0.387,-0.41,0.0,0.0,0.0,0.0,0.0,0.0,4.91575,-0.2826,1.29015625,6.5531250000000005
2016-01-29,-0.196375,-0.4161,0.0,0.0,0.0,0.0,0.0,0.0,4.91975,-0.1929,1.2959375,6.557812500000001
2016-02-01,-0.196,-0.4001,0.0,0.0,0.0,0.0,0.0,0.0,4.918,-0.0966,1.2928125,6.555
2016-02-02,-0.196875,-0.389,0.0,0.0,0.0,0.0,0.0,0.0,4.9235,-0.0949125,1.30125,6.5625
2016-02-03,-0.1965,0.0,0.0,-0.3201003,0.0,0.0,0.0,0.0,7.387125000000001,-0.285975,1.30046875,6.564375
2016-02-04,-0.19575,0.0,0.0,-0.32201129700000003,0.0,0.0,0.0,0.0,7.388624999999999,-0.286275,1.30296875,6.56578125
2016-02-05,-0.1945,0.0,0.0,0.0,0.0,0.0,0.0,-0.80335,7.388624999999999,-0.0936875,1.30359375,6.563437500000001
2016-02-08,-0.192875,0.0,0.0,0.0,0.0,0.0,0.0,-0.7912,7.395,-0.0923875,1.3115625,6.57234375
2016-02-09,-0.192125,0.0,0.0,0.0,0.0,0.0,0.0,-0.7887,7.398000000000001,-0.1849,1.3125,6.5718749999999995
2016-02-10,-0.191875,0.0,0.0,-0.31044047999999996,0.0,0.0,0.0,-0.7921,7.404,-0.0922625,1.31546875,6.57046875
2016-02-11,-0.19175,0.0,0.0,-0.30567787799999996,0.0,0.0,0.0,-0.79155,7.407,-0.091225,1.32046875,6.57703125
2016-02-12,-0.191125,0.0,0.0,-0.3117144,0.0,0.0,0.0,-0.80215,7.39875,-0.09295,1.31171875,6.56859375
2016-02-15,-0.191625,0.0,0.0,-0.31764294900000006,0.0,0.0,0.0,-0.814425,7.39875,0.0,1.3084375,4.37671875
2016-02-16,-0.19275,0.0,0.0,0.0,0.0,0.0,0.0,-0.8198,7.397625,-0.1892,1.30859375,4.3775
2016-02-17,-0.1945,0.0,0.0,-0.324019,0.0,0.0,0.0,0.0,7.3957500000000005,-0.28845,1.305,4.3759375
2016-02-18,-0.193375,0.0,0.0,-0.321045685,0.0,0.0,0.0,0.0,7.401375,-0.287175,1.310625,4.378125
2016-02-19,-0.1935,0.0,0.0,-0.31869572,0.0,0.0,0.0,0.0,7.39875,-0.287175,1.30875,4.374375
2016-02-22,-0.195125,0.0,0.0,-0.32508549999999997,0.0,0.0,0.0,0.0,7.398375,-0.29122499999999996,1.30796875,4.3734375
2016-02-23,-0.192875,0.0,0.0,-0.31769847900000003,0.0,0.0,0.0,0.0,7.402875,-0.2876625,1.30953125,4.3746875
2016-02-24,-0.1915,0.0,0.0,-0.31556256,0.0,0.0,0.0,0.0,7.3998750000000015,-0.2892,1.30984375,4.3753125
2016-02-25,-0.189875,0.0,0.0,-0.31917987200000003,0.0,0.0,0.0,0.0,7.405875,-0.195,1.3134375,4.3775
2016-02-26,-0.189375,0.0,0.0,-0.32103477999999996,0.0,0.0,0.0,0.0,7.400625,-0.1945,1.3040625,4.3715625
2016-02-29,-0.187875,0.0,0.0,-0.318943128,0.0,0.0,0.0,0.0,7.401,-0.19285,1.30578125,4.371875
2016-03-01,-0.37375,0.0,0.0,0.0,0.0,0.0,0.0,0.0,7.3927499999999995,-0.1975,1.29671875,4.3659375
2016-03-02,-0.37425,0.0,0.0,0.0,0.0,0.0,0.0,0.0,7.390500000000001,-0.0992,1.29390625,4.3646875
2016-03-03,-0.37575,0.0,0.0,0.0,0.0,0.0,0.0,0.0,7.390125,-0.09955,1.295,4.3646875
2016-03-04,-0.37825,0.0,0.0,0.0,0.0,0.0,0.0,0.0,7.386000000000001,0.0,1.29140625,4.361875
2016-03-07,-0.379,0.0,0.0,0.0,0.0,0.0,0.0,0.0,7.382625000000001,0.0,1.28921875,4.358125
2016-03-08,-0.38025,0.0,0.0,0.0,0.0,0.0,0.0,0.0,7.390125,0.0,1.29546875,4.3621875
2016-03-09,-0.37875,0.0,0.0,0.0,0.0,0.0,0.0,0.0,7.387125000000001,0.0994125,1.2909375,2.18
2016-03-10,-0.3805,0.0,0.0,0.0,0.0,0.0,0.0,0.0,7.380749999999999,0.0993625,1.2859375,2.178125
2016-03-11,-0.38225,0.0,0.0,0.0,0.0,0.0,0.0,0.0,4.91725,0.20215,1.28296875,2.1771875
2016-03-14,-0.3865,0.0,0.0,0.0,0.0,0.0,0.0,0.0,4.91775,0.2009,1.284375,2.17703125
2016-03-15,-0.38675,0.0,0.0,0.0,0.0,0.0,0.0,0.0,4.9167499999999995,0.2006,1.28359375,2.17640625
2016-03-16,-0.38575,0.0,0.0,0.0,0.0,0.0,0.0,0.0,4.922999999999999,0.20165,1.29046875,0.0
2016-03-17,-0.38625,0.0,0.0,0.0,0.0,0.0,0.0,0.0,4.9205,0.203025,1.29125,0.0
2016-03-18,-0.3855,0.0,0.0,0.0,0.0,0.0,0.0,0.0,4.9225,0.20375,1.29375,0.0
2016-03-21,-0.193625,0.0,0.0,0.0,0.0,0.0,0.0,0.0,4.9195,0.30637499999999995,1.29046875,0.0
2016-03-22,-0.19375,0.0,0.0,0.0,0.0,0.0,0.0,0.0,4.917,0.30641250000000003,1.28734375,0.0
2016-03-23,-0.193,0.0,0.0,0.0,0.0,0.0,0.0,0.0,4.92025,0.30435,1.2928125,0.0
2016-03-24,-0.1935,0.0,0.0,0.0,0.0,0.0,0.0,0.0,4.9195,0.304275,1.291875,0.0
2016-03-25,-0.1935,0.0,0.0,0.0,0.0,0.0,0.0,0.0,4.9195,0.304275,1.291875,0.0
2016-03-28,-0.1939375,0.0,0.0,0.0,0.0,0.0,0.0,0.0,4.9195,0.30421875,1.293828125,0.0
2016-03-29,-0.194625,0.0,0.0,0.0,0.0,0.0,0.0,0.0,4.9245,0.3069375,1.30046875,0.0
2016-03-30,-0.192,0.0,0.0,0.0,0.0,0.0,0.0,0.0,4.92625,0.41195,1.30015625,0.0
2016-03-31,-0.184,0.0,0.0,0.0,0.0,0.0,0.0,0.0,4.929,0.4103,1.30453125,0.0
2016-04-01,-0.1845,0.0,0.0,0.0,0.0,0.0,0.0,0.0,4.9270000000000005,0.4123,1.30328125,0.0
2016-04-04,-0.184375,0.0,0.0,0.0,0.0,0.0,0.0,0.0,4.929,0.4116,1.30546875,0.0
2016-04-05,-0.185625,0.0,0.0,0.0,0.0,0.0,0.0,0.0,4.932,0.4079,1.30921875,0.0
2016-04-06,-0.1855,0.0,0.0,0.0,0.0,0.0,0.0,0.0,4.93025,0.41185,1.3065625,0.0
2016-04-07,-0.186875,0.0,0.0,0.0,0.0,0.0,0.0,0.0,4.934,0.40715,1.3125,0.0
2016-04-08,-0.18725,0.0,0.0,0.0,0.0,0.0,0.0,0.0,4.93175,0.4081,1.310625,0.0
2016-04-11,-0.184625,0.0,0.0,0.0,0.0,0.0,0.0,0.0,4.93175,0.3051375,1.31046875,0.0
2016-04-12,-0.187,0.0,0.0,0.0,0.0,0.0,0.0,0.0,4.9295,0.3081,1.30578125,0.0
2016-04-13,-0.19175,0.0,0.0,0.0,0.0,0.0,0.0,0.0,4.93,0.4151,1.3059375,0.0
2016-04-14,-0.19275,0.0,0.0,0.0,0.0,0.0,0.0,0.0,4.92825,0.5189375,1.3028125,0.0
2016-04-15,-0.1935,0.0,0.0,0.0,0.0,0.0,0.0,0.0,4.93075,0.622575,1.30640625,0.0
2016-04-18,-0.19525,0.0,0.0,0.0,0.0,0.0,0.0,0.0,4.93,0.626025,1.305,0.0
2016-04-19,-0.198125,0.0,0.0,0.0,0.0,0.0,0.0,0.0,4.92825,0.6285,1.30296875,0.0
2016-04-20,-0.202,0.0,0.0,0.0,0.0,0.0,0.0,0.9063,4.924,0.41925,1.29796875,0.0
2016-04-21,-0.19625,0.0,0.0,0.0,0.0,0.0,0.0,0.90175,4.922999999999999,0.41695,1.2959375,0.0
2016-04-22,-0.19,0.0,0.0,0.0,0.0,0.0,0.0,0.0,4.922,0.8341,1.295,0.0
2016-04-25,-0.19475,0.0,0.0,0.0,0.0,0.0,0.0,0.0,4.920750000000001,0.8332,1.29359375,0.0
2016-04-26,0.0,0.0,0.0,0.0,0.0,0.0,0.0,0.0,4.9195,0.7310625000000001,1.29109375,0.0
2016-04-27,0.0,0.0,0.0,0.0,0.0,0.0,0.0,0.0,4.92375,0.731325,1.29734375,0.0
2016-04-28,0.0,0.0,0.0,0.0,0.0,0.0,0.0,0.0,4.925,0.7257250000000001,1.3009375,0.0
2016-04-29,0.0,0.0,0.0,0.0,0.0,0.0,0.0,0.0,4.925,0.61785,1.30015625,0.0
2016-05-02,0.0,0.0,0.0,0.0,0.0,0.0,0.0,0.0,4.92325,0.6224999999999999,1.296875,0.0
2016-05-03,0.0,0.0,0.0,0.0,0.0,0.0,0.0,0.0,4.92725,0.4114,1.303125,0.0
2016-05-04,0.0,0.0,0.0,0.0,0.0,0.0,0.0,0.0,4.929,0.3070125,1.3053125,2.1875
2016-05-05,-0.190875,0.0,0.0,0.0,0.0,0.0,0.0,0.0,4.932,0.204325,1.30796875,2.18828125
2016-05-06,-0.19225,0.0,0.0,0.0,0.0,0.0,0.0,0.0,4.93025,0.2053,1.305625,2.18765625
2016-05-09,-0.188,0.0,0.0,0.0,0.0,0.0,0.0,0.0,4.93275,0.205425,1.308125,2.18890625
2016-05-10,-0.193125,0.0,0.0,0.0,0.0,0.0,0.0,0.0,4.9325,0.31166249999999995,1.308125,2.188125
2016-05-11,-0.193,0.0,0.0,0.0,0.0,0.0,0.0,0.0,4.93225,0.3089625,1.30921875,2.1878125
2016-05-12,0.0,0.0,0.0,0.0,0.0,0.0,0.0,0.0,4.93025,0.309,1.30625,2.18671875
2016-05-13,0.0,0.0,0.0,0.0,0.0,0.0,0.0,0.0,4.93175,0.30641250000000003,1.30953125,2.18703125
2016-05-16,0.0,0.0,0.0,0.0,0.0,0.0,0.0,0.0,4.929,0.30945,1.30515625,2.1853125
2016-05-17,0.0,0.0,0.0,0.0,0.0,0.0,0.0,0.0,4.9277500000000005,0.204375,1.304375,2.18375
2016-05-18,0.0,0.0,0.0,0.0,0.0,0.0,0.0,0.0,4.922249999999999,0.204275,1.29484375,2.18078125
2016-05-19,0.0,0.0,0.0,0.0,0.0,0.0,0.0,0.0,4.922249999999999,0.2038,1.29640625,2.18140625
2016-05-20,0.0,0.0,0.0,0.0,0.0,0.0,0.0,0.0,4.92275,0.20495,1.29734375,2.18140625
2016-05-23,0.0,0.0,0.0,0.0,0.0,0.0,0.0,0.0,4.922999999999999,0.2045,1.29765625,2.18109375
2016-05-24,0.0,0.0,0.0,0.0,0.0,0.0,0.0,0.0,4.920750000000001,0.31098750000000003,1.29515625,0.0
2016-05-25,0.0,0.0,0.0,0.0,0.0,0.0,0.0,0.0,4.92025,0.4176,1.29421875,0.0
2016-05-26,0.0,0.0,0.0,0.0,0.0,0.0,0.0,0.0,4.9235,0.5221875,0.0,2.18234375
2016-05-27,0.0,0.0,0.0,0.0,0.0,0.0,0.0,0.0,4.92025,0.524375,0.0,2.18
2016-05-30,0.0,0.0,0.0,0.0,0.0,0.0,0.0,0.0,4.92025,0.6304875,0.0,2.18
2016-05-31,0.0,0.0,0.0,0.0,0.0,0.0,0.0,0.0,4.9225,0.627825,0.0,2.18203125
2016-06-01,0.0,0.0,0.0,0.0,0.0,0.0,0.0,0.0,4.92125,0.7343,0.0,2.1778125
2016-06-02,0.0,0.0,0.0,0.0,0.0,0.0,0.0,0.90635,4.9235,0.42075,0.0,2.17859375
2016-06-03,0.0,0.0,0.0,0.0,0.0,0.0,0.0,0.0,4.93125,0.7341249999999999,0.0,2.18359375
2016-06-06,0.0,0.0,0.0,0.0,0.0,0.0,0.0,0.0,4.92975,0.7378875,0.0,2.1828125
2016-06-07,0.0,0.0,0.0,0.0,0.0,0.0,0.0,0.0,4.931,0.738675,0.0,2.1834375
2016-06-08,0.21725,0.0,0.0,0.0,0.0,0.0,0.0,0.9042,4.931,0.5295,1.3096875,2.18375
2016-06-09,0.216875,0.0,0.0,0.0,0.0,0.0,0.0,0.0,4.93225,0.8461,1.3109375,2.1846875
2016-06-10,0.215875,0.0,0.0,0.0,0.0,0.0,0.0,0.0,4.935,0.7336875,1.3146875,2.18609375
2016-06-13,0.220125,0.0,0.0,0.0,0.0,0.0,0.0,0.0,4.9375,0.62355,1.31796875,2.186875
2016-06-14,0.22325,0.0,0.0,0.0,0.0,0.0,0.0,0.0,4.937,0.5165625,1.3171875,4.3734375
2016-06-15,0.219625,0.0,0.0,0.0,0.0,0.0,0.0,0.0,4.940250000000001,0.4126,1.32171875,4.3784375
2016-06-16,0.217625,0.0,0.0,0.0,0.0,0.0,0.0,0.0,4.93925,0.41405,1.32203125,4.376875
2016-06-17,0.224375,0.0,0.0,0.0,0.0,0.0,0.0,0.0,4.935,0.3088125,1.31921875,6.5648437500000005
2016-06-20,0.2165,0.0,0.0,0.0,0.0,0.0,0.0,0.0,4.93175,0.311025,1.3146875,6.5596875
2016-06-21,0.0,0.0,0.0,0.0,0.0,0.0,0.0,0.0,4.93,0.4161,1.31203125,6.557812500000001
2016-06-22,0.0,0.0,0.0,0.0,0.0,0.0,0.0,0.0,4.93075,0.41545,1.31375,6.560625
2016-06-23,0.0,0.0,0.0,0.0,0.0,0.0,0.0,0.0,4.92725,0.63135,1.30765625,6.55453125
2016-06-24,0.0,0.0,0.0,0.0,0.0,0.0,0.0,0.0,4.9375,0.30386250000000004,1.32421875,4.3821875
2016-06-27,0.0,0.0,0.0,0.0,0.0,0.0,0.0,0.0,4.94375,0.09935,1.33296875,4.385625
2016-06-28,0.0,0.0,0.0,0.0,0.0,0.0,0.0,0.0,4.943,0.1013625,1.333125,4.3853125
2016-06-29,0.0,0.0,0.0,0.0,0.0,0.0,0.0,0.0,4.940250000000001,0.103275,1.32796875,6.57421875
2016-06-30,0.0,0.0,0.0,0.0,0.0,0.0,0.0,0.0,4.941749999999999,0.10435,1.3296875,6.579375000000001
2016-07-01,0.0,0.0,0.0,0.0,0.0,0.0,0.0,0.0,4.94225,0.1047875,1.33265625,6.578906249999999
2016-07-04,0.0,0.0,0.0,0.0,0.0,0.0,0.0,0.0,4.94225,0.2098875,1.3334375,6.579140624999999
2016-07-05,0.0,0.0,0.0,0.0,0.0,0.0,0.0,0.0,4.94525,0.2082,1.33828125,6.5821875
2016-07-06,0.0,0.0,0.0,0.0,0.0,0.0,0.0,0.0,4.945,0.20925,1.33765625,6.579375000000001
2016-07-07,-0.174,0.0,0.0,0.0,0.0,0.0,0.0,0.0,4.945,0.31365,1.3365625,6.57796875
2016-07-08,-0.1815,0.0,0.0,0.0,0.0,0.0,0.0,0.0,4.9472499999999995,0.318075,1.3378125,6.575156250000001
2016-07-11,-0.17825,0.0,0.0,0.0,0.0,0.0,0.0,0.0,4.9425,0.3195375,1.3315625,6.57
2016-07-12,-0.18,0.0,0.0,0.0,0.0,0.0,0.0,0.0,4.939,0.321675,1.3246875,6.56578125
2016-07-13,-0.185125,0.0,0.0,0.0,0.0,0.0,0.0,0.0,4.94125,0.42905,1.3275,6.567187499999999
2016-07-14,-0.1815,0.0,0.0,0.0,0.0,0.0,0.0,0.0,4.93775,0.43125,1.32375,6.564375
2016-07-15,-0.179125,0.0,0.0,0.0,0.0,0.0,0.0,0.0,4.937,0.5385,1.31921875,6.560625
2016-07-18,-0.181625,0.0,0.0,0.0,0.0,0.0,0.0,0.0,4.93625,0.5397500000000001,1.3196875,6.5610937499999995
2016-07-19,-0.175125,0.0,0.0,0.0,0.0,0.0,0.0,0.0,4.9365,0.5399375,1.3225,6.56296875
2016-07-20,-0.17225,0.0,0.0,0.0,0.0,0.0,0.0,0.0,4.9345,0.6501,1.3196875,6.5596875
2016-07-21,-0.169875,0.0,0.0,0.0,0.0,0.0,0.0,0.0,4.935,0.64755,1.32265625,6.563437500000001
2016-07-22,-0.171625,0.0,0.0,0.0,0.0,0.0,0.0,0.0,4.93375,0.65025,1.32125,6.5601562499999995
2016-07-25,-0.170875,0.0,0.0,0.0,0.0,0.0,0.0,0.9312,4.9325,0.32430000000000003,1.3203125,8.7425
2016-07-26,-0.169875,0.0,0.0,0.0,0.0,0.0,0.0,0.93245,4.934,0.3244125,1.32125,8.744375
2016-07-27,-0.1715,0.0,0.0,0.0,0.0,0.0,0.0,0.9416,4.937,0.3242625,1.32578125,8.74875
2016-07-28,-0.169875,0.0,0.0,0.0,0.0,0.0,0.0,0.94405,4.937,0.3246375,1.32625,8.7525
2016-07-29,-0.171125,0.0,0.0,0.0,0.0,0.0,0.0,0.946,4.94075,0.325575,1.3309375,8.76125
2016-08-01,-0.167375,0.0,0.0,0.0,0.0,0.0,0.0,0.949,4.939500000000001,0.3247125,1.32796875,8.756875
2016-08-02,-0.167125,0.0,0.0,0.0,0.0,0.0,0.0,0.9429,4.9375,0.32294999999999996,1.32546875,8.7575
2016-08-03,-0.167875,0.0,0.0,0.0,0.0,0.0,0.0,0.94555,4.938,0.32355,1.32578125,8.756875
2016-08-04,-0.165375,0.0,0.0,0.0,0.0,0.0,0.0,0.9487,4.940250000000001,0.32385,1.32953125,8.76125
2016-08-05,-0.166625,0.0,0.0,0.0,0.0,0.0,0.0,0.95675,4.934,0.43535,1.320625,8.74875
2016-08-08,-0.1675,0.0,0.0,0.0,0.0,0.0,0.0,0.9559,4.9335,0.43515,1.32046875,8.74875
2016-08-09,-0.166625,0.0,0.0,0.0,0.0,0.0,0.0,0.95835,4.935499999999999,0.5444375,1.3234375,8.75125
2016-08-10,-0.1665,0.0,0.0,0.0,0.0,0.0,0.0,0.95625,4.93825,0.5431874999999999,1.32734375,8.75625
2016-08-11,-0.166,0.0,0.0,0.0,0.0,0.0,0.0,0.95995,4.935,0.5454375,1.32046875,8.74625
2016-08-12,-0.16675,0.0,0.0,0.0,0.0,0.0,0.0,0.96085,4.935,0.654075,1.32546875,8.753125
2016-08-15,-0.169,0.0,0.0,0.0,0.0,0.0,0.0,0.96455,4.935,0.655875,1.32203125,8.74875
2016-08-16,-0.168875,0.0,0.0,0.0,0.0,0.0,0.0,0.95995,4.935499999999999,0.6531,1.31984375,8.745
2016-08-17,-0.169875,0.0,0.0,0.0,0.0,0.0,0.0,0.9607,4.936,0.654,1.3221875,8.748125
2016-08-18,-0.1715,0.0,0.0,0.0,0.0,0.0,0.0,0.96145,4.93725,0.654975,1.3240625,8.750625
2016-08-19,-0.172,0.0,0.0,0.0,0.0,0.0,0.0,0.9614,4.9345,0.654525,1.31953125,8.745
2016-08-22,-0.171625,0.0,0.0,0.0,0.0,0.0,0.0,0.9625,4.93675,0.654525,1.3225,8.745625
2016-08-23,-0.16875,0.0,0.0,0.0,0.0,0.0,0.0,0.96345,4.936,0.655575,1.3228125,8.745625
2016-08-24,-0.16825,0.0,0.0,0.0,0.0,0.0,0.0,0.9575,4.93625,0.652575,1.3221875,8.744375
2016-08-25,-0.166125,0.0,0.0,0.0,0.0,0.0,0.0,0.9565,4.93425,0.651975,1.3203125,8.740625
2016-08-26,-0.162625,0.0,0.0,0.0,0.0,0.0,0.0,0.9572,4.9305,0.650625,1.31484375,8.7325
2016-08-29,-0.1605,0.0,0.0,0.0,0.0,0.0,0.0,0.95855,4.93425,0.7627375000000001,1.3196875,8.7375
2016-08-30,-0.157875,0.0,0.0,0.0,0.0,0.0,0.0,0.9553,4.9335,0.761425,1.309375,8.739375
2016-08-31,-0.31525,0.0,0.0,0.0,0.0,0.0,0.0,0.955,4.93275,0.7595875,1.30828125,8.73
2016-09-01,-0.3235,0.0,0.0,0.0,0.0,0.0,0.0,0.9554,4.933,0.7584500000000001,1.3096875,8.7325
2016-09-02,-0.32875,0.0,0.0,0.0,0.0,0.0,0.0,0.95895,4.933,0.7623,1.30734375,8.73125
2016-09-05,-0.3275,0.0,0.0,0.0,0.0,0.0,0.0,0.957575,4.933,0.76199375,1.30671875,8.72875
2016-09-06,-0.327,0.0,0.0,0.0,0.0,0.0,0.0,0.96555,4.938,0.983025,1.31390625,8.74125
2016-09-07,-0.166875,0.0,0.0,0.0,0.0,0.0,0.0,0.9658,4.938,1.092375,1.31375,8.739375
2016-09-08,-0.169,0.0,0.0,0.0,0.0,0.0,0.0,0.95905,4.935,1.08875,1.30796875,8.733125
2016-09-09,-0.17,0.0,0.0,0.0,0.0,0.0,0.0,0.95905,4.9315,0.5307499999999999,1.3034375,8.730625
2016-09-12,-0.170125,0.0,0.0,0.0,0.0,0.0,0.0,0.9524,4.933250000000001,0.5393749999999999,1.305,8.73375
2016-09-13,-0.165125,0.0,0.0,0.0,0.0,0.0,0.0,0.9448,4.9305,0.3184125,1.3009375,8.73
2016-09-14,-0.166125,0.0,0.0,0.0,0.0,0.0,0.0,0.9457,4.933250000000001,0.2114,1.30390625,8.73625
2016-09-15,-0.164625,0.0,0.0,0.0,0.0,0.0,0.0,0.9628,4.93425,0.213775,1.305,8.74
2016-09-16,-0.168125,0.0,0.0,0.0,0.0,0.0,0.0,0.96275,4.93275,0.2132,1.30484375,8.7325
2016-09-19,-0.168625,0.0,0.0,0.0,0.0,0.0,0.0,0.95895,4.92975,0.2133,1.3034375,8.731875
2016-09-20,-0.16975,0.0,0.0,0.0,0.0,0.0,0.0,0.96,4.93,0.21305,1.305,8.7325
2016-09-21,-0.1695,0.0,0.0,0.0,0.0,0.0,0.0,0.9699,4.93,0.215625,1.306875,8.7325
2016-09-22,-0.168125,0.0,0.0,0.0,0.0,0.0,0.0,0.9773,4.932,0.216825,1.3090625,8.7325
2016-09-23,-0.167625,0.0,0.0,0.0,0.0,0.0,0.0,0.9716,4.933250000000001,0.3238125,2.6196875,6.5521875000000005
2016-09-26,-0.164375,0.0,0.0,0.0,0.0,0.0,0.0,0.96295,4.934749999999999,0.321,2.6275,6.555937500000001
2016-09-27,-0.166,0.0,0.0,0.0,0.0,0.0,0.0,0.9721,4.935499999999999,0.3229125,2.6296875,6.556875
2016-09-28,-0.164875,0.0,0.0,0.0,0.0,0.0,0.0,0.97345,4.935,0.32445,2.6278125,6.555
2016-09-29,-0.164625,0.0,0.0,0.0,0.0,0.0,0.0,0.969,4.93575,0.3223125,2.630625,6.557343749999999
2016-09-30,-0.168125,0.0,0.0,0.0,0.0,0.0,0.0,0.97315,4.9335,0.32385,2.624375,6.55359375
2016-10-03,-0.173,0.0,0.0,0.0,0.0,0.0,0.0,0.9733,4.93225,0.323025,2.6190625,6.549843749999999
2016-10-04,-0.174,0.0,0.0,0.0,0.0,0.0,0.0,0.97165,4.93,0.3217125,2.6096875,6.546093750000001
2016-10-05,-0.17375,0.0,0.0,0.0,0.0,0.0,0.0,0.9746,4.9282495,0.323025,2.605625,6.5446875
2016-10-06,-0.1705,0.0,0.0,0.0,0.0,0.0,0.0,0.9744,2.46325,0.323475,2.599375,4.3609375
2016-10-07,-0.169875,0.0,0.0,0.0,0.0,0.0,0.0,0.9719,2.463625,0.321975,2.6028125,4.361875
2016-10-10,-0.1715,0.0,0.0,0.0,0.0,0.0,0.0,0.9787,2.4625,0.3238875,2.5959375,4.35875
2016-10-11,-0.17275,0.0,0.0,0.0,0.0,0.0,0.0,0.9654,2.463,0.320175,2.5971875,4.35875
2016-10-12,-0.168625,0.0,0.0,0.0,0.0,0.0,0.0,0.96275,2.462875,0.21315,2.5971875,4.359375
2016-10-13,-0.174875,0.0,0.0,0.0,0.0,0.0,0.0,0.95935,2.46425,0.106325,2.6025,4.3609375
2016-10-14,0.0,0.0,0.0,0.0,0.0,0.0,0.0,0.96085,2.463375,0.0,2.59625,4.3615625
2016-10-17,0.0,0.0,0.0,0.0,0.0,0.0,0.0,0.9608,2.46375,0.0,2.6025,4.3634375
2016-10-18,0.0,0.0,0.0,0.0,0.0,0.0,0.0,0.9654,2.46449975,0.0,2.6065625,4.364375
2016-10-19,0.0,0.0,0.0,0.0,0.0,0.0,0.0,0.9664,2.464625,0.0,2.606875,4.365
2016-10-20,0.0,0.0,0.0,0.0,0.0,0.0,0.0,0.96885,2.464375,0.0,2.6046875,4.3634375
2016-10-21,0.0,0.0,0.0,0.0,0.0,0.0,0.0,0.96865,2.464375,0.1067375,2.6071875,4.3634375
2016-10-24,0.0,0.0,0.0,0.33572749131839996,0.0,0.0,0.0,0.98065,2.46375,0.107225,2.6034375,4.3628125
2016-10-25,0.0,0.0,0.0,0.33569328312846003,-0.762375,0.0,0.0,0.9776,2.4635000000000002,0.32077500000000003,2.6034375,4.3625
2016-10-26,0.0,0.0,0.0,0.334642666471456,-0.7658125,0.0,0.0,0.97065,2.4625,0.3200625,2.598125,4.3615625
2016-10-27,0.0,0.0,0.0,0.33456845366845,-0.7611875,0.0,0.0,0.9614,2.4614999999999996,0.1062,2.5896875,4.36
2016-10-28,0.0,0.0,0.0,0.33564051836724496,-0.7624375,0.0,0.0,0.96115,2.461875,0.1061875,2.59125,4.3621875
2016-10-31,0.0,0.0,0.0,0.335125629900696,-0.76575,0.0,0.0,0.0,2.462125,0.318525,2.59375,6.543749999999999
2016-11-01,0.0,0.0,0.0,0.329638962744496,-0.76575,0.0,0.0,0.0,2.462875,0.3153,2.5946875,6.545624999999999
2016-11-02,0.0,0.0,0.0,0.32898373752807497,-0.769125,0.0,0.0,0.0,2.4635000000000002,0.209025,2.6003125,8.73125
2016-11-03,0.0,0.0,0.0,0.0,0.0,0.0,0.0,0.0,2.463375,0.0,2.6003125,8.73375
2016-11-04,-0.193,0.0,0.0,0.0,0.0,0.0,0.0,0.0,2.464,0.0,2.6065625,8.7375
2016-11-07,-0.1925,0.0,0.0,0.0,0.0,0.0,0.0,0.0,2.462625,0.1065,2.596875,6.5503125
2016-11-08,-0.1955,0.0,0.0,0.0,0.0,0.0,0.0,0.0,2.46125,0.213475,2.5890625,6.54515625
2016-11-09,-0.19025,0.0,0.0,0.0,0.0,0.0,0.0,0.0,2.455375,0.4321,1.27953125,6.53953125
2016-11-10,-0.1905,0.0,0.0,0.33318771504231603,0.0,0.0,0.0,0.0,2.45325,0.32501250000000004,1.27390625,6.5390625
2016-11-11,-0.189875,0.0,0.0,0.33046509442301997,0.0,0.0,0.0,0.0,2.45075,0.324225,1.2715625,6.53625
2016-11-14,-0.187875,0.0,0.0,0.32903854808915406,0.0,0.0,0.0,0.0,2.449125,0.3241875,1.26578125,6.5296875000000005
2016-11-15,-0.189625,0.0,0.0,0.3292801043972399,0.0,0.0,0.0,0.0,2.44875,0.326775,1.26484375,6.5287500000000005
2016-11-16,-0.188625,0.0,0.0,0.324393895913472,0.0,0.0,0.0,0.0,2.44925,0.4345,1.26515625,6.5287500000000005
2016-11-17,-0.18925,0.0,0.0,0.326626703358312,0.0,0.0,0.0,0.0,2.44849975,0.546,1.26046875,6.5249999999999995
2016-11-18,-0.191125,0.0,0.0,0.32128430483377,0.0,0.0,0.0,0.0,2.446375,0.545,1.255,6.52171875
2016-11-21,-0.192875,0.0,0.0,0.322382356737948,0.0,0.0,0.0,0.0,2.446375,0.5480625,1.2565625,6.520781250000001
2016-11-22,-0.19375,0.0,0.0,0.0,0.0,0.0,0.0,0.97485,0.0,0.44015,1.25765625,6.52125
2016-11-23,-0.193625,0.0,0.0,0.0,0.0,0.0,0.0,0.9704,0.0,0.4402,1.25328125,6.516562500000001
2016-11-24,-0.1933125,0.0,0.0,0.0,0.0,0.0,0.0,0.972275,0.0,0.441325,1.25328125,6.514453124999999
2016-11-25,-0.193375,0.0,0.0,0.0,0.0,0.0,0.0,0.974,0.0,0.552875,1.2525,6.5175
2016-11-28,-0.194,0.0,0.0,0.0,0.0,0.0,0.0,0.97185,0.0,0.550125,1.25703125,6.519375
2016-11-29,-0.1906875,0.0,0.0,0.0,0.0,0.0,0.0,0.978325,0.0,0.55146875,1.250546875,6.505546875
2016-11-30,-0.189875,0.0,0.0,0.0,0.0,0.0,0.0,0.96415,0.0,0.5499375,1.2440625,6.50390625
2016-12-01,-0.187875,0.0,0.0,0.31934289110789,0.0,0.0,0.0,0.0,0.0,0.6574500000000001,1.23984375,6.4996875
2016-12-02,-0.189125,0.0,0.0,0.3216305655465981,0.0,0.0,0.0,0.0,0.0,0.657975,1.24453125,6.50578125
2016-12-05,-0.19425,0.0,0.0,0.32401228504229906,0.0,0.0,0.0,0.0,0.0,0.6610499999999999,1.24421875,6.5034375
2016-12-06,-0.194125,0.0,0.0,0.33562971024391597,0.0,0.0,0.0,0.0,0.0,0.773675,1.245,4.33625
2016-12-07,-0.19375,0.0,0.0,0.338443392289387,0.0,0.0,0.0,0.0,0.0,0.7828625,1.24828125,4.338125
2016-12-08,-0.192,0.0,0.0,0.343278772807848,0.0,0.0,0.0,0.9723,0.0,0.56175,1.24453125,4.3371875
2016-12-09,-0.19375,0.0,0.0,0.34090909087716,0.0,0.0,0.0,0.97865,0.0,0.5650000000000001,1.2396875,4.3359375
2016-12-12,-0.194375,0.0,0.0,0.33653136463111194,0.0,0.0,0.0,0.9747,0.0,0.5645,1.23984375,4.3353125
2016-12-13,-0.195,0.0,0.0,0.34448231663676604,0.0,0.0,0.0,0.98775,0.0,0.5670625,1.24015625,4.3340625
2016-12-14,-0.195125,0.0,0.0,0.34006804811896807,0.0,0.0,0.0,0.9872,0.0,0.6757500000000001,1.230625,2.16234375
2016-12-15,-0.19275,0.0,0.0,0.33916778144800397,0.0,0.0,0.0,0.98735,0.0,0.6778500000000001,1.22671875,2.16171875
2016-12-16,-0.19375,0.0,0.0,0.3374986782432371,0.0,0.0,0.0,0.98305,0.0,0.676575,1.228125,2.1621875
2016-12-19,-0.192125,0.0,0.0,0.338455095435294,0.0,0.0,0.0,0.9873,0.0,0.6774,1.233125,2.1634375
2016-12-20,-0.190875,0.0,0.0,0.33964421439313996,0.0,0.0,0.0,0.9907,0.0,0.7931874999999999,1.23140625,0.0
2016-12-21,-0.1895,0.0,0.0,0.33912408542776,0.0,0.0,0.0,0.9897,0.0,0.791,1.233125,0.0
2016-12-22,-0.188625,0.0,0.0,0.33997705972297204,0.0,0.0,0.0,0.987,0.0,0.790125,1.2328125,0.0
2016-12-23,-0.18875,0.0,0.0,0.340572136020396,0.0,0.0,0.0,0.9881,0.0,0.7910875,1.23359375,0.0
2016-12-26,-0.18875,0.0,0.0,0.340572136020396,0.0,0.0,0.0,0.9881,0.0,0.7910875,1.23359375,0.0
2016-12-27,-0.191875,0.0,0.0,0.341486348606271,0.0,0.0,0.0,0.99285,0.0,0.7915249999999999,1.231875,0.0
2016-12-28,-0.18925,0.0,0.0,0.340871000383848,0.0,0.0,0.0,0.9852,0.0,0.7861,1.23609375,0.0
2016-12-29,-0.189625,0.0,0.0,0.33958919740767,0.0,0.0,0.0,0.9831,0.0,0.7856625,1.23890625,0.0
2016-12-30,-0.18975,0.0,0.0,0.345585138511736,0.0,0.0,0.0,0.97235,0.0,0.7821625,1.24125,0.0
2017-01-02,-0.18975,0.0,0.0,0.347171004592115,0.0,0.0,0.0,0.97235,0.0,0.7821625,1.24125,0.0
2017-01-03,-0.191625,0.0,0.0,0.3460692875871,0.0,0.0,0.0,0.97715,0.0,0.785225,1.24078125,0.0
2017-01-04,-0.1935,0.0,0.0,0.344472188652267,0.0,0.0,0.0,0.98685,0.0,0.7926625,1.24203125,0.0
2017-01-05,-0.194375,0.0,0.0,0.34803198915616407,0.0,0.0,0.0,0.9922,0.0,0.7924875,1.24953125,0.0
2017-01-06,-0.192875,0.0,0.0,0.351064949106227,0.0,0.0,0.0,1.0008,0.0,0.79485,1.24390625,0.0
2017-01-09,-0.1935,0.0,0.0,0.694965231562914,0.0,0.0,0.0,1.0041,0.0,0.792575,1.24796875,0.0
2017-01-10,-0.193125,0.0,0.0,0.69801927375899,0.0,0.0,0.0,1.0067,0.0,0.7924875,1.24765625,0.0
2017-01-11,-0.19275,0.0,0.0,0.6985636021138821,0.0,0.0,0.0,1.00935,0.0,0.7947625,1.24828125,0.0
2017-01-12,-0.192875,0.0,0.0,0.69731965277154,0.0,0.0,0.0,1.0072,0.0,0.7923125,1.24921875,0.0
2017-01-13,-0.193375,0.0,0.0,0.7025363538265598,0.0,0.0,0.0,1.0121,0.0,0.7949375,1.24625,0.0
2017-01-16,-0.192625,0.0,0.0,0.698628646371756,0.0,0.0,0.0,1.010775,0.0,0.79358125,1.248359375,0.0
2017-01-17,-0.196125,0.0,0.0,0.347798414706534,0.0,0.0,0.0,1.0081,0.0,0.9052,1.25234375,0.0
2017-01-18,-0.1955,0.0,0.0,0.35274597775967503,0.0,0.0,0.0,1.00985,0.0,0.9067,1.24453125,0.0
2017-01-19,-0.1965,0.0,0.0,0.348149715303784,0.0,0.0,0.0,1.00985,0.0,0.9039,1.2409375,0.0
2017-01-20,-0.197875,0.0,0.0,0.35074627292271,0.0,0.0,0.0,1.0113,0.0,0.9063,1.241875,0.0
2017-01-23,0.0,0.0,0.0,0.35080384451232,0.0,0.0,0.0,1.01255,0.0,0.9047,1.248125,0.0
2017-01-24,0.0,0.0,0.0,0.353821314166694,0.0,0.0,0.0,1.0192,0.0,0.9099,1.2434375,0.0
2017-01-25,0.0,0.0,0.0,0.7128755871275281,0.0,0.0,0.0,1.0293,0.0,0.8029,1.23828125,0.0
2017-01-26,0.0,0.0,0.0,0.7120102975812161,0.0,0.0,0.0,1.0296,0.0,0.8028124999999999,1.24,0.0
2017-01-27,0.0,0.0,0.0,0.70470085201228,0.0,0.0,0.0,1.0326,0.0,0.8014125000000001,1.24109375,0.0
2017-01-30,0.0,0.0,0.0,0.350128640867006,0.0,0.0,0.0,1.0248,0.0,0.9103,1.24125,0.0
2017-01-31,-0.193375,0.0,0.0,0.346788007987742,0.0,0.0,0.0,1.0235,0.0,0.9102,1.24484375,2.16796875
2017-02-01,-0.19775,0.0,0.0,0.351803848183132,0.0,0.0,0.0,1.03,0.0,0.9103,1.2428125,2.1675
2017-02-02,0.0,0.0,0.0,0.35100191831745603,0.0,0.0,0.0,1.0266,0.0,0.9104,1.243125,2.16796875
2017-02-03,0.0,0.0,0.0,0.35245989632497005,0.0,0.0,0.0,1.03135,0.0,0.9169,1.24359375,2.168125
2017-02-06,0.0,0.0,0.0,0.34886733055019997,0.0,0.0,0.0,1.03175,0.0,0.9147,1.24921875,2.17015625
2017-02-07,0.0,0.0,0.0,0.34808766174324,0.0,0.0,0.0,1.03535,0.0,0.9151,1.25046875,2.16953125
2017-02-08,0.0,0.0,0.0,0.34589113167654495,0.0,0.0,0.0,1.0384,2.44425,0.9164,1.25453125,4.34125
2017-02-09,0.0,0.0,0.0,0.35005346571178203,0.0,0.0,0.0,1.04155,2.4427499999999998,0.9213,1.24875,4.3384375
2017-02-10,0.0,0.0,0.0,0.349077710724056,0.0,0.0,0.0,1.0451,2.442,0.925,1.2478125,4.3375
2017-02-13,0.0,0.0,0.0,0.350748647725491,0.0,0.0,0.0,1.0517,2.44125,0.9305,1.24609375,4.336875
2017-02-14,0.0,0.0,0.0,0.351861651502706,0.0,0.0,0.0,1.05515,2.44,1.0519875,1.241875,4.3334375
2017-02-15,0.0,0.0,0.0,0.3515914019947,0.0,0.0,0.0,1.061,2.4388750000000003,1.0571625,1.2396875,4.3315625
2017-02-16,0.0,0.0,0.0,0.351749708892473,0.0,0.0,0.0,1.06055,2.4405,1.0555875000000001,1.24421875,4.335625
2017-02-17,0.0,0.0,0.0,0.354291220486959,0.0,0.0,0.0,1.0648,2.441125,1.0566,1.24734375,4.3378125
2017-02-20,0.0,0.0,0.0,0.35167870080522995,0.0,0.0,0.0,1.06825,2.441125,1.05913125,1.246875,4.33765625
2017-02-21,0.0,0.0,0.0,0.35484556599949196,0.0,0.0,0.0,1.06965,2.440375,1.062675,1.24671875,4.3375
2017-02-22,0.0,0.0,0.0,0.352072593927284,0.0,0.0,0.0,1.06975,2.441,1.18025,1.248125,4.33875
2017-02-23,0.0,0.0,0.0,0.352010140229112,0.0,0.0,0.0,1.0664,2.442125,1.181125,1.25109375,4.34125
2017-02-24,0.0,0.0,0.0,0.349978876591305,0.0,0.0,0.0,1.06805,2.444125,1.181625,1.25578125,4.3446875
2017-02-27,0.0,0.0,0.0,0.350834577441282,0.0,0.0,0.0,1.06955,2.442125,1.1840000000000002,1.2459375,4.34125
2017-02-28,0.0,0.0,0.0,0.35094220393908004,0.0,0.0,0.0,1.06645,2.442,1.18075,1.2453125,4.326875
2017-03-01,0.0,0.0,0.0,0.35823734056809,0.0,0.0,0.0,1.0773,2.439,1.196375,1.2375,4.321875
2017-03-02,0.0,0.0,0.0,0.35647319555395196,0.0,0.0,0.0,1.07225,2.43774975,1.19025,1.2353125,4.319375
2017-03-03,0.0,0.0,0.0,0.357638176204068,0.0,0.0,0.0,1.0743,2.43774975,1.190375,1.23640625,4.32
2017-03-06,0.0,0.0,0.0,0.36046263728097,0.0,0.0,0.0,1.07195,2.43825,1.18725,1.23625,4.3203125
2017-03-07,0.0,0.0,0.0,0.35820106375210004,0.0,0.0,0.0,1.06985,2.437875,1.183625,1.23421875,4.318125
2017-03-08,0.0,0.0,0.0,0.35758086621931007,0.0,0.0,0.0,1.07225,2.43675,1.1815,1.2309375,4.31625
2017-03-09,0.0,0.0,0.0,0.359974672079238,0.0,0.0,0.0,1.0727,2.435125,1.182125,1.228125,4.3153125
2017-03-10,0.0,0.0,0.0,0.361393455849714,0.0,0.0,0.0,1.0765,2.4353750000000005,1.1855,1.23015625,2.1584375
2017-03-13,0.0,0.0,0.0,0.7319003464683719,0.0,0.0,0.0,1.0792,2.435125,1.068525,1.226875,0.0
2017-03-14,0.0,0.0,0.0,0.7083022054921321,-0.7615,0.0,0.0,1.0772,2.435,1.063575,1.228125,0.0
2017-03-15,-0.19275,0.0,0.0,0.711040336993156,-0.770125,0.0,0.0,1.08345,2.438125,1.0706625,1.23765625,0.0
2017-03-16,-0.193875,0.0,0.0,0.7229562788026599,0.0,0.0,0.0,1.0832,2.43825,1.070775,1.23421875,0.0
2017-03-17,-0.194875,0.0,0.0,0.7260583875203198,0.0,0.0,0.0,1.08185,2.4385000000000003,1.0688624999999998,1.2375,0.0
2017-03-20,-0.193,0.0,0.0,0.721935515712582,0.0,0.0,0.0,1.0834,2.43949975,1.066275,1.240625,0.0
2017-03-21,-0.192375,0.0,0.0,0.35905428221386093,0.0,0.0,0.0,1.067,2.439375,0.9364,1.24421875,0.0
2017-03-22,-0.19075,0.0,0.0,0.361467885576404,0.0,0.0,0.0,1.073,2.440625,0.9369,1.2446875,0.0
2017-03-23,-0.18975,0.0,0.0,0.36344016160896797,0.0,0.0,0.0,1.0715,2.43975,0.9365,1.2434375,0.0
2017-03-24,-0.189625,0.0,0.0,0.36315621456969305,0.0,0.0,0.0,1.0746,2.439875,0.9371,1.24390625,0.0
2017-03-27,-0.19,0.0,0.0,0.365401288712343,0.0,0.0,0.0,1.07535,2.440625,0.9355,1.24671875,0.0
2017-03-28,-0.190375,0.0,0.0,0.365780128180464,0.0,0.0,0.0,1.0816,2.439375,0.9415,1.24296875,0.0
2017-03-29,-0.19075,0.0,0.0,0.363578051591118,0.0,0.0,0.0,1.0873,2.44025,0.943,1.24609375,0.0
2017-03-30,-0.19075,0.0,0.0,0.36446203000548005,0.0,0.0,0.0,1.08835,2.4388750000000003,0.9456,1.24328125,0.0
2017-03-31,-0.194375,0.0,0.0,0.36649216151240005,0.0,0.0,0.0,1.08785,2.439875,0.9439,1.245625,0.0
2017-04-03,-0.19575,0.0,0.0,0.364296361827872,0.0,0.0,0.0,1.08735,2.4423749999999997,0.9424,1.25109375,0.0
2017-04-04,-0.194,0.0,0.0,0.36527777638416997,0.0,0.0,0.0,1.08895,2.441625,1.0611000000000002,1.24953125,0.0
2017-04-05,0.0,0.0,0.0,0.36168395531180003,0.0,0.0,0.0,1.08325,2.442875,0.938,1.2525,0.0
2017-04-06,0.0,0.0,0.0,0.36384926936784395,0.0,0.0,0.0,1.08445,2.443,0.9414,1.25125,0.0
2017-04-07,0.0,0.0,0.0,0.365020229567682,0.0,0.0,0.0,1.08445,2.4415,0.9412,1.2471875,0.0
2017-04-10,0.0,0.0,0.0,0.36046145253099793,0.0,0.0,0.0,1.0844,2.442125,0.941,1.2490625,0.0
2017-04-11,0.0,0.0,0.0,0.36237265419915,0.0,0.0,0.0,1.07975,2.444375,0.9403,1.25453125,0.0
2017-04-12,0.0,0.0,0.0,0.36182245949407,0.0,0.0,0.0,1.07575,2.446125,0.8204,1.25734375,2.166875
2017-04-13,0.0,0.0,0.0,0.358606776678469,0.0,0.0,0.0,1.0701,2.446125,0.581375,1.2603125,2.16734375
2017-04-14,0.0,0.0,0.0,0.358606776678469,0.0,0.0,0.0,1.0701,2.446125,0.581375,1.2603125,2.16734375
2017-04-17,0.0,0.0,0.0,0.358606776678469,0.0,0.0,0.0,1.0794,2.446,0.5861875,1.25890625,2.1675
2017-04-18,0.0,0.0,0.0,0.355420699416405,0.0,0.0,0.0,1.07795,2.448,0.5844375,1.26546875,2.1690625
2017-04-19,0.0,0.0,0.0,0.35844563341064406,0.0,0.0,0.0,1.07985,2.447125,0.583625,1.26203125,2.16859375
2017-04-20,0.0,0.0,0.0,0.36131022319948797,0.0,0.0,0.0,1.0885,2.446,0.5879375,1.2596875,2.16796875
2017-04-21,-0.190625,0.0,0.0,0.361842109154438,0.0,0.0,0.0,1.08835,2.4454999999999996,0.7041,1.2609375,4.3378125
2017-04-24,-0.191625,0.0,0.0,0.38221894878133506,0.0,0.0,0.0,1.1006,2.444875,0.71055,1.25828125,4.33375
2017-04-25,-0.194375,0.0,0.0,0.38222509744076194,0.0,0.0,0.0,1.1095,2.443125,0.7153499999999999,1.253125,4.3303125
2017-04-26,-0.19175,0.0,0.0,0.382270037485842,0.0,0.0,0.0,1.10755,2.44425,0.8340500000000001,1.2559375,4.331875
2017-04-27,-0.192875,0.0,0.0,0.38192173333335894,0.0,0.0,0.0,1.11645,2.444625,0.8351000000000001,1.2565625,4.3328125
2017-04-28,-0.191875,0.0,0.0,0.38003152978296,0.0,0.0,0.0,1.1163,2.4447500000000004,0.9522,1.25703125,4.3325
2017-05-01,0.0,0.0,0.0,0.38003152978296,0.0,0.0,0.0,1.1255,2.444,1.073475,1.255,4.3315625
2017-05-02,0.0,0.0,0.0,0.3854125917928469,0.0,0.0,0.0,1.1278,2.444875,1.07415,1.2575,4.3325
2017-05-03,0.0,0.0,0.0,0.38668474807747205,0.0,0.0,0.0,1.1233,2.444125,1.0724625,1.25453125,4.3296875
2017-05-04,0.0,0.0,0.0,0.389934225500047,0.0,0.0,0.0,1.1244,2.44325,1.0729125,1.25203125,4.3290625
2017-05-05,0.0,0.0,0.0,0.40027676671759505,0.0,0.0,0.0,1.1291,2.44375,1.0782,1.2528125,4.3290625
2017-05-08,0.0,0.0,0.0,0.395513067948923,0.0,0.0,0.0,1.13105,2.443125,1.0776375,1.24953125,4.3271875
2017-05-09,-0.192375,0.0,0.0,0.39394602751728003,0.0,0.0,0.0,1.13605,2.4423749999999997,1.19675,1.2490625,4.326875
2017-05-10,-0.19525,0.0,0.0,0.39334160190801204,0.0,0.0,0.0,1.1353,2.442875,1.19775,1.24859375,4.3259375
2017-05-11,-0.193625,0.0,0.0,0.391455576931341,0.0,0.0,0.0,1.1341,2.443125,1.1952500000000001,1.24984375,4.3271875
2017-05-12,-0.194375,0.0,0.0,0.39222501134791005,0.0,0.0,0.0,1.13765,2.44525,1.194125,1.25546875,4.3315625
2017-05-15,-0.1925,0.0,0.0,0.39534934222879203,0.0,0.0,0.0,1.14065,2.4454999999999996,1.199625,1.25421875,4.33125
2017-05-16,-0.19225,0.0,0.0,0.397649918998719,0.0,0.0,0.0,1.14505,2.44575,1.198875,1.2559375,4.33125
2017-05-17,-0.1945,0.0,0.0,0.3925048884850881,0.0,0.0,0.0,1.11575,2.448875,0.707025,1.26421875,4.3359375
2017-05-18,-0.191875,0.0,0.0,0.395715959191809,0.0,0.0,0.0,1.1261,2.4482500000000003,0.59075,1.26296875,4.3334375
2017-05-19,0.0,0.0,0.0,0.396532551001904,0.0,0.0,0.0,1.1308,2.4475,0.5955625,1.2625,6.50109375
2017-05-22,0.0,0.0,0.0,0.39872486574532706,0.0,0.0,0.0,1.139125,2.44725,0.5979687499999999,1.26125,6.500625
2017-05-23,0.0,0.0,0.0,0.402800738525696,0.0,0.0,0.0,1.1425,2.446625,0.7194,1.25875,6.496874999999999
2017-05-24,0.0,0.0,0.0,0.39932478585180003,0.0,0.0,0.0,1.14595,2.447625,0.720525,1.2615625,6.50109375
2017-05-25,0.0,0.0,0.0,0.4008310865407381,0.0,0.0,0.0,1.15625,2.44725,0.723975,1.2615625,6.4996875
2017-05-26,0.0,0.0,0.0,0.399551567028372,0.0,0.0,0.0,1.15835,2.44725,0.7242,1.2621875,6.498749999999999
2017-05-29,0.0,0.0,0.0,0.397755821288182,0.0,0.0,0.0,1.159175,2.44725,0.7244625,1.2621875,6.498749999999999
2017-05-30,0.0,0.0,0.0,0.39463582613569204,0.0,0.0,0.0,1.1586,2.448625,0.7230749999999999,1.2646875,6.50015625
2017-05-31,0.0,0.0,0.0,0.39670659291664306,0.0,0.0,0.0,1.161,2.448875,0.7240500000000001,1.2621875,6.500625
2017-06-01,0.0,0.0,0.0,0.40195638626715,0.0,0.0,0.0,1.1644,2.44875,0.728925,1.2621875,6.491249999999999
2017-06-02,0.0,0.0,0.0,0.403207711697685,0.0,0.0,0.0,1.1763,2.450125,0.85295,1.26671875,6.4935937500000005
2017-06-05,0.0,0.0,0.0,0.403289498687075,0.0,0.0,0.0,1.176,2.449625,0.85225,1.2646875,6.491249999999999
2017-06-06,0.0,0.0,0.0,0.39905443674231,0.0,0.0,0.0,1.17265,2.45025,0.8507625000000001,1.268125,6.493125000000001
2017-06-07,0.0,0.0,0.0,0.40024798034543907,0.0,0.0,0.0,1.1756,2.44925,0.8509375,1.265625,6.491249999999999
2017-06-08,0.0,0.0,0.0,0.40158472461539196,0.0,0.0,0.0,1.1772,2.449125,0.851375,1.26453125,6.4898437499999995
2017-06-09,0.0,0.0,0.0,0.39929756104812003,0.0,0.0,0.0,1.14825,2.448875,0.85085,1.26328125,6.487500000000001
2017-06-12,0.0,0.0,0.0,0.396773840068606,0.0,0.0,0.0,1.1414,2.448875,0.85015,1.26328125,6.4865625
2017-06-13,0.0,0.0,0.0,0.39925656473570204,0.0,0.0,0.0,1.1514,2.4482500000000003,0.8532124999999999,1.26359375,6.48609375
2017-06-14,0.0,0.0,0.0,0.39780306472861504,0.0,0.0,0.0,1.1474,2.450125,0.8526,1.26890625,6.4903125
2017-06-15,0.0,0.0,0.0,0.39479586792096,0.0,0.0,0.0,1.14205,2.449375,0.8511125,1.2665625,6.487031249999999
2017-06-16,0.0,0.0,0.0,0.394823390054324,0.0,0.0,0.0,1.13745,2.450125,0.85085,1.26765625,6.489375
2017-06-19,0.0,0.0,0.0,0.40125532603189995,0.0,0.0,0.0,1.15415,2.448875,0.8572375,1.26421875,6.485156249999999
2017-06-20,0.0,0.0,0.0,0.395408459378084,0.0,0.0,0.0,1.14655,2.44887475,0.8528625,1.266875,6.487031249999999
2017-06-21,-0.1935,0.0,0.0,0.39424888300902006,0.0,0.0,0.0,1.15915,2.449125,0.8516375,1.26625,4.324375
2017-06-22,-0.1905,0.0,0.0,0.395207067692806,0.0,0.0,0.0,1.15715,2.449875,0.8511125,1.2671875,4.325625
2017-06-23,-0.188375,0.0,0.0,0.394139776944655,0.0,0.0,0.0,1.16215,2.4495,0.85225,1.26734375,4.3259375
2017-06-26,-0.189,0.0,0.0,0.398118597506595,0.0,0.0,0.0,1.1558,2.449375,0.8525125,1.26765625,4.32625
2017-06-27,-0.188625,0.0,0.0,0.39231915564596404,0.0,0.0,0.0,1.1342,2.448,0.7257,1.2621875,4.3240625
2017-06-28,-0.18825,0.0,0.0,0.40072571096528997,0.0,0.0,0.0,1.15265,2.44775,0.731625,1.26234375,4.325625
2017-06-29,-0.19,0.0,0.0,0.393498215232633,0.0,0.0,0.0,0.0,2.4465,1.0888875,1.25828125,4.3240625
2017-06-30,-0.195375,0.0,0.0,0.39450802326067197,0.0,0.0,0.0,0.0,2.4453747499999996,1.0892249999999999,1.255,4.3221875
2017-07-03,-0.197875,0.0,0.0,0.39638116442987004,0.0,0.0,0.0,0.0,2.443875,1.0906875,1.2509375,4.3190625
2017-07-04,-0.197875,0.0,0.0,0.3947009339705249,0.0,0.0,0.0,0.0,2.443875,1.09119375,1.2509375,4.31828125
2017-07-05,-0.202125,0.0,0.0,0.39533324003088005,0.0,0.0,0.0,0.0,2.443875,1.0927125,1.2525,4.319375
2017-07-06,0.0,0.0,0.0,0.390899817468095,0.0,0.0,0.0,0.0,2.44325,0.8430625,1.25015625,0.0
2017-07-07,0.0,0.0,0.0,0.39586878847939494,0.0,0.0,0.0,0.0,2.442875,0.84805,1.2490625,0.0
2017-07-10,0.0,0.0,0.0,0.39586878847939494,0.0,0.0,0.0,0.0,2.44375,0.84805,1.2490625,0.0
2017-07-11,0.0,0.0,0.0,0.39586878847939494,0.0,0.0,0.0,0.0,2.444375,0.84805,1.2490625,0.0
2017-07-12,0.0,0.0,0.0,0.40262065969805905,0.0,0.0,0.0,1.157,2.445625,0.7319249999999999,1.25578125,0.0
2017-07-13,0.0,0.0,0.0,0.402745124816123,0.0,0.0,0.0,1.15975,2.4453747499999996,0.7338,1.2540625,0.0
2017-07-14,0.0,0.0,0.0,0.401988833249475,0.0,0.0,0.0,1.1689,2.446375,0.73695,1.25609375,0.0
2017-07-17,0.0,0.0,0.0,0.402327222059774,0.0,0.0,0.0,1.17135,2.446875,0.73785,1.256875,0.0
2017-07-18,0.0,0.0,0.0,0.39907746095588403,0.0,0.0,0.0,1.1781,2.4478750000000002,0.738,1.26125,0.0
2017-07-19,0.0,0.0,0.0,0.40424106121000003,0.0,0.0,0.0,1.18385,2.4475,0.7416,1.26015625,0.0
2017-07-20,0.0,0.0,0.0,0.40257314972938796,0.0,0.0,0.0,1.18615,2.4475,0.741825,1.26109375,0.0
2017-07-21,0.0,0.0,0.0,0.0,0.0,0.0,0.0,1.184,2.448125,0.9878,1.26296875,0.0
2017-07-24,0.0,0.0,0.0,0.0,0.0,0.0,0.0,1.1851,2.44775,0.9867,1.2615625,0.0
2017-07-25,0.0,0.0,0.0,0.0,0.0,0.0,0.0,1.1865,2.4458749999999996,0.9902,1.2553125,0.0
2017-07-26,0.0,0.0,0.0,0.0,0.0,0.0,0.0,1.19075,2.447625,0.9897,1.2590625,0.0
2017-07-27,0.0,0.0,0.0,0.0,0.0,0.0,0.0,1.18175,2.44725,0.9887,1.25765625,0.0
2017-07-28,0.0,0.0,0.0,0.0,0.0,0.0,0.0,1.1827,2.4478750000000002,0.9884,1.259375,0.0
2017-07-31,0.0,0.0,0.0,0.0,0.0,0.0,0.0,1.1768,4.8955,0.9874,1.25875,2.16328125
2017-08-01,0.0,0.0,0.0,0.0,0.0,0.0,0.0,1.1854,4.8975,0.9897,1.26203125,2.16359375
2017-08-02,-0.189375,0.0,0.0,0.0,0.0,0.0,0.0,1.1828,4.89675,1.1129624999999999,1.260625,2.16296875
2017-08-03,-0.18925,0.0,0.0,0.0,0.0,0.0,0.0,1.1778,4.89825,1.1116125,1.2640625,2.16375
2017-08-04,-0.19075,0.0,0.0,0.0,0.0,0.0,0.0,1.1796,4.8965000000000005,1.1124,1.26140625,2.1634375
2017-08-07,-0.193125,0.0,0.0,0.0,0.0,0.0,0.0,1.18725,4.8969995,1.114875,1.26171875,2.16328125
2017-08-08,-0.191625,0.0,0.0,0.0,0.0,0.0,0.0,1.18355,4.8957500000000005,1.1124,1.2609375,2.163125
2017-08-09,-0.19275,0.0,0.0,0.0,0.0,0.0,0.0,1.18475,4.8975,1.237125,1.2628125,2.16375
2017-08-10,-0.186625,0.0,0.0,0.0,0.0,0.0,0.0,1.1549,4.89875,0.730275,1.26625,4.328125
2017-08-11,-0.1875,0.0,0.0,0.0,0.0,0.0,0.0,1.16745,4.90075,0.6101875,1.26765625,6.496874999999999
2017-08-14,-0.188125,0.0,0.0,0.0,0.0,0.0,0.0,1.1829,4.8995,0.616375,1.26515625,6.4940625
2017-08-15,-0.1845,0.0,0.0,0.0,0.0,0.0,0.0,1.18275,4.89725,0.6161875,1.26109375,6.4903125
2017-08-16,-0.183375,0.0,0.0,0.0,0.0,0.0,0.0,1.18395,4.89925,0.73995,1.2653125,6.49265625
2017-08-17,-0.182,0.0,0.0,0.0,0.0,0.0,0.0,1.15785,4.90075,0.3637125,1.268125,6.495
2017-08-18,-0.1825,0.0,0.0,0.0,0.0,0.0,0.0,1.1596,4.901,0.242525,1.2675,6.4945312500000005
2017-08-21,-0.180875,0.0,0.0,0.0,0.0,0.0,0.0,0.0,7.352625,0.6071875,1.2684375,6.4959375
2017-08-22,-0.18,0.0,0.0,0.0,0.0,0.0,0.0,1.1761,7.350375,0.245325,1.26546875,6.493125000000001
2017-08-23,-0.177875,0.0,0.0,0.0,0.0,0.0,0.0,1.169,7.35375,0.244025,1.2690625,6.49546875
2017-08-24,-0.17825,0.0,0.0,0.0,0.0,0.0,0.0,1.1689,7.352250000000001,0.244225,1.266875,6.493125000000001
2017-08-25,-0.1765,0.0,0.0,0.0,0.0,0.0,0.0,1.1649,7.353375000000001,0.2442,1.26875,6.49265625
2017-08-28,-0.175375,0.0,0.0,0.0,0.0,0.0,0.0,1.16935,7.355625,0.24445,1.27,6.4945312500000005
2017-08-29,-0.174125,0.0,0.0,0.0,0.0,1.3112,0.0,1.1741,4.905,0.244725,1.26984375,4.3315625
2017-08-30,-0.1725,0.0,0.0,0.0,0.0,1.3100999999999998,0.0,1.18745,4.904249999999999,0.36843750000000003,1.26859375,4.32625
2017-08-31,-0.17875,0.0,0.0,0.0,0.0,1.3229,0.0,1.19885,4.90525,0.37053749999999996,1.27,4.32625
2017-09-01,-0.177375,0.0,0.0,0.0,0.0,1.3262,0.0,1.1977,4.90375,0.49475,1.26640625,2.1621875
2017-09-04,-0.1775,0.0,0.0,0.0,0.0,1.3262,0.0,1.195225,4.90375,0.493225,1.268671875,2.16328125
2017-09-05,-0.17875,0.0,0.0,0.0,0.0,1.3411,0.0,1.1889,4.9085,0.49205,1.2746875,2.16453125
2017-09-06,-0.180375,0.0,0.0,0.0,0.0,1.335,0.0,1.19075,4.906,0.49295,1.27125,2.1640625
2017-09-07,-0.1775,0.0,0.0,0.0,0.0,1.3501,0.0,1.19415,4.90775,0.616625,1.27609375,2.16546875
2017-09-08,-0.17825,0.0,0.0,0.0,0.0,1.3474,0.0,1.18315,4.908,0.6155,1.27515625,2.165625
2017-09-11,-0.179,0.0,0.0,0.0,0.0,0.0,0.0,1.197,4.90475,0.746475,1.2690625,6.4903125
2017-09-12,-0.17575,0.0,0.0,0.0,0.0,0.0,0.0,1.2003,4.90225,0.74895,1.26640625,6.48890625
2017-09-13,-0.176375,0.0,0.0,0.0,0.0,0.0,0.0,1.2023,4.90075,0.8733375,1.264375,6.4865625
2017-09-14,-0.177125,0.0,0.0,0.0,0.0,0.0,0.0,1.19415,4.89925,0.8729,1.26453125,6.48421875
2017-09-15,-0.177375,0.0,0.0,0.0,0.0,0.0,0.0,1.19955,4.89825,0.875,1.26296875,6.481406250000001
2017-09-18,-0.17575,0.0,0.0,0.41923316020863205,0.0,0.0,0.0,1.19765,4.89725,0.875875,1.26078125,4.3196875
2017-09-19,-0.174125,0.0,0.0,0.42001028251804,0.0,0.0,0.0,1.19875,4.89725,0.876225,1.25953125,4.31875
2017-09-20,-0.175125,0.0,0.0,0.423577367593448,0.0,0.0,0.0,1.196,4.89525,0.8770125,1.25671875,4.315625
2017-09-21,-0.175,0.0,0.0,0.41872945877313694,0.0,0.0,0.0,1.1889,4.8925,0.8752624999999999,1.2559375,4.315
2017-09-22,-0.17675,0.0,0.0,0.4216788142922101,0.0,0.0,0.0,1.18715,4.8925,0.8749125,1.25796875,4.3159375
2017-09-25,-0.17675,0.0,0.0,0.4203144215575801,0.0,0.0,0.0,1.17555,4.8935,0.874125,1.26078125,2.15875
2017-09-26,-0.1763125,0.0,0.0,0.417378030519219,0.0,0.0,0.0,1.174775,4.89525,0.87338125,1.25921875,2.1578125
2017-09-27,-0.176875,0.0,0.0,0.41840509951259997,0.0,0.0,0.0,1.1882,4.89325,1.0018,1.255,0.0
2017-09-28,-0.176375,0.0,0.0,0.41769964224045,0.0,0.0,0.0,1.18825,4.889,1.0032,1.25515625,0.0
2017-09-29,-0.178125,0.0,0.0,0.422022445964334,0.0,0.0,0.0,1.1961,4.88875,1.0069,1.25234375,0.0
2017-10-02,-0.17575,0.0,0.0,0.42447427249077996,0.0,0.0,0.0,1.1967,4.88825,1.1372624999999998,1.25234375,-2.15640625
2017-10-03,-0.34925,0.0,0.0,0.42265088107566995,0.0,0.0,0.0,1.19985,4.88875,1.2665000000000002,1.25390625,-4.3140625
2017-10-04,-0.34825,0.0,0.0,0.420797916052974,0.0,0.0,0.0,1.2011,4.89125,1.268125,1.25375,-4.3134375
2017-10-05,-0.3495,0.0,0.0,0.42396595609074605,0.0,0.0,0.0,1.21285,4.89075,1.2746250000000001,1.251875,-4.311875
2017-10-06,-0.34975,0.0,0.0,0.421527292407551,0.0,0.0,0.0,1.2129,2.444,1.272375,1.2509375,-6.4664062499999995
2017-10-09,-0.3495,0.0,0.0,0.4215544685136,0.0,0.0,0.0,1.21255,2.44375,1.2717500000000002,1.25140625,-6.4664062499999995
2017-10-10,-0.349,0.0,0.0,0.42316859717365995,0.0,0.0,0.0,1.21305,2.44375,1.2741250000000002,1.25203125,-6.466875
2017-10-11,-0.34575,0.0,0.0,0.42545397094587395,0.0,0.0,0.0,1.2164,2.44425,1.2765000000000002,1.25296875,-6.4659375
2017-10-12,-0.34875,0.0,0.0,0.4266831304088321,0.0,0.0,0.0,1.2145,2.445,1.27425,1.25390625,-6.46546875
2017-10-13,-0.35275,0.0,0.0,0.425708154846688,0.0,0.0,0.0,1.21965,2.44575,1.2765000000000002,1.25734375,-6.4673437499999995
2017-10-16,-0.351,0.0,0.0,0.42554197647716396,0.0,0.0,0.0,1.2242,2.44575,1.278125,1.25484375,-6.46265625
2017-10-17,-0.39375,0.0,0.0,0.851919515703317,0.0,0.0,0.0,1.223075,2.444375,1.15003125,1.25484375,-6.461015625
2017-10-18,-0.39375,0.0,0.0,0.8513443725588479,0.0,0.0,0.0,1.224,2.444125,1.1521125,1.25140625,-6.46078125
2017-10-19,-0.39375,0.0,0.0,0.848785087587192,0.0,0.0,0.0,1.21945,2.4435,1.1523375,1.2528125,-6.464062500000001
2017-10-20,-0.3935,0.0,0.0,0.8530603122743999,0.0,0.0,0.0,1.22185,2.44225,1.1578499999999998,1.24796875,-6.45984375
2017-10-23,-0.39175,0.0,0.0,0.423598986865245,0.0,0.0,0.0,1.21415,2.4425,1.2821250000000002,1.24953125,-6.462187500000001
2017-10-24,-0.39675,0.0,0.0,0.4236829915883401,0.0,0.0,0.0,1.21575,2.443,1.2834999999999999,1.24640625,-6.46078125
2017-10-25,-0.199,0.0,0.0,0.4220317444437281,0.0,0.0,0.0,1.21285,2.442,1.2790000000000001,1.24515625,-6.4603125
2017-10-26,-0.198375,0.0,0.0,0.429684271096775,0.0,0.0,0.0,1.2143,2.442125,1.2807499999999998,1.2434375,-6.457968750000001
2017-10-27,-0.1975,0.0,0.0,0.4242939244252701,0.0,0.0,0.0,1.24305,2.4423749999999997,1.289,1.246875,-6.46125
2017-10-30,-0.197375,0.0,0.0,0.8480106048589121,0.0,0.0,0.0,1.24435,2.4427499999999998,1.155825,1.25015625,-6.463125
2017-10-31,-0.197125,0.0,0.0,0.8571728536593118,0.0,0.0,0.0,1.25025,2.4435,1.1577374999999999,1.24875,-6.4603125
2017-11-01,-0.195875,0.0,0.0,0.85989929723838,0.0,0.0,0.0,1.24705,2.442625,1.1577374999999999,1.249375,-6.4584375000000005
2017-11-02,-0.197625,0.0,0.0,0.8581994161635601,0.0,0.0,0.0,1.2518,2.443375,1.159875,1.25140625,-6.4593750000000005
2017-11-03,-0.197375,0.0,0.0,0.85830901718432,0.0,0.0,0.0,1.2577,2.44375,1.1615625,1.25265625,-6.457968750000001
2017-11-06,-0.196375,0.0,0.0,0.8546056064815141,0.0,0.0,0.0,1.26225,2.44375,1.164375,1.25359375,-6.45890625
2017-11-07,-0.1965,0.0,0.0,0.8481878803232561,0.0,0.0,0.0,1.263,2.443875,1.1637,1.25375,-6.4575
2017-11-08,-0.1965,0.0,0.0,0.847109621216562,0.0,0.0,0.0,1.2682,2.443875,1.1658375,1.25203125,-6.4556249999999995
2017-11-09,-0.196625,0.0,0.0,0.41841585903039996,0.0,0.0,0.0,1.26285,2.443875,1.291875,1.25203125,-4.3053125
2017-11-10,-0.194,0.0,0.0,0.418006049394576,0.0,0.0,0.0,1.2618,2.4425,1.289625,1.24671875,-4.30375
2017-11-13,-0.3865,0.0,0.0,0.41720625229032005,0.0,0.0,0.0,1.26255,2.442875,1.291,1.24609375,-4.30125
2017-11-14,-0.383,0.0,0.0,0.41433854598959996,0.0,0.0,0.0,1.25835,2.441875,1.2885,1.24734375,-4.30125
2017-11-15,-0.38325,0.0,0.0,0.41746758270366,0.0,0.0,0.0,1.2532,2.443125,1.2825,1.25109375,-4.301875
2017-11-16,-0.38325,0.0,0.0,0.4210054435740299,0.0,0.0,0.0,1.26875,2.443125,1.292375,1.248125,-4.2996875
2017-11-17,-0.38625,0.0,0.0,0.4178213687906969,0.0,0.0,0.0,1.26265,2.443125,1.1597624999999998,1.249375,-2.14953125
2017-11-20,-0.3865,0.0,0.0,0.41926126241605494,0.0,0.0,0.0,1.2634,2.4435,1.1621249999999999,1.2471875,-2.14859375
2017-11-21,-0.387,0.0,0.0,0.4203357954037399,0.0,0.0,0.0,1.27605,2.442,1.16865,1.24703125,-2.1478125
2017-11-22,-0.38825,0.0,0.0,0.41737580776284405,0.0,0.0,0.0,1.2778,2.44175,1.16775,1.25109375,-2.1496875
2017-11-23,-0.38825,0.0,0.0,0.42131378788935,0.0,0.0,0.0,1.277175,2.4427499999999998,1.16859375,1.250859375,-2.149765625
2017-11-24,-0.3875,0.0,0.0,0.42401613347550804,0.0,0.0,0.0,1.2829,2.4425,1.170675,1.249375,-2.1490625
2017-11-27,-0.3875,0.0,0.0,0.4253236903681919,0.0,0.0,0.0,1.28255,2.443,1.1707874999999999,1.25078125,0.0
2017-11-28,-0.38325,0.0,0.0,0.42869558044730294,0.0,0.0,0.0,1.2841,2.443,1.181475,1.2478125,0.0
2017-11-29,-0.38275,0.0,0.0,0.4273002800302256,0.0,0.0,0.0,1.2841,2.441625,1.181475,1.2478125,0.0
2017-11-30,-0.3855,0.0,0.0,0.422523536443115,0.0,0.0,0.0,1.27075,2.441625,1.1885625,1.240625,0.0
2017-12-01,-0.3905,0.0,0.0,0.0,0.0,0.0,0.0,1.2692,2.44,1.3222500000000001,1.2440625,0.0
2017-12-04,-0.39025,0.0,0.0,0.0,0.0,0.0,0.0,1.2529,2.44025,1.3191249999999999,1.2428125,0.0
2017-12-05,-0.3855,0.0,0.0,0.0,0.0,0.0,0.0,1.2544,2.4405,1.31425,1.24375,0.0
2017-12-06,-0.387,0.0,0.0,0.0,0.0,0.0,0.0,1.2584,2.44125,1.3146250000000002,1.245625,0.0
2017-12-07,-0.38475,0.0,0.0,0.0,0.0,0.0,0.0,1.26465,2.441125,1.3198750000000001,1.24375,0.0
2017-12-08,-0.384,0.0,0.0,0.423092306326086,0.0,0.0,0.0,1.26825,2.441125,1.1930625,1.243125,0.0
2017-12-11,-0.384,0.0,0.0,0.42288348956137195,0.0,0.0,0.0,1.27945,2.44125,1.1979,1.2421875,0.0
2017-12-12,-0.38075,0.0,0.0,0.423757749556694,0.0,0.0,0.0,1.27685,2.441,1.199475,1.24140625,0.0
2017-12-13,-0.38125,0.0,0.0,0.4176843740089191,0.0,0.0,0.0,1.2833,2.440375,1.1991375,1.24640625,0.0
2017-12-14,-0.38125,0.0,0.0,0.41839765149489994,0.0,0.0,0.0,1.28135,2.441625,1.1940749999999998,1.2446875,0.0
2017-12-15,-0.3795,0.0,0.0,0.4187174773208,0.0,0.0,0.0,1.29935,2.44125,1.0744,1.2446875,-2.1418
2017-12-18,-0.3795,0.0,0.0,0.42245413863812503,0.0,0.0,0.0,1.3065,2.441125,1.0753,1.24234375,-2.14234375
2017-12-19,-0.381,0.0,0.0,0.421169206523096,0.0,0.0,0.0,1.30005,2.441,1.078,1.2375,-2.14140625
2017-12-20,-0.38225,0.0,0.0,0.0,0.0,0.0,0.0,1.29785,2.43875,1.2103875000000002,1.23484375,-2.14109375
2017-12-21,-0.3835,0.0,0.0,0.0,0.0,0.0,0.0,1.299,2.438625,1.2070125,1.235,-2.14046875
2017-12-22,-0.3835,0.0,0.0,0.0,0.0,0.0,0.0,1.29685,2.4385000000000003,1.2103875000000002,1.235,-2.14
2017-12-25,-0.3835,0.0,0.0,0.0,0.0,0.0,0.0,1.29685,2.4385000000000003,1.2097125,1.235,-2.1398
2017-12-26,-0.38525,0.5742,0.0,0.0,0.0,0.0,0.0,1.29175,2.439,1.2092625,1.2359375,-4.2796
2017-12-27,-0.38525,0.5738,0.0,0.0,0.0,0.0,0.0,1.29085,2.44,1.2087,1.23984375,-4.281875
2017-12-28,-0.3865,0.5771,0.0,0.0,0.0,0.0,0.0,1.28905,2.43949975,1.2083625,1.2384375,-4.28125
2017-12-29,-0.384,0.579,0.0,0.0,0.0,0.0,0.0,1.2795,2.440125,1.2096,1.24,-4.2808
2018-01-01,-0.384,0.5785,0.0,0.0,0.0,0.0,0.0,1.2795,2.440125,1.2063375,1.24,-4.282
2018-01-02,-0.3865,0.5827,0.0,0.0,0.0,0.0,0.0,1.30295,2.43912475,1.206,1.2371875,-4.2812
2018-01-03,-0.38575,0.5872,0.0,0.0,0.0,0.0,0.0,1.3176,2.43925,1.2196125,1.23796875,-4.2784375
2018-01-04,-0.386,0.5892,0.0,0.0,0.0,0.0,0.0,1.32035,2.4385000000000003,1.2254625,1.23671875,-4.2765625
2018-01-05,-0.384,0.5908,0.0,0.0,0.0,0.0,0.0,1.329575,2.438,1.2355875,1.234921875,-6.4146
2018-01-08,-0.3815,0.5936,0.0,0.43419121120028004,0.0,0.0,0.0,1.33765,2.438125,0.9605750000000001,1.23484375,-8.553125
2018-01-09,-0.3825,0.6013,0.0,0.43273201471539,0.0,0.0,0.0,1.33715,2.436875,0.9610125,1.23015625,-8.5525
2018-01-10,-0.383,0.6013,0.0,0.42885944318750996,0.0,0.0,0.0,1.3354,2.436875,0.9625000000000001,1.23015625,-8.5512
2018-01-11,-0.383,0.6012,0.0,0.429823397338235,0.0,0.0,0.0,1.3452,2.43725,0.9693249999999999,1.2303125,-8.55
2018-01-12,-0.3815,0.6086,0.0,0.43363599353877397,0.0,0.0,0.0,1.35475,2.43625,0.9784250000000001,1.22921875,-8.5472
2018-01-15,-0.382,0.6091,0.0,0.438800768374982,0.0,0.0,0.0,1.355875,2.43625,0.9774625,1.22921875,-8.5472
2018-01-16,-0.5726249999999999,0.6073,0.0,0.44043676519531,0.0,0.0,0.0,1.35265,2.435875,0.979125,1.23,-10.68203125
2018-01-17,-0.573375,0.6064,0.0,0.44360725647145505,0.0,0.0,0.0,1.3632,2.43475,0.9817500000000001,1.2271875,-10.6765625
2018-01-18,-0.5778749999999999,0.6084,0.0,0.4404508248572399,0.0,0.0,0.0,1.36675,2.434125,0.9825375000000001,1.2246875,-10.6765625
2018-01-19,-0.388,0.6053,0.0,0.44614669394356204,0.0,0.0,0.0,1.36865,2.4326250000000003,1.123,1.22296875,-10.671
2018-01-22,-0.388,0.6074,0.0,0.44916418272168007,0.0,0.0,0.0,1.37885,2.431875,1.1301,1.22109375,-10.671875
2018-01-23,-0.38525,0.6097,0.0,0.44857889485182006,0.0,0.0,0.0,1.3932,2.43324975,1.1363,1.22421875,-10.674999999999999
2018-01-24,-0.38375,0.6123,0.0,0.4483399491532559,0.0,0.0,0.0,1.38805,2.4325,1.1364,1.22265625,-10.678
2018-01-25,-0.3895,0.6193,0.0,0.44954958119278393,0.0,0.0,0.0,1.38645,2.43324975,1.1349,1.22390625,-10.674999999999999
2018-01-26,-0.391,0.621,0.0,0.45306402683233604,0.0,0.0,0.0,1.40185,2.431875,1.1507,1.220625,-10.666
2018-01-29,-0.391,0.6209,0.0,0.45151188086402994,0.0,0.0,0.0,1.40205,2.431,1.1494,1.21828125,-8.5296
2018-01-30,-0.39225,0.612,0.0,0.445844894100658,0.0,0.0,0.0,1.38925,2.4305,0.9953124999999999,1.21640625,-6.3995999999999995
2018-01-31,-0.196875,0.61,0.0,0.0,0.0,0.0,0.0,1.3873,2.429625,0.9860375,1.2159375,-6.3970312499999995
2018-02-01,-0.196375,0.6185,0.0,0.0,0.0,0.0,0.0,1.3857,2.42837475,0.9881375,1.2121875,-6.39515625
2018-02-02,-0.19525,0.6016,0.0,0.0,0.0,0.0,0.0,1.3604,2.4266247499999998,0.6851875000000001,1.2078125,-4.2648
2018-02-05,-0.19525,0.0,0.0,0.0,0.0,0.0,0.0,1.31785,2.4291250000000004,0.26865,1.21296875,-4.264
2018-02-06,-0.194125,0.0,0.0,0.0,0.0,0.0,0.0,0.0,2.429625,0.6724375,1.21234375,-4.266875
2018-02-07,-0.197,0.0,0.0,0.0,0.0,0.0,0.0,0.0,2.428125,0.6669999999999999,1.21,-4.265625
2018-02-08,-0.197125,0.0,0.0,0.0,0.0,0.0,0.0,0.0,2.428125,0.6679375,1.21015625,-4.2671875
2018-02-09,-0.198125,0.0,0.0,0.0,0.0,0.0,0.0,0.0,2.4295000000000004,0.52685,1.20984375,-4.268
2018-02-12,-0.198125,0.0,0.0,0.0,0.0,0.0,0.0,0.0,2.428625,0.3953625,1.20859375,-2.1332
2018-02-13,-0.19825,0.0,0.0,0.0,0.0,0.0,0.0,0.0,2.42875,0.39712499999999995,1.21,-2.13328125
2018-02-14,-0.197875,0.0,0.0,0.0,0.0,0.0,0.0,0.0,2.42625,0.4000875,1.20296875,-2.1303125
2018-02-15,-0.19875,0.0,0.0,0.0,0.0,0.0,0.0,0.0,2.426375,0.4104,1.20328125,-2.1303125
2018-02-16,-0.19875,0.0,0.0,0.0,0.0,0.0,0.0,0.0,2.42699975,0.41103750000000006,1.20609375,-2.1306
2018-02-19,-0.198625,0.0,0.0,0.0,0.0,0.0,0.0,0.0,2.42699975,0.54895,1.204453125,0.0
2018-02-20,-0.19875,0.0,0.0,0.0,0.0,0.0,0.0,0.0,2.42625,0.5459,1.205,0.0
2018-02-21,-0.1975,0.0,0.0,0.0,0.0,0.0,0.0,0.0,2.424875,0.543,1.20125,0.0
2018-02-22,-0.198,0.0,0.0,0.0,0.0,0.0,0.0,0.0,2.425875,0.53825,1.20359375,0.0
2018-02-23,-0.19925,0.0,0.0,0.0,0.0,0.0,0.0,0.0,2.42725,0.55045,1.2075,0.0
2018-02-26,-0.19925,0.0,0.0,0.42722335667737504,0.0,0.0,0.0,0.0,2.427625,0.55045,1.2078125,0.0
2018-02-27,-0.19925,0.0,0.0,0.0,0.0,0.0,0.0,0.0,2.425625,0.6945625,1.198125,0.0
2018-02-28,-0.199875,0.0,0.0,0.0,0.0,0.0,0.0,0.0,2.4266247499999998,0.67925,1.20078125,0.0
2018-03-01,-0.200625,0.0,0.0,0.0,0.0,0.0,0.0,0.0,2.429,0.4019625,1.20546875,0.0
2018-03-02,0.0,0.0,0.0,0.0,0.0,0.0,0.0,0.0,2.427625,0.268125,1.20546875,0.0
2018-03-05,0.0,0.0,0.0,0.0,0.0,0.0,0.0,0.0,2.426875,0.271875,1.1996875,0.0
2018-03-06,0.0,0.0,0.0,0.0,0.0,0.0,0.0,0.0,2.426375,0.27265,1.2003125,0.0
2018-03-07,0.0,0.0,0.0,0.0,0.0,0.0,0.0,0.0,2.426375,0.26935,1.20046875,0.0
2018-03-08,0.0,0.0,0.0,0.0,0.0,0.0,0.0,0.0,2.4266247499999998,0.272925,1.201875,0.0
2018-03-09,0.0,0.0,0.0,0.0,0.0,0.0,0.0,0.0,2.425875,0.4186875,1.20046875,0.0
2018-03-12,0.0,0.0,0.0,0.0,0.0,0.0,0.0,0.0,2.426,0.41838749999999997,1.2021875,0.0
2018-03-13,0.0,0.0,0.0,0.0,0.0,0.0,0.0,0.0,2.42625,0.41512499999999997,1.2040625,0.0
2018-03-14,0.0,0.0,0.0,0.0,0.0,0.0,0.0,0.0,2.42699975,0.41309999999999997,1.20546875,0.0
2018-03-15,0.0,0.0,0.0,0.0,0.0,0.0,0.0,0.0,2.4271249999999998,0.413925,1.20453125,0.0
2018-03-16,0.0,0.0,0.0,0.0,0.0,0.0,0.0,0.0,2.426125,0.413025,1.20359375,0.0
2018-03-19,0.0,0.0,0.0,0.0,0.0,0.0,0.0,0.0,2.4265,0.4120875,1.20265625,0.0
2018-03-20,0.0,0.0,0.0,0.0,0.0,0.0,0.0,0.0,2.425375,0.40856249999999994,1.1996875,0.0
2018-03-21,0.0,0.0,0.0,0.0,0.0,0.0,0.0,0.0,2.4239999999999995,0.40890000000000004,1.20140625,0.0
2018-03-22,0.0,0.0,0.0,0.0,0.0,0.0,0.0,0.0,2.426375,0.4075125,1.205625,0.0
2018-03-23,0.0,0.0,0.0,0.0,0.0,0.0,0.0,0.0,2.427625,0.1302375,1.20671875,2.1258
2018-03-26,0.0,0.0,0.0,0.0,0.0,0.0,0.0,0.0,2.426375,0.1328625,1.2040625,2.12484375
2018-03-27,0.0,0.0,0.0,0.0,0.0,0.0,0.0,0.0,2.42875,0.1308375,1.20953125,2.1248
2018-03-28,-0.1985,0.0,0.0,0.0,0.0,0.0,0.0,0.0,2.428625,0.0,1.20859375,2.12578125
2018-03-29,-0.1985,0.0,0.0,0.0,0.0,0.0,0.0,0.0,2.42875,0.0,1.21078125,2.1259375
2018-03-30,0.0,0.0,0.0,0.0,0.0,0.0,0.0,0.0,2.42875,0.0,1.21078125,2.126
2018-04-02,0.0,0.0,0.0,0.0,0.0,0.0,0.0,0.0,2.429625,0.0,1.21203125,2.1271875
2018-04-03,0.0,0.0,0.0,0.0,0.0,0.0,0.0,0.0,2.4285,0.0,1.2084375,2.127
2018-04-04,0.0,0.0,0.0,0.0,0.0,0.0,0.0,0.0,2.4275,0.0,1.2075,2.12546875
2018-04-05,0.0,0.0,0.0,0.0,0.0,0.0,0.0,0.0,2.427,0.0,1.205625,2.125
2018-04-06,0.0,0.0,0.0,0.0,0.0,0.0,0.0,0.0,2.428625,0.0,1.21015625,2.1262
2018-04-09,0.0,0.0,0.0,0.0,0.0,0.0,0.0,0.0,2.428625,0.0,1.20953125,2.12625
2018-04-10,0.0,0.0,0.0,0.0,0.0,0.0,0.0,0.0,2.428,0.0,1.20796875,2.1256
2018-04-11,0.0,0.0,0.0,0.0,0.0,0.0,0.0,0.0,2.42825,0.0,1.2090625,2.1254
2018-04-12,0.0,0.0,0.0,0.0,0.0,0.0,0.0,0.0,2.4267499999999997,0.0,1.20453125,2.12390625
2018-04-13,0.0,0.0,0.0,0.0,0.0,0.0,0.0,0.0,2.426875,0.0,1.2053125,2.1228
2018-04-16,0.0,0.0,0.0,0.0,0.0,0.0,0.0,0.0,2.426625,0.1340625,1.204375,2.1226
2018-04-17,0.0,0.0,0.0,0.0,0.0,0.0,0.0,0.0,2.4267499999999997,0.1353375,1.205,2.1226
2018-04-18,0.0,0.6524,0.0,0.0,0.0,0.0,0.0,0.0,2.425625,0.1354875,1.2009375,2.1222
2018-04-19,0.0,0.6501000000000001,0.0,0.0,0.0,0.0,0.0,0.0,2.42475,0.1353875,1.19859375,2.1212
2018-04-20,0.0,0.6531999999999999,0.0,0.0,0.0,0.0,0.0,0.0,2.423375,0.133875,1.19515625,2.1202
2018-04-23,0.0,0.6529,0.0,0.0,0.0,0.0,0.0,0.0,2.423125,0.1335375,1.19296875,2.11984375
2018-04-24,0.0,0.6497,0.0,0.0,0.0,0.0,0.0,0.0,0.0,0.0,1.1925,4.2409375
2018-04-25,0.0,0.6533,0.0,0.0,0.0,0.0,0.0,0.0,0.0,0.0,1.190625,4.240625
2018-04-26,0.0,0.6559,0.0,0.41792694899999994,0.0,0.0,0.0,0.0,0.0,0.0,1.193125,6.3609374999999995
2018-04-27,0.0,0.6536,0.0,0.41875866800000006,0.0,0.0,0.0,0.0,0.0,0.0,1.1946875,6.361800000000001
2018-04-30,0.0,0.6491,0.0,0.41787631000000003,0.0,0.0,0.0,0.0,0.0,0.0,1.19578125,6.3609374999999995
2018-05-01,0.0,0.0,0.0,0.41787631000000003,0.0,0.0,0.0,0.0,0.0,0.0,1.1940625,6.36
2018-05-02,0.0,0.0,0.0,0.41708990000000007,0.0,0.0,0.0,0.0,0.0,0.0,1.19453125,6.3588000000000005
2018-05-03,0.0,0.0,0.0,0.41829272100000003,0.0,0.0,0.0,0.0,0.0,0.0,1.196875,6.361800000000001
2018-05-04,0.0,0.0,0.0,0.41977640650000003,0.0,0.0,0.0,0.0,0.0,0.0,1.196875,6.3606
2018-05-07,0.0,0.0,0.0,0.41920388999999997,0.0,0.0,0.0,0.0,0.0,0.0,1.196875,6.36046875
2018-05-08,0.0,0.0,0.0,0.41752231199999995,0.0,0.0,0.0,0.0,0.0,0.0,1.19484375,6.35953125
2018-05-09,0.21,0.0,0.0,0.41832618000000005,0.0,0.0,0.0,0.0,0.0,0.1335,1.19265625,6.3571875
2018-05-10,0.210125,0.0,0.0,0.42132677599999996,0.0,0.0,0.0,0.0,0.0,0.135025,1.1940625,6.357000000000001
2018-05-11,0.207,0.0,0.0,0.42132378099999995,0.0,0.0,0.0,0.0,0.0,0.1368125,1.1940625,6.356399999999999
2018-05-14,0.206875,0.0,0.0,0.8415691200000001,0.0,0.0,0.0,0.0,0.0,0.273625,1.1921875,6.35578125
2018-05-15,0.208875,0.0,0.0,0.8362115959999998,0.0,0.0,0.0,0.0,0.0,0.272325,1.186875,6.3546
2018-05-16,0.2095,0.0,0.0,0.8352660869999999,0.0,0.0,0.0,0.0,0.0,0.272275,1.185,6.350624999999999
2018-05-17,0.20875,0.0,0.0,0.8378848319999999,0.0,0.0,0.0,0.0,0.0,0.271725,1.18453125,6.351
2018-05-18,0.212125,0.0,0.0,0.8345107249999999,0.0,0.0,0.0,0.0,0.0,0.273,1.18859375,6.353999999999999
2018-05-21,0.212,0.0,0.0,0.8390902560000001,-0.8404375,0.0,0.0,0.0,0.0,0.40995,1.18921875,6.3528
2018-05-22,0.21025,0.0,0.0,0.8386469999999999,-0.8404375,0.0,0.0,0.0,0.0,0.4089375,1.18875,6.3528
2018-05-23,0.212125,0.0,0.0,0.825049948,-0.83525,0.0,0.0,0.0,0.0,0.407775,1.19421875,6.36140625
2018-05-24,0.2135,0.0,0.0,0.8236464600000001,-0.83725,0.0,0.0,0.0,0.0,0.40931249999999997,1.19515625,6.361800000000001
2018-05-25,0.211625,0.0,0.0,0.8135356579999999,-0.8326875,0.0,0.0,0.0,0.0,0.40942500000000004,1.19953125,6.3648
2018-05-28,0.214125,0.0,0.0,0.80558478,-0.83271875,0.0,0.0,0.0,0.0,0.409575,1.19953125,6.365399999999999
2018-05-29,0.214125,0.0,0.0,0.3929284875,-0.829,0.0,0.0,0.0,0.0,0.40646250000000006,1.210625,8.4968
2018-05-30,0.208,0.0,-1.45784375,0.401636279,0.0,0.0,0.0,0.0,0.0,0.4087875,1.20265625,6.3675
2018-05-31,0.0,0.0,-1.4630625,0.39922291800000004,0.0,0.0,0.0,0.0,0.0,0.40871250000000003,1.2021875,6.3656250000000005
2018-06-01,0.0,0.0,-1.4585,0.4028495450000001,0.0,0.0,0.0,0.0,0.0,0.41009999999999996,1.198125,6.357600000000001
2018-06-04,0.0,0.0,-1.463,0.0,0.0,0.0,0.0,1.42965,0.0,0.136975,1.1946875,4.2376
2018-06-05,0.0,0.0,-1.46575,0.0,0.0,0.0,0.0,1.43595,0.0,0.137575,1.19703125,4.236875
2018-06-06,0.0,0.0,-1.47259375,0.0,0.0,0.0,0.0,1.435125,0.0,0.1377875,1.19703125,4.2364
2018-06-07,0.0,0.0,-1.47259375,0.0,0.0,0.0,0.0,1.435125,0.0,0.138875,1.19703125,4.2344
2018-06-08,0.0,0.0,0.0,0.0,-0.8381875,0.0,0.0,1.4302,0.0,0.416025,1.1953125,4.2356
2018-06-11,0.0,0.0,0.0,0.4109063365,-0.8366875,0.0,0.0,1.4339,0.0,0.41745,1.19484375,4.2346875
2018-06-12,0.0,0.0,0.0,0.40778640000000005,-0.8359375,0.0,0.0,1.4492,0.0,0.41865,1.19359375,4.2336
2018-06-13,0.0,0.0,0.0,0.40857201,-0.8356875,0.0,0.0,1.44745,0.0,0.416775,1.1921875,4.2315625
2018-06-14,0.0,0.0,0.0,0.407884154,-0.8295625,0.0,0.0,1.46135,0.0,0.41598749999999995,1.19484375,4.2315625
2018-06-15,0.0,0.0,0.0,0.4070750249999999,-0.8335,0.0,0.0,1.45665,0.0,0.4174875,1.195625,4.2332
2018-06-18,0.0,0.0,0.0,0.0,-0.8311875,0.0,0.0,1.45445,0.0,0.277175,0.0,2.1168
2018-06-19,0.0,0.0,0.0,0.0,-0.8270625,0.0,0.0,1.4496,0.0,0.2766,0.0,2.1175
2018-06-20,-0.189,0.0,0.0,0.0,-0.827125,0.0,0.0,1.46335,0.0,0.1385625,0.0,2.1165625
2018-06-21,-0.185875,0.0,0.0,0.0,-0.8308125,0.0,0.0,1.44585,0.0,0.1388375,0.0,2.11734375
2018-06-22,-0.186875,0.0,0.0,0.0,-0.832,0.0,0.0,1.44415,0.0,0.1378875,0.0,2.1176
2018-06-25,-0.18675,0.0,0.0,0.0,-0.8331875,0.0,0.0,0.0,0.0,0.6856249999999999,0.0,2.1182
2018-06-26,-0.18525,0.0,0.0,0.0,-0.829875,0.0,0.0,0.0,0.0,0.682125,0.0,2.1176
2018-06-27,-0.187,0.0,0.0,0.0,-0.8228125,0.0,0.0,0.0,0.0,0.6801250000000001,0.0,2.1184
2018-06-28,-0.18625,0.0,0.0,0.0,-0.8199375,0.0,0.0,0.0,0.0,0.5415,0.0,0.0
2018-06-29,-0.18575,0.0,0.0,0.0,-0.828125,0.0,0.0,0.0,0.0,0.54455,0.0,0.0
2018-07-02,-0.185625,0.0,0.0,0.0,-0.8239375,0.0,0.0,0.0,0.0,0.5455,0.0,0.0
2018-07-03,-0.180125,0.0,0.0,0.0,-0.8255,0.0,0.0,0.0,0.0,0.54265,0.0,0.0
2018-07-04,-0.180125,0.0,0.0,0.0,-0.8295,0.0,0.0,0.0,0.0,0.54365,0.0,0.0
2018-07-05,-0.1815,0.0,0.0,0.401922828,-0.828625,0.0,0.0,0.0,0.0,0.273875,0.0,0.0
2018-07-06,-0.1845,0.0,0.0,0.40405379999999996,-0.8326875,0.0,0.0,0.0,0.0,0.276575,0.0,0.0
2018-07-09,-0.18425,0.0,0.0,0.406346122,-0.8305625,0.0,0.0,0.0,0.0,0.4158,0.0,-2.11703125
2018-07-10,-0.183125,0.0,0.0,0.40694692500000007,-0.8320625,0.0,0.0,0.0,0.0,0.5593,0.0,-2.11625
2018-07-11,-0.1785,0.0,0.0,0.39863807250000005,-0.8275625,0.0,0.0,0.0,0.0,0.55475,0.0,-2.11671875
2018-07-12,-0.17825,0.0,0.0,0.4019509619999999,-0.827625,0.0,0.0,0.0,0.0,0.55695,0.0,-2.116
2018-07-13,-0.1765,0.0,0.0,0.402761268,-0.829375,0.0,0.0,0.0,0.0,0.5614,0.0,-2.1164
2018-07-16,-0.176625,0.0,0.0,0.4036936815,-0.8296875,0.0,-1.118,0.0,0.0,0.69925,1.20171875,-2.1164
2018-07-17,-0.179625,0.0,0.0,0.40347925,-0.82175,0.0,-1.1120625,0.0,0.0,0.7028125000000001,1.20109375,-2.116
2018-07-18,-0.180625,0.0,0.0,0.404550784,-0.8190625,0.0,-1.111875,0.0,0.0,0.7039375000000001,1.20046875,-2.1153125
2018-07-19,-0.180625,0.0,0.0,0.40292096749999995,-0.8155,0.0,-1.116125,0.0,0.0,0.7014375,1.20328125,-2.11625
2018-07-20,-0.184625,0.0,0.0,0.4045590045,-0.8229375,0.0,-1.1255,0.0,0.0,0.7005,1.19984375,-2.116
2018-07-23,-0.184875,0.0,0.0,0.0,-0.820875,0.0,-1.1264374999999875,1.4852,0.0,0.281175,1.19515625,-2.1146875
2018-07-24,-0.18375,0.0,0.0,0.0,-0.8235625,0.0,-1.1280625,1.48185,0.0,0.28155,1.195625,-2.1146875
2018-07-25,-0.183375,0.0,0.0,0.0,-0.8265,0.0,-1.1306249999999998,1.48255,0.0,0.281875,1.19453125,-2.1148
2018-07-26,-0.1895,0.0,0.0,0.0,-0.821125,0.0,-1.12815625,1.4859,0.0,0.2835,1.1928125,-2.11328125
2018-07-27,-0.188875,0.0,0.0,0.40871195,-0.82075,0.0,-1.129875,0.0,0.0,0.9853375000000001,1.1946875,-2.1134
2018-07-30,-0.189,0.0,0.0,0.40972575000000006,-0.8223125,0.0,-1.129125,0.0,0.0,0.9818375000000001,1.19375,-2.11390625
2018-07-31,-0.190625,0.0,0.0,0.4116524335,-0.8219375,0.0,-1.1211875,0.0,0.0,0.982275,1.19421875,-2.11359375
2018-08-01,-0.193125,0.0,0.0,0.408320943,-0.8219375,0.0,-1.122375,0.0,0.0,0.9848125,1.19125,-2.11328125
2018-08-02,-0.19025,0.0,0.0,0.40383392700000004,-0.814875,0.0,-1.1227499999999875,0.0,0.0,0.98105,1.19296875,-2.1138
2018-08-03,-0.19175,0.0,0.0,0.40325176500000004,-0.814,0.0,-1.126625,1.4809,0.0,0.142,1.19609375,0.0
2018-08-06,-0.191625,0.0,0.0,0.4021825565,-0.8103125,0.0,-1.12525,1.48845,0.0,0.14245,1.19703125,0.0
2018-08-07,0.0,0.0,0.0,0.40642019999999995,-0.809875,-1.2133,0.0,1.4945,0.0,0.4291125,1.19453125,0.0
2018-08-08,0.0,0.0,0.0,0.40472982899999993,-0.80634375,-1.2162,0.0,1.49365,0.0,0.4285875,1.19546875,0.0
2018-08-09,0.0,0.0,0.0,0.40229579,-0.8040625,-1.2150999999999998,0.0,1.49275,0.0,0.4280625,1.1971875,0.0
2018-08-10,0.0,0.0,0.0,0.0,-0.7986875,-1.2142,0.0,1.48255,0.0,0.424725,1.20375,0.0
2018-08-13,0.0,0.0,0.0,0.0,-0.798125,-1.1942,0.0,1.4854,0.0,0.423825,1.2025,0.0
2018-08-14,0.0,0.0,0.0,0.0,-0.7955,-1.1961,0.0,1.49195,0.0,0.42615000000000003,1.20109375,0.0
2018-08-15,0.0,0.0,0.0,0.0,-0.7943125,-1.1805,0.0,1.47485,0.0,0.42318750000000005,1.204375,0.0
2018-08-16,0.0,0.0,0.0,0.0,-0.7951875,-1.1795999999999998,0.0,1.47525,0.0,0.42671249999999994,1.20265625,0.0
2018-08-17,0.0,0.0,0.0,0.0,-0.7975625,-1.1798,0.0,1.4799,0.0,0.42795,1.2025,0.0
2018-08-20,0.0,0.0,0.0,0.0,-0.7998125,-1.1902,0.0,1.4762,0.0,0.4284375,1.20671875,0.0
2018-08-21,0.0,0.0,0.0,0.0,-0.8070625,-1.1955,0.0,1.4726,0.0,0.42824999999999996,1.20578125,0.0
2018-08-22,-0.18625,0.0,0.0,0.0,-0.80775,0.0,0.0,1.488,0.0,0.5724,1.20625,2.117
2018-08-23,-0.184,0.0,0.0,0.0,-0.8014375,0.0,0.0,1.4855,0.0,0.5716,1.20546875,2.117
2018-08-24,-0.18125,0.0,0.0,0.0,-0.8035625,0.0,0.0,1.5029,0.0,0.5764,1.2059375,2.116
2018-08-27,-0.181,0.0,0.0,0.0,-0.806375,0.0,0.0,1.51505,0.0,0.5797,1.2034375,2.1162
2018-08-28,-0.180375,0.0,0.0,0.0,-0.8049375,0.0,0.0,1.5172,0.0,0.5799,1.20015625,2.11484375
2018-08-29,-0.178,0.0,0.0,0.0,-0.8148125,0.0,0.0,1.5344,0.0,0.5806,1.19953125,2.114375
2018-08-30,-0.179375,0.0,0.0,0.0,-0.813875,0.0,0.0,1.52815,0.0,0.5804,1.20203125,2.11265625
2018-08-31,-0.179125,0.0,0.0,0.0,-0.8105625,0.0,0.0,1.53345,0.0,0.5813,1.20234375,2.1134
2018-09-03,-0.18325,0.0,0.0,0.0,-0.8080937499999998,0.0,0.0,1.5356,0.0,0.5807,1.20203125,2.1132
2018-09-04,-0.183125,0.0,0.0,0.0,-0.8080937499999998,0.0,0.0,1.5268,0.0,0.58205,1.19984375,2.1132
2018-09-05,-0.1845,0.0,0.0,0.0,-0.807125,0.0,0.0,1.50595,0.0,0.5778,1.19984375,2.113
2018-09-06,-0.183,0.0,0.0,0.0,-0.8083125,0.0,0.0,1.49125,0.0,0.57665,1.2021875,2.11359375
2018-09-07,-0.183,0.0,0.0,0.0,-0.80775,0.0,0.0,0.0,0.0,1.1501,1.19625,2.111
2018-09-10,-0.18325,0.0,0.0,0.0,-0.8072812500000002,0.0,0.0,0.0,0.0,1.1515,1.19671875,2.111
2018-09-11,-0.18425,0.0,0.0,0.0,-0.8072812500000002,0.0,0.0,1.5091,0.0,0.4333875,1.19328125,2.1098
2018-09-12,-0.183,0.0,0.0,0.0,-0.8072812500000002,0.0,0.0,1.5018,0.0,0.43400625000000004,1.19421875,2.1094
2018-09-13,-0.176875,0.0,0.0,0.0,-0.8195625,0.0,0.0,1.519,0.0,0.43391250000000003,1.1934375,2.10859375
2018-09-14,-0.175,0.0,0.0,0.0,-0.8169375,0.0,0.0,1.5114,0.0,0.58115,0.0,2.1076
2018-09-17,-0.175,0.0,0.0,0.0,-0.8169375,0.0,0.0,1.4859,0.0,0.58115,0.0,2.1078
2018-09-18,-0.174125,0.0,0.0,0.0,-0.8169375,0.0,0.0,1.50685,0.0,0.5798,0.0,2.108
2018-09-19,-0.172,0.0,0.0,0.0,-0.82475,0.0,0.0,1.5056,0.0,0.58245,0.0,2.10703125
2018-09-20,-0.172625,0.0,0.0,0.0,0.0,0.0,0.0,1.52105,0.0,0.58805,0.0,0.0
2018-09-21,-0.178125,0.0,0.0,0.0,0.0,0.0,0.0,1.5036,0.0,0.5856,0.0,0.0
2018-09-24,-0.178125,0.0,0.0,0.0,0.0,0.0,0.0,1.5175,0.0,0.58525,0.0,0.0
2018-09-25,-0.17925,0.0,0.0,0.0,0.0,0.0,-1.113375,1.5197,0.0,0.5852,0.0,0.0
2018-09-26,-0.18175,0.0,0.0,0.0,0.0,0.0,-1.1155625,1.5203,0.0,0.5824,0.0,0.0
2018-09-27,-0.180875,0.0,0.0,0.0,0.0,0.0,-1.10875,1.53225,0.0,0.5844,0.0,0.0
2018-09-28,-0.1785,0.0,0.0,0.0,0.0,0.0,-1.1058125,1.53655,0.0,0.58565,0.0,0.0
2018-10-01,-0.1785,0.0,0.0,0.0,0.0,0.0,-1.10365625,1.53485,0.0,0.5867,0.0,0.0
2018-10-02,-0.182125,0.0,0.0,0.0,0.0,0.0,-1.10365625,1.5312,0.0,0.5844,0.0,0.0
2018-10-03,-0.184,0.0,0.0,0.0,0.0,0.0,-1.09859375,1.5294,0.0,0.58695,0.0,0.0
2018-10-04,-0.18275,0.0,0.0,0.0,0.0,0.0,-1.1026249999999875,0.0,0.0,1.1632,0.0,-2.105
2018-10-05,-0.184125,0.0,0.0,0.0,0.0,0.0,-1.1050624999999998,0.0,0.0,1.1565,0.0,-2.1042
2018-10-08,-0.183875,0.0,0.0,0.0,0.0,0.0,-1.1050624999999998,0.0,0.0,1.1558,0.0,-2.1046
2018-10-09,-0.183,0.0,0.0,0.0,0.0,0.0,-1.1050624999999998,0.0,0.0,1.011325,0.0,-2.105
2018-10-10,-0.18225,0.0,0.0,0.0,0.0,0.0,-1.1050624999999998,0.0,0.0,0.866925,0.0,-4.2092
2018-10-11,-0.181,0.0,0.0,0.0,0.0,0.0,-1.1201874999999875,0.0,0.0,0.27745,0.0,-4.2124
2018-10-12,-0.186,0.0,0.0,-0.36872572,0.0,0.0,-1.1195,0.0,0.0,0.1383875,0.0,-4.212
2018-10-15,-0.186125,0.0,0.0,-0.36872572,0.0,0.0,-1.1195,0.0,0.0,0.1378875,0.0,-4.2124
2018-10-16,-0.18825,0.0,0.0,-0.37650547300000003,0.0,0.0,-1.1176875,0.0,0.0,0.1379375,0.0,-4.2116
2018-10-17,-0.187625,0.0,0.0,-0.3729660795,0.0,0.0,-1.1145625000000001,0.0,0.0,0.1411125,0.0,-4.209375
2018-10-18,-0.200875,0.0,0.0,-0.365697483,0.0,0.0,-1.119625,0.0,0.0,0.13865,0.0,-4.21125
2018-10-19,-0.19925,0.0,0.0,-0.3684576,0.0,0.0,-1.1156875,0.0,0.0,0.1379125,0.0,-4.2088
2018-10-22,-0.201,0.0,0.0,-0.3684576,0.0,0.0,-1.1156875,0.0,0.0,0.1388125,0.0,-4.2084
2018-10-23,-0.200875,0.0,0.0,-0.3684576,0.0,0.0,-1.1156875,0.0,0.0,0.0,1.18265625,-4.2108
2018-10-24,-0.200125,0.0,0.0,-0.3684576,-0.80725,0.0,0.0,0.0,0.0,0.0,0.0,-4.212
2018-10-25,-0.19875,0.0,0.0,-0.3684576,-0.8030625,0.0,0.0,0.0,0.0,0.0,0.0,-4.2152
2018-10-26,-0.19875,0.0,0.0,-0.35598761100000004,-0.80375,0.0,0.0,0.0,0.0,0.0,0.0,-4.2176
2018-10-29,-0.2005,0.0,0.0,-0.3554046875000001,-0.8016875,0.0,0.0,0.0,0.0,0.0,0.0,-4.218
2018-10-30,-0.2005,0.0,0.0,-0.358839187,-0.79575,0.0,0.0,0.0,0.0,0.0,0.0,-4.2146875
2018-10-31,-0.198875,0.0,0.0,-0.35971365,-0.79975,0.0,0.0,0.0,0.0,-0.1348,0.0,-2.1065625
2018-11-01,-0.200375,0.0,0.0,0.0,-0.813875,0.0,0.0,0.0,0.0,-0.1367,0.0,-2.1075
2018-11-02,-0.201625,0.0,0.0,0.0,-0.8143125,0.0,0.0,0.0,0.0,-0.135775,0.0,-2.1054
2018-11-05,-0.20225,0.0,0.0,0.0,-0.8175625,0.0,0.0,0.0,0.0,-0.135925,0.0,-2.1054
2018-11-06,-0.201875,0.0,0.0,0.0,-0.8210625,0.0,0.0,0.0,0.0,-0.13715,0.0,-2.1048
2018-11-07,-0.201625,0.0,0.0,0.0,-0.82175,0.0,0.0,0.0,0.0,-0.14085,0.0,-2.1048
2018-11-08,-0.20175,0.0,0.0,0.0,-0.817875,0.0,0.0,0.0,0.0,-0.1403625,0.0,-2.1028125
2018-11-09,-0.201,0.0,0.0,0.0,-0.8098125,0.0,0.0,0.0,0.0,-0.138925,0.0,-2.1048
2018-11-12,-0.201125,0.0,0.0,0.0,-0.804625,0.0,0.0,0.0,0.0,-0.1394375,0.0,-2.1046
2018-11-13,-0.199875,0.0,0.0,0.0,-0.8145,0.0,0.0,0.0,0.0,-0.1367375,0.0,-2.106
2018-11-14,-0.2,0.0,0.0,-0.36132095249999996,-0.812625,0.0,0.0,0.0,0.0,-0.136425,0.0,-2.1071875
2018-11-15,-0.19975,0.0,0.0,-0.36356205050000007,-0.798875,0.0,0.0,0.0,0.0,-0.136675,0.0,-2.1068
2018-11-16,-0.198875,0.0,0.0,-0.3632253,-0.803125,0.0,0.0,0.0,0.0,-0.136675,0.0,-2.1102
2018-11-19,-0.1985,0.0,0.0,-0.3632253,-0.8044375,0.0,0.0,0.0,0.0,-0.136775,0.0,-2.1094
2018-11-20,-0.198375,0.0,0.0,-0.3524793,-0.800125,0.0,0.0,0.0,0.0,-0.1319375,0.0,-2.11
2018-11-21,-0.19825,0.0,0.0,-0.35748429000000004,-0.7993125,0.0,0.0,0.0,0.0,-0.132725,0.0,-2.1096
2018-11-22,-0.19825,0.0,0.0,-0.35574864,-0.8055,0.0,0.0,0.0,0.0,-0.26545,0.0,0.0
2018-11-23,-0.1975,0.0,0.0,-0.35574864,-0.8015625,0.0,0.0,0.0,0.0,-0.2638,0.0,0.0
2018-11-26,-0.1975,0.0,0.0,-0.35574864,-0.8015,0.0,0.0,0.0,0.0,-0.2644,0.0,0.0
2018-11-27,-0.19625,0.0,0.0,-0.35763552,-0.797,0.0,0.0,0.0,0.0,-0.266525,0.0,0.0
2018-11-28,-0.196125,0.0,0.0,-0.36326535,-0.802,0.0,0.0,0.0,0.0,-0.274225,0.0,0.0
2018-11-29,-0.19825,0.0,0.0,-0.361965141,-0.7995625,0.0,-1.103125,0.0,0.0,-0.1367625,0.0,0.0
2018-11-30,-0.2015,0.0,0.0,-0.361965141,-0.7975625,0.0,-1.10340625,0.0,0.0,0.0,1.19265625,0.0
2018-12-03,-0.201375,0.0,0.0,0.0,-0.79575,0.0,0.0,0.0,0.0,0.0,1.1971875,0.0
2018-12-04,-0.200375,0.0,0.0,-0.355933926,-0.7953125,0.0,0.0,0.0,0.0,0.0,1.19921875,0.0
2018-12-05,-0.201125,0.0,0.0,-0.3563354565,-0.795625,0.0,0.0,0.0,0.0,-0.1356125,1.200625,-2.1104
2018-12-06,-0.20125,0.0,0.0,-0.3505145865,-0.799,0.0,0.0,0.0,0.0,-0.1333875,1.20265625,-2.1114
2018-12-07,-0.201,0.0,0.0,-0.34618760000000004,-0.795125,0.0,0.0,0.0,0.0,-0.1307375,1.20875,-2.1154
2018-12-10,-0.20075,0.0,0.0,-0.34618760000000004,-0.7851875,0.0,0.0,0.0,0.0,-0.130825,1.20703125,-2.115
2018-12-11,-0.202,0.0,0.0,-0.34618760000000004,-0.7809375,0.0,0.0,0.0,0.0,-0.26365,1.2040625,0.0
2018-12-12,-0.202125,0.0,0.0,-0.3523051665,-0.789125,0.0,0.0,0.0,0.0,-0.265575,1.20203125,0.0
2018-12-13,-0.201625,0.0,0.0,-0.3521383,-0.7945625,0.0,-1.1004999999999998,0.0,0.0,-0.266475,1.2025,0.0
2018-12-14,-0.202,0.0,0.0,-0.34594524000000004,-0.790375,0.0,-1.111125,0.0,0.0,-0.26085,1.20375,0.0
2018-12-17,-0.202,0.0,0.0,-0.34598375049999996,-0.792125,0.0,0.0,0.0,0.0,-0.255575,1.20625,0.0
2018-12-18,-0.2015,0.0,0.0,-0.344464004,-0.7945,0.0,0.0,0.0,0.0,-0.256,1.20921875,0.0
2018-12-19,-0.202,0.0,0.0,-0.34138775800000004,-0.792625,0.0,0.0,0.0,0.0,-0.2498,1.21203125,0.0
2018-12-20,-0.201125,0.0,0.0,-0.3402970125,-0.795125,0.0,0.0,0.0,0.0,-0.3730125,1.21,0.0
2018-12-21,-0.199,0.0,0.0,-0.33560985249999997,-0.793875,0.0,0.0,0.0,0.0,-0.3625875,1.21078125,0.0
2018-12-24,-0.19925,0.0,0.0,-0.33560985249999997,-0.7950625,0.0,0.0,0.0,0.0,-0.4858,1.210625,2.118
2018-12-25,-0.19925,0.0,0.0,-0.33560985249999997,-0.79625,0.0,0.0,0.0,0.0,-0.4691,1.214375,2.121
2018-12-26,-0.197625,-0.4541,0.0,-0.33560985249999997,-0.7935625,0.0,0.0,0.0,0.0,-0.2341,1.21,0.0
2018-12-27,-0.198625,0.0,0.0,-0.33560985249999997,-0.7933125,0.0,0.0,0.0,0.0,-0.36948749999999997,1.21375,2.119
2018-12-28,-0.19925,0.0,0.0,-0.33560985249999997,-0.7960625,0.0,0.0,0.0,0.0,-0.37511249999999996,1.21625,2.1214
2018-12-31,-0.19925,0.0,0.0,-0.33560985249999997,-0.7959375,0.0,0.0,0.0,0.0,-0.3759375,1.21703125,2.1214
2019-01-01,-0.19925,0.0,0.0,-0.33560985249999997,-0.8,0.0,0.0,0.0,0.0,-0.2517,1.21875,4.244
2019-01-02,-0.19875,0.0,0.0,-0.33560985249999997,0.0,0.0,0.0,0.0,0.0,-0.3723,1.22703125,4.2448
2019-01-03,-0.198875,0.0,0.0,-0.33554152000000004,0.0,0.0,0.0,0.0,0.0,-0.36735,1.23078125,4.2488
2019-01-04,-0.200625,0.0,0.0,-0.34454747774999994,0.0,0.0,0.0,0.0,0.0,-0.253825,1.22203125,4.2452
2019-01-07,-0.20175,0.0,0.0,-0.34686960049999993,0.0,0.0,0.0,0.0,0.0,-0.255025,1.21984375,4.246
2019-01-08,-0.20225,0.0,0.0,-0.34907253750000006,0.0,0.0,0.0,0.0,0.0,-0.2558,1.21609375,4.2378125
2019-01-09,-0.201875,0.0,0.0,-0.35332510800000005,0.0,0.0,0.0,0.0,0.0,-0.1291125,1.21796875,4.2392
2019-01-10,-0.20175,0.0,0.0,-0.353398073,0.0,0.0,0.0,0.0,0.0,-0.1284125,1.21734375,4.239375
2019-01-11,-0.200625,0.0,0.0,-0.35093456999999995,0.0,0.0,0.0,0.0,0.0,-0.1291625,1.2203125,2.121
2019-01-14,-0.200875,0.0,0.0,-0.35093456999999995,0.0,0.0,0.0,0.0,0.0,-0.128675,1.2196875,2.1218
2019-01-15,-0.202,0.0,0.0,-0.35093456999999995,0.0,0.0,0.0,0.0,0.0,-0.129825,1.2184375,2.1204
2019-01-16,-0.199625,0.0,0.0,-0.34917092999999993,0.0,0.0,0.0,0.0,0.0,-0.1306125,1.21796875,2.120390625
2019-01-17,-0.19975,0.0,0.0,-0.3497500479999999,0.0,0.0,0.0,0.0,0.0,-0.1317875,1.2153125,2.11953125
2019-01-18,-0.20125,0.0,0.0,0.0,0.0,0.0,0.0,0.0,0.0,-0.1334125,1.211875,2.1178
2019-01-21,-0.20125,0.0,0.0,0.0,0.0,0.0,0.0,0.0,0.0,-0.1332625,1.21265625,2.1182
2019-01-22,-0.20125,0.0,0.0,0.0,0.0,0.0,0.0,0.0,0.0,-0.1325625,1.215,2.1184375
2019-01-23,-0.20125,0.0,0.0,0.0,0.0,0.0,0.0,0.0,0.0,-0.1319125,1.21484375,2.11859375
2019-01-24,-0.20125,0.0,0.0,0.0,0.0,0.0,0.0,0.0,0.0,-0.1318375,1.216875,2.1186
2019-01-25,-0.2015,0.0,0.0,0.0,0.0,0.0,0.0,0.0,2.43525,0.0,0.0,2.1178
2019-01-28,0.0,0.0,0.0,0.0,0.0,0.0,0.0,0.0,2.435625,-0.1326,0.0,2.1182
2019-01-29,0.0,0.0,0.0,0.0,0.0,0.0,0.0,0.0,2.435875,-0.1318125,0.0,2.1186
2019-01-30,0.0,0.0,0.0,0.0,0.0,0.0,0.0,0.0,2.43625,-0.1340875,0.0,2.12109375
2019-01-31,0.0,0.0,0.0,0.0,0.0,0.0,0.0,0.0,2.437625,-0.134275,0.0,2.123125
2019-02-01,0.0,0.0,0.0,0.0,0.0,0.0,0.0,0.0,2.43675,0.0,0.0,2.121
2019-02-04,0.0,0.0,0.0,0.0,0.0,0.0,0.0,0.0,2.436625,0.0,0.0,2.1212
2019-02-05,0.0,0.0,0.0,0.0,0.0,0.0,0.0,0.0,2.436875,0.0,0.0,2.1204
2019-02-06,0.0,0.0,0.0,0.0,0.0,0.0,0.0,0.0,2.437125,0.1364625,0.0,2.1208
2019-02-07,0.0,0.0,0.0,0.0,0.0,0.0,0.0,0.0,2.438,0.136225,0.0,2.1206
2019-02-08,0.0,0.0,0.0,0.0,0.0,0.0,0.0,0.0,2.438625,0.1353125,0.0,2.1224
2019-02-11,0.0,0.0,0.0,0.0,0.0,0.0,0.0,0.0,2.438625,0.1353,0.0,2.1224
2019-02-12,0.0,0.0,0.0,0.0,0.0,0.0,0.0,0.0,2.437125,0.1361125,0.0,2.121
2019-02-13,0.0,0.0,0.0,0.0,0.0,0.0,0.0,0.0,2.436875,0.275,0.0,0.0
2019-02-14,0.0,0.0,0.0,0.0,0.0,0.0,0.0,0.0,2.436375,0.2757,0.0,0.0
2019-02-15,0.0,0.0,0.0,0.0,0.0,0.0,0.0,0.0,2.4375,0.277875,0.0,0.0
2019-02-18,0.0,0.0,0.0,0.0,0.0,0.0,0.0,0.0,2.4375,0.277825,0.0,0.0
2019-02-19,0.0,0.0,0.0,0.0,0.0,0.0,0.0,0.0,2.437375,0.277625,0.0,0.0
2019-02-20,0.0,0.0,0.0,0.0,0.0,0.0,0.0,0.0,2.438625,0.41669999999999996,0.0,0.0
2019-02-21,0.0,0.0,0.0,0.0,0.0,0.0,0.0,0.0,2.438125,0.418875,0.0,0.0
2019-02-22,0.0,0.0,0.0,0.0,0.0,0.0,0.0,0.0,2.4385000000000003,0.4201125,0.0,0.0
2019-02-25,0.0,0.0,0.0,0.0,0.0,0.0,0.0,0.0,2.438375,0.559,0.0,0.0
2019-02-26,0.0,0.0,0.0,0.0,0.0,0.0,0.0,0.0,2.439125,0.5575,0.0,0.0
2019-02-27,0.0,0.0,0.0,0.0,0.0,0.0,0.0,0.0,2.439875,0.5571,0.0,0.0
2019-02-28,-0.197,0.0,0.0,0.0,0.0,0.0,0.0,0.0,2.439,0.5578,0.0,-2.121796875
2019-03-01,-0.19825,0.0,0.0,0.0,0.0,0.0,-1.1178124999999874,0.0,2.43625,0.5635,0.0,-2.1194
2019-03-04,-0.198125,0.0,0.0,0.0,0.0,0.0,-1.1193124999999875,0.0,2.436375,0.5633,0.0,-2.1196
2019-03-05,-0.198125,0.0,0.0,0.0,0.0,0.0,-1.1183125,0.0,2.437375,0.55815,0.0,-2.1204
2019-03-06,-0.1985,0.0,0.0,0.0,0.0,0.0,-1.1205625,0.0,2.43775,0.5541,0.0,-2.121171875
2019-03-07,-0.197125,0.0,0.0,0.0,0.0,0.0,-1.12025,0.0,2.438125,0.414825,0.0,-2.1214
2019-03-08,-0.19525,0.0,0.0,0.0,0.0,0.0,-1.12575,0.0,2.439875,0.41156249999999994,0.0,-2.1236
2019-03-11,-0.195375,0.0,0.0,0.0,0.0,0.0,-1.1233125,0.0,2.4388750000000003,0.41235,0.0,-2.1232
2019-03-12,-0.19375,0.0,0.0,0.0,0.0,0.0,-1.123375,0.0,2.439,0.4195875,0.0,-2.1224
2019-03-13,-0.19575,0.0,0.0,0.0,0.0,0.0,-1.13175,0.0,2.440125,0.41898749999999996,0.0,-2.124
2019-03-14,-0.1965,0.0,0.0,0.0,0.0,0.0,-1.1271875,0.0,2.440125,0.42247500000000004,0.0,-2.1236
2019-03-15,-0.198375,0.0,0.0,0.37440119399999994,0.0,0.0,-1.1291875,0.0,2.44075,0.56535,0.0,0.0
2019-03-18,-0.19825,0.0,0.0,0.37448257949999997,0.0,0.0,-1.1300625,0.0,2.4405,0.56665,0.0,0.0
2019-03-19,-0.197375,0.0,0.0,0.37779289600000004,0.0,0.0,-1.130125,0.0,2.440625,0.56865,0.0,0.0
2019-03-20,-0.197375,0.0,0.0,0.3760731775,0.0,0.0,0.0,0.0,2.4427499999999998,0.8481000000000001,0.0,0.0
2019-03-21,-0.200125,0.0,0.0,0.3760731775,0.0,0.0,0.0,0.0,2.443125,0.84675,0.0,0.0
2019-03-22,-0.20025,0.0,0.0,0.36323503100000004,0.0,0.0,0.0,0.0,2.4454999999999996,0.8433,0.0,0.0
2019-03-25,-0.20025,0.0,0.0,0.0,0.0,0.0,0.0,0.0,2.4454999999999996,0.697875,0.0,0.0
2019-03-26,0.0,0.0,0.0,0.0,0.0,0.0,0.0,0.0,2.446125,0.7033125,0.0,0.0
2019-03-27,0.0,0.0,0.0,0.0,0.0,0.0,0.0,0.0,2.44675,0.702625,0.0,0.0
2019-03-28,0.0,0.0,0.0,0.0,0.0,0.0,0.0,0.0,2.44775,0.5611,0.0,2.135
2019-03-29,0.0,0.0,0.0,0.0,0.0,0.0,-1.133375,0.0,2.44425,0.713125,0.0,2.1304
2019-04-01,0.0,0.0,0.0,0.0,0.0,0.0,-1.1285625,0.0,2.443,0.7179375,0.0,2.1284375
2019-04-02,0.0,0.0,0.0,0.37342932,0.0,0.0,-1.12925,0.0,2.4435,0.7166250000000001,0.0,2.12984375
2019-04-03,0.0,0.0,0.0,0.3772713,0.0,0.0,-1.1275624999999876,0.0,2.443125,0.7198749999999999,0.0,2.1286
2019-04-04,0.0,0.0,-1.4110625,0.3767450750000001,0.0,0.0,0.0,1.51165,2.443375,0.2877,0.0,0.0
2019-04-05,0.0,0.0,-1.4105625,0.3767450750000001,0.0,0.0,0.0,1.52175,2.443875,0.2898,0.0,0.0
2019-04-08,0.0,0.0,-1.4153125,0.37882004,0.0,0.0,0.0,1.52475,2.443875,0.289825,0.0,0.0
2019-04-09,0.0,0.0,-1.416375,0.37629683,0.0,0.0,0.0,1.51785,2.443125,0.289525,0.0,0.0
2019-04-10,0.0,0.0,-1.4173125,0.37801722000000004,0.0,0.0,0.0,1.52895,2.444375,0.289475,0.0,0.0
2019-04-11,-0.194125,0.0,-1.414875,0.37832586,0.0,0.0,0.0,1.52365,2.44425,0.4342125,0.0,0.0
2019-04-12,-0.1955,0.0,-1.420625,0.38189458000000004,0.0,0.0,0.0,1.5295,2.44225,0.4366875,0.0,0.0
2019-04-15,-0.195375,0.0,-1.42025,0.381735295,0.0,0.0,0.0,1.53015,2.44225,0.5821,0.0,0.0
2019-04-16,-0.19475,0.0,-1.4169375,0.38220028000000006,0.0,0.0,-1.1214999999999875,1.53425,2.44225,0.58235,0.0,0.0
2019-04-17,-0.193875,0.0,-1.4190625,0.38511472999999996,0.0,0.0,-1.12075,1.5384,2.440875,0.5801,0.0,0.0
2019-04-18,-0.193125,0.0,-1.418875,0.38578485,0.0,0.0,-1.12225,1.53435,2.44175,0.5791,0.0,0.0
2019-04-19,-0.192625,0.0,-1.412,0.38578485,0.0,0.0,-1.1218125,1.54425,2.442125,0.58235,0.0,0.0
2019-04-22,-0.192625,0.0,-1.4140625,0.38578485,0.0,0.0,-1.1214999999999875,1.54815,2.44175,0.58085,0.0,0.0
2019-04-23,-0.190125,0.0,-1.4091875,0.38578485,0.0,0.0,-1.1220625,1.56685,2.442625,0.7281875,0.0,-2.1258
2019-04-24,-0.19,0.0,-1.40075,0.38578485,0.0,0.0,-1.11875,1.57135,2.442625,0.733625,0.0,-2.1272
2019-04-25,-0.18775,0.0,-1.3980625,0.38216156,0.0,0.0,-1.124,1.5605,2.4435,0.7316875,0.0,-2.127734375
2019-04-26,-0.19175,0.0,-1.3995,0.38307964,0.0,0.0,-1.1238749999999875,1.5674,2.444125,0.7351249999999999,0.0,-2.1296
2019-04-29,-0.19175,0.0,-1.4036875,0.38307964,0.0,0.0,-1.123125,1.56145,2.4435,0.7354375000000001,0.0,-2.1294
2019-04-30,-0.190625,0.0,-1.407125,0.38307964,0.0,0.0,-1.12525,1.5682,2.443875,0.73525,0.0,-2.1298
2019-05-01,-0.19175,0.0,-1.4056875,0.38307964,0.0,0.0,-1.1259375,1.54895,2.44325,0.73975,0.0,-2.13
2019-05-02,-0.193125,0.0,-1.4019375,0.38411043999999994,0.0,0.0,-1.1244999999999874,1.5484,2.4427499999999998,0.7298125,0.0,-2.1274
2019-05-03,-0.190375,0.0,-1.4043125,0.3875892000000001,0.0,0.0,-1.13175,1.54975,2.4445,0.43428749999999994,0.0,-2.1296
2019-05-06,-0.190125,0.0,-1.4046875,0.3875892000000001,0.0,0.0,-1.1319374999999998,1.55135,2.444375,0.433875,0.0,-2.1294
2019-05-07,-0.191,0.0,-1.40375,0.3875892000000001,0.0,0.0,-1.1371875,1.53185,2.444375,0.4390125,0.0,-2.128
2019-05-08,-0.192375,0.0,-1.4039375,0.37761808,0.0,0.0,0.0,1.52845,2.444875,0.289075,0.0,-2.1284375
2019-05-09,-0.189375,0.0,-1.4065,0.37503924,0.0,0.0,0.0,1.5149,2.444625,0.2868,0.0,-2.129921875
2019-05-10,-0.184875,0.0,-1.4084375,0.3777207,0.0,0.0,-1.1418125,0.0,2.445375,0.5714,0.0,-2.1312
2019-05-13,-0.18475,0.0,-1.40775,0.3777207,0.0,0.0,-1.147375,0.0,2.4454999999999996,0.57105,0.0,-2.131
2019-05-14,-0.19125,0.0,-1.40475,0.3777207,0.0,0.0,-1.142875,0.0,2.446375,0.56385,0.0,-2.1326
2019-05-15,-0.194875,0.0,-1.40425,0.37571508000000003,0.0,0.0,-1.143625,0.0,2.44675,0.57125,0.0,-2.1334375
2019-05-16,-0.196625,0.0,-1.400125,0.38013948000000003,0.0,0.0,-1.140375,0.0,2.4482500000000003,0.5695,0.0,-2.132109375
2019-05-17,0.0,0.0,-1.398625,0.37803304,0.0,0.0,-1.1384374999999998,0.0,2.4478750000000002,0.43061250000000006,0.0,-2.1314
2019-05-20,0.0,0.0,-1.399125,0.37803304,0.0,0.0,-1.138375,0.0,2.4475,0.4300875,0.0,-2.1314
2019-05-21,0.0,0.0,-1.3985,0.37803304,0.0,0.0,-1.1329999999999998,0.0,2.447,0.428175,0.0,-2.12953125
2019-05-22,0.0,0.0,-1.397125,0.37803304,0.0,0.0,-1.135125,0.0,2.446875,0.4294125,0.0,-2.13046875
2019-05-23,0.0,0.0,-1.400375,0.37028160000000004,0.0,0.0,-1.1435,0.0,2.44925,0.425775,0.0,-2.13375
2019-05-24,0.0,0.0,-1.4036875,0.37477380000000005,0.0,0.0,-1.1444375,0.0,2.4495,0.283075,0.0,-2.1328
2019-05-27,0.0,0.0,-1.4015625,0.37539047999999997,0.0,0.0,0.0,0.0,2.449125,0.141725,0.0,-4.2644
2019-05-28,0.0,0.0,-1.397875,0.37252080000000004,0.0,0.0,0.0,0.0,2.449375,0.14175,0.0,-4.268593752
2019-05-29,0.0,0.0,-1.394,0.0,0.0,0.0,0.0,0.0,2.4515,0.139,0.0,-4.2703125
2019-05-30,0.0,0.0,-1.3933125,0.0,0.0,0.0,0.0,0.0,2.4505,0.13945,0.0,-4.2684
2019-05-31,0.0,0.0,-1.3980625,0.0,0.0,0.0,0.0,0.0,2.4545000000000003,0.0,0.0,-2.1478
2019-06-03,0.0,0.0,-1.4071875,0.0,0.0,0.0,0.0,0.0,2.4545000000000003,0.0,0.0,-2.1482
2019-06-04,0.0,0.0,-1.4079375,0.0,0.0,0.0,0.0,0.0,2.455,0.0,0.0,-2.15
2019-06-05,0.0,0.0,-1.4045625,0.0,0.0,0.0,0.0,0.0,2.4552499999999995,0.0,0.0,-2.1503125
2019-06-06,0.0,0.0,-1.4105625,0.0,0.0,0.0,0.0,0.0,2.455125,0.14225,0.0,0.0
2019-06-07,0.0,0.0,-1.4154375,0.0,0.0,0.0,0.0,0.0,2.453125,0.144375,0.0,0.0
2019-06-10,0.0,0.0,0.0,0.38233385,-0.79325,0.0,0.0,0.0,2.4535,0.288975,0.0,0.0
2019-06-11,0.0,0.0,0.0,0.3847214,-0.795375,0.0,0.0,0.0,2.453125,0.289825,0.0,0.0
2019-06-12,0.0,0.0,0.0,0.38179398000000003,-0.7933125,0.0,0.0,0.0,2.4541250000000003,0.2882,0.0,0.0
2019-06-13,0.0,0.0,0.0,0.38059875,-0.79575,0.0,0.0,0.0,2.4555,0.2899,0.0,0.0
2019-06-14,0.0,0.0,0.0,0.37796748,-0.7901875,0.0,0.0,0.0,2.455625,0.28995,0.0,0.0
2019-06-17,0.0,0.0,0.0,0.37793441999999994,-0.786875,0.0,0.0,0.0,2.455125,0.2899,0.0,0.0
2019-06-18,0.0,0.0,0.0,0.38548692,-0.788,0.0,0.0,0.0,2.455375,0.43436250000000004,0.0,2.1492
2019-06-19,0.23075,0.0,0.0,0.38684796000000005,-0.79375,0.0,0.0,0.0,2.455375,0.58655,0.0,2.153046875
2019-06-20,0.22675,0.0,0.0,0.39092903999999995,-0.7970625,0.0,0.0,0.0,2.4579999999999997,0.5917,0.0,2.1542
2019-06-21,0.22825,0.0,0.0,0.39117288,-0.7994375,0.0,0.0,0.0,2.456375,0.5911,0.0,2.152
2019-06-24,0.228375,0.0,0.0,0.39117288,-0.798875,0.0,0.0,0.0,2.456375,0.59185,0.0,2.1522
2019-06-25,0.23,0.0,0.0,0.38909241,-0.795875,0.0,0.0,0.0,2.457875,0.58885,0.0,2.153515625
2019-06-26,0.2275,0.0,0.0,0.38961563000000005,-0.796125,0.0,0.0,0.0,2.456625,0.5836,0.0,2.1524
2019-06-27,0.227625,0.0,0.0,0.3904458,-0.7945625,0.0,0.0,0.0,2.456,0.5865,0.0,2.151953125
2019-06-28,0.0,0.0,0.0,0.3935157,-0.796375,0.0,0.0,0.0,2.45575,0.7428750000000001,0.0,2.1494
2019-07-01,0.0,0.0,0.0,0.3933951,-0.7930625,0.0,0.0,0.0,2.455875,0.744375,0.0,2.1498
2019-07-02,0.0,0.0,0.0,0.39486215,-0.7900625,0.0,0.0,0.0,2.458125,0.7449062500000001,0.0,2.150859375
2019-07-03,0.0,0.0,0.0,0.39800061999999997,-0.78875,0.0,0.0,0.0,2.458625,0.8932500000000001,0.0,2.1522
2019-07-04,0.0,0.0,0.0,0.7976238,-0.78875,0.0,0.0,0.0,2.4585,0.8995500000000001,0.0,2.151
2019-07-05,0.0,0.0,0.0,0.7896368400000001,-0.7855,0.0,0.0,0.0,2.45625,0.896625,0.0,2.146
2019-07-08,0.0,0.0,0.0,0.7886388000000001,-0.7849375,0.0,0.0,0.0,2.457,0.893625,0.0,2.146015625
2019-07-09,0.0,0.0,0.0,0.39295248,-0.7813125,0.0,0.0,1.5695,2.4565,0.296775,0.0,2.145390625
2019-07-10,0.0,0.0,0.0,0.39367249000000004,-0.7841875,0.0,0.0,1.5864,2.4552499999999995,0.297575,0.0,2.1442
2019-07-11,0.0,0.0,0.0,0.39265205999999997,-0.7853125,0.0,0.0,1.58305,2.45625,0.29965,0.0,2.1482
2019-07-12,0.0,0.0,0.0,0.39290706,-0.788125,0.0,0.0,1.59175,2.4545000000000003,0.4519875,0.0,2.147
2019-07-15,0.0,0.0,0.0,0.39403,-0.784625,0.0,0.0,1.5971,2.453875,0.4529625,0.0,2.1464
2019-07-16,0.0,0.0,0.0,0.39373031999999997,-0.77775,0.0,0.0,1.58885,2.455,0.45105000000000006,0.0,2.1472
2019-07-17,0.0,0.0,0.0,0.39126864,-0.779125,0.0,0.0,1.5754,2.454625,0.4474125,0.0,2.1468
2019-07-18,0.0,0.0,0.0,0.39232682999999996,-0.7850625,0.0,0.0,1.5876,2.45625,0.4496625,0.0,2.1478
2019-07-19,0.0,0.0,0.0,0.3891789600000001,-0.7836875,0.0,0.0,1.56915,2.45625,0.4468875,0.0,2.1472
2019-07-22,0.0,0.0,0.0,0.3903322,-0.78175,0.0,0.0,1.5854,2.456125,0.44835,0.0,2.1472
2019-07-23,0.0,0.0,0.0,0.39381243000000005,-0.7793125,0.0,0.0,1.5902,2.45625,0.45120000000000005,0.0,2.14703125
2019-07-24,0.0,0.0,0.0,0.39305448000000004,-0.782125,0.0,0.0,1.6022,2.456,0.45324375,0.0,2.1471875
2019-07-25,0.0,0.0,0.0,0.39114823000000004,-0.7801875,0.0,0.0,1.5979,2.456625,0.45097499999999996,0.0,2.1478
2019-07-26,0.0,0.0,0.0,0.39167040000000003,-0.7754375,0.0,0.0,1.6043,2.456125,0.6047,0.0,0.0
2019-07-29,0.0,0.0,0.0,0.39271456000000005,-0.76575,0.0,0.0,1.6022,2.456125,0.60435,0.0,0.0
2019-07-30,0.0,0.0,0.0,0.38585145,-0.7618125,0.0,0.0,1.59755,2.4565,0.6047,0.0,0.0
2019-07-31,0.0,0.0,0.0,0.38345112000000003,-0.7615625,0.0,0.0,1.568,2.4565,0.59645,0.0,0.0
2019-08-01,0.0,0.0,0.0,0.38586885000000004,-0.7591875,0.0,0.0,1.557,2.4565,0.2951875,0.0,0.0
2019-08-02,0.0,0.0,0.0,0.37515093,-0.76075,0.0,0.0,0.0,2.461375,0.7318125,0.0,0.0
2019-08-05,0.0,0.0,0.0,0.3707862,-0.7611875,0.0,0.0,0.0,2.463125,0.5803,0.0,0.0
2019-08-06,0.0,0.0,0.0,0.0,-0.761625,0.0,0.0,0.0,2.464625,0.426225,0.0,0.0
2019-08-07,0.0,0.0,0.0,0.0,-0.760125,0.0,0.0,0.0,2.46625,0.43209375,0.0,0.0
2019-08-08,0.0,0.0,0.0,0.0,-0.7600625,0.0,0.0,0.0,2.466125,0.44101875,0.0,0.0
2019-08-09,0.0,0.0,0.0,0.0,-0.753125,0.0,0.0,0.0,2.465,0.4371,0.0,0.0
2019-08-12,0.0,0.0,0.0,0.0,-0.756,0.0,0.0,0.0,2.465,0.43875,0.0,0.0
2019-08-13,0.0,0.0,0.0,0.0,-0.75475,0.0,0.0,0.0,2.467,0.431175,0.0,0.0
2019-08-14,0.0,0.0,0.0,0.0,-0.7548125,0.0,0.0,0.0,2.464875,0.4261125,0.0,0.0
2019-08-15,-0.186375,0.0,0.0,0.0,-0.75675,0.0,0.0,0.0,2.467125,0.14243125,0.0,0.0
2019-08-16,-0.188125,0.0,0.0,0.0,-0.76075,0.0,0.0,0.0,2.4677499999999997,0.1453,0.0,0.0
2019-08-19,-0.18775,0.0,0.0,0.0,-0.7586875,0.0,0.0,0.0,2.4673749999999997,0.292375,0.0,-2.1572
2019-08-20,-0.188625,0.0,0.0,0.0,-0.7611875,0.0,0.0,0.0,2.46675,0.292575,0.0,-2.1564
2019-08-21,-0.184875,0.0,0.0,0.37567065000000005,-0.7588125,0.0,0.0,0.0,2.466875,0.292925,0.0,-2.1562
2019-08-22,-0.185625,0.0,0.0,0.37291914000000004,-0.766375,0.0,0.0,0.0,2.467125,0.29265,0.0,-2.1556
2019-08-23,-0.184125,0.0,0.0,0.0,-0.7676875,0.0,0.0,0.0,2.47025,0.1412125,0.0,-2.1586
2019-08-26,-0.18425,0.0,0.0,0.0,-0.764625,0.0,0.0,0.0,2.4705,0.1441625,0.0,-2.1572
2019-08-27,-0.183875,0.0,0.0,0.0,-0.7685,0.0,0.0,0.0,2.468875,0.14385,0.0,-2.1558
2019-08-28,-0.182875,0.0,0.0,0.0,-0.7641875,0.0,0.0,0.0,2.47025,0.144425,0.0,-2.1608
2019-08-29,-0.1865,0.0,0.0,0.0,-0.7619375,0.0,0.0,0.0,2.47075,0.14415,0.0,-2.162
2019-08-30,-0.18575,0.0,0.0,0.37721112,-0.7605625,0.0,0.0,0.0,2.470625,0.14545,0.0,-2.1618
2019-09-02,-0.184375,0.0,0.0,0.3762024,-0.7545625,0.0,0.0,0.0,2.469875,0.145575,0.0,-2.1612
2019-09-03,-0.1845,0.0,0.0,0.37465235999999996,-0.7560625,0.0,0.0,0.0,2.469875,0.145225,0.0,-2.160703126
2019-09-04,-0.181,0.0,0.0,0.3811489,-0.76575,0.0,0.0,0.0,2.47125,0.1465,0.0,-2.163
2019-09-05,-0.180125,0.0,0.0,0.38401799999999997,-0.7708125,0.0,0.0,0.0,2.47025,0.148625,0.0,-2.161875
2019-09-06,-0.1785,0.0,0.0,0.38458123,-0.768,0.0,0.0,0.0,2.46875,0.298175,0.0,-2.1594
2019-09-09,-0.17825,0.0,0.0,0.38601712,-0.7718125,0.0,0.0,0.0,2.46675,0.29875,0.0,-2.1592
2019-09-10,-0.178875,0.0,0.0,0.38661543000000004,-0.7724375,0.0,0.0,0.0,2.46675,0.4470375,0.0,-4.31375
2019-09-11,-0.18075,0.0,0.0,0.38678130000000005,-0.7706875,0.0,0.0,0.0,2.464625,0.44745,0.0,-4.3078125
2019-09-12,-0.180625,0.0,0.0,0.39174083,-0.7709375,0.0,0.0,0.0,2.4638750000000003,0.45142499999999997,0.0,-4.3064
2019-09-13,-0.18525,0.0,0.0,0.3905045,-0.7835,0.0,0.0,0.0,2.460625,0.44876250000000006,0.0,-4.298593752
2019-09-16,-0.185375,0.0,0.0,0.3861702,-0.78175,0.0,0.0,0.0,2.460875,0.44906250000000003,0.0,-4.299531252
2019-09-17,-0.186375,0.0,0.0,0.38821938,-0.779,0.0,0.0,0.0,2.46125,0.59945,0.0,-4.3
2019-09-18,-0.184625,0.0,0.0,0.3885869,-0.7831875,0.0,0.0,0.0,2.46175,0.6008,0.0,-4.3036
2019-09-19,-0.18525,0.0,0.0,0.7794946,-0.7825,0.0,0.0,0.0,2.46225,0.5997,0.0,-4.3016
2019-09-20,-0.18625,0.0,0.0,0.77919296,-0.781875,0.0,0.0,0.0,2.4625,0.6006,0.0,-4.305
2019-09-23,-0.18625,0.0,0.0,0.77919296,-0.7818125,0.0,0.0,0.0,2.46275,0.60045,0.0,-4.3048
2019-09-24,-0.186,0.0,0.0,0.77919296,-0.7791875,0.0,0.0,0.0,2.4635000000000002,0.60115,0.0,-4.306406252
2019-09-25,-0.188375,0.0,-1.376125,0.38223899000000006,0.0,0.0,0.0,0.0,2.46525,0.59505,0.0,-4.3112
2019-09-26,-0.186875,0.0,-1.372875,0.38565582000000004,0.0,0.0,0.0,0.0,2.464,0.59645,0.0,-4.3092
2019-09-27,-0.186125,0.0,-1.37309375,0.38565582000000004,0.0,0.0,0.0,0.0,2.46425,0.5942,0.0,-4.3096
2019-09-30,-0.186,0.0,-1.3700625,0.387495,0.0,0.0,0.0,0.0,2.464125,0.5948,0.0,-4.309843752
2019-10-01,-0.193875,0.0,-1.3745,0.38262,0.0,0.0,0.0,0.0,2.463375,0.5984,0.0,-4.30875
2019-10-02,-0.195375,0.0,-1.3769375,0.37348272000000005,0.0,0.0,0.0,0.0,2.46475,0.5887,0.0,-4.3152
2019-10-03,-0.193875,0.0,-1.3771875,0.37251502000000003,0.0,0.0,0.0,0.0,2.46675,0.289175,0.0,-4.32
2019-10-04,-0.1935,0.0,-1.3791875,0.3751182600000001,0.0,0.0,0.0,0.0,2.46825,0.29395,0.0,-4.3268
2019-10-07,-0.1935,0.0,-1.37903125,0.3751182600000001,0.0,0.0,0.0,0.0,2.468,0.293775,0.0,-4.3259375
2019-10-08,-0.193625,0.0,-1.37903125,0.3751182600000001,0.0,0.0,0.0,0.0,2.466375,0.29455,0.0,-4.3190625
2019-10-09,-0.19725,0.0,-1.3778125,0.37800580500000003,0.0,0.0,0.0,0.0,2.467875,0.2899,0.0,-4.324
2019-10-10,-0.197125,0.0,-1.38175,0.37959694000000005,0.0,0.0,0.0,0.0,2.46675,0.291575,0.0,-4.3208
2019-10-11,-0.1995,0.0,-1.3856875,0.39121806000000003,0.0,0.0,0.0,0.0,2.46225,0.298175,0.0,-4.3090625
2019-10-14,-0.19925,0.0,-1.38478125,0.39086775999999995,0.0,0.0,0.0,0.0,2.46275,0.29745,0.0,-4.3116
2019-10-15,-0.198125,0.0,-1.38478125,0.39630536,0.0,0.0,0.0,0.0,2.463125,0.297525,0.0,-4.3109375
2019-10-16,-0.195625,0.0,-1.3896875,0.39781695999999994,0.0,0.0,0.0,0.0,2.46175,0.4488375,0.0,-4.31
2019-10-17,-0.196,0.0,-1.3959375,0.39912912000000006,0.0,0.0,0.0,0.0,2.46225,0.44789999999999996,0.0,-4.310625
2019-10-18,-0.196,0.0,-1.39596875,0.39912912000000006,0.0,0.0,0.0,0.0,2.462125,0.44872500000000004,0.0,-4.312
2019-10-21,-0.196,0.0,-1.39596875,0.39912912000000006,0.0,0.0,0.0,0.0,2.461625,0.4488375,0.0,-4.31
2019-10-22,-0.196,0.0,-1.39596875,0.39912912000000006,0.0,0.0,-1.154875,0.0,2.461375,0.45172499999999993,0.0,-4.3078125
2019-10-23,-0.204875,0.0,0.0,0.40056534,0.0,0.0,-1.1571875,0.0,2.4614999999999996,0.44857499999999995,0.0,-4.3109375
2019-10-24,-0.204375,0.0,0.0,0.40085711,0.0,0.0,-1.1543125,0.0,2.461375,0.4512375,0.0,-4.3096875
2019-10-25,-0.20375,0.0,0.0,0.4012001655,0.0,0.0,-1.15325,0.0,2.460625,0.4536375,0.0,-4.3056
2019-10-28,-0.20375,0.0,0.0,0.4012158525,0.0,0.0,-1.152875,0.0,2.4603750000000004,0.605,0.0,-4.304843752
2019-10-29,-0.20375,0.0,0.0,0.40080836150000004,0.0,0.0,0.0,1.62195,2.459125,0.1519125,0.0,-4.3036
2019-10-30,-0.20375,0.0,0.0,0.401148615,0.0,0.0,0.0,1.611,2.46,0.1516875,0.0,-4.3040625
2019-10-31,-0.202875,0.0,0.0,0.40243778550000003,0.0,0.0,0.0,1.6234,2.460875,0.152375,0.0,-4.304843752
2019-11-01,-0.20225,0.0,0.0,0.4024774845,0.0,0.0,0.0,1.63535,2.462375,0.153375,0.0,-4.3082812520000004
2019-11-04,-0.20175,0.0,0.0,0.40838084700000005,0.0,0.0,0.0,1.63755,2.461,0.1535125,0.0,-4.3075
2019-11-05,-0.20175,0.0,0.0,0.40823434850000007,0.0,0.0,0.0,1.64755,2.460875,0.308125,0.0,-4.3056
2019-11-06,-0.200375,0.0,0.0,0.40742717600000006,0.0,0.0,0.0,1.6429,2.459625,0.30715,0.0,-4.3044
2019-11-07,-0.199375,0.0,0.0,0.4091118685,0.0,0.0,0.0,1.6412,2.4603750000000004,0.3075,0.0,-4.3046875
2019-11-08,-0.20025,0.0,0.0,0.40907099999999996,0.0,0.0,0.0,1.6505,2.456625,0.4633125,0.0,-6.44953125
2019-11-11,-0.20025,0.0,0.0,0.40708618799999996,0.0,0.0,0.0,1.64485,2.457625,0.4618125,0.0,-6.452399999999999
2019-11-12,-0.20025,0.0,0.0,0.409438341,0.0,0.0,0.0,1.65295,2.45625,0.6183,0.0,-6.448125
2019-11-13,-0.20025,0.0,0.0,0.406566063,0.0,0.0,0.0,1.65065,2.457375,0.6171,0.0,-6.4512
2019-11-14,-0.19925,0.0,-1.380125,0.40547945999999996,0.0,0.0,0.0,1.6509,2.459375,0.7725625,0.0,-6.455400000000001
2019-11-15,-0.197875,0.0,-1.384,0.4084493779999999,0.0,0.0,0.0,1.6621,2.4603750000000004,0.7785625,0.0,-6.458203128000001
2019-11-18,-0.1968125,0.0,-1.38740625,0.40769174925,0.0,0.0,0.0,1.664,2.4603750000000004,0.7796875000000001,0.0,-6.457734378
2019-11-19,-0.1968125,0.0,-1.38740625,0.40769174925,0.0,0.0,0.0,1.67,2.461,0.7814375,0.0,-6.457734378
2019-11-20,-0.1968125,0.0,-1.38740625,0.40769174925,0.0,0.0,0.0,1.6631,2.462625,0.7781875,0.0,-6.4608
2019-11-21,-0.197,0.0,-1.38425,0.40767656300000005,0.0,0.0,0.0,1.65525,2.46275,0.7758750000000001,0.0,-6.461399999999999
2019-11-22,-0.1965,0.0,-1.3793125,0.40752046500000005,0.0,0.0,0.0,1.66135,2.46175,0.77975,0.0,-6.4546874999999995
2019-11-25,-0.197625,0.0,-1.3781875,0.40832805,0.0,0.0,0.0,1.6622,2.461625,0.9359999999999999,0.0,-8.623437504
2019-11-26,-0.196375,0.0,-1.3795,0.40797708,0.0,0.0,-1.1484375,1.6765,2.462,0.7833125000000001,0.0,-6.469453128
2019-11-27,-0.194875,0.0,-1.376375,0.40842343600000003,0.0,0.0,-1.1463125,1.6823,2.462375,0.7861875,0.0,-6.469453128
2019-11-28,-0.195125,0.0,-1.37740625,0.40697965000000014,0.0,0.0,-1.1428125,1.68555,2.4611249999999996,0.7863125,0.0,-6.4659375
2019-11-29,-0.196,0.0,-1.379,0.406588221,0.0,0.0,-1.142,1.6862,2.460625,0.786875,0.0,-6.465703128
2019-12-02,-0.195625,0.0,-1.3859375,0.399662757,0.0,0.0,-1.1409375,1.6888,2.460125,0.7879999999999999,0.0,-6.465
2019-12-03,-0.19625,0.0,-1.386125,0.39983389199999997,0.0,0.0,-1.1460625,1.6656,2.4595,0.7799375,0.0,-6.463828128000001
2019-12-04,-0.195875,0.0,0.0,0.40515426400000004,0.0,0.0,-1.1519375,1.65265,2.462875,0.46406250000000004,0.0,-6.473671877999999
2019-12-05,-0.195125,0.0,0.0,0.4057779824999999,0.0,0.0,-1.1491875,1.6605,2.461625,0.4669875,0.0,-6.469687500000001
2019-12-06,-0.194875,0.0,0.0,0.4098504855,0.0,0.0,-1.1509375,1.68085,2.459375,0.4719375,0.0,-6.46265625
2019-12-09,-0.1945,0.0,0.0,0.4058592765,0.0,0.0,-1.1514375,1.67845,2.459625,0.4715625,0.0,-6.463593749999999
2019-12-10,-0.195,0.0,0.0,0.40571321299999996,0.0,0.0,-1.151125,1.67805,2.459625,0.47085,0.0,-6.463593749999999
2019-12-11,-0.194125,0.0,0.0,0.409202325,0.0,0.0,-1.14975,1.67815,2.460125,0.62765,0.0,-6.459609378000001
2019-12-12,-0.196375,0.0,0.0,0.41279871849999994,0.0,0.0,-1.1509375,1.68825,2.46,0.6299,0.0,-6.463593749999999
2019-12-13,-0.19775,0.0,0.0,0.4149264,0.0,0.0,-1.1493125,1.7071,2.45925,0.6357,0.0,-6.461953127999999
2019-12-16,-0.200125,0.0,0.0,0.41796696899999997,0.0,0.0,-1.1494375,1.71005,2.459125,0.63675,0.0,-6.46125
2019-12-17,-0.20075,0.0,0.0,0.41589594599999996,0.0,0.0,-1.147625,1.72325,2.457625,0.63995,0.0,-6.460078128
2019-12-18,-0.20025,0.0,0.0,0.41590059500000004,0.0,0.0,-1.1485625,1.71975,2.457375,0.6386,0.0,-6.45984375
2019-12-19,-0.20025,0.0,0.0,0.41590059500000004,0.0,0.0,-1.147,1.72415,2.456625,0.63985,0.0,-6.457968750000001
2019-12-20,-0.201125,0.0,0.0,0.41831158350000003,0.0,0.0,-1.1473125,1.74445,2.45625,0.64565,0.0,-6.457968750000001
2019-12-23,-0.201125,0.0,0.0,0.417137224,0.0,0.0,-1.14825,1.74275,2.456,0.64525,0.0,-6.458203128000001
2019-12-24,-0.201125,0.0,0.0,0.417137224,0.0,0.0,-1.1483750000000001,1.7453,2.456125,0.64565,0.0,-6.4567968780000005
2019-12-25,-0.201125,0.0,0.0,0.417137224,0.0,0.0,-1.1488125000000002,1.7461,2.45675,0.806875,0.0,-6.4586718780000005
2019-12-26,-0.201125,0.0,0.0,0.417137224,0.0,0.0,-1.147,1.74765,2.456625,0.8075,0.0,-6.4584375000000005
2019-12-27,-0.201125,0.0,0.0,0.41837952000000006,0.0,0.0,-1.1466874999999999,1.75955,2.457625,0.8101875000000001,0.0,-6.462890628
2019-12-30,-0.201125,0.0,0.0,0.41667846,0.0,0.0,-1.14975,1.76035,2.457125,0.8105,0.0,-6.462890628
2019-12-31,-0.201125,0.0,0.0,0.41667846,0.0,0.0,-1.15475,1.74955,2.455875,0.8068124999999999,0.0,-6.462890628
2020-01-01,-0.201125,0.0,0.0,0.41667846,0.0,0.0,-1.1541874999999875,1.7553,2.456,0.809375,0.0,-6.463359378
2020-01-02,-0.201125,0.0,0.0,0.424249632,0.0,0.0,-1.154375,1.7577,2.457625,0.81,0.0,-6.463828128000001
2020-01-03,-0.201125,0.0,0.0,0.419410019,0.0,0.0,-1.162125,1.7555,2.460625,0.8059375000000001,0.0,-6.471796878
2020-01-06,-0.19975,0.0,0.0,0.41730979000000007,0.0,0.0,0.0,1.7547,2.46025,1.1283125,0.0,-6.4703906280000005
2020-01-07,-0.2,0.0,0.0,0.4211210505,0.0,0.0,0.0,1.77425,2.461625,1.1370625,0.0,-6.4675781279999995
2020-01-08,-0.200125,0.0,0.0,0.4194624495,0.0,0.0,0.0,1.76205,2.4585,1.1291,0.0,-6.471796878
2020-01-09,-0.199875,0.0,0.0,0.4195676789999999,0.0,0.0,0.0,1.79235,2.458625,1.142925,0.0,-6.46265625
2020-01-10,-0.2015,0.0,0.0,0.41836302000000003,0.0,0.0,0.0,1.7975,2.4595,1.1435374999999999,0.0,-6.464296878000001
2020-01-13,-0.202125,0.0,0.0,0.41856621000000005,0.0,0.0,0.0,1.80175,2.459125,1.1457249999999999,0.0,-6.463593749999999
2020-01-14,-0.202,0.0,0.0,0.418862961,0.0,0.0,0.0,1.8177,2.459875,1.1514125000000002,0.0,-6.461484378
2020-01-15,-0.201,0.0,0.0,0.41796768000000006,0.0,0.0,0.0,1.80925,2.460125,1.1489624999999999,0.0,-6.465
2020-01-16,-0.1975,0.0,0.0,0.41945359500000007,0.0,0.0,0.0,1.8167,2.459375,1.154825,0.0,-6.465
2020-01-17,-0.201125,0.0,0.0,0.42340973000000004,0.0,0.0,0.0,1.8369,2.4595,1.1648,0.0,-6.464765628
2020-01-20,-0.20075,0.0,0.0,0.42033563500000004,0.0,0.0,0.0,1.83595,2.4595,1.1641875,0.0,-6.465
2020-01-21,-0.20075,0.0,0.0,0.419176656,0.0,0.0,0.0,1.82445,2.4605,1.1585875,0.0,-6.4673437499999995
2020-01-22,-0.20025,0.0,0.0,0.41658365699999994,0.0,0.0,0.0,1.8466,2.461,1.1673375000000001,0.0,-6.4666406279999995
2020-01-23,-0.201375,0.0,0.0,0.413439837,0.0,0.0,0.0,1.83585,2.461625,0.9941249999999999,0.0,-6.470859378
2020-01-24,-0.199,0.0,0.0,0.41508708750000006,0.0,0.0,0.0,1.8029,2.465,0.65175,0.0,-6.478828128
2020-01-27,-0.197625,0.0,0.0,0.4047350920000001,0.0,0.0,0.0,1.8061,2.46525,0.6521,0.0,-6.477890628
2020-01-28,-0.19825,0.0,-1.3818125,0.40869656449999997,0.0,0.0,0.0,1.80775,2.4645,0.4894125,0.0,-6.4790624999999995
2020-01-29,-0.197625,0.0,-1.380125,0.411129925,0.0,0.0,0.0,1.82575,2.466125,0.4927125,0.0,-6.47671875
2020-01-30,-0.195375,0.0,-1.3825625,0.0,0.0,0.0,0.0,1.80955,2.466125,0.48772499999999996,0.0,-6.48328125
2020-01-31,-0.1955,0.0,-1.3905,0.0,0.0,0.0,0.0,1.80415,2.46825,0.3232,0.0,-4.327968752
2020-02-03,-0.19475,0.0,-1.386125,0.0,0.0,0.0,0.0,1.81155,2.467875,0.324225,0.0,-4.3265625
2020-02-04,-0.196125,0.0,-1.384,0.0,0.0,0.0,0.0,1.838,2.4666250000000005,0.32705,0.0,-4.3221875
2020-02-05,-0.19625,0.0,-1.378125,0.0,0.0,0.0,0.0,1.86725,2.464125,0.329325,0.0,-4.32125
2020-02-06,-0.195125,0.0,-1.37575,0.0,0.0,0.0,0.0,1.88805,2.46425,0.5026125,0.0,-4.3170312520000005
2020-02-07,-0.19675,0.0,-1.371,0.0,0.0,0.0,0.0,1.87135,2.466375,0.4966875,0.0,-4.322656252
2020-02-10,-0.1965,0.0,-1.3668125,0.41469089400000003,0.0,0.0,0.0,1.8857,2.466375,0.4996125,0.0,-4.32
2020-02-11,-0.195875,0.0,-1.36725,0.41734957500000003,0.0,0.0,0.0,1.914,2.465375,0.5044124999999999,0.0,-4.3203125
2020-02-12,-0.19625,0.0,-1.361875,0.419907744,0.0,0.0,0.0,1.9123,2.465,0.5048250000000001,0.0,-4.318281252
2020-02-13,-0.19575,0.0,-1.3574375,0.4171151320000001,0.0,0.0,0.0,1.91525,2.4655,0.5050125,0.0,-4.32
2020-02-14,-0.194375,0.0,-1.3563125,0.4159864365,0.0,0.0,0.0,1.93275,2.465375,0.5081625,0.0,-4.3178125
2020-02-17,-0.194375,0.0,-1.3570937500000002,0.4159864365,0.0,0.0,0.0,1.93505,2.466125,0.5084249999999999,0.0,-4.317656252
2020-02-18,-0.194375,0.0,-1.3570937500000002,0.4159864365,0.0,0.0,0.0,1.91355,2.46625,0.5055375,0.0,-4.3203125
2020-02-19,-0.194375,0.0,-1.3570937500000002,0.4159864365,0.0,0.0,0.0,1.93285,2.466125,0.5067375,0.0,-4.3190625
2020-02-20,-0.194375,0.0,-1.3570937500000002,0.4159864365,0.0,0.0,0.0,1.94525,2.467625,0.5079,0.0,-4.3190625
2020-02-21,-0.194375,0.0,-1.3570937500000002,0.4159864365,0.0,0.0,-1.1218125,0.0,2.47,0.8245625,0.0,-4.3275
2020-02-24,-0.38225,0.0,-1.358375,0.3953968425,0.0,0.0,-1.1215625,0.0,2.4708749999999995,0.6585,0.0,-4.3359375
2020-02-25,-0.38225,0.0,-1.3618125,0.398525832,0.0,0.0,-1.1289375,0.0,2.4705,0.6515,0.0,-4.337343752
2020-02-26,-0.3815,0.0,-1.3616875,0.0,0.0,0.0,-1.1338125,0.0,2.472125,0.1567375,0.0,-4.34375
2020-02-27,-0.377,0.0,0.0,0.0,0.0,0.0,0.0,0.0,2.473125,0.1542,0.0,-4.349375
2020-02-28,-0.3765,0.0,0.0,0.0,0.0,0.0,0.0,0.0,2.477,0.0,0.0,-4.371406252
2020-03-02,-0.3805,0.0,0.0,0.0,0.0,0.0,0.0,0.0,2.4745,0.0,0.0,-4.372031252
2020-03-03,-0.3835,0.0,0.0,0.0,0.0,0.0,0.0,0.0,2.47975,0.0,0.0,-4.3671875
2020-03-04,-0.3855,0.0,0.0,0.0,0.0,0.0,0.0,0.0,2.477625,0.0,0.0,-4.3804687520000005
2020-03-05,-0.38325,0.0,0.0,0.0,0.0,0.0,0.0,0.0,2.48,0.0,0.0,-4.381093752
2020-03-06,-0.381,0.0,0.0,0.0,0.0,0.0,0.0,0.0,2.48425,0.0,0.0,-2.20328125
2020-03-09,-0.37675,0.0,0.0,0.0,0.0,0.0,0.0,0.0,2.484875,-0.14095,0.0,-2.20375
2020-03-10,-0.37975,0.0,0.0,0.0,0.0,0.0,0.0,0.0,2.479625,-0.141775,0.0,-2.199453126
2020-03-11,-0.3765,0.0,0.0,0.0,0.0,0.0,0.0,0.0,2.47975,-0.1386375,0.0,-2.200234376
2020-03-12,-0.3715,0.0,0.0,0.0,0.0,0.0,0.0,0.0,2.4829999999999997,-0.1308375,0.0,0.0
2020-03-13,-0.373,0.0,0.0,0.0,0.0,0.0,0.0,0.0,2.481125,-0.127775,0.0,0.0
2020-03-16,-0.36675,0.0,0.0,0.0,0.0,0.0,0.0,0.0,2.482,-0.25555,0.0,0.0
2020-03-17,-0.36175,0.0,0.0,0.0,0.0,0.0,0.0,0.0,2.47775,-0.249125,0.0,0.0
2020-03-18,-0.35825,0.0,0.0,-0.254492563,0.0,0.0,0.0,0.0,2.4767499999999996,-0.23935,0.0,-2.1980468760000003
2020-03-19,-0.3625,0.0,0.0,-0.25986114949999994,0.0,0.0,0.0,0.0,2.478875,-0.232,0.0,-2.197890626
2020-03-20,-0.362,0.0,0.0,-0.25509322500000003,0.0,0.0,0.0,0.0,2.4853750000000003,-0.219075,0.0,-2.2058593760000003
2020-03-23,-0.36275,0.0,0.0,-0.256730564,0.0,0.0,0.0,0.0,2.4853750000000003,-0.22015,0.0,-2.204765626
2020-03-24,-0.366625,0.0,0.0,-0.28067552575,0.0,0.0,0.0,0.0,2.484,-0.22945,0.0,-2.204296876
2020-03-25,-0.36775,0.0,0.0,0.0,0.0,0.0,0.0,0.0,2.4829999999999997,-0.244175,0.0,-2.201875
2020-03-26,-0.3675,0.0,0.0,0.0,0.0,0.0,0.0,0.0,2.484,-0.24325,0.0,-2.20328125
2020-03-27,-0.365,0.0,0.0,0.0,0.0,0.0,0.0,0.0,2.48675,-0.248675,0.0,-2.203828126
2020-03-30,-0.36,0.0,0.0,0.0,0.0,0.0,0.0,0.0,2.4857500000000003,-0.25335,0.0,-2.203203126
2020-03-31,-0.536625,0.0,0.0,0.0,0.0,0.0,0.0,0.0,2.486375,-0.131325,0.0,0.0
2020-04-01,-0.521625,0.0,0.0,0.0,0.0,0.0,0.0,0.0,2.487125,-0.249925,0.0,0.0
2020-04-02,-0.52425,0.0,0.0,0.0,0.0,0.0,0.0,0.0,2.487125,-0.248225,0.0,0.0
2020-04-03,-0.524625,0.0,0.0,0.0,0.0,0.0,0.0,0.0,2.4864999999999995,-0.251875,0.0,0.0
2020-04-06,-0.524625,0.0,0.0,0.0,0.0,0.0,0.0,0.0,2.48525,-0.2581,0.0,0.0
2020-04-07,-0.5285625,0.0,0.0,0.0,0.0,0.0,0.0,0.0,2.484125,-0.1345875,0.0,0.0
2020-04-08,-0.524625,0.0,0.0,0.0,0.0,0.0,0.0,0.0,2.48375,-0.132375,0.0,0.0
2020-04-09,-0.5270625,0.0,0.0,0.0,0.0,0.0,0.0,0.0,2.48425,-0.1368375,0.0,0.0
2020-04-10,-0.5270625,0.0,0.0,0.0,0.0,0.0,0.0,0.0,2.48475,-0.1372,0.0,0.0
2020-04-13,-0.5270625,0.0,0.0,0.0,0.0,0.0,0.0,0.0,2.484,-0.1367875,0.0,0.0
2020-04-14,-0.34675,0.0,0.0,0.0,0.0,0.0,0.0,0.0,2.483625,-0.1398875,0.0,0.0
2020-04-15,-0.34275,0.0,0.0,0.0,0.0,0.0,0.0,0.0,2.487625,-0.1412,0.0,0.0
2020-04-16,-0.34075,0.0,0.0,0.0,0.0,0.0,0.0,0.0,2.4864999999999995,-0.1392,0.0,0.0
2020-04-17,-0.34325,0.0,0.0,0.0,0.0,0.0,0.0,0.0,2.48775,-0.1424625,0.0,0.0
2020-04-20,-0.3365,0.0,0.0,0.0,0.0,0.0,0.0,0.0,2.488,-0.14275,0.0,0.0
2020-04-21,-0.33225,0.0,0.0,0.0,0.0,0.0,0.0,0.0,2.488625,-0.1395,0.0,0.0
2020-04-22,-0.3375,0.0,0.0,0.0,0.0,0.0,0.0,0.0,2.488,-0.1378375,0.0,0.0
2020-04-23,-0.33925,0.0,0.0,0.0,0.0,0.0,0.0,0.0,2.488125,-0.1394125,0.0,0.0
2020-04-24,-0.33675,0.0,0.0,0.0,0.0,0.0,0.0,0.0,2.488375,-0.1407625,0.0,0.0
2020-04-27,-0.329,0.0,0.0,0.0,0.0,0.0,0.0,0.0,2.487875,0.0,0.0,0.0
2020-04-28,-0.3295,0.0,0.0,0.0,0.0,0.0,0.0,0.0,2.48875,0.0,0.0,0.0
2020-04-29,-0.33325,0.0,0.0,0.0,0.0,0.0,0.0,0.0,2.488625,0.0,0.0,0.0
2020-04-30,-0.3365,0.0,0.0,0.0,0.0,0.0,0.0,0.0,2.489375,0.0,0.0,0.0
2020-05-01,-0.336,0.0,0.0,0.0,0.0,0.0,0.0,0.0,2.4896249999999998,0.0,0.0,0.0
2020-05-04,-0.33375,0.0,0.0,0.0,0.0,0.0,0.0,0.0,2.489125,0.0,0.0,0.0
2020-05-05,-0.3345,0.0,0.0,0.0,0.0,0.0,0.0,0.0,2.488625,0.0,0.0,0.0
2020-05-06,-0.331,0.0,0.0,0.0,0.0,0.0,0.0,0.0,2.489375,0.0,0.0,-2.20375
2020-05-07,-0.33425,0.0,0.0,0.0,0.0,0.0,0.0,0.0,2.491125,0.0,0.0,-2.204375
2020-05-08,-0.3355,0.0,0.0,0.0,0.0,0.0,0.0,0.0,2.490625,0.0,0.0,-2.205
2020-05-11,-0.334,0.0,0.0,0.0,0.0,0.0,0.0,0.0,2.4905,0.146825,0.0,-2.205078126
2020-05-12,-0.33625,0.0,0.0,0.0,0.0,0.0,0.0,0.0,2.491125,0.1454875,0.0,-2.20453125
2020-05-13,-0.332,0.0,0.0,0.0,0.0,0.0,0.0,0.0,2.491125,0.0,0.0,-2.205
2020-05-14,-0.33125,0.0,0.0,0.0,0.0,0.0,0.0,0.0,2.4915,0.0,0.0,-2.2053906260000002
2020-05-15,-0.33175,0.0,0.0,0.0,0.0,0.0,0.0,0.0,2.490875,0.0,0.0,-2.2058593760000003
2020-05-18,-0.33175,0.0,0.0,0.0,0.0,0.0,0.0,0.0,2.49075,0.0,0.0,-2.206015626
2020-05-19,-0.334,0.0,0.0,0.0,0.0,0.0,0.0,0.0,2.49,0.1486125,0.0,-2.2046875
2020-05-20,-0.3335,0.0,0.0,0.0,0.0,0.0,0.0,0.0,2.48975,0.1464625,0.0,-2.205
2020-05-21,-0.333,0.0,0.0,0.0,0.0,0.0,0.0,0.0,2.49,0.1475625,0.0,-2.2053125
2020-05-22,-0.33275,0.0,0.0,0.0,0.0,0.0,0.0,0.0,2.489875,0.1482875,0.0,-2.20515625
2020-05-25,-0.33275,0.0,0.0,0.0,0.0,0.0,0.0,0.0,2.49,0.1482625,0.0,-2.20515625
2020-05-26,-0.334,0.0,0.0,0.0,0.0,0.0,0.0,0.0,2.489875,0.301,0.0,-2.20484375
2020-05-27,-0.3345,0.0,0.0,0.0,0.0,0.0,0.0,0.0,2.48975,0.30125,0.0,-2.205
2020-05-28,-0.3405,0.0,0.0,0.0,0.0,0.0,0.0,0.0,2.4895,0.304025,0.0,-2.2046875
2020-05-29,-0.3385,0.0,0.0,0.0,0.0,0.0,0.0,0.0,2.490375,0.30255,0.0,-2.208203125
2020-06-01,-0.33575,0.0,0.0,0.0,0.0,0.0,0.0,0.0,2.4905,0.305225,0.0,-2.208203125
2020-06-02,-0.33775,0.0,0.0,0.0,0.0,0.0,0.0,0.0,2.49025,0.30475,0.0,-2.207734375
2020-06-03,-0.33825,0.0,0.0,0.0,0.0,0.0,0.0,0.0,2.488875,0.311775,0.0,-2.20609375
2020-06-04,-0.34275,0.0,0.0,0.0,0.0,0.0,0.0,0.0,2.487875,0.46657499999999996,0.0,-4.41265625
2020-06-05,-0.172625,0.0,0.0,0.0,0.0,0.0,0.0,0.0,2.485125,0.48123750000000004,0.0,-4.41046875
2020-06-08,-0.17375,0.0,0.0,0.0,0.0,0.0,0.0,0.0,2.4864999999999995,0.47831250000000003,0.0,-4.40984375
2020-06-09,-0.171625,0.0,0.0,0.0,0.0,0.0,0.0,0.0,2.48775,0.4831875,0.0,-4.411875
2020-06-10,-0.17075,0.0,0.0,0.0,0.0,0.0,0.0,0.0,2.48975,0.4805625,0.0,-4.41453125
2020-06-11,-0.171875,0.0,0.0,0.0,0.0,0.0,0.0,0.0,2.491125,0.14996875,0.0,-4.41421875
2020-06-12,-0.1715,0.0,0.0,0.0,0.0,0.0,0.0,0.0,2.490625,0.1492625,0.0,-4.41375
2020-06-15,-0.17075,0.0,0.0,0.0,0.0,0.0,0.0,0.0,2.490375,0.1469125,0.0,-4.41390625
2020-06-16,-0.171375,0.0,0.0,0.0,0.0,0.0,0.0,0.0,2.48975,0.1559125,0.0,-4.41265625
2020-06-17,-0.17125,0.0,0.0,0.0,0.0,0.0,0.0,0.0,2.49025,0.1559125,0.0,-4.4128125
2020-06-18,-0.171375,0.0,0.0,0.0,0.0,0.0,0.0,0.0,2.49075,0.1550125,0.0,-4.413125
2020-06-19,-0.172625,0.0,0.0,0.0,0.0,0.0,0.0,0.0,2.49075,0.1526875,0.0,-4.41375
2020-06-22,-0.170875,0.0,0.0,0.0,0.0,0.0,0.0,0.0,2.4905,0.311075,0.0,-4.4134375
2020-06-23,-0.168375,0.0,0.0,0.0,0.0,0.0,0.0,0.0,2.49075,0.311625,0.0,-4.41359375
2020-06-24,-0.166875,0.0,0.0,0.0,0.0,0.0,0.0,0.0,2.491,0.3049,0.0,-4.41375
2020-06-25,-0.164,0.0,0.0,0.0,0.0,0.0,0.0,0.0,2.491,0.302875,0.0,-4.41421875
2020-06-26,-0.32525,0.0,0.0,0.0,0.0,0.0,0.0,0.0,2.4916250000000004,0.1500125,0.0,-4.415625
2020-06-29,-0.167375,0.0,0.0,0.0,0.0,0.0,0.0,0.0,2.49225,0.15035,0.0,-4.41625
2020-06-30,-0.175,0.0,0.0,0.0,0.0,0.0,0.0,0.0,2.4920000000000004,0.1520875,0.0,-4.4165625
2020-07-01,-0.17975,0.0,0.0,0.0,0.0,0.0,0.0,0.0,2.491125,0.308425,0.0,-4.41546875
2020-07-02,-0.17675,0.0,0.0,0.36899369600000004,0.0,0.0,0.0,0.0,2.491875,0.15575,0.0,-4.4159375
2020-07-03,-0.17675,0.0,0.0,0.37000598600000006,0.0,0.0,0.0,0.0,2.491875,0.15675,0.0,-4.4159375
2020-07-06,-0.178125,0.0,0.0,0.37521623499999995,0.0,0.0,0.0,0.0,2.491875,0.316375,0.0,-4.415625
2020-07-07,-0.17625,0.0,0.0,0.37181064849999995,0.0,0.0,0.0,0.0,2.49225,0.3158,0.0,-4.41578125
2020-07-08,-0.177125,0.0,0.0,0.37202385000000004,0.0,0.0,0.0,0.0,2.49225,0.3163375,0.0,-4.41625
2020-07-09,-0.1785,0.0,0.0,0.370039433,0.0,0.0,0.0,0.0,2.4925,0.315975,0.0,-4.4165625
2020-07-10,-0.172,0.0,0.0,0.37459365750000007,0.0,0.0,0.0,0.0,2.4916250000000004,0.31865,0.0,-4.41609375
2020-07-13,-0.167875,0.0,0.0,0.3705637005,0.0,0.0,0.0,0.0,2.492125,0.319325,0.0,-4.4159375
2020-07-14,-0.166625,0.0,0.0,0.37752832000000003,0.0,0.0,0.0,0.0,2.4920000000000004,0.316225,0.0,-4.41578125
2020-07-15,-0.16675,0.0,0.0,0.383360472,0.0,0.0,0.0,0.0,2.4920000000000004,0.32055,0.0,-4.41609375
2020-07-16,-0.16875,0.0,0.0,0.38332036950000004,0.0,0.0,0.0,0.0,2.49225,0.320125,0.0,-4.41671875
2020-07-17,-0.170125,0.0,0.0,0.3830847399999999,0.0,0.0,0.0,0.0,4.984000000000001,0.4831875,0.0,-4.416875
2020-07-20,-0.16775,0.0,0.0,0.386962092,0.0,0.0,0.0,0.0,4.984749999999999,0.47969999999999996,0.0,-4.4165625
2020-07-21,-0.1655,0.0,0.0,0.3868354245,0.0,0.0,0.0,0.0,4.985,0.4891125,0.0,-4.4171875
2020-07-22,-0.167375,0.0,0.0,0.388780801,0.0,0.0,0.0,0.0,4.984749999999999,0.48798749999999996,0.0,-4.41640625
2020-07-23,-0.16775,0.0,0.0,0.38597353199999995,0.0,0.0,0.0,0.0,4.98525,0.4920375,0.0,-4.4165625
2020-07-24,-0.167875,0.0,0.0,0.38301615000000006,0.0,0.0,0.0,0.0,4.985,0.47992500000000005,0.0,-4.41671875
2020-07-27,-0.16725,0.0,0.0,0.384575688,0.0,0.0,0.0,0.0,4.9845,0.4824,0.0,-4.41625
2020-07-28,-0.165,0.0,0.0,0.386106643,0.0,0.0,0.0,0.0,4.98575,0.48491249999999997,0.0,-4.41703125
2020-07-29,-0.163125,0.0,0.0,0.387511137,0.0,0.0,0.0,0.0,4.986,0.3217,0.0,-4.4178125
2020-07-30,-0.16325,0.0,0.0,0.37962926250000006,0.0,0.0,0.0,0.0,4.987,0.32395,0.0,-4.41859375
2020-07-31,-0.163,0.0,0.0,0.37515931199999997,0.0,0.0,0.0,0.0,4.98825,0.48963750000000006,1.4015625,-4.41984375
2020-08-03,-0.164375,0.0,0.0,0.38285052299999994,0.0,0.0,0.0,0.0,4.98775,0.489225,1.4,-4.4190625
2020-08-04,-0.16025,0.0,0.0,0.38254902,0.0,0.0,0.0,0.0,4.9895000000000005,0.65885,1.40359375,-4.419375
2020-08-05,-0.16125,0.0,0.0,0.38324657400000006,0.0,0.0,0.0,0.0,4.98775,0.66235,1.40046875,-4.41859375
2020-08-06,-0.161875,0.0,0.0,0.38579441449999996,0.0,0.0,0.0,0.0,4.9875,0.6642,1.40140625,-4.41875
2020-08-07,-0.321,0.0,0.0,0.386703724,0.0,0.0,0.0,0.0,4.9865,0.66835,1.39953125,-4.4178125
2020-08-10,-0.3235,0.0,0.0,0.38542356549999995,0.0,0.0,0.0,0.0,4.986,0.6699,1.39859375,-4.41765625
2020-08-11,-0.32375,0.0,0.0,0.38693062399999995,0.0,0.0,0.0,0.0,4.98425,0.6718,1.39390625,-4.41578125
2020-08-12,-0.32725,0.0,0.0,0.394700481,0.0,0.0,0.0,0.0,4.983250000000001,0.6689,1.39125,-4.41484375
2020-08-13,-0.16925,0.0,0.0,0.39217817599999993,0.0,0.0,0.0,0.0,4.98275,0.8419375,1.38921875,-4.41484375
2020-08-14,-0.168875,0.0,0.0,0.38901690850000004,0.0,0.0,0.0,0.0,4.983250000000001,0.8426250000000001,1.39140625,-4.41609375
2020-08-17,-0.17225,0.0,0.0,0.39092587649999994,0.0,0.0,0.0,0.0,4.984000000000001,0.8428125,1.39296875,-4.415625
2020-08-18,-0.170875,0.0,0.0,0.3894596214999999,0.0,0.0,0.0,0.0,4.985,0.8440625,1.3940625,-4.41640625
2020-08-19,-0.169625,0.0,0.0,0.39350581700000004,0.0,0.0,0.0,0.0,4.985,0.8473124999999999,1.39328125,-4.41640625
2020-08-20,-0.169625,0.0,0.0,0.3880545570000001,0.0,0.0,0.0,0.0,4.985499999999999,0.8393125,1.395625,-4.4165625
2020-08-21,-0.1705,0.0,0.0,0.38677253550000007,0.0,0.0,0.0,0.0,4.985499999999999,0.849375,1.3953125,-4.4184375
2020-08-24,-0.17275,0.0,0.0,0.39307174400000006,0.0,0.0,0.0,0.0,4.9845,0.8518125,1.3934375,-4.41703125
2020-08-25,-0.177,0.0,0.0,0.392822808,0.0,0.0,0.0,0.0,4.98375,0.8606875,1.3915625,-4.4171875
2020-08-26,-0.177375,0.0,0.0,0.39763248,0.0,0.0,0.0,0.0,4.984000000000001,0.8600625000000001,1.39171875,-4.41703125
2020-08-27,-0.178875,0.0,0.0,0.39245751450000005,0.0,0.0,0.0,0.0,4.983,0.8690625000000001,1.38765625,-4.4159375
2020-08-28,-0.18,0.0,0.0,0.39264311999999996,0.0,0.0,0.0,0.0,4.9845,0.8796875,1.39125,-4.4190625
2020-08-31,-0.179125,0.0,0.0,0.38844428400000003,0.0,0.0,0.0,0.0,4.984749999999999,0.879,1.39203125,-4.41875
2020-09-01,-0.179,0.0,0.0,0.390972582,0.0,0.0,0.0,0.0,4.985499999999999,0.8773124999999999,1.394375,-4.41875
2020-09-02,0.0,0.0,0.0,0.39994269400000004,0.0,0.0,0.0,0.0,4.98525,0.8849374999999999,1.395625,-4.41828125
2020-09-03,0.0,0.0,0.0,0.388337926,0.0,0.0,0.0,0.0,4.985499999999999,0.865375,1.39671875,-4.41890625
2020-09-04,0.0,0.0,0.0,0.3897412335,0.0,0.0,0.0,0.0,4.983,0.8511875000000001,1.3903125,-4.41703125
2020-09-07,0.0,0.0,0.0,0.39283413,0.0,0.0,0.0,0.0,4.983,0.849375,1.3903125,-4.41703125
2020-09-08,0.0,0.0,0.0,0.0,0.0,0.0,0.0,0.0,4.985,0.6879,1.39359375,-4.41796875
2020-09-09,0.0,0.0,0.0,0.0,0.0,0.0,0.0,0.0,4.9845,0.5000625,1.39359375,-4.41765625
2020-09-10,0.0,0.0,0.0,0.0,0.0,0.0,0.0,0.0,4.98525,0.49951875,1.394375,-4.41796875
2020-09-11,0.0,0.0,0.0,0.0,0.0,0.0,0.0,0.0,4.98625,0.50265,1.3959375,-4.4190625
2020-09-14,0.0,0.0,0.0,0.0,0.0,0.0,0.0,0.0,4.985499999999999,0.50565,1.3953125,-4.41828125
2020-09-15,0.0,0.0,0.0,0.0,0.0,0.0,0.0,0.0,4.98525,0.5072625,1.395,-4.418125
2020-09-16,0.0,0.0,0.0,0.0,0.0,0.0,0.0,0.0,4.98525,0.5100375,1.3940625,-4.41796875
2020-09-17,0.0,0.0,0.0,0.0,0.0,0.0,0.0,0.0,4.98525,0.49878750000000005,1.3940625,-4.41828125
2020-09-18,0.0,0.0,0.0,0.0,0.0,0.0,0.0,0.0,4.984749999999999,0.49717500000000003,1.39359375,-4.41796875
2020-09-21,0.0,0.0,0.0,0.0,0.0,0.0,0.0,0.0,4.985499999999999,0.330225,1.39578125,-4.418125
2020-09-22,0.0,0.0,0.0,0.0,0.0,0.0,0.0,0.0,4.98575,0.326525,1.395625,-4.4184375
2020-09-23,0.0,0.0,0.0,0.0,0.0,0.0,0.0,0.0,4.98525,0.3304,1.395,-4.418125
2020-09-24,0.0,0.0,0.0,0.0,0.0,0.0,0.0,0.0,4.984749999999999,0.16065,1.395625,-4.41859375
2020-09-25,0.0,0.0,0.0,0.0,0.0,0.0,0.0,0.0,4.985,0.1647625,1.3965625,-4.41890625
2020-09-28,0.0,0.0,0.0,0.0,0.0,0.0,0.0,0.0,4.985,0.1654375,1.39671875,-4.4190625
2020-09-29,0.0,0.0,0.0,0.0,0.0,0.0,0.0,0.0,4.985,0.33485,1.3971875,-2.209609375
2020-09-30,0.0,0.0,0.0,0.0,0.0,0.0,0.0,0.0,4.9845,0.3352,1.3953125,-2.209609375
2020-10-01,0.0,0.0,0.0,0.0,0.0,0.0,0.0,0.0,4.98375,0.338,1.39546875,-2.209296875
2020-10-02,0.0,0.0,0.0,0.0,0.0,0.0,0.0,0.0,4.9835,0.3362,1.39390625,-2.20921875
2020-10-05,0.0,0.0,0.0,0.0,0.0,0.0,0.0,0.0,4.9815,0.5039250000000001,1.38765625,-2.2084375
2020-10-06,0.0,0.0,0.0,0.0,0.0,0.0,0.0,0.0,4.982,0.5091749999999999,1.39109375,-2.2084375
2020-10-07,0.0,0.0,0.0,0.0,0.0,0.0,0.0,0.0,4.98075,0.5053124999999999,1.38703125,-2.208203125
2020-10-08,0.0,0.0,0.0,0.0,0.0,0.0,0.0,0.0,4.98025,0.5146875,1.3878125,-2.20828125
2020-10-09,0.0,0.0,0.0,0.0,0.0,0.0,0.0,0.0,4.98075,0.5205375,1.38796875,-2.208046875
2020-10-12,0.0,0.0,0.0,0.0,0.0,0.0,0.0,0.0,4.98075,0.5220374999999999,1.38921875,-2.20828125
2020-10-13,0.0,0.0,0.0,0.0,0.0,0.0,0.0,0.0,4.982,0.7037,1.391875,-2.20875
2020-10-14,0.19825,0.0,0.0,0.0,0.0,0.0,0.0,0.0,4.9825,0.7035,1.39203125,-2.208671875
2020-10-15,0.1975,0.0,0.0,0.0,0.0,0.0,0.0,0.0,4.9815,0.6924,1.39109375,-2.208828125
2020-10-16,0.197875,0.0,0.0,0.0,0.0,0.0,0.0,0.0,4.9815,0.6955,1.3903125,-2.20859375
2020-10-19,0.199,0.0,0.0,0.0,0.0,0.0,0.0,0.0,4.98075,0.69725,1.3884375,-2.2084375
2020-10-20,0.2,0.0,0.0,0.0,0.0,0.0,0.0,0.0,4.98075,0.515475,1.3878125,-2.20859375
2020-10-21,0.19975,0.0,0.0,0.0,0.0,0.0,0.0,0.0,4.98025,0.51795,1.385,-2.208359375
2020-10-22,0.198125,0.0,0.0,0.0,0.0,0.0,0.0,0.0,4.9792499999999995,0.5122875,1.3828125,-2.208203125
2020-10-23,0.197,0.0,0.0,0.0,0.0,0.0,0.0,0.0,4.97975,0.5158874999999999,1.383125,-2.208046875
2020-10-26,0.195625,0.0,0.0,0.0,0.0,0.0,0.0,0.0,4.981,0.5139750000000001,1.38625,-2.208359375
2020-10-27,0.1955,0.0,0.0,0.0,0.0,0.0,0.0,0.0,4.982,0.5107125,1.38890625,-2.2084375
2020-10-28,0.19125,0.0,0.0,0.0,0.0,0.0,0.0,0.0,4.9815,0.5043375,1.38828125,-2.208515625
2020-10-29,0.191625,0.0,0.0,0.0,0.0,0.0,0.0,0.0,4.98025,0.49529999999999996,1.3846875,-2.2084375
2020-10-30,0.193375,0.0,0.0,0.0,0.0,0.0,0.0,0.0,4.97975,0.162625,1.38140625,-2.20828125
2020-11-02,0.19375,0.0,0.0,0.0,0.0,0.0,0.0,0.0,4.98075,0.1633875,1.38296875,-2.208125
2020-11-03,0.1945,0.0,0.0,0.0,0.0,0.0,0.0,0.0,4.97975,0.3318,1.380625,-2.207578125
2020-11-04,0.196625,0.0,0.0,0.0,0.0,0.0,0.0,0.0,4.9825,0.33735,1.38921875,-2.208515625
2020-11-05,0.197875,0.0,0.0,0.0,0.0,0.0,0.0,0.0,4.982,0.518475,1.38890625,-2.2084375
2020-11-06,0.1975,0.0,0.0,0.0,0.0,0.0,0.0,0.0,4.98075,0.5305875,1.385625,-2.208125
2020-11-09,0.198875,0.0,0.0,0.0,0.0,0.0,0.0,0.0,4.978,0.5327625,1.37796875,-2.207421875
2020-11-10,0.202625,0.0,0.0,0.0,0.0,0.0,0.0,0.0,4.97725,0.5305500000000001,1.37484375,-2.20703125
2020-11-11,0.202125,0.0,0.0,0.0,0.0,0.0,0.0,0.0,4.975,0.7102,1.3759375,-2.206796875
2020-11-12,0.20075,0.0,0.0,0.0,0.0,0.0,0.0,0.0,4.9775,0.70905,1.381875,-2.2071875
2020-11-13,0.201875,0.0,0.0,0.0,0.0,0.0,0.0,0.0,4.9765,0.7216,1.38078125,-2.20703125
2020-11-16,0.203625,0.0,0.0,0.0,0.0,0.0,0.0,0.0,4.97625,0.9031250000000001,1.3803125,-2.20703125
2020-11-17,0.203375,0.0,0.0,0.41107573650000007,0.0,0.0,0.0,0.0,4.978,0.72195,1.3834375,-2.207421875
2020-11-18,0.20425,0.0,0.0,0.40962766350000007,0.0,0.0,0.0,0.0,4.97725,0.7178,1.3825,-2.207265625
2020-11-19,0.204,0.0,0.0,0.41085031999999994,0.0,0.0,0.0,0.0,4.97825,0.7145,1.385,-2.20765625
2020-11-20,0.20425,0.0,0.0,0.41099201949999997,0.0,0.0,0.0,0.0,4.978,0.7115,1.3853125,-2.207890625
2020-11-23,0.2055,0.0,0.0,0.411891336,0.0,0.0,0.0,0.0,4.97725,0.7152,1.383125,-2.207734375
2020-11-24,0.206125,0.0,0.0,0.41631725399999997,0.0,0.0,0.0,0.0,4.977,0.72655,1.3825,-2.207890625
2020-11-25,0.205375,0.0,0.0,0.41777298599999996,0.0,0.0,0.0,0.0,4.97725,0.72545,1.38265625,-2.207890625
2020-11-26,0.205375,0.0,0.0,0.417061935,0.0,0.0,0.0,0.0,4.97725,0.72735,1.38265625,-2.207890625
2020-11-27,0.207375,0.0,0.0,0.42100542,0.0,0.0,0.0,0.0,4.978,0.72835,1.381875,-2.208125
2020-11-30,0.204625,0.0,0.0,0.4152066884999999,0.0,0.0,0.0,0.0,4.9784999999999995,0.721,1.38125,-2.2084375
2020-12-01,0.20325,0.0,0.0,0.42109473750000004,0.0,0.0,0.0,0.0,4.9765,0.73065,1.37515625,-2.2075
2020-12-02,0.203875,0.0,0.0,0.4237897075,0.0,0.0,0.0,0.0,4.976,0.7313,1.37515625,-2.207734375
2020-12-03,0.20525,0.0,0.0,0.42349475000000003,0.0,0.0,0.0,0.0,4.97675,0.73315,1.3775,-2.208046875
2020-12-04,0.204625,0.0,0.0,0.4293428879999999,0.0,0.0,0.0,0.0,4.974,0.73985,1.3740625,-2.208046875
2020-12-07,0.2055,0.0,0.0,0.42763407049999996,0.0,0.0,0.0,0.0,4.97575,0.7377,1.3771875,-2.2084375
2020-12-08,0.204,0.0,0.0,0.4282907610000001,0.0,0.0,0.0,0.0,4.976,0.73595,1.3775,-2.208125
2020-12-09,0.20525,0.0,0.0,0.4271936955,0.0,0.0,0.0,0.0,4.975,0.734475,1.37625,-2.208046875
2020-12-10,0.20475,0.0,0.0,0.424635546,0.0,0.0,0.0,0.0,4.97575,0.7317,1.37859375,-2.20859375
2020-12-11,0.206125,0.0,0.0,0.4239751004999999,0.0,0.0,0.0,0.0,4.9775,0.73055,1.38078125,-2.209453125
2020-12-14,0.20575,0.0,0.0,0.42168833999999994,0.0,0.0,0.0,0.0,7.4662500000000005,0.911125,1.38046875,0.0
2020-12-15,0.206,0.0,0.0,0.42766065999999997,0.0,0.0,0.0,0.0,7.4666250000000005,0.9216875,1.37953125,0.0
2020-12-16,0.413,0.0,0.0,0.42969692500000006,0.0,0.0,0.0,0.0,7.4662500000000005,0.9234375,1.3790625,0.0
2020-12-17,0.4145,0.0,0.0,0.43167053699999997,0.0,0.0,0.0,0.0,7.4647499999999996,0.928625,1.37828125,0.0
2020-12-18,0.41825,0.0,0.0,0.4321188494999999,0.0,0.0,0.0,0.0,7.4647499999999996,0.929125,1.3775,0.0
2020-12-21,0.41975,0.0,0.0,0.423791551,0.0,0.0,0.0,0.0,7.4651250000000005,0.9210625,1.378125,0.0
2020-12-22,0.41925,0.0,0.0,0.4260957435,0.0,0.0,0.0,0.0,7.465875,0.9186875,1.37953125,0.0
2020-12-23,0.423,0.0,0.0,0.42884263950000007,0.0,0.0,0.0,0.0,9.954,1.1055,1.37828125,2.20953125
2020-12-24,0.4245,0.0,0.0,0.42884263950000007,0.0,0.0,0.0,0.0,9.954,1.1085,1.37875,2.209609375
2020-12-25,0.4245,0.0,0.0,0.42884263950000007,0.0,0.0,0.0,0.0,9.954,1.1085,1.37875,2.209609375
2020-12-28,0.42575,0.0,0.0,0.432910963,0.0,0.0,0.0,0.0,9.9545,1.1188500000000001,1.3796875,2.2096875
2020-12-29,0.43075,0.0,0.0,0.43344612499999996,0.0,0.0,0.0,0.0,9.9545,1.117275,1.37953125,2.209609375
2020-12-30,0.4315,0.0,1.5399375,0.43491405,0.0,0.0,0.0,0.0,9.9555,0.9311875000000001,1.3796875,2.20953125
2020-12-31,0.43475,0.0,1.53075,0.43491405,0.0,0.0,0.0,0.0,9.9565,0.9371875000000001,1.38078125,2.209765625
2021-01-01,0.43475,0.0,1.53075,0.43491405,0.0,0.0,0.0,0.0,9.9565,0.9371875000000001,1.38078125,2.209765625
2021-01-04,0.4345,0.0,1.5335,0.43235436,0.0,0.0,0.0,0.0,9.9575,0.9239999999999999,1.38125,2.209765625
2021-01-05,0.43875,0.0,1.5395,0.4341472874999999,0.0,0.0,0.0,0.0,9.9555,0.9293750000000001,1.37890625,2.20953125
2021-01-06,0.44125,0.0,1.543125,0.44169838650000004,0.0,0.0,0.0,0.0,9.95,0.9373125,1.3728125,2.20875
2021-01-07,0.44125,0.0,1.536,0.4449030135,0.0,0.0,0.0,0.0,9.9445,0.949,1.3690625,2.20875
2021-01-08,0.4405,0.0,1.5301875,0.446485527,0.0,0.0,0.0,0.0,9.941500000000001,0.9555,1.36578125,2.20890625
2021-01-11,0.44075,0.0,1.521,0.44074426000000005,0.0,0.0,0.0,0.0,9.9405,0.9479375,1.36390625,2.208515625
2021-01-12,0.4585,0.0,1.528125,0.437286186,0.0,0.0,0.0,0.0,9.941,0.9481249999999999,1.36390625,2.208515625
2021-01-13,0.4515,0.0,0.0,0.4397438620000001,0.0,0.0,0.0,0.0,9.9445,1.141725,1.3671875,4.41703125
2021-01-14,0.4575,0.0,0.0,0.4404173145,0.0,0.0,0.0,0.0,9.944,1.136925,1.365625,4.4171875
2021-01-15,0.46,0.0,0.0,0.4349149105,0.0,0.0,0.0,0.0,9.9475,1.1286749999999999,1.36859375,4.41796875
2021-01-18,0.46,0.0,0.0,0.4348602,0.0,0.0,0.0,0.0,9.9475,1.1286749999999999,1.36859375,4.41796875
2021-01-19,0.45425,0.0,0.0,0.43464739499999994,0.0,0.0,0.0,0.0,9.9485,1.1382,1.36953125,4.41828125
2021-01-20,0.4475,0.0,0.0,0.43893404999999996,0.0,0.0,0.0,0.0,9.948,1.152075,2.7403125,4.41859375
2021-01-21,0.4475,0.0,0.0,0.4373554564999999,0.0,0.0,0.0,0.0,9.9475,1.15395,2.7384375,4.4190625
2021-01-22,0.216,0.0,0.0,0.43625452699999995,0.0,0.0,0.0,0.0,9.9485,1.149,2.740625,4.4190625
2021-01-25,0.217375,0.0,0.0,0.43329294,0.0,0.0,0.0,0.0,9.951,1.1541,2.74875,4.419375
2021-01-26,0.222,0.0,0.0,0.4361560665,0.0,0.0,0.0,0.0,9.95,1.15395,2.7478125,4.41921875
2021-01-27,0.22075,0.0,0.0,0.42677100199999995,0.0,0.0,0.0,0.0,9.9505,0.74675,2.75,6.6290625
2021-01-28,0.219375,0.0,0.0,0.428668848,0.0,0.0,0.0,0.0,9.949,0.7536,2.745625,6.628828125
2021-01-29,0.22225,0.0,0.0,0.42070138149999997,0.0,0.0,0.0,0.0,9.949,0.5544749999999999,2.744375,6.63
2021-02-01,0.223375,0.0,0.0,0.4284934099999999,0.0,0.0,0.0,0.0,9.948,0.5645625000000001,2.7434375,6.629765625
2021-02-02,0.22325,0.0,0.0,0.433869986,0.0,0.0,0.0,0.0,9.947,0.76565,2.74,6.62953125
2021-02-03,0.22525,0.0,0.0,0.43351450899999994,0.0,0.0,0.0,0.0,9.944,0.7665,2.735,6.628828125
2021-02-04,0.2255,0.0,0.0,0.43777006,0.0,0.0,0.0,0.0,9.9435,0.7733,2.7359375,6.6290625
2021-02-05,0.225875,0.0,0.0,0.43642737249999997,0.0,0.0,0.0,0.0,9.943000000000001,0.77695,2.7340625,6.6304687499999995
2021-02-08,0.229125,0.0,0.0,0.4418631735,0.0,0.0,0.0,0.0,9.941500000000001,0.7821,2.7321875,6.62953125
2021-02-09,0.227875,0.5461,0.0,0.4415032215,0.0,0.0,0.0,0.0,12.4275,0.78215,2.7340625,8.83875
2021-02-10,0.22375,0.5454,0.0,0.44095764449999997,0.0,0.0,0.0,0.0,12.43125,0.78165,2.739375,8.8396875
2021-02-11,0.2255,0.5425,0.0,0.44447654000000003,0.0,0.0,0.0,0.0,12.429375,0.78115,2.7371875,8.8396875
2021-02-12,0.224375,0.5529,0.0,0.448374696,0.0,0.0,0.0,0.0,12.426250000000001,0.786225,2.7309375,8.84
2021-02-15,0.224375,0.5529,0.0,0.4517737315,0.0,0.0,0.0,0.0,12.426250000000001,0.786225,2.7309375,8.84
2021-02-16,0.2285,0.5612,0.0,0.45103243900000006,0.0,0.0,0.0,0.0,12.413749999999999,0.78585,2.7153125,8.838125
2021-02-17,0.2295,0.5672,0.0,0.44889594749999995,0.0,0.0,0.0,0.0,12.42,0.7854,2.7165625,8.8403125
2021-02-18,0.22975,0.5594,0.0,0.443707779,0.0,0.0,0.0,0.0,12.418750000000001,0.78215,2.716875,8.840625
2021-02-19,0.23,0.5511,0.0,0.44717275,0.0,0.0,0.0,0.0,12.41625,0.77985,2.71,8.8403125
2021-02-22,0.234875,0.0,0.0,0.4467703815,0.0,0.0,0.0,0.0,9.9285,0.96840625,2.6846875,6.629765625
2021-02-23,0.47,0.0,0.0,0.448805475,0.0,0.0,0.0,0.0,9.931,0.969,2.6865625,6.62859375
2021-02-24,0.4765,0.0,0.0,0.451139776,0.0,0.0,0.0,0.0,9.9275,0.9808749999999999,2.6840625,6.627656249999999
2021-02-25,0.474,0.0,0.0,0.44304551300000006,0.0,0.0,0.0,0.0,7.429874999999999,0.7656,1.32578125,4.4140625
2021-02-26,0.471,0.0,0.0,0.44293929,0.0,0.0,0.0,0.0,7.433249999999999,0.76155,1.3271875,4.4153125
2021-03-01,0.4695,0.0,0.0,0.4481496375,0.0,0.0,0.0,0.0,7.435875,0.5854874999999999,1.33328125,2.208828125
2021-03-02,0.47525,0.0,0.0,0.44628000549999997,0.0,0.0,0.0,0.0,7.440375,0.5800125,1.33640625,2.208828125
2021-03-03,0.4735,0.0,0.0,0.44619480000000006,0.0,0.0,0.0,0.0,7.434000000000001,0.57225,1.3309375,2.208203125
2021-03-04,0.476,0.0,0.0,0.44362762499999997,0.0,0.0,0.0,0.0,4.94525,0.376675,1.3246875,2.208203125
2021-03-05,0.482,0.0,0.0,0.44411482499999994,0.0,0.0,0.0,0.0,4.945,0.38405,1.32234375,2.208125
2021-03-08,0.48125,0.0,0.0,0.44726091199999995,0.0,0.0,0.0,0.0,4.94275,0.38295,1.3178125,2.206953125
2021-03-09,0.48425,0.0,0.0,0.44890529949999997,0.0,0.0,0.0,0.0,4.94675,0.5807625,1.32359375,2.20703125
2021-03-10,0.48,0.0,0.0,0.455070805,0.0,0.0,0.0,0.0,4.94825,0.5847374999999999,1.3253125,2.207421875
2021-03-11,0.48375,0.0,0.0,0.45756636,0.0,0.0,0.0,0.0,4.947,0.5890124999999999,1.32625,2.208046875
2021-03-12,0.47925,0.0,0.0,0.461289675,0.0,0.0,0.0,0.0,4.9445,0.58995,1.31859375,2.20765625
2021-03-15,0.4775,0.0,0.0,0.45166274999999995,0.0,0.0,0.0,0.0,4.946,0.79135,1.319375,0.0
2021-03-16,0.477,0.0,0.0,0.4521981650000001,0.0,0.0,0.0,0.0,4.94575,0.7915,1.3190625,0.0
2021-03-17,0.475,0.0,0.0,0.452868102,0.0,0.0,0.0,0.0,4.949,0.79225,1.31953125,0.0
2021-03-18,0.468,0.0,0.0,0.4529808145,0.0,0.0,0.0,0.0,4.9465,0.7821,1.31359375,0.0
2021-03-19,0.46975,0.0,0.0,0.4502659605,0.0,0.0,0.0,0.0,4.944,0.77935,1.3121875,0.0
2021-03-22,0.469,0.0,0.0,0.4491018640000001,0.0,0.0,0.0,0.0,4.9455,0.78655,1.31453125,0.0
2021-03-23,0.46925,0.0,0.0,0.44729569,0.0,0.0,0.0,0.0,4.94775,0.5855625,1.3203125,-2.2078125
2021-03-24,0.46825,0.0,0.0,0.444892566,0.0,0.0,0.0,0.0,4.94775,0.5824125,1.32125,-2.207890625
2021-03-25,0.4655,0.0,0.0,0.448764084,0.0,0.0,0.0,0.0,4.9479999999999995,0.5860875,1.3196875,-2.208203125
2021-03-26,0.4665,0.0,0.0,0.45118583250000005,0.0,0.0,0.0,0.0,4.946,0.79245,1.31625,-2.208046875
2021-03-29,0.4605,0.0,0.0,0.453203431,0.0,0.0,0.0,0.0,4.94325,0.7926,1.31390625,-2.20796875
2021-03-30,0.453,0.0,0.0,0.45523845799999996,0.0,0.0,0.0,0.0,4.94225,0.7899,1.313125,-2.2078125
2021-03-31,0.23875,0.0,0.0,0.45381388799999994,0.0,0.0,0.0,0.0,4.93975,0.79325,1.30953125,-2.207265625
2021-04-01,0.24225,0.0,0.0,0.4565301635,0.0,0.0,0.0,0.0,4.9415,0.801975,1.31421875,-2.2071875
2021-04-02,0.24225,0.0,0.0,0.4565301635,0.0,0.0,0.0,0.0,4.9415,0.801975,1.31421875,-2.2071875
2021-04-05,0.24425,0.0,0.0,0.4565301635,0.0,0.0,0.0,0.0,4.93875,0.81405,1.3125,-2.206875
2021-04-06,0.241625,0.0,0.0,0.462276669,0.0,0.0,0.0,0.0,4.943,0.8133,1.31671875,-2.2071875
2021-04-07,0.242625,0.0,0.0,0.4651715835,0.0,0.0,0.0,0.0,4.9435,1.0188125000000001,1.31640625,-4.41515625
2021-04-08,0.24725,0.0,0.0,0.46610630000000003,0.0,0.0,0.0,0.0,4.9465,1.0245,1.320625,-4.4153125
2021-04-09,0.24725,0.0,0.0,0.46909945550000004,0.0,0.0,0.0,0.0,4.94425,1.0285,1.3178125,-4.41515625
2021-04-12,0.247375,0.0,0.0,0.46640851499999997,0.0,0.0,0.0,0.0,4.94325,1.0306250000000001,1.316875,-4.41390625
2021-04-13,0.252125,0.0,0.0,0.467298039,0.0,0.0,0.0,0.0,4.947,1.0335625,1.32109375,-4.4146875
2021-04-14,0.25575,0.0,0.0,0.4677799059999999,0.0,0.0,0.0,0.0,4.946,1.0308125,1.319375,-4.41453125
2021-04-15,0.256375,0.0,0.0,0.47282684999999997,0.0,0.0,0.0,0.0,4.9479999999999995,1.040625,1.32390625,-4.4146875
2021-04-16,0.2565,0.0,0.0,0.47836130000000004,0.0,0.0,0.0,0.0,7.422375,1.251675,1.323125,-6.621796874999999
2021-04-19,0.259875,0.0,0.0,0.47584162800000007,0.0,0.0,0.0,0.0,7.423125000000001,1.24695,1.321875,-6.622265625000001
2021-04-20,0.264625,0.0,0.0,0.46937721600000004,0.0,0.0,0.0,0.0,7.42575,1.236075,1.32578125,-6.623671875
2021-04-21,0.267625,0.0,0.0,0.47498980199999996,0.0,0.0,0.0,0.0,7.425000000000001,1.247025,1.325625,-6.623671875
2021-04-22,0.276625,0.0,0.0,0.47468209699999997,0.0,0.0,0.0,0.0,7.425000000000001,1.2389999999999999,1.32640625,-6.623671875
2021-04-23,0.276375,0.0,0.0,0.475913876,0.0,0.0,0.0,0.0,7.421999999999999,1.2498,1.32453125,-6.622734375
2021-04-26,0.2845,0.0,0.0,0.48032403000000007,0.0,0.0,0.0,0.0,7.421999999999999,1.254375,1.32375,-6.621796874999999
2021-04-27,0.281125,0.0,0.0,0.4799493405,0.0,0.0,0.0,0.0,7.4182500000000005,1.2540749999999998,1.32015625,-6.62109375
2021-04-28,0.27325,0.0,0.0,0.47957644799999993,0.0,0.0,0.0,0.0,7.42125,1.255425,1.32171875,-6.6225000000000005
2021-04-29,0.272875,0.0,0.0,0.478955456,0.0,0.0,0.0,0.0,7.420125,1.26,1.3196875,-6.622734375
2021-04-30,0.281,0.0,0.0,0.47772894,0.0,0.0,0.0,0.0,7.421625000000001,1.2541499999999999,1.3209375,-6.62296875
2021-05-03,0.2815,0.0,0.0,0.47734398250000004,0.0,0.0,0.0,0.0,7.4235,1.25505,1.3234375,-6.622734375
2021-05-04,0.291125,0.0,0.0,0.470945376,0.0,0.0,0.0,0.0,7.425000000000001,1.2474750000000001,1.3240625,-6.6234375000000005
2021-05-05,0.30125,0.0,0.0,0.47720298949999995,0.0,0.0,0.0,0.0,7.426125000000001,1.2474750000000001,1.32640625,-6.62390625
2021-05-06,0.313875,0.0,0.0,0.47890004500000005,0.0,0.0,0.0,0.0,7.425374999999999,1.2588750000000002,1.32578125,-6.6234375000000005
2021-05-07,0.31825,0.0,0.0,0.484406062,0.0,0.0,0.0,0.0,7.429874999999999,1.2680250000000002,1.3271875,-6.62484375
2021-05-10,0.304875,0.0,0.0,0.4845020775,0.0,0.0,0.0,0.0,7.430625000000001,1.2527249999999999,2.651875,-6.624140625
2021-05-11,0.305875,0.0,0.0,0.4774297775,0.0,0.0,0.0,0.0,7.429500000000001,1.242,2.6490625,-6.6234375000000005
2021-05-12,0.295375,0.0,0.0,0.475366892,0.0,0.0,0.0,0.0,7.422750000000001,1.013,2.6384375,-6.6225000000000005
2021-05-13,0.279125,0.0,0.0,0.477209375,0.0,0.0,0.0,0.0,7.426499999999999,1.0276875,2.644375,-6.623671875
2021-05-14,0.271375,0.0,0.0,0.48649378400000004,0.0,0.0,0.0,0.0,7.42575,0.83465,2.64875,-4.41625
2021-05-17,0.2685,0.0,0.0,0.4869302900000001,0.0,0.0,0.0,0.0,7.424625,0.8321,2.6453125,-4.41578125
2021-05-18,0.271875,0.0,0.0,0.48404779950000004,0.0,0.0,0.0,0.0,7.42575,0.82295,2.6484375,-4.41625
2021-05-19,0.27075,0.0,0.0,0.4819468605,0.0,0.0,0.0,0.0,7.422375,0.82155,2.62375,-4.41578125
2021-05-20,0.275625,0.0,0.0,0.48569865600000006,0.0,0.0,0.0,0.0,7.426125000000001,0.8304,2.6328125,-4.41671875
2021-05-21,0.273,0.0,0.0,0.49131794800000006,0.0,0.0,0.0,0.0,7.425374999999999,0.83155,2.631875,-4.41609375
2021-05-24,0.27,0.0,0.0,0.49241920649999993,0.0,0.0,0.0,0.0,7.427250000000001,0.83985,2.635,-4.41671875
2021-05-25,0.257875,0.0,0.0,0.4930832170000001,0.0,0.0,0.0,0.0,7.430625000000001,0.8377,2.6421875,-4.41734375
2021-05-26,0.260375,0.0,0.0,0.49387812000000003,0.0,0.0,0.0,0.0,7.429500000000001,1.0484375,2.6396875,-2.2084375
2021-05-27,0.27625,0.0,0.0,0.49244823299999996,0.0,0.0,0.0,0.0,7.427250000000001,1.0528125000000002,2.6353125,-2.208515625
2021-05-28,0.27275,0.0,0.0,0.495740944,0.0,0.0,0.0,0.0,7.427250000000001,1.0508125,2.63625,-2.20875
2021-05-31,0.27275,0.0,0.0,0.49243410000000004,0.0,0.0,0.0,0.0,7.427250000000001,1.0508125,2.63625,-2.20875
2021-06-01,0.2875,0.0,0.0,0.49815038700000003,0.0,0.0,0.0,0.0,7.427250000000001,1.049625,2.6365625,-2.208828125
2021-06-02,0.286625,0.0,0.0,0.499087771,0.0,0.0,0.0,0.0,7.429125000000001,1.0516875,2.6390625,0.0
2021-06-03,0.28275,0.0,0.0,0.497776992,0.0,0.0,0.0,0.0,7.425374999999999,1.0478125,2.631875,0.0
2021-06-04,0.29525,0.0,0.0,0.4963888075,0.0,0.0,0.0,0.0,7.429874999999999,1.0569375,2.6440625,0.0
2021-06-07,0.301,0.0,0.0,0.499012402,0.0,0.0,0.0,0.0,7.429125000000001,1.0568125,2.6421875,0.0
2021-06-08,0.305125,0.0,0.0,0.5002808415000001,0.0,0.0,0.0,0.0,7.431374999999999,1.0563125,2.6478125,0.0
2021-06-09,0.303875,0.0,0.0,0.498823168,0.0,0.0,0.0,0.0,7.434000000000001,1.0555625,2.654375,0.0
2021-06-10,0.3075,0.0,0.0,0.49966667100000006,0.0,0.0,0.0,0.0,7.437,1.057375,2.6625,0.0
2021-06-11,0.305,0.0,0.0,0.503675291,0.0,0.0,0.0,0.0,7.433249999999999,1.059,2.658125,0.0
2021-06-14,0.28975,0.0,0.0,0.499979061,0.0,0.0,0.0,0.0,7.430249999999999,1.0615625,2.650625,0.0
2021-06-15,0.286125,0.0,0.0,0.5006682419999999,0.0,0.0,0.0,0.0,7.430249999999999,1.059375,2.65125,0.0
2021-06-16,0.28575,0.0,0.0,0.5015926335,0.0,0.0,0.0,0.0,4.945,1.26075,2.633125,0.0
2021-06-17,0.26625,0.0,0.0,0.4990624000000001,0.0,0.0,0.0,0.0,4.94475,1.26465,2.6403125,0.0
2021-06-18,0.283375,0.0,0.0,0.48387559499999994,0.0,0.0,0.0,0.0,4.9445,1.242525,2.6478125,0.0
2021-06-21,0.279,0.0,0.0,0.4875862670000001,0.0,0.0,0.0,0.0,4.9445,1.054625,2.643125,-2.20234375
2021-06-22,0.0,0.0,0.0,0.4891230649999999,0.0,0.0,0.0,0.0,4.94625,1.0591875000000002,2.6475,-4.406875
2021-06-23,0.0,0.0,0.0,0.4858173844999999,0.0,0.0,0.0,0.0,4.94375,1.058375,2.643125,-4.40515625
2021-06-24,0.0,0.0,0.0,0.49055339375,0.0,0.0,0.0,0.0,4.943,1.0655625,2.6421875,-4.4046875
2021-06-25,0.0,0.0,0.0,0.49032697000000003,0.0,0.0,0.0,0.0,4.9365,1.068625,2.63875,-4.4046875
2021-06-28,0.0,0.0,0.0,0.48746713500000005,0.0,0.0,0.0,0.0,4.93725,1.0703125,2.645,-4.40578125
2021-06-29,0.0,0.0,0.0,0.48810252900000006,0.0,0.0,0.0,0.0,4.9375,1.0710625,2.645625,-4.4059375
2021-06-30,0.0,0.0,0.0,0.48323234375,0.0,0.0,0.0,0.0,4.93675,1.073375,2.6465625,-4.40640625
2021-07-01,0.0,0.0,0.0,0.48291618375,0.0,0.0,0.0,0.0,4.93625,1.29285,2.6475,-6.60890625
2021-07-02,0.0,0.0,0.0,0.48254099775000003,0.0,0.0,0.0,0.0,4.93875,1.301625,2.6553125,-6.611484375
2021-07-05,0.0,0.0,0.0,0.483672189,0.0,0.0,0.0,0.0,4.93875,1.301625,2.6553125,-6.611484375
2021-07-06,0.0,0.0,0.0,0.47908007550000004,0.0,0.0,0.0,0.0,4.94275,1.298475,2.6671875,-6.61359375
2021-07-07,0.0,0.0,0.0,0.481618052,0.0,0.0,0.0,0.0,4.94375,1.3055249999999998,2.67125,-6.614531250000001
2021-07-08,0.0,0.0,0.0,0.47044319749999997,0.0,0.0,0.0,0.0,4.94775,1.293075,2.67625,-6.616875
2021-07-09,0.0,0.0,0.0,0.48049966400000005,0.0,0.0,0.0,0.0,4.944,1.3086,2.6678125,-6.614765625
2021-07-12,0.0,0.0,0.0,0.4856321295,0.0,0.0,0.0,0.0,4.94425,1.312725,2.668125,-6.613125
2021-07-13,0.0,0.0,0.0,0.48417446975,0.0,0.0,0.0,0.0,4.94,1.307775,2.6596875,-6.60984375
2021-07-14,0.0,0.0,0.0,0.482031134,0.0,0.0,0.0,0.0,4.94275,1.309875,2.67,-6.6128906249999995
2021-07-15,0.0,0.0,0.0,0.47857706399999994,0.0,0.0,0.0,0.0,4.9435,1.3044,2.675625,-6.613125
2021-07-16,0.0,0.0,0.0,0.47374751975,0.0,0.0,0.0,0.0,4.9435,1.29555,2.676875,-6.61359375
2021-07-19,0.0,0.0,0.0,0.46312915,0.0,0.0,0.0,0.0,4.951,1.06525,2.6915625,-4.4096875
2021-07-20,0.0,0.0,0.0,0.46742770749999996,0.0,0.0,0.0,0.0,4.95225,1.07975,2.690625,-4.41109375
2021-07-21,0.0,0.0,0.0,0.47522653324999997,0.0,0.0,0.0,0.0,4.94875,1.0888125,2.680625,-4.41046875
2021-07-22,0.0,0.0,0.0,0.47865921749999996,0.0,0.0,0.0,0.0,4.9495,1.0927499999999999,2.6825,-4.4109375
2021-07-23,0.0,0.0,0.0,0.48254599574999996,0.0,0.0,0.0,0.0,4.95,1.0998125,2.68375,-4.41125
2021-07-26,0.0,0.0,0.0,0.48247689400000005,0.0,0.0,0.0,0.0,4.9485,1.10375,2.681875,-4.41125
2021-07-27,0.0,0.0,0.0,0.48021522625000007,0.0,0.0,0.0,0.0,4.95,1.095875,2.6878125,-4.41171875
2021-07-28,0.0,0.0,0.0,0.48295057249999995,0.0,0.0,0.0,0.0,4.94975,1.0979999999999999,2.689375,-2.206015625
2021-07-29,0.0,0.0,0.0,0.48632901100000003,0.0,0.0,0.0,0.0,4.94825,1.09925,2.6840625,-2.205859375
2021-07-30,0.0,0.0,0.0,0.4857479522500001,0.0,0.0,0.0,0.0,4.95075,1.0988125,2.69125,-2.20671875
2021-08-02,0.0,0.0,0.0,0.48625654199999996,0.0,0.0,0.0,0.0,4.953499999999999,1.0959375,2.69875,-2.2071875
2021-08-03,0.0,0.0,0.0,0.48932468100000004,0.0,0.0,0.0,0.0,4.9545,1.1021875,2.7003125,-2.207265625
2021-08-04,0.0,0.0,0.0,0.49042117425000004,0.0,0.0,0.0,0.0,4.9515,1.099125,2.6959375,-2.20671875
2021-08-05,0.0,0.0,0.0,0.491582304,0.0,0.0,0.0,0.0,4.94825,1.10525,2.6884375,-2.206015625
2021-08-06,0.0,0.0,0.0,0.493880202,0.0,0.0,0.0,0.0,4.94475,1.1075625,2.6790625,-2.20546875
2021-08-09,0.0,0.0,0.0,0.49129279875,0.0,0.0,0.0,0.0,4.9435,1.106875,2.6746875,-2.205
2021-08-10,0.0,0.0,0.0,0.49206521999999997,0.0,0.0,0.0,0.0,4.9415,1.107375,2.67,-2.204375
2021-08-11,0.0,0.0,0.0,0.49326289575000004,0.0,0.0,0.0,0.0,4.9435,1.110375,2.6721875,-2.205
2021-08-12,0.0,0.0,0.0,0.49589411625,0.0,0.0,0.0,0.0,4.94225,1.1139999999999999,2.6703125,-2.204765625
2021-08-13,0.0,0.0,0.0,0.49620813224999993,0.0,0.0,0.0,0.0,4.94525,1.1149375,2.681875,-2.2053125
2021-08-16,0.0,0.0,0.0,0.4969844385,0.0,0.0,0.0,0.0,4.94675,1.3416,2.684375,0.0
2021-08-17,0.0,0.0,0.0,0.4932063462499999,0.0,0.0,0.0,0.0,4.946,1.3312499999999998,2.684375,0.0
2021-08-18,0.0,0.0,0.0,0.4881429734999999,0.0,0.0,0.0,0.0,4.94575,1.31655,2.685,2.205234375
2021-08-19,0.0,0.0,0.0,0.48367943575,0.0,0.0,0.0,0.0,4.946,1.320975,2.6859375,2.20515625
2021-08-20,0.0,0.0,0.0,0.48530378750000003,0.0,0.0,0.0,0.0,4.94525,1.3312499999999998,2.683125,2.205
2021-08-23,0.0,0.0,0.0,0.4887361687500001,0.0,0.0,0.0,0.0,4.946,1.3443749999999999,2.684375,4.4103125
2021-08-24,0.0,0.0,0.0,0.4896725814999999,0.0,0.0,0.0,0.0,4.94425,1.3451250000000001,2.6784375,4.4034375
2021-08-25,0.0,0.0,0.0,0.49043544025,0.0,0.0,0.0,0.0,4.94225,1.3480500000000002,2.6721875,4.40375
2021-08-26,0.0,0.0,0.0,0.48969024,0.0,0.0,0.0,0.0,4.93675,1.341,2.6584375,4.40328125
2021-08-27,0.0,0.0,0.0,0.49313034399999994,0.0,0.0,0.0,0.0,4.939500000000001,1.35225,2.6665625,4.40546875
2021-08-30,0.0,0.0,0.0,0.49455648,0.0,0.0,0.0,0.0,4.94225,1.359,2.6715625,4.40671875
2021-08-31,0.0,0.0,0.0,0.49471610799999993,0.0,0.0,0.0,0.0,4.941749999999999,1.3584,2.6678125,4.40625
2021-09-01,0.0,0.0,0.0,0.49845969349999997,0.0,0.0,0.0,0.0,4.941749999999999,1.356825,2.67,4.40640625
2021-09-02,0.0,0.0,0.0,0.5006963,0.0,0.0,0.0,0.0,4.94275,1.3609499999999999,2.6715625,4.4065625
2021-09-03,0.0,0.0,0.0,0.49804330050000006,0.0,0.0,0.0,0.0,4.9415,1.5868125,2.6675,6.610312500000001
2021-09-06,0.0,0.0,0.0,0.5041256805000001,0.0,0.0,0.0,0.0,4.9415,1.5868125,2.6675,6.610312500000001
2021-09-07,0.0,0.0,0.0,0.49973974050000003,0.0,0.0,0.0,0.0,4.939,1.5812125,2.6596875,6.608437499999999
2021-09-08,0.0,0.0,0.0,0.4947635615,0.0,0.0,0.0,0.0,4.93875,1.5789374999999999,2.6640625,6.608671875000001
2021-09-09,0.0,0.0,0.0,0.49190449325,0.0,0.0,0.0,0.0,4.9405,1.5717625,2.669375,6.609375
2021-09-10,0.0,0.0,0.0,0.4912959325,0.0,0.0,0.0,0.0,4.93875,1.5582,2.6628125,6.609140625
2021-09-13,0.0,0.0,0.0,0.4962508560000001,0.0,0.0,0.0,0.0,4.93925,1.5633625,2.6653125,6.609375
2021-09-14,0.0,0.0,0.0,0.49406507475,0.0,0.0,0.0,0.0,4.94,1.5530374999999998,2.6709375,6.610078124999999
2021-09-15,0.0,0.0,0.0,0.4895149462499999,0.0,0.0,0.0,0.0,4.93925,1.566775,2.668125,6.609609375
2021-09-16,0.0,0.0,0.0,0.49210776599999995,0.0,0.0,0.0,0.0,4.936,1.5610875,2.6609375,6.608437499999999
2021-09-17,0.0,0.0,0.0,0.4819260130000001,0.0,0.0,0.0,0.0,4.935,1.322475,2.6565625,6.607734375
2021-09-20,0.0,0.0,0.0,0.47188913625,0.0,0.0,0.0,0.0,4.93725,0.8686,2.664375,6.608671875000001
2021-09-21,0.0,0.0,0.0,0.47622102874999994,0.0,0.0,0.0,0.0,4.93725,0.86725,2.6634375,6.609140625
2021-09-22,0.0,0.0,0.0,0.4838804325,0.0,0.0,0.0,0.0,4.934749999999999,0.87725,2.66375,6.60609375
2021-09-23,0.0,0.0,0.0,0.49015651874999994,0.0,0.0,0.0,0.0,4.929,0.8878,2.64375,6.602812500000001
2021-09-24,0.0,0.0,0.0,0.48677557050000003,0.0,0.0,0.0,0.0,4.93,0.8892,2.641875,6.60140625
2021-09-27,0.0,0.0,0.0,0.486091575,0.0,0.0,0.0,0.0,4.928,0.88585,2.6346875,6.599765625
2021-09-28,0.0,0.0,0.0,0.47362226,0.0,0.0,0.0,0.0,4.9277500000000005,0.43465,2.62875,4.39984375
2021-09-29,0.0,0.0,0.0,0.47386493,0.0,0.0,0.0,0.0,4.9305,0.43565,1.31640625,4.4009375
2021-09-30,0.0,0.0,0.0,0.0,0.0,0.0,0.0,0.0,4.93175,0.42985,1.3190625,4.4021875
2021-10-01,0.0,0.0,0.0,0.0,0.0,0.0,0.0,0.0,4.9345,0.434975,1.3215625,4.403125
2021-10-04,0.0,0.0,0.0,0.0,0.0,0.0,0.0,0.0,4.93375,0.4294,1.3203125,4.40203125
2021-10-05,0.0,0.0,0.0,0.0,0.0,0.0,0.0,0.0,4.93175,0.433475,1.316875,4.40140625
2021-10-06,0.0,0.0,0.0,0.0,0.0,0.0,0.0,0.0,4.93125,0.435525,1.31734375,4.400625
2021-10-07,0.0,0.0,0.0,0.0,0.0,0.0,0.0,0.0,4.9285,0.439025,1.3134375,4.399375
2021-10-08,0.0,0.0,0.0,0.0,0.0,0.0,0.0,0.0,4.926,0.437975,1.3109375,4.39828125
2021-10-11,0.0,0.0,0.0,0.0,0.0,0.0,0.0,0.0,4.92425,0.434725,1.3084375,4.3953125
2021-10-12,0.0,0.0,0.0,0.0,0.0,0.0,0.0,0.0,4.92425,0.432875,1.31140625,4.39578125
2021-10-13,0.0,0.0,0.0,0.0,0.0,0.0,0.0,0.0,4.92475,0.435525,1.31328125,4.39375
2021-10-14,0.0,0.0,0.0,0.47958112049999996,0.0,0.0,0.0,0.0,4.926,0.44355,1.3153125,2.196875
2021-10-15,0.0,0.0,0.0,0.48386371250000004,0.0,0.0,0.0,0.0,4.92175,0.446525,1.30953125,2.1953125
2021-10-18,0.0,0.0,0.0,0.48077440749999995,0.0,0.0,0.0,0.0,4.91875,0.6714,1.30625,0.0
2021-10-19,0.0,0.0,0.0,0.482108468,0.0,0.0,0.0,0.0,4.92,0.6772875,1.30515625,0.0
2021-10-20,0.0,0.0,0.0,0.4843176294999999,0.0,0.0,0.0,0.0,4.92025,0.67875,1.304375,0.0
2021-10-21,0.0,0.0,0.0,0.4843280195,0.0,0.0,0.0,0.0,4.9155,0.9064,1.2996875,-2.19234375
2021-10-22,0.0,0.0,0.0,0.48763476799999994,0.0,0.0,0.0,0.0,4.918,0.90585,1.30484375,-2.1928125
2021-10-25,0.0,0.0,0.0,0.48657196899999994,0.0,0.0,0.0,0.0,4.91925,0.91305,1.3059375,-2.193828125
2021-10-26,0.0,0.0,0.0,0.488197908,0.0,0.0,0.0,0.0,4.91875,0.91265,1.3065625,-2.193671875
2021-10-27,0.0,0.0,0.0,0.4868837307500001,0.0,0.0,0.0,0.0,4.921500000000001,0.90955,1.3103125,-2.19234375
2021-10-28,0.0,0.0,0.0,0.48970963749999996,0.0,0.0,0.0,0.0,4.922249999999999,1.144625,1.306875,0.0
2021-10-29,0.0,0.0,0.0,0.49662377274999997,0.0,0.0,0.0,0.0,4.921500000000001,1.150625,1.30703125,0.0
2021-11-01,0.0,0.0,0.0,0.4948678940000001,0.0,0.0,0.0,0.0,4.9205,1.1514375000000001,1.3075,0.0
2021-11-02,0.0,0.0,0.0,0.49709075625,0.0,0.0,0.0,0.0,4.92175,1.155375,1.30953125,0.0
2021-11-03,0.0,0.0,0.0,0.500590431,0.0,0.0,0.0,0.0,4.91875,1.1629375,1.3059375,0.0
2021-11-04,0.0,0.0,0.0,0.50135552,0.0,0.0,0.0,0.0,4.9235,1.1681875,1.31265625,0.0
2021-11-05,0.0,0.0,0.0,0.5021169464999999,0.0,0.0,0.0,0.0,4.9275,1.1714375000000001,1.31828125,0.0
2021-11-08,0.0,0.0,0.0,0.50174764875,0.0,0.0,0.0,0.0,4.92375,1.4076,1.31328125,2.195
2021-11-09,0.0,0.0,0.0,0.5026626370000001,0.0,0.0,0.0,0.0,4.925,1.4025750000000001,1.3175,2.1959375
2021-11-10,0.0,0.0,0.0,0.5006414535,0.0,0.0,0.0,0.0,4.917,1.393275,1.3075,2.19203125
2021-11-11,0.0,0.0,0.0,0.5009265180000001,0.0,0.0,0.0,0.0,4.9155,1.39395,1.30359375,2.1909375
2021-11-12,0.0,0.0,0.0,0.5005950565,0.0,0.0,0.0,0.0,4.9159999999999995,1.4043,1.30671875,2.19203125
2021-11-15,0.0,0.0,0.0,0.50082696575,0.0,0.0,0.0,0.0,4.914,1.4043,1.30328125,2.191875
2021-11-16,0.0,0.0,0.0,0.501860689,0.0,0.0,0.0,0.0,4.9125,1.40895,1.30171875,2.19171875
2021-11-17,0.0,0.0,0.0,0.4990774905,0.0,0.0,0.0,0.0,4.915,1.405575,1.30515625,2.192734375
2021-11-18,0.0,0.0,0.0,0.495860185,0.0,0.0,0.0,0.0,4.91625,1.411575,1.3059375,2.19296875
2021-11-19,0.0,0.0,0.0,0.49413115050000006,0.0,0.0,0.0,0.0,4.91475,1.409325,1.30734375,2.193046875
2021-11-22,0.0,0.0,0.0,0.48871123999999994,0.0,0.0,0.0,0.0,4.90875,1.4052,1.2996875,2.1903125
2021-11-23,0.0,0.0,0.0,0.4833244115,0.0,0.0,0.0,0.0,4.90775,1.405425,1.29765625,2.190859375
2021-11-24,0.0,0.0,0.0,0.48266943675,0.0,0.0,0.0,0.0,4.90675,1.41015,1.29046875,2.18234375
2021-11-25,0.0,0.0,0.0,0.47993822399999997,0.0,0.0,0.0,0.0,4.90675,1.41015,1.29046875,2.18234375
2021-11-26,0.0,0.0,0.0,0.4555203817499999,0.0,0.0,0.0,0.0,4.9165,1.14475,1.30484375,4.37625
2021-11-29,0.0,0.0,0.0,0.46651951149999993,0.0,0.0,0.0,0.0,4.91825,0.93115,1.3028125,6.564375
2021-11-30,0.0,0.0,0.0,0.0,0.0,0.0,0.0,0.0,4.918,1.146375,1.3075,6.56203125
2021-12-01,0.0,0.0,0.0,0.0,0.0,0.0,0.0,0.0,4.91975,0.676125,1.3109375,6.558515625
2021-12-02,0.0,0.0,0.0,0.0,0.0,0.0,0.0,0.0,4.91625,0.6877875,1.30609375,6.550078125000001
2021-12-03,0.0,0.0,0.0,0.0,0.0,0.0,0.0,0.0,4.919,0.6799875,1.31359375,6.554765625
2021-12-06,0.0,0.0,0.0,0.0,0.0,0.0,0.0,0.0,4.9159999999999995,0.6892875,1.30703125,6.549140625
2021-12-07,0.0,0.0,0.0,0.0,0.0,0.0,0.0,0.0,4.91275,0.7042499999999999,1.3034375,6.541875
2021-12-08,0.0,0.0,0.0,0.0,0.0,0.0,0.0,0.0,4.9115,0.93955,1.30109375,4.36171875
2021-12-09,0.0,0.0,0.0,0.0,0.0,0.0,0.0,0.0,4.91225,0.9337,1.30265625,4.36078125
2021-12-10,0.0,0.0,0.0,0.0,0.0,0.0,0.0,0.0,4.913,0.94245,1.3040625,4.36421875
2021-12-13,0.0,0.0,0.0,0.0,0.0,0.0,0.0,0.0,4.917,0.9327,1.30875,4.36640625
2021-12-14,0.0,0.0,0.0,0.0,0.0,0.0,0.0,0.0,4.91575,0.6943874999999999,1.30609375,4.364375
2021-12-15,0.0,0.0,0.0,0.0,0.0,0.0,0.0,0.0,4.91625,0.705375,1.30546875,4.36359375
2021-12-16,0.0,0.0,0.0,0.0,0.0,0.0,0.0,0.0,4.9225,0.6997875,1.3115625,4.368125
2021-12-17,0.0,0.0,0.0,0.0,0.0,0.0,0.0,0.0,4.92125,0.6928875,1.31140625,4.3665625
2021-12-20,0.0,0.0,0.0,0.0,0.0,0.0,0.0,0.0,4.92,0.456925,1.31109375,4.36734375
2021-12-21,0.0,0.0,0.0,0.0,0.0,0.0,0.0,0.0,4.91575,0.4642,1.3075,4.36484375
2021-12-22,0.0,0.0,0.0,0.0,0.0,0.0,0.0,0.0,4.9155,0.7033874999999999,1.3075,4.3646875
2021-12-23,0.0,0.0,0.0,0.0,0.0,0.0,0.0,0.0,4.915,0.7073625,1.30546875,4.363125
2021-12-24,0.0,0.0,0.0,0.0,0.0,0.0,0.0,0.0,4.915,0.7073625,1.30546875,4.363125
2021-12-27,0.0,0.0,0.0,0.0,0.0,0.0,0.0,0.0,4.91475,0.95645,1.30609375,2.180859375
2021-12-28,0.0,0.0,0.0,0.0,0.0,0.0,0.0,0.0,4.9155,0.9562,1.30609375,2.180859375
2021-12-29,0.0,0.0,0.0,0.482782492,0.0,0.0,0.0,0.0,4.9125,0.9568,1.30171875,2.180859375
2021-12-30,0.0,0.0,0.0,0.48652191874999995,0.0,0.0,0.0,0.0,4.91425,0.9545,1.304375,2.1815625
2021-12-31,0.0,0.0,0.0,0.48652191874999995,0.0,0.0,0.0,0.0,4.9135,0.9523,1.3034375,2.181328125
2022-01-03,0.0,0.0,0.0,0.4927314279999999,0.0,0.0,0.0,0.0,4.9085,0.9569,1.2946875,2.180234375
2022-01-04,0.0,0.0,0.0,0.491840635,0.0,0.0,0.0,0.0,4.908,0.95675,1.29390625,2.180546875
2022-01-05,0.0,0.0,0.0,0.48853800000000003,0.0,0.0,0.0,0.0,4.9045,0.7038,1.28875,2.17765625
2022-01-06,0.0,0.0,0.0,0.48820921749999996,0.0,0.0,0.0,0.0,4.90225,0.7040625,1.28625,2.176015625
2022-01-07,0.0,0.0,0.0,0.4851309875,0.0,0.0,0.0,0.0,4.8995,0.46675,1.28375,0.0
2022-01-10,0.0,0.0,0.0,0.48360354299999997,0.0,0.0,0.0,0.0,4.89825,0.46625,1.2828125,0.0
2022-01-11,0.0,0.0,0.0,0.48630075599999995,0.0,0.0,0.0,0.0,4.90025,0.470425,1.284375,0.0
2022-01-12,0.0,0.0,0.0,0.48881218499999995,0.0,0.0,0.0,0.0,4.9005,0.7078125,1.28375,0.0
2022-01-13,0.0,0.0,0.0,0.487187865,0.0,0.0,0.0,0.0,2.4517499999999997,0.46525,1.2875,0.0
2022-01-14,0.0,0.0,0.0,0.4903122750000001,0.0,0.0,0.0,0.0,2.449625,0.465475,1.281875,0.0
2022-01-17,0.0,0.0,0.0,0.490378526,0.0,0.0,0.0,0.0,2.449625,0.465475,1.281875,0.0
2022-01-18,0.0,0.0,0.0,0.48389267025,0.0,0.0,0.0,0.0,2.446375,0.4577,1.27296875,0.0
2022-01-19,0.28225,0.0,0.0,0.481155213,0.0,0.0,0.0,0.0,2.447125,0.226225,1.27375,-2.169140625
2022-01-20,0.28075,0.0,0.0,0.48104546625000005,0.0,0.0,0.0,0.0,2.449125,0.2228125,1.2790625,-2.170390625
2022-01-21,0.28275,0.0,0.0,0.47320786775,0.0,0.0,0.0,0.0,2.449875,0.0,1.28234375,-4.343125
2022-01-24,0.283375,0.0,0.0,0.467627304,0.0,0.0,0.0,0.0,2.450375,0.0,1.28203125,-4.34625
2022-01-25,0.284625,0.0,0.0,0.4614896825,0.0,0.0,0.0,0.0,2.450125,0.0,1.28203125,-4.345
2022-01-26,0.286125,0.0,0.0,0.0,0.0,0.0,0.0,0.0,2.4475,0.0,1.27296875,-4.33375
2022-01-27,0.28275,0.0,0.0,0.0,0.0,0.0,0.0,0.0,2.449,0.0,1.276875,-4.3309375
2022-01-28,0.284625,0.0,0.0,0.0,0.0,0.0,0.0,0.0,2.450625,0.0,1.28015625,-4.33328125
2022-01-31,0.287125,0.0,0.0,0.0,0.0,0.0,0.0,0.0,2.45125,0.2245875,1.2803125,-4.33203125
2022-02-01,0.288625,0.0,0.0,0.47395982125,0.0,0.0,0.0,0.0,2.45075,0.227475,1.2790625,-4.333125
2022-02-02,0.28625,0.0,0.0,0.47492644700000003,0.0,0.0,0.0,0.0,2.451125,0.227425,1.28046875,-4.33421875
2022-02-03,0.28425,0.0,0.0,0.0,0.0,0.0,0.0,0.0,2.449375,0.2261,1.27578125,-4.330625
2022-02-04,0.287,0.0,0.0,0.0,0.0,0.0,0.0,0.0,2.446875,0.224275,0.0,-2.161015625
2022-02-07,0.29075,0.0,0.0,0.0,0.0,0.0,0.0,0.0,2.446625,0.224175,0.0,-2.16203125
2022-02-08,0.291,0.0,0.0,0.0,0.0,0.0,0.0,0.0,2.44525,0.2259125,0.0,-2.16
2022-02-09,0.294,0.0,0.0,0.0,0.0,0.0,0.0,0.0,2.44525,0.2290625,0.0,-2.159453125
2022-02-10,0.291875,0.0,0.0,0.0,0.0,0.0,0.0,0.0,2.444,0.22475,0.0,0.0
2022-02-11,0.29675,0.0,0.0,0.0,0.0,0.0,0.0,0.0,2.4475,0.0,0.0,0.0
2022-02-14,0.299,0.0,0.0,0.0,0.0,0.0,0.0,0.0,2.44575,0.0,0.0,0.0
2022-02-15,0.29425,0.0,0.0,0.0,0.0,0.0,0.0,0.0,2.4451250000000004,0.0,0.0,0.0
2022-02-16,0.296375,0.0,0.0,0.0,0.0,0.0,0.0,0.0,2.445,0.0,0.0,0.0
2022-02-17,0.297625,0.0,0.0,0.0,0.0,0.0,0.0,0.0,2.447625,0.0,0.0,0.0
2022-02-18,0.298875,0.0,0.0,0.0,0.0,0.0,0.0,0.0,2.448125,-0.217175,0.0,0.0
2022-02-21,0.298875,0.0,0.0,0.0,0.0,0.0,0.0,0.0,2.448125,-0.217175,0.0,0.0
2022-02-22,0.303,0.0,0.0,0.0,0.0,0.0,0.0,0.0,2.447625,-0.2156125,0.0,0.0
2022-02-23,0.30475,0.0,0.0,0.0,0.0,0.0,0.0,0.0,2.446375,-0.21075,0.0,0.0
2022-02-24,0.302625,0.0,0.0,0.0,0.0,0.0,0.0,0.0,2.447125,-0.2134625,0.0,0.0
2022-02-25,0.28975,0.0,0.0,0.0,0.0,0.0,0.0,0.0,2.447,-0.219025,0.0,0.0
2022-02-28,0.303625,0.0,0.0,0.0,0.0,0.0,0.0,0.0,2.450375,-0.2184,0.0,0.0
2022-03-01,0.312375,0.0,0.0,0.0,0.0,0.0,0.0,0.0,2.456,-0.2155125,0.0,0.0
2022-03-02,0.305875,0.0,0.0,0.0,0.0,0.0,0.0,0.0,2.4505,-0.2186875,0.0,2.14921875
2022-03-03,0.307875,0.0,0.0,0.0,0.0,0.0,0.0,0.0,2.4517499999999997,-0.2182625,0.0,2.148203125
2022-03-04,0.31475,0.0,0.0,0.0,0.0,0.0,0.0,0.0,2.455,-0.2160125,0.0,2.151015625
2022-03-07,0.321,0.0,0.0,-0.37793677725,0.0,0.0,0.0,0.0,2.4535,-0.2093,0.0,0.0
2022-03-08,0.3225,0.0,0.0,-0.37880449875000005,0.0,0.0,0.0,0.0,2.451625,-0.2076125,0.0,0.0
2022-03-09,0.318125,0.0,0.0,-0.39955741125,0.0,0.0,0.0,0.0,0.0,-0.2139875,0.0,0.0
2022-03-10,0.3245,0.0,0.0,-0.39656490299999997,0.0,0.0,0.0,0.0,0.0,-0.2128625,0.0,0.0
2022-03-11,0.328125,0.0,0.0,-0.3939131625,0.0,0.0,0.0,0.0,0.0,-0.2098375,0.0,0.0
2022-03-14,0.32475,0.0,0.0,-0.3973914835,0.0,0.0,0.0,0.0,0.0,-0.2085625,0.0,0.0
2022-03-15,0.3255,0.0,0.0,0.0,-0.8145625,0.0,0.0,0.0,0.0,-0.425,0.0,0.0
2022-03-16,0.3145,0.0,0.0,0.0,-0.82125,0.0,0.0,0.0,0.0,-0.2181125,0.0,0.0
2022-03-17,0.321875,0.0,0.0,0.0,-0.8214375,0.0,0.0,0.0,0.0,-0.2192125,0.0,0.0
2022-03-18,0.3225,0.0,0.0,0.0,0.0,0.0,0.0,0.0,0.0,-0.22325,0.0,0.0
2022-03-21,0.333125,0.0,0.0,0.0,0.0,0.0,0.0,0.0,0.0,0.0,0.0,0.0
2022-03-22,0.334875,0.0,0.0,0.0,0.0,0.0,0.0,0.0,0.0,0.0,0.0,0.0
2022-03-23,0.336,0.0,0.0,0.0,0.0,0.0,0.0,0.0,0.0,0.0,0.0,0.0
2022-03-24,0.33375,0.0,0.0,0.0,0.0,0.0,0.0,0.0,0.0,0.0,0.0,0.0
2022-03-25,0.3345,0.0,0.0,0.0,0.0,0.0,0.0,0.0,0.0,0.0,0.0,0.0
2022-03-28,0.331375,0.0,0.0,0.0,0.0,0.0,0.0,0.0,0.0,0.0,0.0,0.0
2022-03-29,0.326375,0.0,0.0,0.0,0.0,0.0,0.0,0.0,0.0,0.2310625,0.0,0.0
2022-03-30,0.327875,0.0,0.0,0.0,0.0,0.0,0.0,0.0,0.0,0.230075,0.0,0.0
2022-03-31,0.34075,0.0,0.0,0.0,0.0,0.0,0.0,0.0,0.0,0.0,0.0,0.0
2022-04-01,0.342875,0.0,0.0,0.0,0.0,0.0,0.0,0.0,0.0,0.0,0.0,0.0
2022-04-04,0.349,0.0,0.0,0.0,0.0,0.0,0.0,0.0,0.0,0.2288,0.0,0.0
2022-04-05,0.353,0.0,0.0,0.0,0.0,0.0,0.0,0.0,0.0,0.2263125,0.0,0.0
2022-04-06,0.351625,0.0,0.0,0.0,0.0,0.0,0.0,0.0,0.0,0.0,0.0,0.0
2022-04-07,0.3545,0.0,0.0,0.0,0.0,0.0,0.0,0.0,0.0,0.0,0.0,0.0
2022-04-08,0.3575,0.0,0.0,0.0,0.0,0.0,0.0,0.0,0.0,0.0,0.0,0.0
2022-04-11,0.3585,0.0,0.0,0.0,0.0,0.0,0.0,0.0,0.0,0.0,0.0,0.0
2022-04-12,0.364875,0.0,-1.3564375,0.0,0.0,0.0,0.0,0.0,0.0,0.0,0.0,0.0
2022-04-13,0.367625,0.0,-1.3645625,0.0,0.0,0.0,0.0,0.0,0.0,0.0,0.0,0.0
2022-04-14,0.367625,0.0,-1.35675,0.0,0.0,0.0,0.0,0.0,0.0,0.0,0.0,0.0
2022-04-15,0.367625,0.0,-1.35675,0.0,0.0,0.0,0.0,0.0,0.0,0.0,0.0,0.0
2022-04-18,0.3745,0.0,-1.3506875,0.0,0.0,0.0,0.0,0.0,0.0,0.0,0.0,0.0
2022-04-19,0.372875,0.0,-1.35125,0.0,0.0,0.0,0.0,0.0,0.0,0.0,0.0,0.0
2022-04-20,0.373875,0.0,0.0,0.0,0.0,0.0,0.0,0.0,0.0,0.0,0.0,0.0
2022-04-21,0.369,0.0,0.0,0.0,0.0,0.0,0.0,0.0,0.0,0.0,0.0,2.106328125
2022-04-22,0.362,0.0,0.0,0.0,0.0,0.0,0.0,0.0,0.0,-0.2125625,0.0,2.1075
2022-04-25,0.366125,0.0,0.0,0.0,0.0,0.0,0.0,0.0,0.0,-0.2147125,0.0,2.109296875
2022-04-26,0.37175,0.0,0.0,0.0,0.0,0.0,0.0,0.0,0.0,-0.2070375,0.0,2.114765625
2022-04-27,0.375625,0.0,0.0,0.0,0.0,0.0,0.0,0.0,0.0,-0.210575,0.0,2.111953125
2022-04-28,0.3755,0.0,-1.3149375,0.0,0.0,0.0,0.0,0.0,0.0,0.0,0.0,2.11109375
2022-04-29,0.375625,0.0,-1.3204375,0.0,0.0,0.0,0.0,0.0,0.0,-0.20685,0.0,2.107265625
2022-05-02,0.370875,0.0,-1.3158125,0.0,0.0,0.0,0.0,0.0,0.0,-0.2073125,0.0,2.106953125
2022-05-03,0.367375,0.0,-1.3175,0.0,0.0,0.0,0.0,0.0,0.0,-0.2087375,0.0,2.1053125
2022-05-04,0.3675,0.0,-1.329875,0.0,0.0,0.0,0.0,0.0,0.0,-0.2143125,0.0,2.110546875
2022-05-05,0.3685,0.0,-1.319375,0.0,0.0,0.0,0.0,0.0,0.0,-0.207525,0.0,2.107890625
2022-05-06,0.3615,0.0,-1.3200625,0.0,0.0,0.0,0.0,0.0,0.0,-0.2056,0.0,2.107421875
2022-05-09,0.355,0.0,-1.32175,0.0,0.0,0.0,0.0,0.0,0.0,-0.1994625,0.0,2.11296875
2022-05-10,0.3595,0.0,-1.318125,0.0,0.0,0.0,0.0,0.0,0.0,-0.3992,0.0,2.1125
2022-05-11,0.367625,0.0,-1.3159375,0.0,0.0,0.0,0.0,0.0,0.0,-0.3942,0.0,2.11140625
2022-05-12,0.375875,0.0,-1.2992500000000002,0.0,0.0,0.0,0.0,0.0,0.0,-0.391,0.0,2.1146875
2022-05-13,0.374125,0.0,-1.3035,0.0,0.0,0.0,0.0,0.0,0.0,-0.401425,0.0,2.1140625
2022-05-16,0.382625,0.0,-1.30575,0.0,0.0,0.0,0.0,0.0,0.0,-0.400025,0.0,2.1146875
2022-05-17,0.3805,0.0,0.0,0.0,0.0,0.0,0.0,0.0,0.0,-0.40905,0.0,2.11015625
2022-05-18,0.369875,0.0,0.0,0.0,0.0,0.0,0.0,0.0,0.0,-0.39135,0.0,2.111640625
2022-05-19,0.367625,0.0,0.0,0.0,0.0,0.0,0.0,0.0,0.0,-0.38985,0.0,4.2278125
2022-05-20,0.366125,0.0,0.0,0.0,0.0,0.0,0.0,0.0,0.0,-0.390325,0.0,4.230625
2022-05-23,0.369125,0.0,0.0,0.0,0.0,0.0,0.0,0.0,0.0,-0.397775,0.0,4.21203125
2022-05-24,0.362375,0.0,0.0,0.0,0.0,0.0,0.0,0.0,0.0,-0.39505,0.0,4.22453125
2022-05-25,0.361,0.0,0.0,0.0,0.0,0.0,0.0,0.0,0.0,-0.397025,0.0,4.225625
2022-05-26,0.358375,0.0,0.0,0.0,0.0,0.0,0.0,0.0,0.0,-0.405025,0.0,4.226875
2022-05-27,0.365,0.0,0.0,0.0,0.0,0.0,0.0,0.0,0.0,-0.2077875,0.0,4.2253125
2022-05-30,0.365,0.0,0.0,0.0,0.0,0.0,0.0,0.0,0.0,-0.2077875,0.0,4.2253125
2022-05-31,0.3555,0.0,0.0,0.0,0.0,0.0,0.0,0.0,0.0,-0.2066,0.0,4.22125
2022-06-01,0.34525,0.0,0.0,0.0,0.0,0.0,0.0,0.0,0.0,-0.204825,0.0,4.2140625
2022-06-02,0.346875,0.0,0.0,0.0,0.0,0.0,0.0,0.0,0.0,-0.2088875,0.0,4.21484375
2022-06-03,0.34475,0.0,0.0,0.0,0.0,0.0,0.0,0.0,0.0,-0.205375,0.0,4.21375
2022-06-06,0.3515,0.0,0.0,0.0,0.0,0.0,0.0,0.0,0.0,-0.2060375,0.0,4.2078125
2022-06-07,0.356875,0.0,0.0,0.0,0.0,0.0,0.0,0.0,0.0,-0.207525,0.0,2.10390625
2022-06-08,0.358,0.0,0.0,0.0,0.0,0.0,0.0,0.0,0.0,-0.205825,0.0,2.101875
2022-06-09,0.35775,0.0,0.0,0.0,0.0,0.0,0.0,0.0,0.0,-0.402325,0.0,2.1
2022-06-10,0.36025,0.0,0.0,0.0,0.0,0.0,0.0,0.0,0.0,-0.39065,0.0,2.089765625
2022-06-13,0.359375,0.0,0.0,0.0,0.0,0.0,0.0,0.0,0.0,-0.375725,0.0,2.078359375
2022-06-14,0.36,0.0,0.0,0.0,0.0,0.0,0.0,0.0,0.0,-0.37425,0.0,2.0765625
2022-06-15,0.36075,0.0,0.0,0.0,0.0,0.0,0.0,0.0,0.0,-0.379425,0.0,0.0
2022-06-16,0.36775,0.0,0.0,-0.356238755,0.0,0.0,0.0,0.0,0.0,-0.368,0.0,0.0
2022-06-17,0.3655,0.0,0.0,-0.3592695225,0.0,0.0,0.0,0.0,0.0,-0.367575,0.0,0.0
2022-06-20,0.3655,0.0,0.0,-0.360826875,0.0,0.0,0.0,0.0,0.0,-0.367575,0.0,0.0
2022-06-21,0.35075,0.0,0.0,-0.366363825,0.0,0.0,0.0,0.0,0.0,-0.376925,0.0,0.0
2022-06-22,0.3465,0.0,0.0,-0.364923735,0.0,0.0,0.0,0.0,-2.42175,-0.376025,0.0,0.0
2022-06-23,0.32775,0.0,0.0,-0.3632394500000001,0.0,0.0,0.0,0.0,-2.4245,-0.3784,0.0,0.0
2022-06-24,0.33675,0.0,0.0,-0.37138373999999996,0.0,0.0,0.0,0.0,-2.42275,-0.1958,0.0,0.0
2022-06-27,0.0,0.0,0.0,-0.3727745875,0.0,0.0,0.0,0.0,-2.4208749999999997,-0.1955125,0.0,0.0
2022-06-28,0.0,0.0,0.0,-0.3746658125,0.0,0.0,0.0,0.0,-2.4215,-0.1913875,0.0,0.0
2022-06-29,0.0,0.0,0.0,-0.36796358749999997,0.0,0.0,0.0,0.0,-2.4239999999999995,-0.19115,0.0,0.0
2022-06-30,0.0,0.0,0.0,-0.3605393775,0.0,0.0,0.0,0.0,-2.427375,-0.3781,0.0,0.0
2022-07-01,0.0,0.0,0.0,-0.358615075,0.0,0.0,0.0,0.0,-2.431,-0.382725,0.0,0.0
2022-07-04,0.0,0.0,0.0,-0.358151395,0.0,0.0,0.0,0.0,-2.431,-0.382725,0.0,0.0
2022-07-05,0.0,0.0,0.0,-0.3487078875,0.0,0.0,0.0,0.0,-2.4335,-0.383325,0.0,0.0
2022-07-06,0.0,0.0,0.0,-0.34911569000000003,-0.7461875,0.0,0.0,0.0,-2.4295000000000004,-0.1927,0.0,0.0
2022-07-07,0.0,0.0,0.0,-0.3547425,-0.7525625,0.0,0.0,0.0,-2.427375,-0.1949625,0.0,0.0
2022-07-08,0.0,0.0,0.0,-0.3556361575,-0.753375,0.0,0.0,0.0,-2.42575,-0.1952375,0.0,0.0
2022-07-11,0.0,0.0,0.0,-0.35207887749999994,-0.7441875,0.0,0.0,0.0,-2.428125,-0.1930875,0.0,0.0
2022-07-12,0.0,0.0,0.0,-0.350712825,-0.7441875,0.0,0.0,0.0,-2.429375,-0.191175,0.0,0.0
2022-07-13,0.0,0.0,0.0,-0.3462971550000001,-0.74425,0.0,0.0,0.0,-2.43075,-0.189825,0.0,0.0
2022-07-14,0.0,0.0,0.0,-0.342669675,-0.7400625,0.0,0.0,0.0,-2.4295000000000004,-0.3796,0.0,0.0
2022-07-15,0.0,0.0,0.0,-0.34708716,-0.742625,0.0,0.0,0.0,-2.4305,-0.193325,0.0,-2.094765625
2022-07-18,0.0,0.0,0.0,0.0,-0.7478125,0.0,0.0,0.0,-2.4285,-0.38385,0.0,-2.092890625
2022-07-19,0.0,0.0,0.0,0.0,-0.7508125,0.0,0.0,0.0,-2.42775,-0.1972625,0.0,-2.0903125
2022-07-20,0.0,0.0,0.0,0.0,-0.749625,0.0,0.0,0.0,-2.427,-0.1977,0.0,-2.09109375
2022-07-21,0.0,0.0,0.0,0.0,-0.751125,0.0,0.0,0.0,-2.432,-0.199575,0.0,-2.096875
2022-07-22,0.0,0.0,0.0,0.0,-0.7515,0.0,0.0,0.0,-2.435625,-0.198125,0.0,-2.10171875
2022-07-25,0.0,0.0,0.0,0.0,-0.75375,0.0,0.0,0.0,-2.43475,-0.1981125,0.0,-2.100078125
2022-07-26,0.0,0.0,0.0,0.0,-0.753,0.0,0.0,0.0,-2.43425,-0.1969875,0.0,-2.09890625
2022-07-27,0.0,0.0,0.0,0.0,-0.7608125,0.0,0.0,0.0,-2.435625,-0.2010375,0.0,-2.10078125
2022-07-28,0.0,0.0,0.0,0.0,-0.761875,0.0,0.0,0.0,-2.439125,0.0,0.0,-2.106015625
2022-07-29,0.0,0.0,0.0,0.0,-0.76175,0.0,0.0,0.0,-2.440375,0.0,0.0,-2.105078125
2022-08-01,0.0,0.0,0.0,0.0,-0.7668125,0.0,0.0,0.0,0.0,0.0,0.0,-2.105390625
2022-08-02,0.0,0.0,0.0,0.0,-0.760875,0.0,0.0,0.0,0.0,0.0,0.0,-2.09890625
2022-08-03,0.0,0.0,0.0,0.0,-0.75975,0.0,0.0,0.0,0.0,0.0,0.0,-2.098203125
2022-08-04,0.0,0.0,0.0,0.0,-0.7606875,0.0,0.0,0.0,0.0,0.0,0.0,-2.09921875
2022-08-05,0.0,0.0,0.0,0.0,-0.754875,0.0,0.0,0.0,0.0,0.0,0.0,-2.092265625
2022-08-08,0.0,0.0,0.0,0.0,-0.7554375,0.0,0.0,0.0,0.0,0.207525,0.0,-2.0934375
2022-08-09,0.0,0.0,0.0,0.0,-0.755125,0.0,0.0,0.0,0.0,0.2064625,0.0,-2.09140625
2022-08-10,0.0,0.0,0.0,0.0,0.0,0.0,0.0,0.0,0.0,0.0,0.0,-2.093828125
2022-08-11,0.0,0.0,0.0,0.0,0.0,0.0,0.0,0.0,0.0,0.0,0.0,-2.0934375
2022-08-12,0.0,0.0,0.0,0.0,0.0,0.0,0.0,0.0,0.0,0.0,0.0,-2.092734375
2022-08-15,0.0,0.0,0.0,0.0,0.0,0.0,0.0,0.0,0.0,0.2147375,0.0,-2.09515625
2022-08-16,0.0,0.0,0.0,0.0,0.0,0.0,0.0,0.0,0.0,0.2155,0.0,-2.092109375
2022-08-17,0.0,0.0,0.0,0.0,0.0,0.0,0.0,0.0,0.0,0.2140375,0.0,-2.090703125
2022-08-18,0.0,0.0,0.0,0.0,0.0,0.0,0.0,0.0,0.0,0.214425,0.0,-2.093671875
2022-08-19,0.0,0.0,0.0,0.0,0.0,0.0,0.0,0.0,0.0,0.0,0.0,-2.09296875
2022-08-22,0.0,0.0,0.0,0.0,-0.7348125,0.0,0.0,0.0,0.0,0.0,0.0,-2.09046875
2022-08-23,0.0,0.0,0.0,0.0,-0.738875,0.0,0.0,0.0,0.0,0.0,0.0,-2.09125
2022-08-24,0.0,0.0,0.0,0.0,-0.737,0.0,0.0,0.0,0.0,0.0,0.0,-2.08921875
2022-08-25,0.0,0.0,0.0,0.0,-0.7394375,0.0,0.0,0.0,0.0,0.0,0.0,-2.08890625
2022-08-26,0.0,0.0,0.0,0.0,-0.7341875,0.0,0.0,0.0,-2.4245,0.0,0.0,-2.087578125
2022-08-29,0.0,0.0,0.0,0.0,-0.7315625,0.0,0.0,0.0,-2.4228750000000003,-0.2017875,0.0,-2.08453125
2022-08-30,0.0,0.0,0.0,0.0,-0.7288125,0.0,0.0,0.0,-2.4235,-0.1993375,0.0,-2.082890625
2022-08-31,0.0,0.0,0.0,0.0,-0.726125,0.0,-0.90225,0.0,-2.421125,-0.1980125,0.0,-2.08328125
2022-09-01,0.0,0.0,0.0,0.0,-0.72125,0.0,-0.892375,0.0,-2.4197500000000005,-0.1984,0.0,-2.080390625
2022-09-02,0.0,0.0,0.0,0.0,-0.7196875,0.0,-0.892875,0.0,-2.422125,-0.1974625,0.0,-2.085546875
2022-09-05,0.0,0.0,0.0,0.0,-0.7206875,0.0,-0.900875,0.0,-2.422125,-0.1974625,0.0,-2.085546875
2022-09-06,0.0,0.0,0.0,0.0,-0.7214375,0.0,-0.883625,0.0,-2.418125,-0.3925,0.0,-2.08046875
2022-09-07,0.0,0.0,0.0,0.0,-0.7201875,0.0,-0.876,0.0,-2.4208749999999997,-0.399575,0.0,-2.0834375
2022-09-08,0.0,0.0,0.0,0.0,-0.719875,0.0,-0.8765,0.0,-2.419625,-0.2013375,0.0,-2.080546875
2022-09-09,0.0,0.0,0.0,0.0,-0.725625,0.0,-0.8845,0.0,-2.419625,-0.2042125,0.0,-2.078515625
2022-09-12,0.0,0.0,0.0,0.0,-0.7313125,0.0,-0.8845,0.0,-2.419125,0.0,0.0,-2.078515625
2022-09-13,0.0,0.0,0.0,0.0,-0.7205,0.0,-0.8745,0.0,-2.4175,-0.1977875,0.0,-2.071640625
2022-09-14,0.0,0.0,0.0,0.0,-0.7228125,0.0,-0.88225,0.0,-2.417625,-0.1986875,0.0,-2.06984375
2022-09-15,0.0,0.0,0.0,0.0,-0.718125,0.0,-0.879625,0.0,-2.415875,-0.1955,0.0,-2.0665625
2022-09-16,0.0,0.0,0.0,0.0,-0.71475,0.0,-0.88275,0.0,-2.4165,-0.39035,0.0,-2.067265625
2022-09-19,0.0,0.0,0.0,0.0,-0.7151875,0.0,-0.880875,0.0,-2.415125,-0.392275,0.0,-2.06484375
2022-09-20,0.0,0.0,0.0,-0.3463929075,-0.712,0.0,-0.878375,0.0,-2.413,-0.387975,0.0,-2.063203125
2022-09-21,0.0,0.0,0.0,-0.3485645600000001,-0.710625,0.0,-0.87925,0.0,-2.4138750000000004,-0.379625,0.0,-2.05953125
2022-09-22,0.0,0.0,0.0,-0.3382615625,-0.704625,0.0,-0.88525,0.0,-2.409125,-0.377375,0.0,-2.055625
2022-09-23,0.0,0.0,0.0,-0.3281238075,-0.6788125,0.0,-0.87975,0.0,-2.4085,-0.371125,0.0,-2.052578125
2022-09-26,0.0,0.0,0.0,-0.323927865,-0.6683125,0.0,-0.872125,0.0,-2.402,-0.366725,0.0,-2.047734375
2022-09-27,0.0,0.0,0.0,-0.3210139125,-0.671125,0.0,-0.871125,0.0,-2.401875,-0.366525,0.0,-2.0503125
2022-09-28,0.0,0.0,0.0,-0.32058004999999995,-0.681625,0.0,-0.87575,0.0,-2.4076250000000003,-0.372975,0.0,-2.056328125
2022-09-29,0.0,0.0,0.0,-0.31465121,-0.6915,0.0,-0.87275,0.0,-2.405625,-0.3659,0.0,-2.05421875
2022-09-30,0.0,0.0,0.0,-0.3237843375,-0.6988125,0.0,-0.8705,0.0,-2.40375,-0.36045,0.0,-2.051171875
2022-10-03,0.0,0.0,0.0,-0.32701551500000003,-0.7076875,0.0,-0.870625,0.0,-2.40975,-0.36945,0.0,-2.057734375
2022-10-04,0.0,0.0,0.0,-0.341374395,-0.718375,0.0,-0.8755,0.0,-2.411625,-0.190175,0.0,-2.058515625
2022-10-05,0.0,0.0,0.0,-0.34363546500000003,-0.7099375,0.0,-0.872125,0.0,-2.407375,-0.189775,0.0,-2.056328125
2022-10-06,0.0,0.0,0.0,-0.34065174,-0.697625,0.0,-0.86825,0.0,-2.406,-0.18755,0.0,-2.052109375
2022-10-07,0.0,0.0,0.0,-0.332128125,-0.693125,0.0,-0.8665,0.0,-2.40425,-0.182575,0.0,-2.050078125
2022-10-10,0.0,0.0,0.0,-0.32852723,-0.6919375,0.0,-0.864375,0.0,-2.4035,-0.362725,0.0,-2.04984375
2022-10-11,0.0,0.0,0.0,-0.3233259975,-0.68975,0.0,-0.8635,0.0,-2.403125,-0.36085,0.0,-2.050546875
2022-10-12,0.0,0.0,0.0,-0.32360930250000003,-0.6941875,0.0,-0.8575,0.0,-2.404375,-0.359325,0.0,-2.051015625
2022-10-13,0.0,0.0,0.0,-0.326206455,-0.708375,0.0,-0.8555,0.0,-2.4055,-0.368025,0.0,-2.044140625
2022-10-14,0.0,0.0,0.0,-0.32920348999999993,-0.6991875,0.0,-0.8465,0.0,-2.4035,-0.359675,0.0,-2.0434375
2022-10-17,0.0,0.0,0.0,-0.33447380250000003,-0.7111875,0.0,-0.845375,0.0,-2.4045,-0.369925,0.0,-2.045703125
2022-10-18,0.0,0.0,0.0,-0.34041021,-0.70825,0.0,-0.843625,0.0,-2.404375,-0.37585,0.0,-2.04609375
2022-10-19,0.0,0.0,0.0,-0.34174598249999993,-0.7011875,0.0,-0.839625,0.0,-2.400625,-0.37105,0.0,-2.040859375
2022-10-20,0.0,0.0,0.0,-0.3411379375,-0.7020625,0.0,-0.838,0.0,-2.39725,-0.3677,0.0,-2.038359375
2022-10-21,0.0,0.0,0.0,-0.33954817499999995,-0.7054375,0.0,-0.853625,0.0,-2.399625,-0.1885875,0.0,-2.044453125
2022-10-24,0.0,0.0,0.0,-0.34573518000000003,-0.706,0.0,-0.84525,0.0,-2.39925,-0.190275,0.0,-2.04375
2022-10-25,0.0,0.0,0.0,0.0,-0.7180625,0.0,-0.849875,0.0,-2.402,-0.1926875,0.0,-2.045703125
2022-10-26,0.0,0.0,0.0,0.0,-0.7275625,0.0,-0.859875,0.0,-2.404375,-0.192675,0.0,-2.048046875
2022-10-27,0.0,0.0,0.0,0.0,-0.7235,0.0,-0.8595,0.0,-2.406875,-0.18955,0.0,-2.052421875
2022-10-28,0.0,0.0,0.0,0.0,-0.7266875,0.0,-0.852125,0.0,-2.40375,-0.196175,0.0,-2.046875
2022-10-31,0.0,0.0,0.0,0.0,-0.717875,0.0,-0.84575,0.0,-2.403,-0.1941375,0.0,-2.044375
2022-11-01,0.0,0.0,0.0,0.0,-0.7186875,0.0,-0.848125,0.0,-2.401875,-0.1931,0.0,-2.041484375
2022-11-02,0.0,0.0,0.0,0.0,-0.7180625,0.0,-0.855,0.0,-2.400875,-0.1884,0.0,-2.038515625
2022-11-03,0.0,0.0,0.0,0.0,-0.698625,0.0,-0.847375,0.0,-2.4005,-0.37255,0.0,-2.034921875
2022-11-04,0.0,0.0,0.0,0.0,-0.7113125,0.0,-0.855875,0.0,-2.401125,-0.1886375,0.0,-2.03671875
2022-11-07,0.0,0.0,0.0,0.0,-0.721625,0.0,-0.856875,0.0,-2.400625,-0.1906,0.0,-2.034296875
2022-11-08,0.0,0.0,0.0,0.0,-0.7218125,0.0,-0.86275,0.0,-2.40325,-0.191625,0.0,-2.037265625
2022-11-09,0.0,0.0,0.0,0.0,-0.7096875,0.0,-0.856,0.0,-2.405125,-0.1878125,0.0,-2.039609375
2022-11-10,0.0,0.0,0.0,0.0,0.0,0.0,0.0,0.0,-2.413,-0.19865,0.0,-2.04921875
2022-11-11,0.0,0.0,0.0,0.0,0.0,0.0,0.0,0.0,-2.413375,-0.1999375,0.0,-2.048984375
2022-11-14,0.0,0.0,0.0,0.0,0.0,0.0,0.0,0.0,-2.4125,-0.19875,0.0,-2.053125
2022-11-15,0.0,0.0,0.0,0.0,0.0,0.0,0.0,0.0,-2.41475,0.0,0.0,-2.0559375
2022-11-16,0.0,0.0,0.0,0.0,0.0,0.0,0.0,0.0,-2.4175,0.0,0.0,-2.05515625
2022-11-17,0.0,0.0,0.0,0.0,0.0,0.0,0.0,0.0,-2.415625,0.0,0.0,-2.0509375
2022-11-18,0.0,0.0,0.0,0.0,0.0,0.0,0.0,0.0,-2.413375,0.0,0.0,-2.047734375
2022-11-21,0.0,0.0,0.0,0.0,0.0,0.0,0.0,0.0,-2.41275,0.0,0.0,-2.0471875
2022-11-22,0.0,0.0,0.0,0.0,0.0,0.0,0.0,0.0,-2.41475,0.0,0.0,-2.048046875
2022-11-23,0.0,0.0,0.0,0.0,0.0,0.0,0.0,0.0,-2.41625,0.0,0.0,-2.049453125
2022-11-24,0.0,0.0,0.0,0.0,0.0,0.0,0.0,0.0,-2.41625,0.0,0.0,-2.049453125
2022-11-25,0.0,0.0,0.0,0.0,0.0,0.0,0.0,0.0,-2.416875,0.0,0.0,-2.04984375
2022-11-28,0.0,0.0,0.0,0.0,0.0,0.0,0.0,0.0,-2.41675,0.0,0.0,-4.10234375
2022-11-29,0.0,0.0,0.0,0.0,0.0,0.0,0.0,0.0,-2.415625,0.0,0.0,-4.09875
2022-11-30,0.0,0.0,0.0,0.4105658375,0.0,0.0,0.0,0.0,-2.420625,0.0,0.0,-2.056171875
2022-12-01,0.0,0.0,0.0,0.4096479975000001,0.0,0.0,0.0,0.0,-2.422625,0.0,0.0,-2.059765625
2022-12-02,0.0,0.0,0.0,0.41714841249999995,0.0,0.0,0.0,0.0,-2.424125,0.0,0.0,-2.05796875
2022-12-05,0.0,0.0,0.0,0.41508035000000004,0.0,0.0,0.0,0.0,-2.420625,0.0,0.0,-2.05328125
2022-12-06,0.0,0.0,0.0,0.0,0.0,0.0,0.0,0.0,-2.42175,0.0,0.0,-2.053828125
2022-12-07,0.0,0.0,0.0,0.0,0.0,0.0,0.0,0.0,-2.424625,0.0,0.0,-2.0584375
2022-12-08,0.0,0.0,0.0,0.0,0.0,0.0,0.0,0.0,-2.422,0.0,0.0,-2.056328125
2022-12-09,0.0,0.0,0.0,0.0,0.0,0.0,0.0,0.0,-2.4195,0.0,0.0,-2.05484375
2022-12-12,0.0,0.0,0.0,0.0,0.0,0.0,0.0,0.0,-2.419125,0.0,0.0,-2.05390625
2022-12-13,0.0,0.0,0.0,0.4215355425,0.0,0.0,0.0,0.0,-2.4215,0.0,0.0,-2.06046875
2022-12-14,0.0,0.0,0.0,0.42419945750000004,0.0,0.0,0.0,0.0,-2.42275,0.0,0.0,-2.0609375
2022-12-15,0.0,0.0,0.0,0.0,0.0,0.0,0.0,0.0,-2.4228750000000003,0.0,0.0,-2.05953125
2022-12-16,0.0,0.0,0.0,0.0,0.0,0.0,0.0,0.0,-2.421625,-0.193575,0.0,-2.0615625
2022-12-19,0.0,0.0,0.0,0.0,0.0,0.0,0.0,0.0,-2.419625,-0.1920875,0.0,-2.058671875
2022-12-20,0.0,0.0,0.0,0.0,0.0,0.0,0.0,0.0,-2.41625,-0.1926875,0.0,-2.05859375
2022-12-21,0.0,0.0,0.0,0.0,0.0,0.0,0.0,0.0,-2.41575,-0.1956875,0.0,-2.06
2022-12-22,0.0,0.0,0.0,0.0,0.0,0.0,0.0,0.0,-2.415375,-0.192375,0.0,-2.058046875
2022-12-23,0.0,0.0,0.0,0.0,0.0,0.0,0.0,0.0,-2.415,-0.193425,0.0,-2.05640625
2022-12-26,0.0,0.0,0.0,0.0,0.0,0.0,0.0,0.0,-2.415,-0.193425,0.0,-2.05640625
2022-12-27,0.0,0.0,0.0,0.0,0.0,0.0,0.0,0.0,-2.412875,-0.1928125,0.0,-2.0534375
2022-12-28,0.0,0.0,0.0,0.0,0.0,0.0,0.0,0.0,-2.411,-0.38105,0.0,-2.052890625
2022-12-29,0.0,0.0,0.0,0.0,0.0,0.0,0.0,0.0,-2.412125,-0.1934625,0.0,-2.052421875
2022-12-30,0.0,0.0,0.0,0.0,0.0,0.0,0.0,0.0,-2.4114999999999998,-0.1934125,0.0,-4.10125
2023-01-02,0.0,0.0,0.0,0.0,0.0,0.0,0.0,0.0,-2.4114999999999998,-0.1934125,0.0,-4.10125
2023-01-03,0.0,0.0,0.0,0.0,0.0,0.0,0.0,0.0,-2.415,-0.1921625,0.0,-4.104375
2023-01-04,0.0,0.0,0.0,0.0,0.0,0.0,0.0,0.0,-2.417125,-0.19355,0.0,-4.1065625
2023-01-05,0.0,0.0,0.0,0.0,0.0,0.0,0.0,0.0,-2.41625,-0.1916375,0.0,-4.0984375
2023-01-06,0.0,0.0,0.0,0.0,0.0,0.0,0.0,0.0,-2.421375,-0.1957,0.0,-2.056953125
2023-01-09,0.0,0.0,0.0,0.0,0.0,0.0,0.0,0.0,-2.421625,-0.1956625,0.0,-2.05875
2023-01-10,0.0,0.0,0.0,0.0,0.0,0.0,0.0,0.0,-2.4195,-0.197075,0.0,-2.057109375
2023-01-11,0.0,0.0,0.0,0.0,0.0,0.0,0.0,0.0,-2.421375,0.0,0.0,-2.05828125
2023-01-12,0.0,0.0,0.0,0.0,0.0,0.0,0.0,0.0,-2.42475,0.0,0.0,-2.061015625
2023-01-13,0.0,0.0,0.0,0.44741791000000003,0.0,0.0,0.0,0.0,-2.4228750000000003,-0.200975,0.0,-2.057734375
2023-01-16,0.0,0.0,0.0,0.45053207,0.0,0.0,0.0,0.0,-2.4228750000000003,-0.200975,0.0,-2.057734375
2023-01-17,0.0,0.0,0.0,0.45188874500000004,0.0,0.0,0.0,0.0,0.0,-0.20045,0.0,-4.11765625
2023-01-18,0.0,0.0,0.0,0.45371810000000007,0.0,0.0,0.0,0.0,0.0,-0.1973,0.0,-4.12671875
2023-01-19,0.0,0.0,0.0,0.44414975000000007,0.0,0.0,0.0,0.0,0.0,-0.1960125,0.0,-4.12390625
2023-01-20,0.0,0.0,0.0,0.44588688000000004,0.0,0.0,0.0,0.0,0.0,-0.1994,0.0,-4.120625
2023-01-23,0.0,0.0,0.0,0.45002880000000006,0.0,0.0,0.0,0.0,0.0,0.0,0.0,-4.1159375
2023-01-24,0.0,0.0,0.0,0.45262217500000007,0.0,0.0,0.0,0.0,0.0,0.0,0.0,-4.1178125
2023-01-25,0.0,0.0,0.0,0.451170675,0.0,0.0,0.0,0.0,0.0,0.0,0.0,-4.11953125
2023-01-26,0.0,0.0,0.0,0.456158745,0.0,0.0,0.0,0.0,0.0,0.0,0.0,-4.11546875
2023-01-27,0.0,0.0,0.0,0.45558708,0.0,0.0,0.0,0.0,0.0,0.0,0.0,-4.11375
2023-01-30,0.0,0.0,0.0,0.45346909999999996,0.0,0.0,0.0,0.0,0.0,0.0,0.0,-4.1109375
2023-01-31,0.0,0.0,0.0,0.453033165,0.0,0.0,0.0,0.0,0.0,0.0,0.0,-4.11390625
2023-02-01,0.0,0.0,0.0,0.452382125,0.0,0.0,0.0,0.0,0.0,0.207125,0.0,-4.12078125
2023-02-02,0.0,0.0,0.0,0.46186629999999995,0.0,0.0,0.0,0.0,0.0,0.20825,0.0,-4.12125
2023-02-03,0.0,0.0,0.0,0.46845792,0.0,0.0,0.0,0.0,0.0,0.2073,0.0,-4.106875
2023-02-06,0.0,0.0,0.0,0.45870423000000005,0.0,0.0,0.0,0.0,0.0,0.20615,0.0,-4.093125
2023-02-07,0.0,0.0,0.0,0.45413270000000006,0.0,0.0,0.0,0.0,0.0,0.2083125,0.0,-4.09359375
2023-02-08,0.0,0.0,0.0,0.45273516,0.0,0.0,0.0,0.0,0.0,0.206625,0.0,-4.09640625
2023-02-09,0.0,0.0,0.0,0.45630531,0.0,0.0,0.0,0.0,0.0,0.2048625,0.0,-4.09125
2023-02-10,0.0,0.0,0.0,0.451129005,0.0,0.0,0.0,0.0,0.0,0.205,0.0,-4.088125
2023-02-13,0.0,0.0,0.0,0.45579222,0.0,0.0,0.0,0.0,0.0,0.207475,0.0,-4.08828125
2023-02-14,0.0,0.0,0.0,0.45649939500000003,0.0,0.0,0.0,0.0,0.0,0.2070375,0.0,-4.0796875
2023-02-15,0.0,0.0,0.0,0.46085325,0.0,0.0,0.0,0.0,0.0,0.207975,0.0,-4.07859375
2023-02-16,0.0,0.0,0.0,0.46110742,0.0,0.0,0.0,0.0,0.0,0.2047875,-1.1221875,-4.07796875
2023-02-17,0.0,0.0,0.0,0.45796,0.0,0.0,0.0,0.0,0.0,0.206075,-1.125,-4.08
2023-02-20,0.0,0.0,0.0,0.45763905,0.0,0.0,0.0,0.0,0.0,0.206075,-1.125,-4.08
2023-02-21,0.0,0.0,0.0,0.45479513999999993,0.0,0.0,0.0,0.0,0.0,0.0,-1.11546875,-4.07203125
2023-02-22,0.0,0.0,0.0,0.4531118900000001,0.0,0.0,0.0,0.0,0.0,0.0,-1.116875,-4.08390625
2023-02-23,0.0,0.0,0.0,0.454585025,0.0,0.0,0.0,0.0,0.0,0.0,-1.11921875,-4.08328125
2023-02-24,0.0,0.0,0.0,0.446293235,0.0,0.0,0.0,0.0,0.0,0.0,-1.11375,-4.0725
2023-02-27,0.0,0.0,0.0,0.45090235,0.0,0.0,0.0,0.0,0.0,-0.2012125,-1.11625,-4.0753125
2023-02-28,0.0,0.0,0.0,0.44757009499999995,0.0,0.0,0.0,0.0,0.0,-0.2003125,-1.11546875,-4.073125
2023-03-01,0.0,0.0,0.0,0.44647439999999994,0.0,0.0,0.0,0.0,0.0,-0.199875,-1.11015625,-4.066875
2023-03-02,0.0,0.0,0.0,0.44973679999999994,0.0,0.0,0.0,0.0,0.0,-0.201025,-1.105625,-4.06609375
2023-03-03,0.0,0.0,0.0,0.45760489499999996,0.0,0.0,0.0,0.0,0.0,0.0,-1.11140625,-4.06859375
2023-03-06,0.0,0.0,0.0,0.45823142499999997,0.0,0.0,0.0,0.0,0.0,0.0,-1.11125,-4.06625
2023-03-07,0.0,0.0,0.0,0.45560600000000007,0.0,0.0,0.0,0.0,0.0,0.0,-1.10984375,-4.0571875
2023-03-08,0.0,0.0,0.0,0.45853478999999997,0.0,0.0,0.0,0.0,0.0,0.0,-1.10796875,-6.0785156250000005
2023-03-09,0.0,0.0,0.0,0.45197295000000004,0.0,0.0,0.0,0.0,0.0,-0.197775,-1.11671875,-4.0690625
2023-03-10,0.0,0.0,0.0,0.4452311000000001,0.0,0.0,0.0,0.0,0.0,-0.19575,-1.1303125,-4.091875
2023-03-13,0.0,0.0,0.0,0.43454873,0.0,0.0,0.0,0.0,0.0,-0.38955,-1.143125,-2.07015625
2023-03-14,0.0,0.0,0.0,0.0,0.0,0.0,0.0,0.0,0.0,0.0,-1.1346875,-2.058828125
2023-03-15,0.0,0.0,0.0,0.0,0.0,0.0,0.0,0.0,0.0,-0.1963,0.0,-2.07390625
2023-03-16,0.0,0.0,0.0,0.0,0.0,0.0,0.0,0.0,0.0,-0.199825,0.0,-2.0628125
2023-03-17,0.0,0.0,0.0,0.0,0.0,0.0,0.0,0.0,0.0,-0.1974625,0.0,-2.0759375
2023-03-20,0.0,0.0,0.0,0.0,0.0,0.0,0.0,0.0,0.0,-0.19935,0.0,-2.069921875
2023-03-21,0.0,0.0,0.0,0.0,0.0,0.0,0.0,0.0,0.0,0.0,0.0,-2.062109375
2023-03-22,0.0,0.0,0.0,0.0,0.0,0.0,0.0,0.0,0.0,0.0,0.0,-2.071171875
2023-03-23,0.0,0.0,0.0,0.0,0.0,0.0,0.0,0.0,0.0,0.0,0.0,-2.07578125
2023-03-24,0.0,0.0,0.0,0.0,0.0,0.0,0.0,0.0,0.0,0.0,0.0,-2.078359375
2023-03-27,0.0,0.0,0.0,0.0,0.0,0.0,0.0,0.0,0.0,0.0,0.0,-2.06921875
2023-03-28,0.0,0.0,0.0,0.0,0.0,0.0,0.0,0.0,0.0,0.0,0.0,-2.064140625
2023-03-29,0.0,0.0,0.0,0.0,0.0,0.0,0.0,0.0,0.0,0.0,0.0,-2.063515625
2023-03-30,0.0,0.0,0.0,0.4584948799999999,0.0,0.0,0.0,0.0,0.0,0.0,0.0,-2.062109375
2023-03-31,0.0,0.0,0.0,0.462851125,0.0,0.0,0.0,0.0,0.0,0.0,0.0,-2.066015625
2023-04-03,0.0,0.0,0.0,0.46334043999999996,0.0,0.0,0.0,0.0,0.0,0.0,0.0,-2.068203125
2023-04-04,0.0,0.0,0.0,0.46460305499999993,0.0,0.0,0.0,0.0,0.0,0.2066375,0.0,-2.073828125
2023-04-05,0.0,0.0,0.0,0.4611068,0.0,0.0,0.0,0.0,0.0,0.205725,0.0,-2.075546875
2023-04-06,0.0,0.0,0.0,0.46635119999999997,0.0,0.0,0.0,0.0,0.0,0.2065375,0.0,-2.073203125
2023-04-07,0.0,0.0,0.0,0.46635119999999997,0.0,0.0,0.0,0.0,0.0,0.2065375,0.0,-2.073203125
2023-04-10,0.0,0.0,0.0,0.46635119999999997,0.0,0.0,0.0,0.0,0.0,0.2069625,0.0,-2.06625
2023-04-11,0.0,0.0,0.0,0.46671659,0.0,0.0,0.0,0.0,0.0,0.2069125,0.0,-2.0659375
2023-04-12,0.0,0.0,0.0,0.4665239,0.0,0.0,0.0,0.0,0.0,0.20585,0.0,-2.06828125
2023-04-13,0.0,0.0,0.0,0.47118914999999995,0.0,0.0,0.0,0.0,0.0,0.4169,0.0,-2.067890625
2023-04-14,0.0,0.0,0.0,0.47576035000000005,0.0,0.0,0.0,0.0,0.0,0.417175,0.0,-2.06265625
2023-04-17,0.0,0.0,0.0,0.4778862499999999,0.0,0.0,0.0,0.0,0.0,0.417725,0.0,-2.0590625
2023-04-18,0.0,0.0,0.0,0.476357115,0.0,0.0,0.0,0.0,0.0,0.417875,0.0,-2.058828125
2023-04-19,0.0,0.0,0.0,0.4748394,0.0,0.0,0.0,0.0,0.0,0.417325,0.0,-2.056796875
2023-04-20,0.0,0.0,0.0,0.47454209,0.0,0.0,0.0,0.0,0.0,0.41535,0.0,-2.060703125
2023-04-21,0.0,0.0,0.0,0.47667124000000005,0.0,0.0,0.0,0.0,0.0,0.4153,0.0,-2.059453125
2023-04-24,0.0,0.0,0.0,0.476673,0.0,0.0,0.0,0.0,0.0,0.415725,0.0,-2.063046875
2023-04-25,0.0,0.0,0.0,0.47897623999999994,0.0,0.0,0.0,0.0,0.0,0.4109,0.0,-2.068359375
2023-04-26,0.0,0.0,0.0,0.47548149999999995,0.0,0.0,0.0,0.0,0.0,0.40855,0.0,-2.06609375
2023-04-27,0.0,0.0,0.0,0.47450693499999996,0.0,0.0,0.0,0.0,0.0,0.4158,0.0,-2.061640625
2023-04-28,0.0,0.0,0.0,0.477684,0.0,0.0,0.0,0.0,0.0,0.419075,0.0,-2.063828125
2023-05-01,0.0,0.0,0.0,0.477684,0.0,0.0,0.0,0.0,0.0,0.418,0.0,-2.058671875
2023-05-02,-0.259875,0.0,0.0,0.46861418999999993,0.0,0.0,0.0,0.0,0.0,0.413325,0.0,-2.065234375
2023-05-03,-0.26525,0.0,0.0,0.46982845,0.0,0.0,0.0,0.0,0.0,0.4097,0.0,-2.071640625
2023-05-04,-0.26425,0.0,0.0,0.4693418000000001,0.0,0.0,0.0,0.0,0.0,0.203725,0.0,-2.072265625
2023-05-05,-0.267375,0.0,0.0,0.47869636499999996,0.0,0.0,0.0,0.0,0.0,0.414875,0.0,-2.06703125
2023-05-08,-0.264875,0.0,0.0,0.47816615999999995,0.0,0.0,0.0,0.0,0.0,0.41515,0.0,-2.06375
2023-05-09,-0.259125,0.0,0.0,0.47396381499999996,0.0,0.0,0.0,0.0,0.0,0.41355,0.0,-2.0628125
2023-05-10,-0.260375,0.0,0.0,0.470824975,0.0,0.0,0.0,0.0,0.0,0.41525,0.0,-2.066953125
2023-05-11,-0.256875,0.0,0.0,0.47114232000000006,0.0,0.0,0.0,0.0,0.0,0.414525,0.0,-2.0671875
2023-05-12,-0.254375,0.0,0.0,0.47310665499999993,0.0,0.0,0.0,0.0,0.0,0.4132,0.0,-2.06359375
2023-05-15,-0.2575,0.0,0.0,0.470693615,0.0,0.0,0.0,0.0,0.0,0.41485,0.0,-2.062890625
2023-05-16,-0.252625,0.0,0.0,0.4686721449999999,0.0,0.0,0.0,0.0,0.0,0.41275,0.0,-2.06
2023-05-17,-0.2495,0.0,0.0,0.46923551999999996,0.0,0.0,0.0,0.0,0.0,0.62565,0.0,-4.11421875
2023-05-18,-0.250375,0.0,0.0,0.473755275,0.0,0.0,0.0,0.0,0.0,0.63225,0.0,-4.10671875
2023-05-19,-0.249875,0.0,0.0,0.47617471999999994,0.0,0.0,0.0,0.0,0.0,0.6297375000000001,0.0,-4.10546875
2023-05-22,-0.2545,0.0,0.0,0.4727591,0.0,0.0,0.0,0.0,0.0,0.6312,0.0,-4.10140625
2023-05-23,-0.258375,0.0,0.0,0.4701275000000001,0.0,0.0,0.0,0.0,0.0,0.62385,0.0,-4.1259375
2023-05-24,-0.26,0.0,0.0,0.45955485,0.0,0.0,0.0,0.0,0.0,0.415075,-1.13984375,-4.11796875
2023-05-25,-0.258,0.0,0.0,0.46114425000000003,0.0,0.0,0.0,0.0,0.0,0.415875,-1.133125,-4.10578125
2023-05-26,-0.26725,0.0,0.0,0.466201695,0.0,0.0,0.0,0.0,0.0,0.42605,-1.13328125,-4.10234375
2023-05-29,-0.26725,0.0,0.0,0.46377422000000007,0.0,0.0,0.0,0.0,0.0,0.42605,-1.13328125,-4.10234375
2023-05-30,-0.262625,0.0,0.0,0.4599086,0.0,0.0,0.0,0.0,0.0,0.426,-1.1409375,-4.11171875
2023-05-31,-0.260875,0.0,0.0,0.45269494999999993,0.0,0.0,0.0,0.0,0.0,0.423,-1.14375,-4.11578125
2023-06-01,-0.265,0.0,0.0,0.45577896,0.0,0.0,0.0,0.0,0.0,0.427325,-1.1475,-4.1209375
2023-06-02,-0.270625,0.0,0.0,0.466295795,0.0,0.0,0.0,0.0,0.0,0.6496875,-1.138125,-4.1071875
2023-06-05,-0.2685,0.0,0.0,0.46012275999999996,0.0,0.0,0.0,0.0,0.0,0.64845,-1.139375,-4.10953125
2023-06-06,-0.2705,0.0,0.0,0.46003549999999993,0.0,0.0,0.0,0.0,0.0,0.6504375,-1.14046875,-4.1075
2023-06-07,-0.265375,0.0,0.0,0.46081027999999996,0.0,0.0,0.0,0.0,0.0,0.6473625,-1.1309375,-4.1009375
2023-06-08,-0.2665,0.0,0.0,0.459797065,0.0,0.0,0.0,0.0,0.0,0.6512249999999999,-1.136875,-4.1034375
2023-06-09,-0.26525,0.0,0.0,0.46239386999999993,0.0,0.0,0.0,0.0,0.0,0.6521250000000001,-1.1340625,-4.096875
2023-06-12,-0.274625,0.0,0.0,0.46821804000000006,0.0,0.0,0.0,0.0,0.0,0.6586125,-1.13484375,-4.0984375
2023-06-13,-0.275625,0.0,0.0,0.47229370499999995,0.0,0.0,0.0,0.0,0.0,0.6627000000000001,-1.1284375,-4.09015625
2023-06-14,-0.274625,0.0,0.0,0.47525088000000004,0.0,0.0,0.0,0.0,0.0,0.663675,-1.12984375,-4.0878125
2023-06-15,0.0,0.0,0.0,0.473715075,0.0,0.0,0.0,0.0,0.0,0.89355,-1.13484375,-4.0909375
2023-06-16,0.0,0.0,0.0,0.47917095,0.0,0.0,0.0,0.0,0.0,0.89185,-1.130625,-4.0853125
2023-06-19,0.0,0.0,0.0,0.47958767999999996,0.0,0.0,0.0,0.0,0.0,0.89185,-1.130625,-4.0853125
2023-06-20,0.0,0.0,0.0,0.47694190499999994,0.0,0.0,0.0,0.0,0.0,0.8861,-1.13328125,-4.08765625
2023-06-21,0.0,0.0,0.0,0.47539026000000006,0.0,0.0,0.0,0.0,0.0,0.882,-1.1328125,-4.08546875
2023-06-22,0.0,0.0,0.0,0.47233628,0.0,0.0,0.0,0.0,0.0,0.8851,-1.12734375,-4.079375
2023-06-23,0.0,0.0,0.0,0.471430715,0.0,0.0,0.0,0.0,0.0,0.87765,-1.13078125,-4.08296875
2023-06-26,0.0,0.0,0.0,0.4707749799999999,0.0,0.0,0.0,0.0,0.0,0.87495,-1.1321875,-4.08296875
2023-06-27,0.0,0.0,0.0,0.472448655,0.0,0.0,-0.8788125,0.0,0.0,0.662175,-1.12859375,-4.07734375
2023-06-28,0.0,0.0,0.0,0.477422275,0.0,0.0,-0.8760625,0.0,0.0,0.6633749999999999,-1.13234375,-4.080625
2023-06-29,0.0,0.0,0.0,0.47978519999999997,0.0,0.0,-0.87375,0.0,0.0,0.6653249999999999,-1.12203125,-4.06828125
2023-06-30,0.0,0.0,0.0,0.48223310999999996,0.0,0.0,-0.87675,0.0,0.0,0.672375,-1.1209375,-4.0653125
2023-07-03,0.0,0.0,0.0,0.48090900000000003,0.0,0.0,-0.87425,0.0,0.0,0.89845,-1.119375,-4.06234375
2023-07-04,0.0,0.0,0.0,0.48061535999999994,0.0,0.0,-0.875375,0.0,0.0,0.89845,-1.119375,-4.06234375
2023-07-05,0.0,0.0,0.0,0.4763731199999999,0.0,0.0,-0.874,0.0,0.0,0.89645,-1.1140625,-4.06140625
2023-07-06,0.0,0.0,0.0,0.46126678499999996,0.0,0.0,-0.877375,0.0,0.0,0.889,-1.10703125,-4.058125
2023-07-07,0.0,0.0,0.0,0.46231444999999993,0.0,0.0,-0.8895,0.0,0.0,0.8876,-1.10515625,-4.06015625
2023-07-10,0.0,0.0,0.0,0.46578864000000003,0.0,0.0,-0.8943125,0.0,0.0,0.88905,-1.111875,-4.06671875
2023-07-11,0.0,0.0,0.0,0.47185879999999997,0.0,0.0,-0.900125,0.0,0.0,0.89445,-1.11296875,-4.06546875
2023-07-12,0.0,0.0,0.0,0.48307450500000004,0.0,0.0,0.0,0.0,0.0,1.1274375,-1.12234375,-4.07609375
2023-07-13,0.0,0.0,0.0,0.48719494999999996,0.0,0.0,0.0,0.0,0.0,1.1348125,-1.12984375,-4.08484375
2023-07-14,0.0,0.0,0.0,0.492768,0.0,0.0,0.0,0.0,0.0,1.13375,-1.124375,-4.074375
2023-07-17,0.0,0.0,0.0,0.49132105000000004,0.0,0.0,0.0,0.0,0.0,1.1374375,-1.12609375,-4.07640625
2023-07-18,0.0,0.0,0.0,0.49384664000000006,0.0,0.0,0.0,0.0,0.0,1.1456875,-1.12703125,-4.074375
2023-07-19,0.0,0.0,0.0,0.493559435,0.0,0.0,0.0,0.0,0.0,1.148875,-1.12921875,-4.07453125
2023-07-20,0.0,0.0,0.0,0.49333875,0.0,0.0,0.0,0.0,0.0,1.141625,-1.12125,-4.06859375
2023-07-21,0.0,0.0,0.0,0.495028275,0.0,0.0,0.0,0.0,0.0,1.141,-1.1221875,-4.0684375
2023-07-24,0.0,0.0,0.0,0.49104997499999997,0.0,0.0,0.0,0.0,0.0,1.146375,-1.1190625,-4.06328125
2023-07-25,0.0,0.0,0.0,0.488055095,0.0,0.0,0.0,0.0,0.0,1.151125,-1.11765625,-4.06234375
2023-07-26,0.0,0.0,0.0,0.48359999,0.0,0.0,0.0,0.0,0.0,1.1481875,-1.11953125,-4.06359375
2023-07-27,0.0,0.0,0.0,0.49429374500000006,0.0,0.0,0.0,0.0,0.0,1.1418125,-1.11078125,-4.0571875
2023-07-28,0.0,0.0,0.0,0.49854044999999997,0.0,0.0,0.0,0.0,0.0,1.1518125,-1.114375,-4.0609375
2023-07-31,0.0,0.0,0.0,0.49386312,0.0,0.0,0.0,0.0,0.0,1.154375,-1.11375,-4.0609375
2023-08-01,0.0,0.0,0.0,0.48705712999999995,0.0,0.0,0.0,0.0,0.0,1.1496875,-1.1109375,-4.05828125
2023-08-02,0.0,0.0,0.0,0.47782575,0.0,0.0,0.0,0.0,0.0,1.1335625,-1.10796875,-4.060625
2023-08-03,0.0,0.0,0.0,0.47208408000000013,0.0,0.0,0.0,0.0,0.0,0.905,-1.1028125,-4.0603125
2023-08-04,0.0,0.0,0.0,0.47650047999999995,0.0,0.0,0.0,0.0,0.0,0.89965,-1.11296875,-4.06796875
2023-08-07,0.0,0.0,0.0,0.479596775,0.0,0.0,0.0,0.0,0.0,0.90795,-1.11,-4.0678125
2023-08-08,0.0,0.0,0.0,0.47354759999999996,0.0,0.0,0.0,0.0,0.0,0.9034,-1.11421875,-4.0690625
2023-08-09,0.0,0.0,0.0,0.47432852999999997,0.0,0.0,0.0,0.0,0.0,0.6740250000000001,-1.11359375,-4.06515625
2023-08-10,0.0,0.0,0.0,0.4828559999999999,0.0,0.0,0.0,0.0,0.0,0.6730125,-1.106875,-4.0628125
2023-08-11,0.0,0.0,0.0,0.47622428499999997,0.0,0.0,-0.8670625,0.0,0.0,0.44835,-1.10234375,-4.05890625
2023-08-14,0.0,0.0,0.0,0.47523097499999994,0.0,0.0,-0.8635,0.0,0.0,0.450675,-1.09921875,-4.05328125
2023-08-15,0.0,0.0,0.0,0.0,0.0,0.0,-0.8631875,0.0,0.0,0.445275,-1.09828125,-4.05421875
2023-08-16,0.0,0.0,0.0,0.0,0.0,0.0,-0.8584375,0.0,0.0,0.44195,-1.095625,-4.05328125
2023-08-17,0.0,0.0,0.0,0.0,0.0,0.0,-0.861125,0.0,0.0,0.4379,-1.09484375,-4.05609375
2023-08-18,0.0,0.0,0.0,0.0,0.0,0.0,-0.86375,0.0,0.0,0.438025,-1.09609375,-4.05484375
2023-08-21,0.0,0.0,0.0,0.0,0.0,0.0,-0.8585,0.0,0.0,0.440925,-1.0946875,-4.06703125
2023-08-22,0.0,0.0,0.0,0.0,0.0,0.0,-0.8605,0.0,0.0,0.44,-1.09453125,-4.0634375
2023-08-23,0.0,0.0,0.0,0.0,0.0,0.0,-0.8665,0.0,0.0,0.447575,-1.1028125,-4.07015625
2023-08-24,0.0,0.0,0.0,0.0,0.0,0.0,-0.860375,0.0,0.0,0.219175,-1.1,-4.06640625
2023-08-25,0.0,0.0,0.0,0.0,0.0,0.0,-0.8563125,0.0,0.0,0.220675,-1.09921875,-4.06234375
2023-08-28,0.0,0.0,0.0,0.0,0.0,0.0,-0.8558125,0.0,0.0,0.2222,-1.1015625,-4.065
2023-08-29,0.0,0.0,0.0,0.0,0.0,0.0,-0.8596875,0.0,0.0,0.4508,-1.10828125,-4.07359375
2023-08-30,0.0,0.0,0.0,0.0,0.0,0.0,-0.85725,0.0,0.0,0.452675,-1.10859375,-4.07453125
2023-08-31,0.0,0.0,0.0,0.0,0.0,0.0,-0.860875,0.0,0.0,0.451725,-1.10921875,-4.07578125
2023-09-01,0.0,0.0,0.0,0.0,0.0,0.0,-0.8564375,0.0,0.0,0.456775,-1.1053125,-4.0740625
2023-09-04,0.0,0.0,0.0,0.0,0.0,0.0,-0.855125,0.0,0.0,0.456775,-1.1053125,-4.0740625
2023-09-05,0.0,0.0,0.0,0.0,0.0,0.0,-0.8478125,0.0,0.0,0.454975,-1.09984375,-4.06703125
2023-09-06,0.0,0.0,0.0,0.0,0.0,0.0,-0.848125,0.0,0.0,0.451875,-1.09796875,-4.061875
2023-09-07,0.0,0.0,0.0,0.0,0.0,0.0,-0.8498125,0.0,0.0,0.2253125,-1.10046875,-4.06734375
2023-09-08,0.0,0.0,0.0,0.0,0.0,0.0,-0.846625,0.0,0.0,0.2256125,-1.09859375,-4.0640625
2023-09-11,0.0,0.0,0.0,0.0,0.0,0.0,-0.853625,0.0,0.0,0.2268875,-1.0975,-4.0640625
2023-09-12,0.0,0.0,0.0,0.0,0.0,0.0,-0.850625,0.0,0.0,0.225675,-1.09734375,-4.06125
2023-09-13,0.0,0.0,0.0,0.0,0.0,0.0,-0.8483125,0.0,0.0,0.2260875,-1.09984375,-6.09796875
2023-09-14,0.0,0.0,0.0,0.0,0.0,0.0,-0.8476875,0.0,0.0,0.2279,-1.0975,-6.092578124999999
2023-09-15,0.0,0.0,0.0,0.0,0.0,0.0,-0.8455,0.0,0.0,0.22495,-1.094375,-6.08953125
2023-09-18,-0.251875,0.0,0.0,0.0,0.0,0.0,-0.8593125,0.0,0.0,0.2251125,-1.09578125,-6.087421875
2023-09-19,-0.25275,0.0,0.0,0.0,0.0,0.0,-0.85775,0.0,0.0,0.2245875,-1.09171875,-6.0825
2023-09-20,-0.25525,0.0,0.0,0.0,0.0,0.0,-0.85475,0.0,0.0,0.2222125,-1.0875,-6.0721875
2023-09-21,-0.252375,0.0,0.0,0.0,0.0,0.0,-0.8586875,0.0,0.0,0.0,-1.0834375,-6.075468750000001
2023-09-22,-0.2535,0.0,0.0,0.0,0.0,0.0,-0.85375,0.0,0.0,0.0,-1.0871875,-6.07921875
2023-09-25,-0.255,0.0,0.0,0.0,0.0,0.0,-0.8509375,0.0,0.0,0.0,-1.08203125,-6.078046875
2023-09-26,-0.25425,0.0,0.0,0.0,0.0,0.0,-0.849625,0.0,0.0,-0.215975,-1.08234375,-6.07828125
2023-09-27,-0.256375,0.0,0.0,0.0,0.0,0.0,-0.8465,0.0,0.0,-0.2160875,-1.07703125,-6.070546875
2023-09-28,-0.257375,0.0,0.0,0.0,0.0,0.0,-0.8478125,0.0,0.0,-0.2171,-1.0796875,-6.0796874999999995
2023-09-29,-0.253125,0.0,0.0,0.0,0.0,0.0,-0.8473125,0.0,0.0,-0.2164625,-1.0803125,-6.0815625
2023-10-02,-0.258125,0.0,0.0,0.0,0.0,0.0,-0.8445,0.0,0.0,-0.2163125,-1.07359375,-6.0740625
2023-10-03,-0.257375,0.0,-1.312625,0.0,0.0,0.0,-0.849125,0.0,0.0,-0.2131375,-1.06671875,-6.0684375
2023-10-04,-0.256875,0.0,-1.3171875,0.0,0.0,0.0,-0.8483125,0.0,0.0,-0.2145375,-1.0709375,-6.0796874999999995
2023-10-05,-0.26025,0.0,-1.3226875,0.0,0.0,0.0,-0.851375,0.0,0.0,-0.214425,-1.07265625,-6.083671875
2023-10-06,-0.26,0.0,-1.327375,0.0,0.0,0.0,-0.8466875,0.0,0.0,0.0,-1.0675,-6.076171875
2023-10-09,-0.258,0.0,0.0,0.0,0.0,0.0,-0.8513125,0.0,0.0,0.0,-1.0784375,-6.093046875000001
2023-10-10,-0.2575,0.0,0.0,0.0,0.0,0.0,-0.849875,0.0,0.0,0.0,-1.0771875,-6.0892968750000005
2023-10-11,-0.2585,0.0,0.0,0.0,0.0,0.0,-0.847,0.0,0.0,0.0,-1.08140625,-6.087187500000001
2023-10-12,-0.261,0.0,0.0,0.0,0.0,0.0,-0.8430625,0.0,0.0,0.0,-1.073125,-6.0778125
2023-10-13,-0.260375,0.0,0.0,0.0,0.0,0.0,-0.8444375,0.0,0.0,0.0,-1.07765625,-6.0796874999999995
2023-10-16,-0.258625,0.0,0.0,0.0,0.0,0.0,-0.8444375,0.0,0.0,0.0,-1.07203125,-6.074296875
2023-10-17,-0.258125,0.0,0.0,0.0,0.0,0.0,-0.8426875,0.0,0.0,0.0,-1.0625,-6.061640625
2023-10-18,-0.25925,0.0,0.0,0.0,0.0,0.0,-0.8418125,0.0,0.0,0.0,-1.05796875,-6.060234375
2023-10-19,-0.26275,0.0,0.0,0.0,0.0,0.0,-0.8421875,0.0,0.0,-0.21485,-1.054375,-6.0675
2023-10-20,-0.25975,0.0,0.0,-0.42601517999999994,0.0,0.0,-0.84175,0.0,0.0,0.0,-1.06,-6.076640625
2023-10-23,-0.25925,0.0,0.0,-0.42884087999999987,0.0,0.0,-0.842375,0.0,0.0,-0.2125375,-1.06390625,-6.0796874999999995
2023-10-24,-0.256375,0.0,0.0,-0.43501589999999996,0.0,0.0,-0.84125,0.0,0.0,-0.2135,-1.06390625,-6.0726562500000005
2023-10-25,-0.255375,0.0,0.0,-0.43293964000000007,0.0,0.0,-0.8391875,0.0,0.0,-0.21055,-1.05640625,-6.0684375
2023-10-26,-0.25475,0.0,0.0,-0.42921123000000005,0.0,0.0,-0.8379375,0.0,0.0,-0.208025,-1.06328125,-6.077109375000001
2023-10-27,-0.256,0.0,0.0,-0.425985625,0.0,0.0,-0.8418125,0.0,0.0,-0.206825,-1.0646875,-6.0806249999999995
2023-10-30,-0.255875,0.0,0.0,-0.4269223,0.0,0.0,-0.845125,0.0,0.0,-0.20925,-1.0609375,-6.075234374999999
2023-10-31,-0.256625,0.0,0.0,-0.42995479999999997,0.0,0.0,-0.8300625,0.0,0.0,-0.2101875,-1.05875,-6.071015624999999
2023-11-01,-0.256125,0.0,0.0,-0.4354549200000001,0.0,0.0,-0.8338125,0.0,0.0,0.0,-1.07203125,-4.0578125
2023-11-02,-0.255125,0.0,0.0,0.0,0.0,0.0,-0.836375,0.0,0.0,-0.2166375,-1.075,-4.054375
2023-11-03,-0.259,0.0,0.0,0.0,0.0,0.0,-0.8426875,0.0,0.0,0.0,-1.0825,-4.0653125
2023-11-06,-0.25875,0.0,0.0,0.0,0.0,0.0,-0.838375,0.0,0.0,0.0,-1.07703125,-4.05828125
2023-11-07,-0.25525,0.0,0.0,0.0,0.0,0.0,-0.836625,0.0,0.0,0.0,-1.08125,-4.05953125
2023-11-08,-0.256875,0.0,0.0,0.0,0.0,0.0,-0.833125,0.0,0.0,0.0,-1.084375,-4.05828125
2023-11-09,-0.25475,0.0,0.0,0.0,0.0,0.0,-0.8306875,0.0,0.0,0.21825,-1.07515625,-4.05203125
2023-11-10,-0.2535,0.0,0.0,0.0,0.0,0.0,-0.8295,0.0,0.0,0.221225,-1.0728125,-4.04859375
2023-11-13,-0.258875,0.0,0.0,0.0,0.0,0.0,-0.8284375,0.0,0.0,0.2213875,-1.07390625,-4.05015625
2023-11-14,-0.25925,0.0,0.0,0.0,0.0,0.0,0.0,0.0,0.0,0.2257125,-1.088125,-4.06515625
2023-11-15,-0.256375,0.0,0.0,0.0,0.0,0.0,-0.829875,0.0,0.0,0.2257,0.0,-4.05921875
2023-11-16,-0.257625,0.0,0.0,0.0,0.0,0.0,-0.83325,0.0,0.0,0.2264375,0.0,-4.08234375
2023-11-17,-0.255625,0.0,0.0,0.0,0.0,0.0,-0.8393125,0.0,0.0,0.45235,0.0,-4.07828125
2023-11-20,-0.256125,0.0,0.0,0.0,0.0,0.0,-0.8460625,0.0,0.0,0.456125,0.0,-4.07625
2023-11-21,-0.25725,0.0,0.0,0.0,0.0,0.0,-0.8458125,0.0,0.0,0.45475,0.0,-4.079375
2023-11-22,-0.25675,0.0,0.0,0.0,0.0,0.0,-0.8389375,0.0,0.0,0.456575,0.0,-4.0771875
2023-11-23,-0.25675,0.0,0.0,0.0,0.0,0.0,-0.8386875,0.0,0.0,0.456575,0.0,-4.0771875
2023-11-24,-0.255125,0.0,0.0,0.0,0.0,0.0,-0.8390625,0.0,0.0,0.6852374999999999,0.0,-4.073125
2023-11-27,-0.252375,0.0,0.0,0.0,0.0,0.0,-0.843375,0.0,0.0,0.684225,0.0,-4.07828125
2023-11-28,-0.25275,0.0,0.0,0.0,0.0,0.0,-0.85025,0.0,0.0,0.6846,0.0,-4.0875
2023-11-29,-0.253625,0.0,0.0,0.4793538034999999,0.0,0.0,-0.8514375,0.0,0.0,0.4563,0.0,-4.095
2023-11-30,-0.255875,0.0,0.0,0.48296389450000005,0.0,0.0,-0.8455,0.0,0.0,0.4572,0.0,-4.0921875
2023-12-01,-0.256125,0.0,0.0,0.485548094,0.0,0.0,-0.8535,0.0,0.0,0.460375,0.0,-4.10328125
2023-12-04,-0.25675,0.0,0.0,0.48235176,0.0,0.0,-0.850875,0.0,0.0,0.45725,0.0,-4.09515625
2023-12-05,-0.257625,0.0,0.0,0.48459797399999993,0.0,0.0,-0.851125,0.0,0.0,0.4573,0.0,-4.09984375
2023-12-06,-0.25475,0.0,0.0,0.4868691825,0.0,0.0,-0.850125,0.0,0.0,0.455625,0.0,-4.098125
2023-12-07,-0.2565,0.0,0.0,0.4830217089999999,0.0,0.0,-0.8684375,0.0,0.0,0.45855,0.0,-4.0978125
2023-12-08,-0.25675,0.0,0.0,0.4910267115000001,0.0,0.0,-0.87625,0.0,0.0,0.466,0.0,-4.08734375
2023-12-11,-0.25525,0.0,0.0,0.4942561224999999,0.0,0.0,-0.869,0.0,0.0,0.70155,0.0,-4.08796875
2023-12-12,-0.2555,0.0,0.0,0.492700319,0.0,0.0,-0.8729375,0.0,0.0,0.705075,0.0,-4.0859375
2023-12-13,-0.254125,0.0,0.0,0.49256373999999997,0.0,0.0,0.0,0.0,0.0,0.713775,0.0,-4.10984375
2023-12-14,-0.25425,0.0,0.0,0.49376064,0.0,0.0,0.0,0.0,0.0,0.715275,0.0,-4.11296875
2023-12-15,-0.255625,0.0,0.0,0.5006450960000001,0.0,0.0,0.0,0.0,0.0,0.7153875,0.0,-4.10828125
2023-12-18,-0.254125,0.0,0.0,0.5007806229999999,0.0,0.0,0.0,0.0,0.0,0.718575,0.0,-4.1075
2023-12-19,-0.251625,0.0,0.0,0.49991884799999997,0.0,0.0,0.0,0.0,0.0,0.7227375,0.0,-4.10828125
2023-12-20,-0.251,0.0,0.0,0.49976438799999995,0.0,0.0,0.0,0.0,0.0,0.713025,0.0,-4.1165625
2023-12-21,-0.252,0.0,0.0,0.49952507100000004,0.0,0.0,0.0,0.0,0.0,0.7193624999999999,0.0,-4.1153125
2023-12-22,-0.252125,0.0,0.0,0.4987066875,0.0,0.0,0.0,0.0,0.0,0.71985,0.0,-4.1171875
2023-12-25,-0.252125,0.0,0.0,0.4987066875,0.0,0.0,0.0,0.0,0.0,0.71985,0.0,-4.1171875
2023-12-26,-0.254875,0.0,0.0,0.4987066875,0.0,0.0,0.0,0.0,0.0,0.7240875,0.0,-4.11390625
2023-12-27,-0.25325,0.0,0.0,0.5027239619999999,0.0,0.0,0.0,0.0,0.0,0.72525,0.0,-4.1190625
2023-12-28,-0.2525,0.0,0.0,0.501936165,0.0,0.0,0.0,0.0,0.0,0.7249875,0.0,-4.1159375
2023-12-29,-0.2515,0.0,0.0,0.5049112914999999,0.0,0.0,0.0,0.0,0.0,0.721875,0.0,-4.1175
2024-01-01,-0.2515,0.0,0.0,0.5049112914999999,0.0,0.0,0.0,0.0,0.0,0.721875,0.0,-4.1175
2024-01-02,-0.24925,0.0,0.0,0.50273236,0.0,0.0,0.0,0.0,0.0,0.7183125,0.0,-4.1121875
2024-01-03,-0.249375,0.0,0.0,0.48939316650000003,0.0,0.0,0.0,0.0,0.0,0.71235,0.0,-4.11171875
2024-01-04,-0.2495,0.0,0.0,0.491690432,0.0,0.0,0.0,0.0,0.0,0.7098375,0.0,-4.10671875
2024-01-05,-0.24725,0.0,0.0,0.49141927500000004,0.0,0.0,0.0,0.0,0.0,0.7103625,0.0,-4.1065625
2024-01-08,-0.2445,0.0,0.0,0.49330263599999996,0.0,0.0,0.0,0.0,0.0,0.7196625,0.0,-4.1071875
2024-01-09,-0.246125,0.0,0.0,0.49184582999999993,0.0,0.0,0.0,0.0,0.0,0.718575,0.0,-4.10796875
2024-01-10,-0.245625,0.0,0.0,0.492045813,0.0,0.0,0.0,0.0,0.0,0.7230375,0.0,-4.108125
2024-01-11,-0.2445,0.0,0.0,0.48795515999999994,0.0,0.0,0.0,0.0,0.0,0.7217625000000001,0.0,-4.116875
2024-01-12,-0.2415,0.0,0.0,0.49435875000000007,0.0,0.0,0.0,0.0,0.0,0.7216875,0.0,-4.12421875
2024-01-15,-0.2415,0.0,0.0,0.49172704,0.0,0.0,0.0,0.0,0.0,0.7216875,0.0,-4.12421875
2024-01-16,-0.2385,0.0,0.0,0.489498327,0.0,0.0,0.0,0.0,0.0,0.7198875,0.0,-4.118125
2024-01-17,-0.237375,0.0,0.0,0.48279919949999994,0.0,0.0,-0.85175,0.0,0.0,0.715425,0.0,-4.106875
2024-01-18,-0.23775,0.0,0.0,0.48600710550000004,0.0,0.0,-0.8513125,0.0,0.0,0.7216875,0.0,-4.10765625
2024-01-19,-0.2375,0.0,0.0,0.487139338,0.0,0.0,-0.8511875,0.0,0.0,0.7304999999999999,0.0,-4.10453125
2024-01-22,-0.237875,0.0,0.0,0.49001420850000005,0.0,0.0,-0.8515625,0.0,0.0,0.7320375,0.0,-4.10390625
2024-01-23,-0.2385,0.0,0.0,0.489261564,0.0,0.0,-0.84975,0.0,0.0,0.7351875,0.0,-4.10546875
2024-01-24,-0.240875,0.0,0.0,0.5002808125,0.0,0.0,-0.854625,0.0,0.0,0.73515,0.0,-4.10203125
2024-01-25,-0.240125,0.0,0.0,0.499987066,0.0,0.0,-0.85325,0.0,0.0,0.7379249999999999,0.0,-4.10859375
2024-01-26,-0.23825,0.0,0.0,0.5067130425,0.0,0.0,-0.850375,0.0,0.0,0.98255,0.0,-4.10421875
2024-01-29,-0.237,0.0,0.0,0.504365911,0.0,0.0,-0.854,0.0,0.0,0.99005,0.0,-4.1065625
2024-01-30,-0.24025,0.0,0.0,0.5069248220000001,0.0,0.0,-0.85325,0.0,0.0,0.98675,0.0,-4.1053125
2024-01-31,-0.239875,0.0,0.0,0.5044940925,0.0,0.0,-0.8570625,0.0,0.0,0.97445,0.0,-4.11453125
2024-02-01,-0.238875,0.0,0.0,0.5028149195,0.0,0.0,-0.85975,0.0,0.0,0.99185,0.0,-4.11453125
2024-02-02,-0.238625,0.0,0.0,0.503967191,0.0,0.0,-0.8480625,0.0,0.0,0.9946,0.0,-4.1015625
2024-02-05,-0.239,0.0,0.0,0.5074088360000001,0.0,0.0,-0.8463125,0.0,0.0,0.992,0.0,-4.09359375
2024-02-06,-0.238625,0.0,0.0,0.505658889,0.0,0.0,-0.8503125,0.0,0.0,0.99445,0.0,-4.09875
2024-02-07,-0.237375,0.0,0.0,0.504797454,0.0,0.0,-0.8488125,0.0,0.0,1.0031,0.0,-4.0965625
2024-02-08,-0.23625,0.0,0.0,0.508403574,0.0,0.0,-0.8420625,0.0,0.0,1.00295,0.0,-4.09421875
2024-02-09,-0.234375,0.0,0.0,0.5102265225,0.0,0.0,-0.842125,0.0,0.0,1.0084,0.0,-4.091875
2024-02-12,-0.234875,0.0,0.0,0.513110262,0.0,0.0,-0.8415625,0.0,0.0,1.00715,0.0,-4.091875
2024-02-13,-0.235125,0.0,0.0,0.50681319,0.0,0.0,-0.8334375,0.0,0.0,0.99475,0.0,-4.07703125
2024-02-14,-0.232,0.0,0.0,0.509056364,0.0,0.0,-0.834375,0.0,0.0,1.00355,0.0,-4.0828125
2024-02-15,-0.228375,0.0,0.0,0.509586376,0.0,0.0,-0.8375,0.0,0.0,1.01015,0.0,-4.0834375
2024-02-16,-0.229,0.0,0.0,0.5127389099999999,0.0,0.0,-0.836125,0.0,0.0,1.0029,0.0,-4.07875
2024-02-19,-0.229,0.0,0.0,0.5141747835,0.0,0.0,-0.836375,0.0,0.0,1.0029,0.0,-4.07875
2024-02-20,-0.23125,0.0,0.0,0.5152926015,0.0,0.0,-0.8368125,0.0,0.0,0.9979,-1.09921875,-4.08140625
2024-02-21,-0.228,0.0,0.0,0.515650853,0.0,0.0,-0.8348125,0.0,0.0,1.25475,-1.09625,-4.0775
2024-02-22,-0.226875,0.0,0.0,0.5263062540000001,0.0,0.0,-0.833375,0.0,0.0,1.27325,-1.09515625,-4.07375
2024-02-23,-0.22475,0.0,0.0,0.529318152,0.0,0.0,-0.8333125,0.0,0.0,1.273625,-1.10453125,-4.075
2024-02-26,-0.22825,0.0,0.0,0.527627559,0.0,0.0,-0.8323125,0.0,0.0,1.2693124999999998,-1.10234375,-4.07265625
2024-02-27,-0.2305,0.0,0.0,0.530823199,0.0,0.0,-0.83325,0.0,0.0,1.2725624999999998,-1.10109375,-4.07234375
2024-02-28,-0.232125,0.0,0.0,0.5308978395,0.0,0.0,-0.832125,0.0,0.0,1.2674374999999998,-1.1040625,-4.0759375
2024-02-29,-0.2315,0.0,0.0,0.5296262330000001,0.0,0.0,-0.8356875,0.0,0.0,1.2751875,-1.10484375,-4.079375
2024-03-01,-0.229,0.0,0.0,0.5309375825,0.0,0.0,-0.834625,0.0,0.0,1.2846250000000001,-1.1103125,-4.08515625
2024-03-04,-0.231625,0.0,0.0,0.5315841609999999,0.0,0.0,-0.8323125,0.0,0.0,1.2836249999999998,-1.10796875,-4.0975
2024-03-05,-0.229375,0.0,0.0,0.5311996265000001,0.0,0.0,-0.8466875,0.0,0.0,1.288125,-1.111875,-4.1009375
2024-03-06,-0.2305,0.0,0.0,0.533916411,0.0,0.0,-0.8500625,0.0,0.0,1.29375,-1.115,-4.1009375
2024-03-07,-0.23425,0.0,0.0,0.5408743374999999,0.0,0.0,-0.8575,0.0,0.0,1.3050000000000002,-1.116875,-4.10515625
2024-03-08,-0.235875,0.0,0.0,0.5414054835,0.0,0.0,-0.863,0.0,0.0,1.2989375,-1.118125,-4.10703125
2024-03-11,-0.2365,0.0,0.0,0.5400451079999999,0.0,0.0,-0.8636875,0.0,0.0,1.2976874999999999,-1.1159375,-4.1021875
2024-03-12,-0.23625,0.0,0.0,0.5448621655,0.0,0.0,-0.85925,0.0,0.0,1.3097500000000002,-1.11203125,-4.0975
2024-03-13,-0.23625,0.0,0.0,0.5473450259999999,0.800125,0.0,-0.858625,0.0,0.0,1.3094375,-1.10890625,-4.09328125
2024-03-14,-0.234125,0.0,0.0,0.540722388,0.7973125,0.0,-0.855125,0.0,0.0,1.3045,-1.1025,-4.08828125
2024-03-15,-0.235625,0.0,0.0,0.542002675,0.7965625,0.0,-0.850625,0.0,0.0,1.2958749999999999,-1.100625,-4.08484375
2024-03-18,-0.2355,0.0,0.0,0.5376970130000001,0.796,0.0,-0.850125,0.0,0.0,1.3035625,-1.099375,-4.084375
2024-03-19,-0.236625,0.0,0.0,0.5404582925,0.7955625,0.0,-0.83975,0.0,0.0,1.3098125,-1.10171875,-4.08765625
2024-03-20,-0.237375,0.0,0.0,0.5388870914999999,0.799125,0.0,-0.840375,0.0,0.0,1.3239999999999998,-1.1040625,-4.094375
2024-03-21,-0.238375,0.0,0.0,0.5432650594999999,0.7914375,0.0,-0.835,0.0,0.0,1.3268125,-1.10390625,-4.09171875
2024-03-22,-0.237625,0.0,0.0,0.5460993890000001,0.78725,0.0,-0.836125,0.0,0.0,1.3223125,-1.10875,-4.09546875
2024-03-25,-0.237375,0.0,0.0,0.542463387,0.7901875,0.0,-0.835875,0.0,0.0,1.3201874999999998,-1.105625,-4.0925
2024-03-26,-0.234,0.0,0.0,0.5440422850000001,0.7895,0.0,-0.8355,0.0,0.0,1.3180625000000001,-1.10625,-4.09203125
2024-03-27,-0.231125,0.0,0.0,0.5466937075,0.7898125,0.0,-0.83625,0.0,0.0,1.3270000000000002,-1.10875,-4.09359375
2024-03-28,-0.238875,0.0,0.0,0.5463911575,0.7891875,0.0,-0.8356875,0.0,0.0,1.3259375000000002,-1.1071875,-4.08890625
